cod_mun6,municipio,regiao_saude,ano,internacoes_res,no_proprio_mun,mesma_regiao,outra_regiao,pct_proprio_mun,pct_mesma_regiao,pct_outra_regiao,pct_internacoes_fora_mun,pct_internacoes_fora_regiao,km_medio_internacao,destino_principal_cod,destino_principal_nome,pct_destino_principal,n_destinos,internacoes_recebidas,recebidas_de_fora,pct_recebidas_de_fora,n_origens,origem_principal_nome,pct_origem_principal,internacoes_ac_res,pct_ac_fora_mun
510010,Acorizal,Baixada Cuiabana,2020,150,0,149,1,0.0,99.3,0.7,100.0,0.7,57.4,510340,Cuiabá,84.0,4,0,0,,0,,,6,100.0
510010,Acorizal,Baixada Cuiabana,2021,140,0,136,4,0.0,97.1,2.9,100.0,2.9,55.3,510340,Cuiabá,75.0,4,0,0,,0,,,4,100.0
510010,Acorizal,Baixada Cuiabana,2022,147,0,145,2,0.0,98.6,1.4,100.0,1.4,55.2,510340,Cuiabá,82.3,4,0,0,,0,,,4,100.0
510010,Acorizal,Baixada Cuiabana,2023,136,0,132,4,0.0,97.1,2.9,100.0,2.9,53.0,510340,Cuiabá,80.9,3,0,0,,0,,,10,100.0
510010,Acorizal,Baixada Cuiabana,2024,191,0,185,6,0.0,96.9,3.1,100.0,3.1,60.0,510340,Cuiabá,75.4,7,0,0,,0,,,8,100.0
510010,Acorizal,Baixada Cuiabana,2025,199,0,197,2,0.0,99.0,1.0,100.0,1.0,56.9,510340,Cuiabá,78.4,4,0,0,,0,,,15,100.0
510020,Água Boa,Médio Araguaia,2020,1231,1095,21,115,89.0,1.7,9.3,11.0,9.3,36.6,510020,Água Boa,89.0,15,2451,1356,55.3,29,Canarana,19.0,16,100.0
510020,Água Boa,Médio Araguaia,2021,1932,1807,19,106,93.5,1.0,5.5,6.5,5.5,23.9,510020,Água Boa,93.5,14,4870,3063,62.9,26,Canarana,17.0,10,100.0
510020,Água Boa,Médio Araguaia,2022,2185,2050,13,122,93.8,0.6,5.6,6.2,5.6,22.3,510020,Água Boa,93.8,12,5609,3559,63.5,41,Canarana,17.4,41,41.5
510020,Água Boa,Médio Araguaia,2023,1974,1796,4,174,91.0,0.2,8.8,9.0,8.8,33.0,510020,Água Boa,91.0,14,5270,3474,65.9,40,Canarana,16.4,18,100.0
510020,Água Boa,Médio Araguaia,2024,2205,1989,9,207,90.2,0.4,9.4,9.8,9.4,32.4,510020,Água Boa,90.2,15,5605,3616,64.5,47,Canarana,15.5,33,100.0
510020,Água Boa,Médio Araguaia,2025,2376,2046,6,324,86.1,0.3,13.6,13.9,13.6,52.2,510020,Água Boa,86.1,19,5675,3629,63.9,46,Canarana,17.4,66,83.3
510025,Alta Floresta,Alto Tapajós,2020,3059,2788,7,264,91.1,0.2,8.6,8.9,8.6,45.7,510025,Alta Floresta,91.1,15,4526,1738,38.4,19,Paranaíta,26.2,52,100.0
510025,Alta Floresta,Alto Tapajós,2021,3213,2981,5,227,92.8,0.2,7.1,7.2,7.1,37.1,510025,Alta Floresta,92.8,16,4812,1831,38.1,23,Carlinda,25.6,59,100.0
510025,Alta Floresta,Alto Tapajós,2022,3278,2671,314,293,81.5,9.6,8.9,18.5,8.9,52.9,510025,Alta Floresta,81.5,17,4368,1697,38.9,26,Nova Bandeirantes,25.5,60,100.0
510025,Alta Floresta,Alto Tapajós,2023,3173,2530,175,468,79.7,5.5,14.7,20.3,14.7,75.6,510025,Alta Floresta,79.7,18,4300,1770,41.2,37,Nova Bandeirantes,23.3,93,100.0
510025,Alta Floresta,Alto Tapajós,2024,4033,3188,320,525,79.0,7.9,13.0,21.0,13.0,65.6,510025,Alta Floresta,79.0,16,5262,2074,39.4,41,Nova Bandeirantes,24.5,133,99.2
510025,Alta Floresta,Alto Tapajós,2025,4461,3597,314,550,80.6,7.0,12.3,19.4,12.3,63.0,510025,Alta Floresta,80.6,15,5960,2363,39.6,29,Nova Bandeirantes,24.3,157,100.0
510030,Alto Araguaia,Sul Matogrossense,2020,892,481,385,26,53.9,43.2,2.9,46.1,2.9,87.0,510030,Alto Araguaia,53.9,8,488,7,1.4,3,Alto Garças,42.9,37,100.0
510030,Alto Araguaia,Sul Matogrossense,2021,933,490,414,29,52.5,44.4,3.1,47.5,3.1,89.9,510030,Alto Araguaia,52.5,8,500,10,2.0,3,Araguainha,60.0,45,100.0
510030,Alto Araguaia,Sul Matogrossense,2022,997,609,363,25,61.1,36.4,2.5,38.9,2.5,75.0,510030,Alto Araguaia,61.1,11,618,9,1.5,6,Araguainha,33.3,28,100.0
510030,Alto Araguaia,Sul Matogrossense,2023,1117,653,410,54,58.5,36.7,4.8,41.5,4.8,84.0,510030,Alto Araguaia,58.5,12,670,17,2.5,6,Alto Garças,29.4,42,100.0
510030,Alto Araguaia,Sul Matogrossense,2024,1036,539,464,33,52.0,44.8,3.2,48.0,3.2,90.2,510030,Alto Araguaia,52.0,12,555,16,2.9,5,Alto Garças,43.8,57,100.0
510030,Alto Araguaia,Sul Matogrossense,2025,1015,464,515,36,45.7,50.7,3.5,54.3,3.5,103.1,510760,Rondonópolis,49.5,13,485,21,4.3,4,Alto Garças,42.9,75,100.0
510035,Alto Boa Vista,Norte Araguaia Karajá,2020,235,0,211,24,0.0,89.8,10.2,100.0,10.2,111.9,510785,São Félix do Araguaia,89.8,7,0,0,,0,,,0,
510035,Alto Boa Vista,Norte Araguaia Karajá,2021,292,0,241,51,0.0,82.5,17.5,100.0,17.5,152.5,510785,São Félix do Araguaia,82.5,8,0,0,,0,,,1,100.0
510035,Alto Boa Vista,Norte Araguaia Karajá,2022,267,0,224,43,0.0,83.9,16.1,100.0,16.1,153.4,510785,São Félix do Araguaia,83.9,8,0,0,,0,,,7,100.0
510035,Alto Boa Vista,Norte Araguaia Karajá,2023,317,0,273,44,0.0,86.1,13.9,100.0,13.9,138.4,510785,São Félix do Araguaia,86.1,8,0,0,,0,,,4,100.0
510035,Alto Boa Vista,Norte Araguaia Karajá,2024,368,0,289,79,0.0,78.5,21.5,100.0,21.5,160.1,510785,São Félix do Araguaia,78.5,12,0,0,,0,,,7,100.0
510035,Alto Boa Vista,Norte Araguaia Karajá,2025,406,0,325,81,0.0,80.0,20.0,100.0,20.0,154.8,510785,São Félix do Araguaia,80.0,11,0,0,,0,,,12,100.0
510040,Alto Garças,Sul Matogrossense,2020,314,0,298,16,0.0,94.9,5.1,100.0,5.1,137.6,510760,Rondonópolis,91.4,5,0,0,,0,,,18,100.0
510040,Alto Garças,Sul Matogrossense,2021,478,0,462,16,0.0,96.7,3.3,100.0,3.3,134.5,510760,Rondonópolis,93.1,6,0,0,,0,,,41,100.0
510040,Alto Garças,Sul Matogrossense,2022,529,0,505,24,0.0,95.5,4.5,100.0,4.5,136.9,510760,Rondonópolis,93.4,11,0,0,,0,,,63,100.0
510040,Alto Garças,Sul Matogrossense,2023,590,0,527,63,0.0,89.3,10.7,100.0,10.7,141.2,510760,Rondonópolis,87.6,10,0,0,,0,,,56,100.0
510040,Alto Garças,Sul Matogrossense,2024,685,0,629,56,0.0,91.8,8.2,100.0,8.2,142.1,510760,Rondonópolis,87.0,13,0,0,,0,,,54,100.0
510040,Alto Garças,Sul Matogrossense,2025,617,0,578,39,0.0,93.7,6.3,100.0,6.3,142.2,510760,Rondonópolis,87.0,17,0,0,,0,,,57,100.0
510050,Alto Paraguai,Centro Norte,2020,192,0,80,112,0.0,41.7,58.3,100.0,58.3,78.9,510340,Cuiabá,42.2,8,0,0,,0,,,4,100.0
510050,Alto Paraguai,Centro Norte,2021,304,0,176,128,0.0,57.9,42.1,100.0,42.1,60.5,510350,Diamantino,54.6,9,0,0,,0,,,7,100.0
510050,Alto Paraguai,Centro Norte,2022,346,0,212,134,0.0,61.3,38.7,100.0,38.7,58.8,510350,Diamantino,61.3,11,0,0,,0,,,11,100.0
510050,Alto Paraguai,Centro Norte,2023,362,0,211,151,0.0,58.3,41.7,100.0,41.7,63.2,510350,Diamantino,58.3,10,0,0,,0,,,13,100.0
510050,Alto Paraguai,Centro Norte,2024,358,0,195,163,0.0,54.5,45.5,100.0,45.5,65.6,510350,Diamantino,54.5,11,0,0,,0,,,19,100.0
510050,Alto Paraguai,Centro Norte,2025,328,0,173,155,0.0,52.7,47.3,100.0,47.3,68.7,510350,Diamantino,52.7,9,0,0,,0,,,20,100.0
510060,Alto Taquari,Sul Matogrossense,2020,219,110,103,6,50.2,47.0,2.7,49.8,2.7,109.2,510060,Alto Taquari,50.2,5,112,2,1.8,2,Alto Araguaia,50.0,6,100.0
510060,Alto Taquari,Sul Matogrossense,2021,267,147,117,3,55.1,43.8,1.1,44.9,1.1,96.9,510060,Alto Taquari,55.1,4,148,1,0.7,1,Alto Araguaia,100.0,6,100.0
510060,Alto Taquari,Sul Matogrossense,2022,441,303,124,14,68.7,28.1,3.2,31.3,3.2,72.1,510060,Alto Taquari,68.7,6,305,2,0.7,2,Alto Araguaia,50.0,11,100.0
510060,Alto Taquari,Sul Matogrossense,2023,604,413,171,20,68.4,28.3,3.3,31.6,3.3,72.3,510060,Alto Taquari,68.4,11,418,5,1.2,4,Alto Araguaia,40.0,11,100.0
510060,Alto Taquari,Sul Matogrossense,2024,714,477,219,18,66.8,30.7,2.5,33.2,2.5,73.6,510060,Alto Taquari,66.8,9,479,2,0.4,2,Alto Araguaia,50.0,18,100.0
510060,Alto Taquari,Sul Matogrossense,2025,581,290,282,9,49.9,48.5,1.5,50.1,1.5,108.1,510060,Alto Taquari,49.9,10,291,1,0.3,1,Alto Araguaia,100.0,18,94.4
510080,Apiacás,Alto Tapajós,2020,618,324,244,50,52.4,39.5,8.1,47.6,8.1,96.7,510080,Apiacás,52.4,10,328,4,1.2,3,Alta Floresta,50.0,25,100.0
510080,Apiacás,Alto Tapajós,2021,803,525,218,60,65.4,27.1,7.5,34.6,7.5,78.1,510080,Apiacás,65.4,7,525,0,0.0,0,,,18,100.0
510080,Apiacás,Alto Tapajós,2022,755,467,239,49,61.9,31.7,6.5,38.1,6.5,79.1,510080,Apiacás,61.9,8,471,4,0.8,4,Alta Floresta,25.0,13,100.0
510080,Apiacás,Alto Tapajós,2023,820,514,227,79,62.7,27.7,9.6,37.3,9.6,86.4,510080,Apiacás,62.7,13,516,2,0.4,1,Alta Floresta,100.0,12,100.0
510080,Apiacás,Alto Tapajós,2024,619,256,280,83,41.4,45.2,13.4,58.6,13.4,129.8,510080,Apiacás,41.4,13,259,3,1.2,2,Nova Monte Verde,66.7,24,100.0
510080,Apiacás,Alto Tapajós,2025,879,426,362,91,48.5,41.2,10.4,51.5,10.4,109.8,510080,Apiacás,48.5,14,427,1,0.2,1,Sapezal,100.0,12,100.0
510100,Araguaiana,Garças Araguaia,2020,122,0,115,7,0.0,94.3,5.7,100.0,5.7,62.4,510180,Barra do Garças,94.3,5,0,0,,0,,,1,100.0
510100,Araguaiana,Garças Araguaia,2021,112,0,98,14,0.0,87.5,12.5,100.0,12.5,86.3,510180,Barra do Garças,87.5,6,0,0,,0,,,2,100.0
510100,Araguaiana,Garças Araguaia,2022,156,0,134,22,0.0,85.9,14.1,100.0,14.1,111.1,510180,Barra do Garças,72.4,7,0,0,,0,,,4,100.0
510100,Araguaiana,Garças Araguaia,2023,153,0,128,25,0.0,83.7,16.3,100.0,16.3,124.4,510180,Barra do Garças,73.2,8,0,0,,0,,,5,100.0
510100,Araguaiana,Garças Araguaia,2024,182,0,148,34,0.0,81.3,18.7,100.0,18.7,136.7,510180,Barra do Garças,61.5,9,0,0,,0,,,9,100.0
510100,Araguaiana,Garças Araguaia,2025,198,0,177,21,0.0,89.4,10.6,100.0,10.6,103.3,510180,Barra do Garças,69.7,9,0,0,,0,,,7,100.0
510120,Araguainha,Sul Matogrossense,2020,23,0,21,2,0.0,91.3,8.7,100.0,8.7,149.1,510760,Rondonópolis,69.6,5,0,0,,0,,,2,100.0
510120,Araguainha,Sul Matogrossense,2021,36,0,35,1,0.0,97.2,2.8,100.0,2.8,150.9,510760,Rondonópolis,77.8,4,0,0,,0,,,0,
510120,Araguainha,Sul Matogrossense,2022,39,0,37,2,0.0,94.9,5.1,100.0,5.1,162.0,510760,Rondonópolis,87.2,4,0,0,,0,,,0,
510120,Araguainha,Sul Matogrossense,2023,42,0,31,11,0.0,73.8,26.2,100.0,26.2,190.9,510760,Rondonópolis,59.5,6,0,0,,0,,,5,100.0
510120,Araguainha,Sul Matogrossense,2024,67,0,50,17,0.0,74.6,25.4,100.0,25.4,172.5,510760,Rondonópolis,68.7,6,0,0,,0,,,3,100.0
510120,Araguainha,Sul Matogrossense,2025,52,0,44,8,0.0,84.6,15.4,100.0,15.4,166.6,510760,Rondonópolis,71.2,7,0,0,,0,,,2,100.0
510125,Araputanga,Oeste Matogrossense,2020,545,72,408,65,13.2,74.9,11.9,86.8,11.9,102.1,510250,Cáceres,74.5,6,72,0,0.0,0,,,18,100.0
510125,Araputanga,Oeste Matogrossense,2021,656,96,455,105,14.6,69.4,16.0,85.4,16.0,106.3,510250,Cáceres,68.9,9,96,0,0.0,0,,,19,100.0
510125,Araputanga,Oeste Matogrossense,2022,699,104,480,115,14.9,68.7,16.5,85.1,16.5,109.1,510250,Cáceres,68.2,9,104,0,0.0,0,,,31,100.0
510125,Araputanga,Oeste Matogrossense,2023,779,152,511,116,19.5,65.6,14.9,80.5,14.9,103.9,510250,Cáceres,65.2,12,153,1,0.7,1,Cáceres,100.0,26,100.0
510125,Araputanga,Oeste Matogrossense,2024,1050,341,548,161,32.5,52.2,15.3,67.5,15.3,89.2,510250,Cáceres,52.0,8,346,5,1.4,2,Barra do Garças,80.0,46,100.0
510125,Araputanga,Oeste Matogrossense,2025,1158,355,602,201,30.7,52.0,17.4,69.3,17.4,94.6,510250,Cáceres,51.8,10,363,8,2.2,7,Pontes e Lacerda,25.0,53,100.0
510130,Arenápolis,Médio Norte Matogrossense,2020,321,50,128,143,15.6,39.9,44.5,84.4,44.5,92.0,510170,Barra do Bugres,38.0,13,120,70,58.3,13,Denise,34.3,9,100.0
510130,Arenápolis,Médio Norte Matogrossense,2021,770,564,18,188,73.2,2.3,24.4,26.8,24.4,39.6,510130,Arenápolis,73.2,11,1642,1078,65.7,21,Barra do Bugres,38.0,19,100.0
510130,Arenápolis,Médio Norte Matogrossense,2022,734,553,7,174,75.3,1.0,23.7,24.7,23.7,35.9,510130,Arenápolis,75.3,8,1836,1283,69.9,26,Barra do Bugres,45.9,27,100.0
510130,Arenápolis,Médio Norte Matogrossense,2023,865,633,10,222,73.2,1.2,25.7,26.8,25.7,41.1,510130,Arenápolis,73.2,11,1347,714,53.0,21,Denise,26.5,20,100.0
510130,Arenápolis,Médio Norte Matogrossense,2024,1014,748,4,262,73.8,0.4,25.8,26.2,25.8,39.4,510130,Arenápolis,73.8,12,1357,609,44.9,22,Denise,32.3,37,100.0
510130,Arenápolis,Médio Norte Matogrossense,2025,1034,729,7,298,70.5,0.7,28.8,29.5,28.8,45.2,510130,Arenápolis,70.5,14,1247,518,41.5,12,Denise,33.2,46,100.0
510140,Aripuanã,Noroeste Matogrossense,2020,957,680,157,120,71.1,16.4,12.5,28.9,12.5,111.7,510140,Aripuanã,71.1,12,687,7,1.0,5,Colniza,28.6,7,100.0
510140,Aripuanã,Noroeste Matogrossense,2021,911,642,210,59,70.5,23.1,6.5,29.5,6.5,80.1,510140,Aripuanã,70.5,9,646,4,0.6,4,Colniza,25.0,10,100.0
510140,Aripuanã,Noroeste Matogrossense,2022,1561,1171,233,157,75.0,14.9,10.1,25.0,10.1,93.9,510140,Aripuanã,75.0,13,1174,3,0.3,2,Juína,66.7,18,100.0
510140,Aripuanã,Noroeste Matogrossense,2023,1527,1077,138,312,70.5,9.0,20.4,29.5,20.4,156.7,510140,Aripuanã,70.5,20,1078,1,0.1,1,Juína,100.0,44,100.0
510140,Aripuanã,Noroeste Matogrossense,2024,1834,1338,122,374,73.0,6.7,20.4,27.0,20.4,152.8,510140,Aripuanã,73.0,15,1344,6,0.4,6,Alta Floresta,16.7,33,100.0
510140,Aripuanã,Noroeste Matogrossense,2025,2396,1883,118,395,78.6,4.9,16.5,21.4,16.5,123.3,510140,Aripuanã,78.6,16,1895,12,0.6,5,Colniza,50.0,59,100.0
510160,Barão de Melgaço,Baixada Cuiabana,2020,155,0,155,0,0.0,100.0,0.0,100.0,0.0,68.7,510340,Cuiabá,77.4,3,0,0,,0,,,12,100.0
510160,Barão de Melgaço,Baixada Cuiabana,2021,167,0,164,3,0.0,98.2,1.8,100.0,1.8,71.2,510340,Cuiabá,74.9,5,0,0,,0,,,8,100.0
510160,Barão de Melgaço,Baixada Cuiabana,2022,198,0,196,2,0.0,99.0,1.0,100.0,1.0,72.1,510340,Cuiabá,75.8,5,0,0,,0,,,17,100.0
510160,Barão de Melgaço,Baixada Cuiabana,2023,233,0,227,6,0.0,97.4,2.6,100.0,2.6,71.6,510340,Cuiabá,63.5,6,0,0,,0,,,19,100.0
510160,Barão de Melgaço,Baixada Cuiabana,2024,266,0,261,5,0.0,98.1,1.9,100.0,1.9,70.6,510340,Cuiabá,71.1,5,0,0,,0,,,23,100.0
510160,Barão de Melgaço,Baixada Cuiabana,2025,290,0,288,2,0.0,99.3,0.7,100.0,0.7,68.1,510340,Cuiabá,59.0,5,0,0,,0,,,25,100.0
510170,Barra do Bugres,Médio Norte Matogrossense,2020,1091,779,20,292,71.4,1.8,26.8,28.6,26.8,36.8,510170,Barra do Bugres,71.4,9,1263,484,38.3,14,Arenápolis,25.2,34,100.0
510170,Barra do Bugres,Médio Norte Matogrossense,2021,761,0,441,320,0.0,58.0,42.0,100.0,42.0,105.3,510130,Arenápolis,53.9,17,0,0,,0,,,50,100.0
510170,Barra do Bugres,Médio Norte Matogrossense,2022,1074,73,605,396,6.8,56.3,36.9,93.2,36.9,93.4,510130,Arenápolis,54.8,16,73,0,0.0,0,,,58,100.0
510170,Barra do Bugres,Médio Norte Matogrossense,2023,1512,1007,21,484,66.6,1.4,32.0,33.4,32.0,45.0,510170,Barra do Bugres,66.6,14,1080,73,6.8,11,Porto Estrela,80.8,70,100.0
510170,Barra do Bugres,Médio Norte Matogrossense,2024,1679,1176,13,490,70.0,0.8,29.2,30.0,29.2,42.6,510170,Barra do Bugres,70.0,12,1306,130,10.0,19,Porto Estrela,70.8,58,100.0
510170,Barra do Bugres,Médio Norte Matogrossense,2025,1870,1386,21,463,74.1,1.1,24.8,25.9,24.8,34.2,510170,Barra do Bugres,74.1,13,1518,132,8.7,16,Porto Estrela,71.2,93,100.0
510180,Barra do Garças,Garças Araguaia,2020,3007,2776,26,205,92.3,0.9,6.8,7.7,6.8,28.0,510180,Barra do Garças,92.3,18,3542,766,21.6,29,Pontal do Araguaia,25.1,28,100.0
510180,Barra do Garças,Garças Araguaia,2021,3184,3016,14,154,94.7,0.4,4.8,5.3,4.8,18.8,510180,Barra do Garças,94.7,17,3759,743,19.8,43,Pontal do Araguaia,27.1,24,95.8
510180,Barra do Garças,Garças Araguaia,2022,2855,2672,19,164,93.6,0.7,5.7,6.4,5.7,22.8,510180,Barra do Garças,93.6,18,3435,763,22.2,47,Pontal do Araguaia,25.3,25,100.0
510180,Barra do Garças,Garças Araguaia,2023,3433,3079,27,327,89.7,0.8,9.5,10.3,9.5,37.4,510180,Barra do Garças,89.7,21,3947,868,22.0,51,Pontal do Araguaia,24.8,47,87.2
510180,Barra do Garças,Garças Araguaia,2024,3850,3315,113,422,86.1,2.9,11.0,13.9,11.0,46.9,510180,Barra do Garças,86.1,21,4343,1028,23.7,51,Pontal do Araguaia,21.7,52,96.2
510180,Barra do Garças,Garças Araguaia,2025,4001,3506,123,372,87.6,3.1,9.3,12.4,9.3,40.3,510180,Barra do Garças,87.6,18,4574,1068,23.3,44,Pontal do Araguaia,19.7,56,73.2
510183,Boa Esperança do Norte,Teles Pires,2025,0,0,0,0,,,,,,,,,,0,0,0,,0,,,0,
510185,Bom Jesus do Araguaia,Médio Araguaia,2020,136,0,121,15,0.0,89.0,11.0,100.0,11.0,235.8,510020,Água Boa,76.5,9,0,0,,0,,,1,100.0
510185,Bom Jesus do Araguaia,Médio Araguaia,2021,297,0,286,11,0.0,96.3,3.7,100.0,3.7,228.4,510020,Água Boa,93.6,7,0,0,,0,,,1,100.0
510185,Bom Jesus do Araguaia,Médio Araguaia,2022,346,0,318,28,0.0,91.9,8.1,100.0,8.1,240.1,510020,Água Boa,89.3,9,0,0,,0,,,2,100.0
510185,Bom Jesus do Araguaia,Médio Araguaia,2023,291,0,274,17,0.0,94.2,5.8,100.0,5.8,228.3,510020,Água Boa,89.7,8,0,0,,0,,,2,100.0
510185,Bom Jesus do Araguaia,Médio Araguaia,2024,363,0,314,49,0.0,86.5,13.5,100.0,13.5,255.5,510020,Água Boa,82.6,11,0,0,,0,,,9,100.0
510185,Bom Jesus do Araguaia,Médio Araguaia,2025,410,0,332,78,0.0,81.0,19.0,100.0,19.0,243.2,510020,Água Boa,79.0,12,0,0,,0,,,7,100.0
510190,Brasnorte,Noroeste Matogrossense,2020,1397,1080,156,161,77.3,11.2,11.5,22.7,11.5,59.4,510190,Brasnorte,77.3,15,1081,1,0.1,1,Colíder,100.0,17,100.0
510190,Brasnorte,Noroeste Matogrossense,2021,1323,942,196,185,71.2,14.8,14.0,28.8,14.0,76.2,510190,Brasnorte,71.2,9,947,5,0.5,5,Campo Novo do Parecis,20.0,18,100.0
510190,Brasnorte,Noroeste Matogrossense,2022,1729,1384,128,217,80.0,7.4,12.6,20.0,12.6,61.3,510190,Brasnorte,80.0,18,1392,8,0.6,5,Campo Novo do Parecis,37.5,32,100.0
510190,Brasnorte,Noroeste Matogrossense,2023,2163,1799,133,231,83.2,6.1,10.7,16.8,10.7,52.6,510190,Brasnorte,83.2,15,1816,17,0.9,11,Campo Novo do Parecis,17.6,42,100.0
510190,Brasnorte,Noroeste Matogrossense,2024,1815,1488,81,246,82.0,4.5,13.6,18.0,13.6,62.2,510190,Brasnorte,82.0,15,1493,5,0.3,3,Castanheira,60.0,49,93.9
510190,Brasnorte,Noroeste Matogrossense,2025,1924,1599,59,266,83.1,3.1,13.8,16.9,13.8,61.2,510190,Brasnorte,83.1,14,1615,16,1.0,7,Juína,43.8,53,100.0
510250,Cáceres,Oeste Matogrossense,2020,5628,5365,3,260,95.3,0.1,4.6,4.7,4.6,9.0,510250,Cáceres,95.3,13,9831,4466,45.4,42,Mirassol d'Oeste,15.7,78,91.0
510250,Cáceres,Oeste Matogrossense,2021,6119,5728,2,389,93.6,0.0,6.4,6.4,6.4,12.0,510250,Cáceres,93.6,10,10424,4696,45.0,42,Mirassol d'Oeste,15.4,94,95.7
510250,Cáceres,Oeste Matogrossense,2022,5771,5504,3,264,95.4,0.1,4.6,4.6,4.6,8.8,510250,Cáceres,95.4,13,10248,4744,46.3,55,Mirassol d'Oeste,18.1,80,90.0
510250,Cáceres,Oeste Matogrossense,2023,7310,6892,3,415,94.3,0.0,5.7,5.7,5.7,11.1,510250,Cáceres,94.3,15,12429,5537,44.5,63,Mirassol d'Oeste,17.4,71,94.4
510250,Cáceres,Oeste Matogrossense,2024,7871,7426,0,445,94.3,0.0,5.7,5.7,5.7,10.7,510250,Cáceres,94.3,12,13364,5938,44.4,55,Mirassol d'Oeste,16.3,104,73.1
510250,Cáceres,Oeste Matogrossense,2025,7589,7053,4,532,92.9,0.1,7.0,7.1,7.0,13.8,510250,Cáceres,92.9,21,12948,5895,45.5,52,Mirassol d'Oeste,16.0,154,83.8
510260,Campinápolis,Garças Araguaia,2020,701,372,22,307,53.1,3.1,43.8,46.9,43.8,65.3,510260,Campinápolis,53.1,11,373,1,0.3,1,São José do Xingu,100.0,5,100.0
510260,Campinápolis,Garças Araguaia,2021,1143,600,22,521,52.5,1.9,45.6,47.5,45.6,57.6,510260,Campinápolis,52.5,13,602,2,0.3,2,Barra do Garças,50.0,12,100.0
510260,Campinápolis,Garças Araguaia,2022,1193,649,19,525,54.4,1.6,44.0,45.6,44.0,55.0,510260,Campinápolis,54.4,9,650,1,0.2,1,Barra do Garças,100.0,3,100.0
510260,Campinápolis,Garças Araguaia,2023,1262,606,33,623,48.0,2.6,49.4,52.0,49.4,60.8,510260,Campinápolis,48.0,11,606,0,0.0,0,,,6,100.0
510260,Campinápolis,Garças Araguaia,2024,1273,580,70,623,45.6,5.5,48.9,54.4,48.9,63.9,510260,Campinápolis,45.6,11,580,0,0.0,0,,,9,100.0
510260,Campinápolis,Garças Araguaia,2025,1441,737,60,644,51.1,4.2,44.7,48.9,44.7,67.6,510260,Campinápolis,51.1,9,738,1,0.1,1,Barra do Garças,100.0,26,100.0
510263,Campo Novo do Parecis,Médio Norte Matogrossense,2020,1207,812,49,346,67.3,4.1,28.7,32.7,28.7,90.8,510263,Campo Novo do Parecis,67.3,16,839,27,3.2,16,Tangará da Serra,37.0,32,100.0
510263,Campo Novo do Parecis,Médio Norte Matogrossense,2021,2635,2180,15,440,82.7,0.6,16.7,17.3,16.7,50.6,510263,Campo Novo do Parecis,82.7,16,2212,32,1.4,20,Sapezal,18.8,58,100.0
510263,Campo Novo do Parecis,Médio Norte Matogrossense,2022,2858,2487,22,349,87.0,0.8,12.2,13.0,12.2,37.3,510263,Campo Novo do Parecis,87.0,19,2521,34,1.3,19,Tangará da Serra,14.7,44,97.7
510263,Campo Novo do Parecis,Médio Norte Matogrossense,2023,3053,2603,13,437,85.3,0.4,14.3,14.7,14.3,42.8,510263,Campo Novo do Parecis,85.3,21,2656,53,2.0,21,Tangará da Serra,13.2,85,100.0
510263,Campo Novo do Parecis,Médio Norte Matogrossense,2024,2836,2380,9,447,83.9,0.3,15.8,16.1,15.8,46.3,510263,Campo Novo do Parecis,83.9,22,2433,53,2.2,24,Tangará da Serra,15.1,86,97.7
510263,Campo Novo do Parecis,Médio Norte Matogrossense,2025,3303,2735,17,551,82.8,0.5,16.7,17.2,16.7,49.2,510263,Campo Novo do Parecis,82.8,23,2799,64,2.3,21,Tangará da Serra,15.6,120,100.0
510267,Campo Verde,Sul Matogrossense,2020,2522,1867,527,128,74.0,20.9,5.1,26.0,5.1,30.6,510267,Campo Verde,74.0,12,1947,80,4.1,14,Chapada dos Guimarães,20.0,77,100.0
510267,Campo Verde,Sul Matogrossense,2021,2619,1940,544,135,74.1,20.8,5.2,25.9,5.2,30.3,510267,Campo Verde,74.1,12,2103,163,7.8,33,Nova Brasilândia,14.7,73,100.0
510267,Campo Verde,Sul Matogrossense,2022,3298,2528,598,172,76.7,18.1,5.2,23.3,5.2,27.7,510267,Campo Verde,76.7,12,2680,152,5.7,35,Jaciara,12.5,110,100.0
510267,Campo Verde,Sul Matogrossense,2023,3670,2890,562,218,78.7,15.3,5.9,21.3,5.9,25.7,510267,Campo Verde,78.7,21,3162,272,8.6,50,Jaciara,9.2,108,100.0
510267,Campo Verde,Sul Matogrossense,2024,4156,3145,764,247,75.7,18.4,5.9,24.3,5.9,29.0,510267,Campo Verde,75.7,20,3496,351,10.0,54,Nova Brasilândia,10.5,164,100.0
510267,Campo Verde,Sul Matogrossense,2025,3780,2829,646,305,74.8,17.1,8.1,25.2,8.1,29.0,510267,Campo Verde,74.8,13,3112,283,9.1,55,Nova Brasilândia,14.8,177,96.0
510268,Campos de Júlio,Sudoeste Matogrossense,2020,575,314,129,132,54.6,22.4,23.0,45.4,23.0,114.5,510268,Campos de Júlio,54.6,10,318,4,1.3,3,Sapezal,50.0,6,100.0
510268,Campos de Júlio,Sudoeste Matogrossense,2021,433,263,99,71,60.7,22.9,16.4,39.3,16.4,92.2,510268,Campos de Júlio,60.7,3,263,0,0.0,0,,,5,100.0
510268,Campos de Júlio,Sudoeste Matogrossense,2022,649,347,208,94,53.5,32.0,14.5,46.5,14.5,100.4,510268,Campos de Júlio,53.5,5,349,2,0.6,2,Colíder,50.0,1,100.0
510268,Campos de Júlio,Sudoeste Matogrossense,2023,720,408,219,93,56.7,30.4,12.9,43.3,12.9,93.6,510268,Campos de Júlio,56.7,5,409,1,0.2,1,Comodoro,100.0,3,66.7
510268,Campos de Júlio,Sudoeste Matogrossense,2024,906,589,196,121,65.0,21.6,13.4,35.0,13.4,80.6,510268,Campos de Júlio,65.0,7,593,4,0.7,3,Comodoro,50.0,2,100.0
510268,Campos de Júlio,Sudoeste Matogrossense,2025,976,612,212,152,62.7,21.7,15.6,37.3,15.6,88.0,510268,Campos de Júlio,62.7,9,618,6,1.0,4,Comodoro,50.0,3,100.0
510269,Canabrava do Norte,Araguaia Xingu,2020,186,0,163,23,0.0,87.6,12.4,100.0,12.4,126.5,510335,Confresa,87.6,5,0,0,,0,,,0,
510269,Canabrava do Norte,Araguaia Xingu,2021,173,0,149,24,0.0,86.1,13.9,100.0,13.9,126.5,510335,Confresa,85.0,8,0,0,,0,,,2,100.0
510269,Canabrava do Norte,Araguaia Xingu,2022,232,0,206,26,0.0,88.8,11.2,100.0,11.2,105.8,510335,Confresa,88.8,8,0,0,,0,,,1,100.0
510269,Canabrava do Norte,Araguaia Xingu,2023,269,0,229,40,0.0,85.1,14.9,100.0,14.9,139.0,510335,Confresa,84.8,11,0,0,,0,,,2,100.0
510269,Canabrava do Norte,Araguaia Xingu,2024,282,0,237,45,0.0,84.0,16.0,100.0,16.0,139.8,510335,Confresa,84.0,8,0,0,,0,,,7,100.0
510269,Canabrava do Norte,Araguaia Xingu,2025,330,0,255,75,0.0,77.3,22.7,100.0,22.7,173.6,510335,Confresa,77.3,8,0,0,,0,,,13,100.0
510270,Canarana,Médio Araguaia,2020,1014,694,262,58,68.4,25.8,5.7,31.6,5.7,40.1,510270,Canarana,68.4,12,799,105,13.1,17,Gaúcha do Norte,41.0,4,100.0
510270,Canarana,Médio Araguaia,2021,1576,938,543,95,59.5,34.5,6.0,40.5,6.0,47.3,510270,Canarana,59.5,12,1024,86,8.4,17,Gaúcha do Norte,53.5,14,100.0
510270,Canarana,Médio Araguaia,2022,1735,1058,629,48,61.0,36.3,2.8,39.0,2.8,33.2,510270,Canarana,61.0,8,1117,59,5.3,13,Gaúcha do Norte,49.2,11,100.0
510270,Canarana,Médio Araguaia,2023,1635,970,577,88,59.3,35.3,5.4,40.7,5.4,42.7,510270,Canarana,59.3,8,1070,100,9.3,18,Gaúcha do Norte,40.0,18,100.0
510270,Canarana,Médio Araguaia,2024,1771,1098,577,96,62.0,32.6,5.4,38.0,5.4,41.7,510270,Canarana,62.0,10,1214,116,9.6,26,Gaúcha do Norte,43.1,16,100.0
510270,Canarana,Médio Araguaia,2025,2002,1199,643,160,59.9,32.1,8.0,40.1,8.0,50.7,510270,Canarana,59.9,12,1275,76,6.0,17,Gaúcha do Norte,46.1,24,100.0
510279,Carlinda,Alto Tapajós,2020,451,0,396,55,0.0,87.8,12.2,100.0,12.2,83.1,510025,Alta Floresta,87.6,5,0,0,,0,,,21,100.0
510279,Carlinda,Alto Tapajós,2021,555,0,501,54,0.0,90.3,9.7,100.0,9.7,77.5,510025,Alta Floresta,84.5,8,0,0,,0,,,13,100.0
510279,Carlinda,Alto Tapajós,2022,589,0,484,105,0.0,82.2,17.8,100.0,17.8,111.2,510025,Alta Floresta,66.4,9,0,0,,0,,,36,100.0
510279,Carlinda,Alto Tapajós,2023,536,0,428,108,0.0,79.9,20.1,100.0,20.1,115.3,510025,Alta Floresta,66.2,11,0,0,,0,,,31,100.0
510279,Carlinda,Alto Tapajós,2024,606,0,483,123,0.0,79.7,20.3,100.0,20.3,111.3,510025,Alta Floresta,66.7,8,0,0,,0,,,54,100.0
510279,Carlinda,Alto Tapajós,2025,702,0,606,96,0.0,86.3,13.7,100.0,13.7,92.0,510025,Alta Floresta,77.2,12,0,0,,0,,,34,100.0
510285,Castanheira,Noroeste Matogrossense,2020,217,0,193,24,0.0,88.9,11.1,100.0,11.1,94.3,510515,Juína,86.6,5,0,0,,0,,,3,100.0
510285,Castanheira,Noroeste Matogrossense,2021,214,0,182,32,0.0,85.0,15.0,100.0,15.0,118.3,510515,Juína,81.8,7,0,0,,0,,,9,100.0
510285,Castanheira,Noroeste Matogrossense,2022,210,0,164,46,0.0,78.1,21.9,100.0,21.9,146.7,510515,Juína,77.6,8,0,0,,0,,,9,100.0
510285,Castanheira,Noroeste Matogrossense,2023,282,0,214,68,0.0,75.9,24.1,100.0,24.1,161.5,510515,Juína,74.8,7,0,0,,0,,,12,100.0
510285,Castanheira,Noroeste Matogrossense,2024,240,0,186,54,0.0,77.5,22.5,100.0,22.5,154.0,510515,Juína,75.8,7,0,0,,0,,,14,100.0
510285,Castanheira,Noroeste Matogrossense,2025,272,0,193,79,0.0,71.0,29.0,100.0,29.0,187.3,510515,Juína,71.0,7,0,0,,0,,,23,100.0
510300,Chapada dos Guimarães,Baixada Cuiabana,2020,582,0,561,21,0.0,96.4,3.6,100.0,3.6,41.3,510340,Cuiabá,80.4,7,0,0,,0,,,20,100.0
510300,Chapada dos Guimarães,Baixada Cuiabana,2021,657,0,621,36,0.0,94.5,5.5,100.0,5.5,44.0,510340,Cuiabá,70.6,9,0,0,,0,,,34,100.0
510300,Chapada dos Guimarães,Baixada Cuiabana,2022,748,0,725,23,0.0,96.9,3.1,100.0,3.1,42.7,510340,Cuiabá,73.0,10,0,0,,0,,,45,100.0
510300,Chapada dos Guimarães,Baixada Cuiabana,2023,967,0,937,30,0.0,96.9,3.1,100.0,3.1,42.1,510340,Cuiabá,75.1,12,0,0,,0,,,58,100.0
510300,Chapada dos Guimarães,Baixada Cuiabana,2024,1037,0,993,44,0.0,95.8,4.2,100.0,4.2,42.8,510340,Cuiabá,72.8,11,0,0,,0,,,68,100.0
510300,Chapada dos Guimarães,Baixada Cuiabana,2025,1334,0,1298,36,0.0,97.3,2.7,100.0,2.7,52.1,510340,Cuiabá,58.1,13,0,0,,0,,,102,100.0
510305,Cláudia,Teles Pires,2020,919,524,377,18,57.0,41.0,2.0,43.0,2.0,46.8,510305,Cláudia,57.0,6,541,17,3.1,10,Sinop,29.4,17,100.0
510305,Cláudia,Teles Pires,2021,1166,704,438,24,60.4,37.6,2.1,39.6,2.1,45.4,510305,Cláudia,60.4,8,707,3,0.4,3,Marcelândia,33.3,28,100.0
510305,Cláudia,Teles Pires,2022,891,331,534,26,37.1,59.9,2.9,62.9,2.9,86.7,510305,Cláudia,37.1,12,333,2,0.6,2,Sinop,50.0,51,100.0
510305,Cláudia,Teles Pires,2023,1133,541,545,47,47.7,48.1,4.1,52.3,4.1,68.4,510305,Cláudia,47.7,12,544,3,0.6,3,Colíder,33.3,55,100.0
510305,Cláudia,Teles Pires,2024,1241,615,576,50,49.6,46.4,4.0,50.4,4.0,69.0,510305,Cláudia,49.6,13,625,10,1.6,3,Sinop,60.0,66,100.0
510305,Cláudia,Teles Pires,2025,1133,614,479,40,54.2,42.3,3.5,45.8,3.5,61.4,510305,Cláudia,54.2,11,623,9,1.4,5,Sinop,55.6,92,100.0
510310,Cocalinho,Médio Araguaia,2020,200,114,81,5,57.0,40.5,2.5,43.0,2.5,63.5,510310,Cocalinho,57.0,3,136,22,16.2,15,Água Boa,18.2,0,
510310,Cocalinho,Médio Araguaia,2021,435,195,235,5,44.8,54.0,1.1,55.2,1.1,77.6,510020,Água Boa,53.6,5,211,16,7.6,8,Água Boa,31.2,1,100.0
510310,Cocalinho,Médio Araguaia,2022,542,257,281,4,47.4,51.8,0.7,52.6,0.7,72.1,510020,Água Boa,51.7,3,267,10,3.7,6,Água Boa,50.0,1,100.0
510310,Cocalinho,Médio Araguaia,2023,524,279,236,9,53.2,45.0,1.7,46.8,1.7,67.6,510310,Cocalinho,53.2,5,279,0,0.0,0,,,1,100.0
510310,Cocalinho,Médio Araguaia,2024,820,561,247,12,68.4,30.1,1.5,31.6,1.5,45.7,510310,Cocalinho,68.4,5,561,0,0.0,0,,,5,100.0
510310,Cocalinho,Médio Araguaia,2025,624,326,264,34,52.2,42.3,5.4,47.8,5.4,79.6,510310,Cocalinho,52.2,8,329,3,0.9,1,Água Boa,100.0,6,100.0
510320,Colíder,Norte Matogrossense,2020,1671,1466,0,205,87.7,0.0,12.3,12.3,12.3,40.5,510320,Colíder,87.7,15,2565,1099,42.8,34,Nova Canaã do Norte,26.1,58,100.0
510320,Colíder,Norte Matogrossense,2021,1810,1504,0,306,83.1,0.0,16.9,16.9,16.9,55.9,510320,Colíder,83.1,14,2607,1103,42.3,34,Nova Canaã do Norte,29.6,81,100.0
510320,Colíder,Norte Matogrossense,2022,1921,1593,1,327,82.9,0.1,17.0,17.1,17.0,58.5,510320,Colíder,82.9,17,3106,1513,48.7,40,Nova Canaã do Norte,26.9,117,100.0
510320,Colíder,Norte Matogrossense,2023,2029,1639,0,390,80.8,0.0,19.2,19.2,19.2,66.8,510320,Colíder,80.8,20,3206,1567,48.9,50,Nova Canaã do Norte,20.7,105,99.0
510320,Colíder,Norte Matogrossense,2024,2196,1768,1,427,80.5,0.0,19.4,19.5,19.4,70.7,510320,Colíder,80.5,21,3515,1747,49.7,45,Nova Canaã do Norte,28.7,84,100.0
510320,Colíder,Norte Matogrossense,2025,2290,1749,0,541,76.4,0.0,23.6,23.6,23.6,91.5,510320,Colíder,76.4,19,3611,1862,51.6,38,Marcelândia,28.4,114,99.1
510325,Colniza,Noroeste Matogrossense,2020,1265,952,218,95,75.3,17.2,7.5,24.7,7.5,94.1,510325,Colniza,75.3,11,984,32,3.3,7,Cotriguaçu,71.9,16,93.8
510325,Colniza,Noroeste Matogrossense,2021,1400,1122,177,101,80.1,12.6,7.2,19.9,7.2,81.7,510325,Colniza,80.1,12,1174,52,4.4,15,Cotriguaçu,34.6,15,100.0
510325,Colniza,Noroeste Matogrossense,2022,1703,1305,233,165,76.6,13.7,9.7,23.4,9.7,102.6,510325,Colniza,76.6,14,1343,38,2.8,13,Cotriguaçu,47.4,27,100.0
510325,Colniza,Noroeste Matogrossense,2023,1640,1281,157,202,78.1,9.6,12.3,21.9,12.3,113.3,510325,Colniza,78.1,13,1307,26,2.0,12,Cotriguaçu,38.5,43,100.0
510325,Colniza,Noroeste Matogrossense,2024,1825,1415,121,289,77.5,6.6,15.8,22.5,15.8,133.5,510325,Colniza,77.5,16,1444,29,2.0,8,Cotriguaçu,51.7,51,98.0
510325,Colniza,Noroeste Matogrossense,2025,2350,1738,142,470,74.0,6.0,20.0,26.0,20.0,164.1,510325,Colniza,74.0,13,1795,57,3.2,19,Cotriguaçu,57.9,73,100.0
510330,Comodoro,Sudoeste Matogrossense,2020,1513,1201,154,158,79.4,10.2,10.4,20.6,10.4,59.2,510330,Comodoro,79.4,10,1208,7,0.6,3,Nova Lacerda,71.4,7,100.0
510330,Comodoro,Sudoeste Matogrossense,2021,1736,1320,165,251,76.0,9.5,14.5,24.0,14.5,73.7,510330,Comodoro,76.0,7,1323,3,0.2,3,Brasnorte,33.3,25,92.0
510330,Comodoro,Sudoeste Matogrossense,2022,1781,1280,235,266,71.9,13.2,14.9,28.1,14.9,82.8,510330,Comodoro,71.9,15,1286,6,0.5,5,Pontes e Lacerda,33.3,30,100.0
510330,Comodoro,Sudoeste Matogrossense,2023,1874,1239,324,311,66.1,17.3,16.6,33.9,16.6,98.1,510330,Comodoro,66.1,13,1244,5,0.4,3,Nova Lacerda,60.0,45,97.8
510330,Comodoro,Sudoeste Matogrossense,2024,1757,1067,328,362,60.7,18.7,20.6,39.3,20.6,118.4,510330,Comodoro,60.7,11,1068,1,0.1,1,Nova Lacerda,100.0,39,100.0
510330,Comodoro,Sudoeste Matogrossense,2025,1805,1068,377,360,59.2,20.9,19.9,40.8,19.9,116.0,510330,Comodoro,59.2,15,1071,3,0.3,3,Campo Novo do Parecis,33.3,71,98.6
510335,Confresa,Araguaia Xingu,2020,1986,1828,14,144,92.0,0.7,7.3,8.0,7.3,47.8,510335,Confresa,92.0,14,3121,1293,41.4,21,Porto Alegre do Norte,26.9,6,100.0
510335,Confresa,Araguaia Xingu,2021,2373,2189,9,175,92.2,0.4,7.4,7.8,7.4,47.3,510335,Confresa,92.2,13,3502,1313,37.5,25,Porto Alegre do Norte,28.1,7,100.0
510335,Confresa,Araguaia Xingu,2022,2626,2483,1,142,94.6,0.0,5.4,5.4,5.4,33.5,510335,Confresa,94.6,14,3990,1507,37.8,16,Porto Alegre do Norte,25.5,14,100.0
510335,Confresa,Araguaia Xingu,2023,2815,2608,2,205,92.6,0.1,7.3,7.4,7.3,50.2,510335,Confresa,92.6,18,4297,1689,39.3,17,Porto Alegre do Norte,29.1,24,91.7
510335,Confresa,Araguaia Xingu,2024,3100,2732,2,366,88.1,0.1,11.8,11.9,11.8,82.5,510335,Confresa,88.1,19,4496,1764,39.2,18,Porto Alegre do Norte,26.0,31,100.0
510335,Confresa,Araguaia Xingu,2025,3172,2800,4,368,88.3,0.1,11.6,11.7,11.6,80.2,510335,Confresa,88.3,16,4688,1888,40.3,18,Porto Alegre do Norte,28.3,38,97.4
510336,Conquista D'Oeste,Sudoeste Matogrossense,2020,173,0,109,64,0.0,63.0,37.0,100.0,37.0,156.2,510675,Pontes e Lacerda,61.8,5,0,0,,0,,,4,100.0
510336,Conquista D'Oeste,Sudoeste Matogrossense,2021,205,0,107,98,0.0,52.2,47.8,100.0,47.8,178.6,510675,Pontes e Lacerda,50.7,4,0,0,,0,,,5,100.0
510336,Conquista D'Oeste,Sudoeste Matogrossense,2022,203,0,142,61,0.0,70.0,30.0,100.0,30.0,150.0,510675,Pontes e Lacerda,66.5,7,0,0,,0,,,7,100.0
510336,Conquista D'Oeste,Sudoeste Matogrossense,2023,257,0,182,75,0.0,70.8,29.2,100.0,29.2,145.3,510675,Pontes e Lacerda,68.5,5,0,0,,0,,,7,100.0
510336,Conquista D'Oeste,Sudoeste Matogrossense,2024,319,0,215,104,0.0,67.4,32.6,100.0,32.6,158.1,510675,Pontes e Lacerda,63.3,8,0,0,,0,,,3,100.0
510336,Conquista D'Oeste,Sudoeste Matogrossense,2025,456,0,335,121,0.0,73.5,26.5,100.0,26.5,140.9,510675,Pontes e Lacerda,67.5,9,0,0,,0,,,11,100.0
510337,Cotriguaçu,Noroeste Matogrossense,2020,599,459,96,44,76.6,16.0,7.3,23.4,7.3,71.9,510337,Cotriguaçu,76.6,6,485,26,5.4,13,Colniza,26.9,8,100.0
510337,Cotriguaçu,Noroeste Matogrossense,2021,543,350,122,71,64.5,22.5,13.1,35.5,13.1,120.5,510337,Cotriguaçu,64.5,10,371,21,5.7,15,Várzea Grande,14.3,11,100.0
510337,Cotriguaçu,Noroeste Matogrossense,2022,605,389,152,64,64.3,25.1,10.6,35.7,10.6,111.6,510337,Cotriguaçu,64.3,7,392,3,0.8,3,Aripuanã,33.3,9,100.0
510337,Cotriguaçu,Noroeste Matogrossense,2023,795,540,122,133,67.9,15.3,16.7,32.1,16.7,137.8,510337,Cotriguaçu,67.9,9,546,6,1.1,5,Castanheira,33.3,16,100.0
510337,Cotriguaçu,Noroeste Matogrossense,2024,876,556,137,183,63.5,15.6,20.9,36.5,20.9,164.4,510337,Cotriguaçu,63.5,13,564,8,1.4,6,Pontes e Lacerda,37.5,17,100.0
510337,Cotriguaçu,Noroeste Matogrossense,2025,804,405,206,193,50.4,25.6,24.0,49.6,24.0,203.3,510337,Cotriguaçu,50.4,14,417,12,2.9,10,Juruena,25.0,25,100.0
510340,Cuiabá,Baixada Cuiabana,2020,21990,20671,1204,115,94.0,5.5,0.5,6.0,0.5,2.2,510340,Cuiabá,94.0,26,36832,16161,43.9,138,Várzea Grande,40.9,1155,0.2
510340,Cuiabá,Baixada Cuiabana,2021,24204,22347,1679,178,92.3,6.9,0.7,7.7,0.7,2.8,510340,Cuiabá,92.3,38,37841,15494,40.9,137,Várzea Grande,36.2,1304,0.3
510340,Cuiabá,Baixada Cuiabana,2022,26401,25418,821,162,96.3,3.1,0.6,3.7,0.6,1.9,510340,Cuiabá,96.3,31,42979,17561,40.9,138,Várzea Grande,35.4,1492,2.6
510340,Cuiabá,Baixada Cuiabana,2023,31096,29828,1058,210,95.9,3.4,0.7,4.1,0.7,2.2,510340,Cuiabá,95.9,32,49980,20152,40.3,140,Várzea Grande,34.2,1831,4.5
510340,Cuiabá,Baixada Cuiabana,2024,33220,31660,1288,272,95.3,3.9,0.8,4.7,0.8,2.6,510340,Cuiabá,95.3,36,53971,22311,41.3,140,Várzea Grande,34.5,2498,4.8
510340,Cuiabá,Baixada Cuiabana,2025,35648,33829,1549,270,94.9,4.3,0.8,5.1,0.8,2.7,510340,Cuiabá,94.9,35,58005,24176,41.7,140,Várzea Grande,33.2,2811,2.6
510343,Curvelândia,Oeste Matogrossense,2020,276,0,260,16,0.0,94.2,5.8,100.0,5.8,66.9,510250,Cáceres,92.8,5,0,0,,0,,,4,100.0
510343,Curvelândia,Oeste Matogrossense,2021,254,0,231,23,0.0,90.9,9.1,100.0,9.1,70.5,510250,Cáceres,90.6,5,0,0,,0,,,6,100.0
510343,Curvelândia,Oeste Matogrossense,2022,279,0,250,29,0.0,89.6,10.4,100.0,10.4,71.9,510250,Cáceres,87.1,4,0,0,,0,,,5,100.0
510343,Curvelândia,Oeste Matogrossense,2023,357,0,304,53,0.0,85.2,14.8,100.0,14.8,78.0,510250,Cáceres,82.1,5,0,0,,0,,,10,100.0
510343,Curvelândia,Oeste Matogrossense,2024,403,0,345,58,0.0,85.6,14.4,100.0,14.4,79.2,510250,Cáceres,83.9,6,0,0,,0,,,13,100.0
510343,Curvelândia,Oeste Matogrossense,2025,381,0,324,57,0.0,85.0,15.0,100.0,15.0,80.3,510250,Cáceres,84.3,9,0,0,,0,,,16,100.0
510345,Denise,Médio Norte Matogrossense,2020,173,0,122,51,0.0,70.5,29.5,100.0,29.5,76.4,510170,Barra do Bugres,48.0,9,0,0,,0,,,7,100.0
510345,Denise,Médio Norte Matogrossense,2021,323,0,262,61,0.0,81.1,18.9,100.0,18.9,60.2,510130,Arenápolis,79.9,10,0,0,,0,,,6,100.0
510345,Denise,Médio Norte Matogrossense,2022,248,0,182,66,0.0,73.4,26.6,100.0,26.6,71.6,510130,Arenápolis,71.4,11,0,0,,0,,,7,100.0
510345,Denise,Médio Norte Matogrossense,2023,287,0,192,95,0.0,66.9,33.1,100.0,33.1,73.4,510130,Arenápolis,65.9,7,0,0,,0,,,12,100.0
510345,Denise,Médio Norte Matogrossense,2024,314,0,205,109,0.0,65.3,34.7,100.0,34.7,78.5,510130,Arenápolis,62.7,11,0,0,,0,,,16,100.0
510345,Denise,Médio Norte Matogrossense,2025,356,0,192,164,0.0,53.9,46.1,100.0,46.1,88.3,510130,Arenápolis,48.3,11,0,0,,0,,,34,100.0
510350,Diamantino,Centro Norte,2020,1121,854,1,266,76.2,0.1,23.7,23.8,23.7,33.6,510350,Diamantino,76.2,12,1104,250,22.6,9,Nortelândia,38.8,25,100.0
510350,Diamantino,Centro Norte,2021,1282,994,2,286,77.5,0.2,22.3,22.5,22.3,31.6,510350,Diamantino,77.5,13,1305,311,23.8,7,Alto Paraguai,53.4,30,100.0
510350,Diamantino,Centro Norte,2022,1585,1241,0,344,78.3,0.0,21.7,21.7,21.7,30.3,510350,Diamantino,78.3,14,1733,492,28.4,13,Alto Paraguai,43.1,22,100.0
510350,Diamantino,Centro Norte,2023,1645,1225,2,418,74.5,0.1,25.4,25.5,25.4,36.1,510350,Diamantino,74.5,17,1836,611,33.3,32,Alto Paraguai,34.5,60,100.0
510350,Diamantino,Centro Norte,2024,1455,1063,1,391,73.1,0.1,26.9,26.9,26.9,36.9,510350,Diamantino,73.1,15,1661,598,36.0,38,Alto Paraguai,32.6,64,100.0
510350,Diamantino,Centro Norte,2025,1873,1373,0,500,73.3,0.0,26.7,26.7,26.7,35.5,510350,Diamantino,73.3,13,1948,575,29.5,23,Nortelândia,31.0,86,100.0
510360,Dom Aquino,Sul Matogrossense,2020,465,270,153,42,58.1,32.9,9.0,41.9,9.0,34.8,510360,Dom Aquino,58.1,6,270,0,0.0,0,,,24,100.0
510360,Dom Aquino,Sul Matogrossense,2021,623,382,203,38,61.3,32.6,6.1,38.7,6.1,29.2,510360,Dom Aquino,61.3,7,382,0,0.0,0,,,22,100.0
510360,Dom Aquino,Sul Matogrossense,2022,789,479,281,29,60.7,35.6,3.7,39.3,3.7,28.1,510360,Dom Aquino,60.7,6,480,1,0.2,1,Jaciara,100.0,18,100.0
510360,Dom Aquino,Sul Matogrossense,2023,884,509,321,54,57.6,36.3,6.1,42.4,6.1,35.3,510360,Dom Aquino,57.6,11,509,0,0.0,0,,,31,100.0
510360,Dom Aquino,Sul Matogrossense,2024,740,377,316,47,50.9,42.7,6.4,49.1,6.4,38.4,510360,Dom Aquino,50.9,7,377,0,0.0,0,,,38,100.0
510360,Dom Aquino,Sul Matogrossense,2025,876,410,380,86,46.8,43.4,9.8,53.2,9.8,46.0,510360,Dom Aquino,46.8,10,411,1,0.2,1,Tangará da Serra,100.0,47,100.0
510370,Feliz Natal,Teles Pires,2020,426,0,411,15,0.0,96.5,3.5,100.0,3.5,98.0,510792,Sorriso,79.6,10,0,0,,0,,,13,100.0
510370,Feliz Natal,Teles Pires,2021,474,0,454,20,0.0,95.8,4.2,100.0,4.2,101.0,510792,Sorriso,71.3,10,0,0,,0,,,30,100.0
510370,Feliz Natal,Teles Pires,2022,524,0,488,36,0.0,93.1,6.9,100.0,6.9,114.2,510792,Sorriso,61.3,14,0,0,,0,,,34,100.0
510370,Feliz Natal,Teles Pires,2023,559,0,488,71,0.0,87.3,12.7,100.0,12.7,123.2,510792,Sorriso,52.8,15,0,0,,0,,,59,100.0
510370,Feliz Natal,Teles Pires,2024,576,0,520,56,0.0,90.3,9.7,100.0,9.7,123.0,510792,Sorriso,44.3,13,0,0,,0,,,72,100.0
510370,Feliz Natal,Teles Pires,2025,443,0,387,56,0.0,87.4,12.6,100.0,12.6,135.8,510792,Sorriso,40.9,15,0,0,,0,,,44,100.0
510380,Figueirópolis D'Oeste,Sudoeste Matogrossense,2020,95,0,7,88,0.0,7.4,92.6,100.0,92.6,145.0,510250,Cáceres,82.1,4,0,0,,0,,,2,100.0
510380,Figueirópolis D'Oeste,Sudoeste Matogrossense,2021,107,0,10,97,0.0,9.3,90.7,100.0,90.7,149.2,510250,Cáceres,77.6,4,0,0,,0,,,4,100.0
510380,Figueirópolis D'Oeste,Sudoeste Matogrossense,2022,113,0,38,75,0.0,33.6,66.4,100.0,66.4,126.4,510250,Cáceres,56.6,5,0,0,,0,,,2,100.0
510380,Figueirópolis D'Oeste,Sudoeste Matogrossense,2023,201,0,70,131,0.0,34.8,65.2,100.0,65.2,135.1,510250,Cáceres,49.3,6,0,0,,0,,,7,100.0
510380,Figueirópolis D'Oeste,Sudoeste Matogrossense,2024,232,0,99,133,0.0,42.7,57.3,100.0,57.3,135.1,510675,Pontes e Lacerda,41.4,7,0,0,,0,,,12,100.0
510380,Figueirópolis D'Oeste,Sudoeste Matogrossense,2025,167,0,68,99,0.0,40.7,59.3,100.0,59.3,145.2,510250,Cáceres,37.7,6,0,0,,0,,,8,100.0
510385,Gaúcha do Norte,Médio Araguaia,2020,365,191,135,39,52.3,37.0,10.7,47.7,10.7,91.4,510385,Gaúcha do Norte,52.3,9,192,1,0.5,1,Rondonópolis,100.0,4,100.0
510385,Gaúcha do Norte,Médio Araguaia,2021,518,211,282,25,40.7,54.4,4.8,59.3,4.8,97.9,510020,Água Boa,45.0,10,211,0,0.0,0,,,2,100.0
510385,Gaúcha do Norte,Médio Araguaia,2022,454,120,299,35,26.4,65.9,7.7,73.6,7.7,126.8,510020,Água Boa,58.4,12,120,0,0.0,0,,,3,100.0
510385,Gaúcha do Norte,Médio Araguaia,2023,442,88,306,48,19.9,69.2,10.9,80.1,10.9,144.0,510020,Água Boa,59.7,12,88,0,0.0,0,,,14,100.0
510385,Gaúcha do Norte,Médio Araguaia,2024,453,57,315,81,12.6,69.5,17.9,87.4,17.9,169.4,510020,Água Boa,58.1,14,57,0,0.0,0,,,11,100.0
510385,Gaúcha do Norte,Médio Araguaia,2025,633,158,358,117,25.0,56.6,18.5,75.0,18.5,154.2,510020,Água Boa,50.1,16,161,3,1.9,2,Sinop,66.7,31,100.0
510390,General Carneiro,Garças Araguaia,2020,455,160,107,188,35.2,23.5,41.3,64.8,41.3,84.8,510704,Primavera do Leste,39.3,6,171,11,6.4,3,Barra do Garças,81.8,2,100.0
510390,General Carneiro,Garças Araguaia,2021,473,131,105,237,27.7,22.2,50.1,72.3,50.1,98.9,510704,Primavera do Leste,47.8,6,143,12,8.4,4,Barra do Garças,58.3,0,
510390,General Carneiro,Garças Araguaia,2022,461,141,116,204,30.6,25.2,44.3,69.4,44.3,96.1,510704,Primavera do Leste,38.6,6,147,6,4.1,3,Barra do Garças,66.7,4,100.0
510390,General Carneiro,Garças Araguaia,2023,490,183,118,189,37.3,24.1,38.6,62.7,38.6,87.7,510390,General Carneiro,37.3,9,188,5,2.7,2,Barra do Garças,60.0,3,100.0
510390,General Carneiro,Garças Araguaia,2024,480,160,136,184,33.3,28.3,38.3,66.7,38.3,98.1,510390,General Carneiro,33.3,8,191,31,16.2,4,Pontal do Araguaia,48.4,13,100.0
510390,General Carneiro,Garças Araguaia,2025,466,109,93,264,23.4,20.0,56.7,76.6,56.7,124.3,510704,Primavera do Leste,45.7,10,119,10,8.4,6,Barra do Garças,50.0,22,100.0
510395,Glória D'Oeste,Oeste Matogrossense,2020,157,0,137,20,0.0,87.3,12.7,100.0,12.7,98.5,510250,Cáceres,86.6,6,0,0,,0,,,5,100.0
510395,Glória D'Oeste,Oeste Matogrossense,2021,132,0,115,17,0.0,87.1,12.9,100.0,12.9,96.7,510250,Cáceres,82.6,6,0,0,,0,,,4,100.0
510395,Glória D'Oeste,Oeste Matogrossense,2022,178,0,149,29,0.0,83.7,16.3,100.0,16.3,102.3,510250,Cáceres,82.0,4,0,0,,0,,,3,100.0
510395,Glória D'Oeste,Oeste Matogrossense,2023,202,0,171,31,0.0,84.7,15.3,100.0,15.3,102.3,510250,Cáceres,84.7,4,0,0,,0,,,6,100.0
510395,Glória D'Oeste,Oeste Matogrossense,2024,251,0,219,32,0.0,87.3,12.7,100.0,12.7,101.9,510250,Cáceres,86.1,8,0,0,,0,,,14,100.0
510395,Glória D'Oeste,Oeste Matogrossense,2025,242,0,208,34,0.0,86.0,14.0,100.0,14.0,99.4,510250,Cáceres,86.0,3,0,0,,0,,,18,100.0
510410,Guarantã do Norte,Vale do Peixoto,2020,1441,1142,97,202,79.3,6.7,14.0,20.7,14.0,75.7,510410,Guarantã do Norte,79.3,13,1157,15,1.3,9,Colíder,20.0,37,100.0
510410,Guarantã do Norte,Vale do Peixoto,2021,1704,1466,65,173,86.0,3.8,10.2,14.0,10.2,44.9,510410,Guarantã do Norte,86.0,12,1485,19,1.3,11,Peixoto de Azevedo,26.3,48,100.0
510410,Guarantã do Norte,Vale do Peixoto,2022,2198,1930,44,224,87.8,2.0,10.2,12.2,10.2,48.7,510410,Guarantã do Norte,87.8,14,2030,100,4.9,29,Novo Mundo,25.0,64,98.4
510410,Guarantã do Norte,Vale do Peixoto,2023,2979,2660,27,292,89.3,0.9,9.8,10.7,9.8,45.4,510410,Guarantã do Norte,89.3,16,2826,166,5.9,35,Novo Mundo,18.7,66,100.0
510410,Guarantã do Norte,Vale do Peixoto,2024,2862,2543,13,306,88.9,0.5,10.7,11.1,10.7,46.7,510410,Guarantã do Norte,88.9,16,2662,119,4.5,28,Novo Mundo,18.5,98,98.0
510410,Guarantã do Norte,Vale do Peixoto,2025,2549,2240,26,283,87.9,1.0,11.1,12.1,11.1,51.3,510410,Guarantã do Norte,87.9,15,2338,98,4.2,20,Peixoto de Azevedo,17.3,75,98.7
510420,Guiratinga,Sul Matogrossense,2020,545,263,267,15,48.3,49.0,2.8,51.7,2.8,52.1,510760,Rondonópolis,48.6,5,264,1,0.4,1,Rondonópolis,100.0,24,100.0
510420,Guiratinga,Sul Matogrossense,2021,724,348,351,25,48.1,48.5,3.5,51.9,3.5,54.6,510420,Guiratinga,48.1,6,349,1,0.3,1,Primavera do Leste,100.0,35,100.0
510420,Guiratinga,Sul Matogrossense,2022,823,399,412,12,48.5,50.1,1.5,51.5,1.5,50.5,510760,Rondonópolis,48.6,6,399,0,0.0,0,,,59,100.0
510420,Guiratinga,Sul Matogrossense,2023,1081,539,500,42,49.9,46.3,3.9,50.1,3.9,53.2,510420,Guiratinga,49.9,11,540,1,0.2,1,Itiquira,100.0,59,100.0
510420,Guiratinga,Sul Matogrossense,2024,920,333,545,42,36.2,59.2,4.6,63.8,4.6,67.5,510760,Rondonópolis,55.4,14,334,1,0.3,1,Tesouro,100.0,52,100.0
510420,Guiratinga,Sul Matogrossense,2025,930,350,552,28,37.6,59.4,3.0,62.4,3.0,62.6,510760,Rondonópolis,54.8,9,355,5,1.4,4,Tesouro,40.0,66,100.0
510450,Indiavaí,Oeste Matogrossense,2020,87,0,74,13,0.0,85.1,14.9,100.0,14.9,137.2,510250,Cáceres,85.1,5,0,0,,0,,,2,100.0
510450,Indiavaí,Oeste Matogrossense,2021,82,0,60,22,0.0,73.2,26.8,100.0,26.8,149.9,510250,Cáceres,73.2,5,0,0,,0,,,3,100.0
510450,Indiavaí,Oeste Matogrossense,2022,77,0,64,13,0.0,83.1,16.9,100.0,16.9,141.2,510250,Cáceres,81.8,4,0,0,,0,,,6,100.0
510450,Indiavaí,Oeste Matogrossense,2023,119,0,97,22,0.0,81.5,18.5,100.0,18.5,142.7,510250,Cáceres,81.5,4,0,0,,0,,,5,100.0
510450,Indiavaí,Oeste Matogrossense,2024,169,0,142,27,0.0,84.0,16.0,100.0,16.0,144.4,510250,Cáceres,83.4,6,0,0,,0,,,5,100.0
510450,Indiavaí,Oeste Matogrossense,2025,155,0,117,38,0.0,75.5,24.5,100.0,24.5,152.9,510250,Cáceres,74.8,4,0,0,,0,,,9,100.0
510452,Ipiranga do Norte,Teles Pires,2020,227,0,203,24,0.0,89.4,10.6,100.0,10.6,92.5,510792,Sorriso,85.5,6,0,0,,0,,,0,
510452,Ipiranga do Norte,Teles Pires,2021,252,0,244,8,0.0,96.8,3.2,100.0,3.2,68.8,510792,Sorriso,90.9,8,0,0,,0,,,2,100.0
510452,Ipiranga do Norte,Teles Pires,2022,260,0,243,17,0.0,93.5,6.5,100.0,6.5,85.9,510792,Sorriso,78.1,10,0,0,,0,,,3,100.0
510452,Ipiranga do Norte,Teles Pires,2023,331,0,275,56,0.0,83.1,16.9,100.0,16.9,122.3,510792,Sorriso,63.1,10,0,0,,0,,,7,100.0
510452,Ipiranga do Norte,Teles Pires,2024,386,0,369,17,0.0,95.6,4.4,100.0,4.4,79.8,510792,Sorriso,82.4,12,0,0,,0,,,2,100.0
510452,Ipiranga do Norte,Teles Pires,2025,366,0,339,27,0.0,92.6,7.4,100.0,7.4,98.6,510792,Sorriso,72.1,7,0,0,,0,,,8,100.0
510454,Itanhangá,Teles Pires,2020,236,0,224,12,0.0,94.9,5.1,100.0,5.1,115.1,510792,Sorriso,94.1,7,0,0,,0,,,3,100.0
510454,Itanhangá,Teles Pires,2021,294,0,272,22,0.0,92.5,7.5,100.0,7.5,125.2,510792,Sorriso,85.0,7,0,0,,0,,,7,100.0
510454,Itanhangá,Teles Pires,2022,282,0,265,17,0.0,94.0,6.0,100.0,6.0,127.0,510792,Sorriso,76.6,8,0,0,,0,,,6,100.0
510454,Itanhangá,Teles Pires,2023,281,0,247,34,0.0,87.9,12.1,100.0,12.1,137.4,510792,Sorriso,74.0,11,0,0,,0,,,9,100.0
510454,Itanhangá,Teles Pires,2024,313,0,286,27,0.0,91.4,8.6,100.0,8.6,133.9,510792,Sorriso,77.0,11,0,0,,0,,,6,100.0
510454,Itanhangá,Teles Pires,2025,318,0,279,39,0.0,87.7,12.3,100.0,12.3,137.4,510792,Sorriso,67.9,11,0,0,,0,,,6,100.0
510455,Itaúba,Norte Matogrossense,2020,204,0,152,52,0.0,74.5,25.5,100.0,25.5,87.6,510320,Colíder,74.5,9,0,0,,0,,,15,100.0
510455,Itaúba,Norte Matogrossense,2021,173,0,128,45,0.0,74.0,26.0,100.0,26.0,109.8,510320,Colíder,74.0,8,0,0,,0,,,12,100.0
510455,Itaúba,Norte Matogrossense,2022,261,0,186,75,0.0,71.3,28.7,100.0,28.7,96.1,510320,Colíder,70.9,10,0,0,,0,,,30,100.0
510455,Itaúba,Norte Matogrossense,2023,274,0,183,91,0.0,66.8,33.2,100.0,33.2,120.0,510320,Colíder,66.8,11,0,0,,0,,,15,100.0
510455,Itaúba,Norte Matogrossense,2024,257,0,181,76,0.0,70.4,29.6,100.0,29.6,115.6,510320,Colíder,70.4,12,0,0,,0,,,26,100.0
510455,Itaúba,Norte Matogrossense,2025,384,0,199,185,0.0,51.8,48.2,100.0,48.2,158.3,510320,Colíder,51.8,9,0,0,,0,,,41,100.0
510460,Itiquira,Sul Matogrossense,2020,687,291,391,5,42.4,56.9,0.7,57.6,0.7,58.3,510760,Rondonópolis,55.0,6,292,1,0.3,1,Juruena,100.0,44,100.0
510460,Itiquira,Sul Matogrossense,2021,764,333,424,7,43.6,55.5,0.9,56.4,0.9,56.4,510760,Rondonópolis,54.6,3,333,0,0.0,0,,,43,100.0
510460,Itiquira,Sul Matogrossense,2022,956,437,481,38,45.7,50.3,4.0,54.3,4.0,60.9,510760,Rondonópolis,48.7,6,438,1,0.2,1,Sorriso,100.0,42,100.0
510460,Itiquira,Sul Matogrossense,2023,1119,526,560,33,47.0,50.0,2.9,53.0,2.9,58.7,510760,Rondonópolis,48.7,10,526,0,0.0,0,,,85,58.8
510460,Itiquira,Sul Matogrossense,2024,1001,307,668,26,30.7,66.7,2.6,69.3,2.6,74.6,510760,Rondonópolis,63.3,11,307,0,0.0,0,,,52,100.0
510460,Itiquira,Sul Matogrossense,2025,1267,517,717,33,40.8,56.6,2.6,59.2,2.6,64.4,510760,Rondonópolis,53.2,9,517,0,0.0,0,,,66,100.0
510480,Jaciara,Sul Matogrossense,2020,1574,980,507,87,62.3,32.2,5.5,37.7,5.5,30.7,510480,Jaciara,62.3,11,1186,206,17.4,7,São Pedro da Cipa,52.9,71,100.0
510480,Jaciara,Sul Matogrossense,2021,2038,1314,628,96,64.5,30.8,4.7,35.5,4.7,27.9,510480,Jaciara,64.5,12,1558,244,15.7,5,São Pedro da Cipa,59.4,76,100.0
510480,Jaciara,Sul Matogrossense,2022,2292,1482,688,122,64.7,30.0,5.3,35.3,5.3,28.4,510480,Jaciara,64.7,15,1766,284,16.1,11,São Pedro da Cipa,49.3,128,97.7
510480,Jaciara,Sul Matogrossense,2023,2283,1334,817,132,58.4,35.8,5.8,41.6,5.8,32.0,510480,Jaciara,58.4,11,1539,205,13.3,11,São Pedro da Cipa,52.2,173,100.0
510480,Jaciara,Sul Matogrossense,2024,2471,1559,788,124,63.1,31.9,5.0,36.9,5.0,28.3,510480,Jaciara,63.1,10,1850,291,15.7,14,São Pedro da Cipa,54.3,147,100.0
510480,Jaciara,Sul Matogrossense,2025,2327,1330,859,138,57.2,36.9,5.9,42.8,5.9,32.8,510480,Jaciara,57.2,8,1590,260,16.4,25,São Pedro da Cipa,55.8,127,100.0
510490,Jangada,Baixada Cuiabana,2020,289,0,286,3,0.0,99.0,1.0,100.0,1.0,63.5,510340,Cuiabá,61.2,6,0,0,,0,,,14,100.0
510490,Jangada,Baixada Cuiabana,2021,261,0,257,4,0.0,98.5,1.5,100.0,1.5,66.3,510340,Cuiabá,61.7,6,0,0,,0,,,9,100.0
510490,Jangada,Baixada Cuiabana,2022,298,0,297,1,0.0,99.7,0.3,100.0,0.3,61.1,510340,Cuiabá,73.5,4,0,0,,0,,,12,100.0
510490,Jangada,Baixada Cuiabana,2023,344,0,330,14,0.0,95.9,4.1,100.0,4.1,61.9,510340,Cuiabá,64.2,5,0,0,,0,,,17,100.0
510490,Jangada,Baixada Cuiabana,2024,369,0,354,15,0.0,95.9,4.1,100.0,4.1,67.4,510340,Cuiabá,62.3,11,0,0,,0,,,19,100.0
510490,Jangada,Baixada Cuiabana,2025,400,0,390,10,0.0,97.5,2.5,100.0,2.5,66.9,510340,Cuiabá,55.2,10,0,0,,0,,,24,100.0
510500,Jauru,Sudoeste Matogrossense,2020,508,179,151,178,35.2,29.7,35.0,64.8,35.0,83.6,510500,Jauru,35.2,7,185,6,3.2,2,Vale de São Domingos,83.3,8,100.0
510500,Jauru,Sudoeste Matogrossense,2021,466,174,124,168,37.3,26.6,36.1,62.7,36.1,74.9,510500,Jauru,37.3,5,178,4,2.2,2,Vale de São Domingos,75.0,4,100.0
510500,Jauru,Sudoeste Matogrossense,2022,453,140,152,161,30.9,33.6,35.5,69.1,35.5,82.0,510675,Pontes e Lacerda,33.6,5,144,4,2.8,4,Figueirópolis D'Oeste,25.0,3,100.0
510500,Jauru,Sudoeste Matogrossense,2023,600,128,251,221,21.3,41.8,36.8,78.7,36.8,98.6,510675,Pontes e Lacerda,41.5,11,129,1,0.8,1,Vale de São Domingos,100.0,24,100.0
510500,Jauru,Sudoeste Matogrossense,2024,472,72,221,179,15.3,46.8,37.9,84.7,37.9,101.8,510675,Pontes e Lacerda,44.5,9,73,1,1.4,1,Figueirópolis D'Oeste,100.0,14,100.0
510500,Jauru,Sudoeste Matogrossense,2025,526,79,260,187,15.0,49.4,35.6,85.0,35.6,99.8,510675,Pontes e Lacerda,47.9,9,79,0,0.0,0,,,18,100.0
510510,Juara,Vale dos Arinos,2020,1514,1341,21,152,88.6,1.4,10.0,11.4,10.0,41.7,510510,Juara,88.6,12,1565,224,14.3,15,Tabaporã,37.1,13,100.0
510510,Juara,Vale dos Arinos,2021,2062,1833,12,217,88.9,0.6,10.5,11.1,10.5,44.3,510510,Juara,88.9,16,2106,273,13.0,14,Tabaporã,35.2,34,94.1
510510,Juara,Vale dos Arinos,2022,1900,1642,9,249,86.4,0.5,13.1,13.6,13.1,51.0,510510,Juara,86.4,18,1989,347,17.4,37,Tabaporã,28.0,28,100.0
510510,Juara,Vale dos Arinos,2023,2037,1708,4,325,83.8,0.2,16.0,16.2,16.0,62.7,510510,Juara,83.8,18,2172,464,21.4,49,Porto dos Gaúchos,27.4,31,100.0
510510,Juara,Vale dos Arinos,2024,2210,1868,6,336,84.5,0.3,15.2,15.5,15.2,57.6,510510,Juara,84.5,12,2240,372,16.6,39,Porto dos Gaúchos,28.0,51,98.0
510510,Juara,Vale dos Arinos,2025,2280,1929,30,321,84.6,1.3,14.1,15.4,14.1,58.4,510510,Juara,84.6,16,2375,446,18.8,33,Tabaporã,30.3,65,100.0
510515,Juína,Noroeste Matogrossense,2020,2515,2286,8,221,90.9,0.3,8.8,9.1,8.8,47.4,510515,Juína,90.9,17,3230,944,29.2,29,Colniza,21.9,37,100.0
510515,Juína,Noroeste Matogrossense,2021,2463,2203,14,246,89.4,0.6,10.0,10.6,10.0,53.7,510515,Juína,89.4,15,3219,1016,31.6,20,Aripuanã,19.5,34,100.0
510515,Juína,Noroeste Matogrossense,2022,3182,2888,5,289,90.8,0.2,9.1,9.2,9.1,48.3,510515,Juína,90.8,13,3966,1078,27.2,15,Colniza,21.5,43,88.4
510515,Juína,Noroeste Matogrossense,2023,3804,3315,6,483,87.1,0.2,12.7,12.9,12.7,67.8,510515,Juína,87.1,19,4344,1029,23.7,45,Castanheira,20.5,102,94.1
510515,Juína,Noroeste Matogrossense,2024,4071,3513,6,552,86.3,0.1,13.6,13.7,13.6,72.6,510515,Juína,86.3,17,4296,783,18.2,18,Castanheira,23.2,139,93.5
510515,Juína,Noroeste Matogrossense,2025,4293,3627,13,653,84.5,0.3,15.2,15.5,15.2,82.4,510515,Juína,84.5,23,4430,803,18.1,20,Castanheira,24.0,173,96.5
510517,Juruena,Noroeste Matogrossense,2020,607,413,137,57,68.0,22.6,9.4,32.0,9.4,87.6,510517,Juruena,68.0,8,456,43,9.4,12,Cotriguaçu,23.3,10,100.0
510517,Juruena,Noroeste Matogrossense,2021,758,540,146,72,71.2,19.3,9.5,28.8,9.5,80.1,510517,Juruena,71.2,12,569,29,5.1,12,Cotriguaçu,27.6,13,100.0
510517,Juruena,Noroeste Matogrossense,2022,798,556,162,80,69.7,20.3,10.0,30.3,10.0,86.0,510517,Juruena,69.7,11,566,10,1.8,7,Juína,30.0,19,100.0
510517,Juruena,Noroeste Matogrossense,2023,888,569,166,153,64.1,18.7,17.2,35.9,17.2,127.6,510517,Juruena,64.1,13,574,5,0.9,4,Cotriguaçu,40.0,31,100.0
510517,Juruena,Noroeste Matogrossense,2024,876,538,138,200,61.4,15.8,22.8,38.6,22.8,162.8,510517,Juruena,61.4,12,544,6,1.1,3,Cotriguaçu,50.0,28,100.0
510517,Juruena,Noroeste Matogrossense,2025,839,545,116,178,65.0,13.8,21.2,35.0,21.2,147.7,510517,Juruena,65.0,17,557,12,2.2,7,Cotriguaçu,41.7,34,100.0
510520,Juscimeira,Sul Matogrossense,2020,640,218,408,14,34.1,63.8,2.2,65.9,2.2,33.7,510760,Rondonópolis,51.9,5,223,5,2.2,4,Rondonópolis,40.0,24,100.0
510520,Juscimeira,Sul Matogrossense,2021,863,408,438,17,47.3,50.8,2.0,52.7,2.0,28.9,510520,Juscimeira,47.3,7,418,10,2.4,4,Rondonópolis,40.0,24,100.0
510520,Juscimeira,Sul Matogrossense,2022,1101,602,456,43,54.7,41.4,3.9,45.3,3.9,28.1,510520,Juscimeira,54.7,10,610,8,1.3,4,Rondonópolis,50.0,33,100.0
510520,Juscimeira,Sul Matogrossense,2023,1219,666,504,49,54.6,41.3,4.0,45.4,4.0,28.0,510520,Juscimeira,54.6,11,681,15,2.2,8,Rondonópolis,40.0,81,100.0
510520,Juscimeira,Sul Matogrossense,2024,1399,806,563,30,57.6,40.2,2.1,42.4,2.1,23.0,510520,Juscimeira,57.6,7,814,8,1.0,5,Rondonópolis,37.5,48,100.0
510520,Juscimeira,Sul Matogrossense,2025,1441,833,581,27,57.8,40.3,1.9,42.2,1.9,23.9,510520,Juscimeira,57.8,9,837,4,0.5,2,Rondonópolis,75.0,31,100.0
510523,Lambari D'Oeste,Oeste Matogrossense,2020,215,0,207,8,0.0,96.3,3.7,100.0,3.7,96.4,510250,Cáceres,94.9,6,0,0,,0,,,3,100.0
510523,Lambari D'Oeste,Oeste Matogrossense,2021,261,0,228,33,0.0,87.4,12.6,100.0,12.6,105.5,510250,Cáceres,87.4,5,0,0,,0,,,7,100.0
510523,Lambari D'Oeste,Oeste Matogrossense,2022,298,0,256,42,0.0,85.9,14.1,100.0,14.1,108.1,510250,Cáceres,84.9,5,0,0,,0,,,5,100.0
510523,Lambari D'Oeste,Oeste Matogrossense,2023,313,0,281,32,0.0,89.8,10.2,100.0,10.2,104.9,510250,Cáceres,88.8,7,0,0,,0,,,4,100.0
510523,Lambari D'Oeste,Oeste Matogrossense,2024,419,0,379,40,0.0,90.5,9.5,100.0,9.5,103.2,510250,Cáceres,90.2,4,0,0,,0,,,13,100.0
510523,Lambari D'Oeste,Oeste Matogrossense,2025,441,0,364,77,0.0,82.5,17.5,100.0,17.5,112.5,510250,Cáceres,82.1,5,0,0,,0,,,17,100.0
510525,Lucas do Rio Verde,Teles Pires,2020,4499,4098,235,166,91.1,5.2,3.7,8.9,3.7,15.7,510525,Lucas do Rio Verde,91.1,17,4251,153,3.6,42,Sorriso,17.0,69,100.0
510525,Lucas do Rio Verde,Teles Pires,2021,5371,4936,250,185,91.9,4.7,3.4,8.1,3.4,14.8,510525,Lucas do Rio Verde,91.9,13,5041,105,2.1,36,Nova Mutum,15.2,88,100.0
510525,Lucas do Rio Verde,Teles Pires,2022,5309,4923,156,230,92.7,2.9,4.3,7.3,4.3,15.5,510525,Lucas do Rio Verde,92.7,21,5197,274,5.3,42,Cláudia,16.8,91,90.1
510525,Lucas do Rio Verde,Teles Pires,2023,6738,6231,234,273,92.5,3.5,4.1,7.5,4.1,15.2,510525,Lucas do Rio Verde,92.5,22,6534,303,4.6,56,Tapurah,22.4,109,78.0
510525,Lucas do Rio Verde,Teles Pires,2024,6683,6146,287,250,92.0,4.3,3.7,8.0,3.7,15.0,510525,Lucas do Rio Verde,92.0,25,6599,453,6.9,61,Sinop,19.6,148,68.2
510525,Lucas do Rio Verde,Teles Pires,2025,6816,6348,178,290,93.1,2.6,4.3,6.9,4.3,14.5,510525,Lucas do Rio Verde,93.1,20,6937,589,8.5,67,Sinop,17.5,118,80.5
510530,Luciára,Norte Araguaia Karajá,2020,111,0,101,10,0.0,91.0,9.0,100.0,9.0,79.8,510785,São Félix do Araguaia,91.0,4,0,0,,0,,,0,
510530,Luciára,Norte Araguaia Karajá,2021,157,0,149,8,0.0,94.9,5.1,100.0,5.1,68.2,510785,São Félix do Araguaia,94.9,5,0,0,,0,,,0,
510530,Luciára,Norte Araguaia Karajá,2022,184,0,166,18,0.0,90.2,9.8,100.0,9.8,88.6,510785,São Félix do Araguaia,90.2,7,0,0,,0,,,0,
510530,Luciára,Norte Araguaia Karajá,2023,195,0,176,19,0.0,90.3,9.7,100.0,9.7,91.4,510785,São Félix do Araguaia,90.3,7,0,0,,0,,,0,
510530,Luciára,Norte Araguaia Karajá,2024,256,0,214,42,0.0,83.6,16.4,100.0,16.4,129.8,510785,São Félix do Araguaia,83.6,8,0,0,,0,,,3,100.0
510530,Luciára,Norte Araguaia Karajá,2025,200,0,169,31,0.0,84.5,15.5,100.0,15.5,99.1,510785,São Félix do Araguaia,84.5,8,0,0,,0,,,3,100.0
510550,Vila Bela da Santíssima Trindade,Sudoeste Matogrossense,2020,1402,1041,189,172,74.3,13.5,12.3,25.7,12.3,46.0,510550,Vila Bela da Santíssima Trindade,74.3,4,1064,23,2.2,8,Pontes e Lacerda,52.2,8,100.0
510550,Vila Bela da Santíssima Trindade,Sudoeste Matogrossense,2021,1300,892,183,225,68.6,14.1,17.3,31.4,17.3,63.3,510550,Vila Bela da Santíssima Trindade,68.6,7,936,44,4.7,11,Pontes e Lacerda,61.4,14,100.0
510550,Vila Bela da Santíssima Trindade,Sudoeste Matogrossense,2022,1457,1068,229,160,73.3,15.7,11.0,26.7,11.0,44.8,510550,Vila Bela da Santíssima Trindade,73.3,5,1102,34,3.1,7,Pontes e Lacerda,58.8,8,100.0
510550,Vila Bela da Santíssima Trindade,Sudoeste Matogrossense,2023,1656,1268,197,191,76.6,11.9,11.5,23.4,11.5,47.1,510550,Vila Bela da Santíssima Trindade,76.6,7,1332,64,4.8,10,Pontes e Lacerda,45.3,18,100.0
510550,Vila Bela da Santíssima Trindade,Sudoeste Matogrossense,2024,1913,1524,189,200,79.7,9.9,10.5,20.3,10.5,40.3,510550,Vila Bela da Santíssima Trindade,79.7,8,1628,104,6.4,13,Pontes e Lacerda,43.3,22,100.0
510550,Vila Bela da Santíssima Trindade,Sudoeste Matogrossense,2025,1817,1393,193,231,76.7,10.6,12.7,23.3,12.7,50.7,510550,Vila Bela da Santíssima Trindade,76.7,10,1752,359,20.5,19,Pontes e Lacerda,34.5,15,100.0
510558,Marcelândia,Norte Matogrossense,2020,764,412,277,75,53.9,36.3,9.8,46.1,9.8,63.4,510558,Marcelândia,53.9,10,427,15,3.5,6,Nova Santa Helena,33.3,15,100.0
510558,Marcelândia,Norte Matogrossense,2021,878,491,276,111,55.9,31.4,12.6,44.1,12.6,69.9,510558,Marcelândia,55.9,10,491,0,0.0,0,,,14,100.0
510558,Marcelândia,Norte Matogrossense,2022,1205,717,385,103,59.5,32.0,8.5,40.5,8.5,58.7,510558,Marcelândia,59.5,13,738,21,2.8,14,Sinop,23.8,32,100.0
510558,Marcelândia,Norte Matogrossense,2023,982,523,297,162,53.3,30.2,16.5,46.7,16.5,78.6,510558,Marcelândia,53.3,11,533,10,1.9,7,Feliz Natal,30.0,22,100.0
510558,Marcelândia,Norte Matogrossense,2024,1026,572,289,165,55.8,28.2,16.1,44.2,16.1,77.9,510558,Marcelândia,55.8,14,587,15,2.6,7,Sinop,46.7,40,100.0
510558,Marcelândia,Norte Matogrossense,2025,1060,333,528,199,31.4,49.8,18.8,68.6,18.8,106.2,510320,Colíder,49.8,15,340,7,2.1,5,Sinop,42.9,58,100.0
510560,Matupá,Vale do Peixoto,2020,927,585,231,111,63.1,24.9,12.0,36.9,12.0,56.3,510560,Matupá,63.1,10,630,45,7.1,20,Peixoto de Azevedo,28.9,27,100.0
510560,Matupá,Vale do Peixoto,2021,952,570,268,114,59.9,28.2,12.0,40.1,12.0,58.7,510560,Matupá,59.9,11,591,21,3.6,10,Peixoto de Azevedo,33.3,33,100.0
510560,Matupá,Vale do Peixoto,2022,1043,643,271,129,61.6,26.0,12.4,38.4,12.4,57.1,510560,Matupá,61.6,14,675,32,4.7,15,Peixoto de Azevedo,28.1,41,100.0
510560,Matupá,Vale do Peixoto,2023,1293,807,311,175,62.4,24.1,13.5,37.6,13.5,69.2,510560,Matupá,62.4,16,835,28,3.4,14,Peixoto de Azevedo,28.6,41,100.0
510560,Matupá,Vale do Peixoto,2024,1518,1056,227,235,69.6,15.0,15.5,30.4,15.5,76.9,510560,Matupá,69.6,12,1097,41,3.7,13,Peixoto de Azevedo,41.5,98,53.1
510560,Matupá,Vale do Peixoto,2025,1686,1192,266,228,70.7,15.8,13.5,29.3,13.5,68.0,510560,Matupá,70.7,13,1241,49,3.9,19,Guarantã do Norte,18.4,67,68.7
510562,Mirassol d'Oeste,Oeste Matogrossense,2020,1464,661,702,101,45.2,48.0,6.9,54.8,6.9,49.0,510250,Cáceres,48.0,9,681,20,2.9,8,São José dos Quatro Marcos,35.0,18,100.0
510562,Mirassol d'Oeste,Oeste Matogrossense,2021,1698,834,723,141,49.1,42.6,8.3,50.9,8.3,47.0,510562,Mirassol d'Oeste,49.1,9,858,24,2.8,9,Glória D'Oeste,25.0,30,100.0
510562,Mirassol d'Oeste,Oeste Matogrossense,2022,2039,1048,857,134,51.4,42.0,6.6,48.6,6.6,43.1,510562,Mirassol d'Oeste,51.4,9,1092,44,4.0,11,São José dos Quatro Marcos,38.6,26,100.0
510562,Mirassol d'Oeste,Oeste Matogrossense,2023,2274,1110,966,198,48.8,42.5,8.7,51.2,8.7,48.2,510562,Mirassol d'Oeste,48.8,14,1156,46,4.0,14,São José dos Quatro Marcos,32.6,44,100.0
510562,Mirassol d'Oeste,Oeste Matogrossense,2024,2246,1052,971,223,46.8,43.2,9.9,53.2,9.9,51.3,510562,Mirassol d'Oeste,46.8,13,1081,29,2.7,8,São José dos Quatro Marcos,48.3,54,100.0
510562,Mirassol d'Oeste,Oeste Matogrossense,2025,2322,1054,948,320,45.4,40.8,13.8,54.6,13.8,56.8,510562,Mirassol d'Oeste,45.4,13,1077,23,2.1,13,São José dos Quatro Marcos,21.7,77,100.0
510590,Nobres,Centro Norte,2020,1467,1096,18,353,74.7,1.2,24.1,25.3,24.1,25.9,510590,Nobres,74.7,11,1105,9,0.8,3,Rosário Oeste,66.7,18,100.0
510590,Nobres,Centro Norte,2021,1462,1061,39,362,72.6,2.7,24.8,27.4,24.8,28.0,510590,Nobres,72.6,12,1088,27,2.5,16,Rosário Oeste,40.7,21,100.0
510590,Nobres,Centro Norte,2022,1486,1035,24,427,69.7,1.6,28.7,30.3,28.7,30.2,510590,Nobres,69.7,9,1057,22,2.1,11,Rosário Oeste,27.3,28,100.0
510590,Nobres,Centro Norte,2023,1627,1075,52,500,66.1,3.2,30.7,33.9,30.7,33.7,510590,Nobres,66.1,13,1099,24,2.2,11,Rosário Oeste,33.3,32,100.0
510590,Nobres,Centro Norte,2024,1963,1217,108,638,62.0,5.5,32.5,38.0,32.5,35.8,510590,Nobres,62.0,12,1229,12,1.0,8,Rosário Oeste,25.0,51,100.0
510590,Nobres,Centro Norte,2025,1784,1105,37,642,61.9,2.1,36.0,38.1,36.0,38.6,510590,Nobres,61.9,10,1118,13,1.2,7,Cuiabá,23.1,71,100.0
510600,Nortelândia,Centro Norte,2020,209,0,97,112,0.0,46.4,53.6,100.0,53.6,100.9,510350,Diamantino,46.4,10,0,0,,0,,,6,100.0
510600,Nortelândia,Centro Norte,2021,211,0,99,112,0.0,46.9,53.1,100.0,53.1,94.6,510350,Diamantino,42.2,10,0,0,,0,,,5,100.0
510600,Nortelândia,Centro Norte,2022,298,0,141,157,0.0,47.3,52.7,100.0,52.7,94.4,510350,Diamantino,47.3,11,0,0,,0,,,7,100.0
510600,Nortelândia,Centro Norte,2023,301,0,119,182,0.0,39.5,60.5,100.0,60.5,99.6,510350,Diamantino,39.5,11,0,0,,0,,,13,100.0
510600,Nortelândia,Centro Norte,2024,291,0,94,197,0.0,32.3,67.7,100.0,67.7,117.7,510340,Cuiabá,44.3,9,0,0,,0,,,29,100.0
510600,Nortelândia,Centro Norte,2025,350,0,178,172,0.0,50.9,49.1,100.0,49.1,99.9,510350,Diamantino,50.9,13,0,0,,0,,,34,100.0
510610,Nossa Senhora do Livramento,Baixada Cuiabana,2020,469,67,402,0,14.3,85.7,0.0,85.7,0.0,28.7,510340,Cuiabá,47.8,3,69,2,2.9,2,Poconé,50.0,9,100.0
510610,Nossa Senhora do Livramento,Baixada Cuiabana,2021,462,126,333,3,27.3,72.1,0.6,72.7,0.6,25.8,510340,Cuiabá,34.8,6,126,0,0.0,0,,,9,100.0
510610,Nossa Senhora do Livramento,Baixada Cuiabana,2022,455,84,367,4,18.5,80.7,0.9,81.5,0.9,30.9,510840,Várzea Grande,36.5,6,85,1,1.2,1,Cuiabá,100.0,19,100.0
510610,Nossa Senhora do Livramento,Baixada Cuiabana,2023,614,114,491,9,18.6,80.0,1.5,81.4,1.5,34.2,510340,Cuiabá,43.3,11,114,0,0.0,0,,,25,100.0
510610,Nossa Senhora do Livramento,Baixada Cuiabana,2024,745,101,638,6,13.6,85.6,0.8,86.4,0.8,36.5,510340,Cuiabá,35.4,8,102,1,1.0,1,Cuiabá,100.0,118,100.0
510610,Nossa Senhora do Livramento,Baixada Cuiabana,2025,678,88,584,6,13.0,86.1,0.9,87.0,0.9,31.4,510840,Várzea Grande,44.7,6,91,3,3.3,3,Cuiabá,33.3,33,100.0
510615,Nova Bandeirantes,Alto Tapajós,2020,347,0,295,52,0.0,85.0,15.0,100.0,15.0,238.2,510025,Alta Floresta,85.0,10,0,0,,0,,,9,100.0
510615,Nova Bandeirantes,Alto Tapajós,2021,421,0,392,29,0.0,93.1,6.9,100.0,6.9,211.4,510025,Alta Floresta,89.8,10,0,0,,0,,,3,100.0
510615,Nova Bandeirantes,Alto Tapajós,2022,604,0,533,71,0.0,88.2,11.8,100.0,11.8,219.9,510025,Alta Floresta,71.7,12,0,0,,0,,,6,100.0
510615,Nova Bandeirantes,Alto Tapajós,2023,559,0,458,101,0.0,81.9,18.1,100.0,18.1,235.7,510025,Alta Floresta,73.7,16,0,0,,0,,,14,100.0
510615,Nova Bandeirantes,Alto Tapajós,2024,680,0,572,108,0.0,84.1,15.9,100.0,15.9,231.6,510025,Alta Floresta,74.7,13,0,0,,0,,,16,100.0
510615,Nova Bandeirantes,Alto Tapajós,2025,758,0,666,92,0.0,87.9,12.1,100.0,12.1,226.9,510025,Alta Floresta,75.9,12,0,0,,0,,,18,100.0
510617,Nova Nazaré,Médio Araguaia,2020,105,0,100,5,0.0,95.2,4.8,100.0,4.8,54.2,510020,Água Boa,93.3,6,0,0,,0,,,1,100.0
510617,Nova Nazaré,Médio Araguaia,2021,319,0,312,7,0.0,97.8,2.2,100.0,2.2,47.5,510020,Água Boa,97.2,7,0,0,,0,,,1,100.0
510617,Nova Nazaré,Médio Araguaia,2022,419,0,409,10,0.0,97.6,2.4,100.0,2.4,49.6,510020,Água Boa,97.4,5,0,0,,0,,,0,
510617,Nova Nazaré,Médio Araguaia,2023,470,0,452,18,0.0,96.2,3.8,100.0,3.8,51.1,510020,Água Boa,96.2,5,0,0,,0,,,1,100.0
510617,Nova Nazaré,Médio Araguaia,2024,427,0,381,46,0.0,89.2,10.8,100.0,10.8,63.1,510020,Água Boa,89.2,6,0,0,,0,,,4,100.0
510617,Nova Nazaré,Médio Araguaia,2025,462,0,392,70,0.0,84.8,15.2,100.0,15.2,58.1,510020,Água Boa,84.6,6,0,0,,0,,,2,100.0
510618,Nova Lacerda,Sudoeste Matogrossense,2020,342,0,238,104,0.0,69.6,30.4,100.0,30.4,156.2,510675,Pontes e Lacerda,68.1,7,0,0,,0,,,2,100.0
510618,Nova Lacerda,Sudoeste Matogrossense,2021,342,0,215,127,0.0,62.9,37.1,100.0,37.1,172.4,510675,Pontes e Lacerda,62.6,7,0,0,,0,,,15,100.0
510618,Nova Lacerda,Sudoeste Matogrossense,2022,400,0,292,108,0.0,73.0,27.0,100.0,27.0,153.7,510675,Pontes e Lacerda,72.5,8,0,0,,0,,,15,100.0
510618,Nova Lacerda,Sudoeste Matogrossense,2023,485,0,286,199,0.0,59.0,41.0,100.0,41.0,187.4,510675,Pontes e Lacerda,57.7,9,0,0,,0,,,22,100.0
510618,Nova Lacerda,Sudoeste Matogrossense,2024,442,0,286,156,0.0,64.7,35.3,100.0,35.3,174.3,510675,Pontes e Lacerda,63.1,12,0,0,,0,,,13,100.0
510618,Nova Lacerda,Sudoeste Matogrossense,2025,529,0,320,209,0.0,60.5,39.5,100.0,39.5,184.9,510675,Pontes e Lacerda,54.3,10,0,0,,0,,,24,100.0
510619,Nova Santa Helena,Norte Matogrossense,2020,173,0,137,36,0.0,79.2,20.8,100.0,20.8,108.7,510320,Colíder,76.3,7,0,0,,0,,,7,100.0
510619,Nova Santa Helena,Norte Matogrossense,2021,188,0,152,36,0.0,80.9,19.1,100.0,19.1,77.1,510320,Colíder,80.9,8,0,0,,0,,,1,100.0
510619,Nova Santa Helena,Norte Matogrossense,2022,236,0,210,26,0.0,89.0,11.0,100.0,11.0,65.2,510320,Colíder,89.0,9,0,0,,0,,,3,100.0
510619,Nova Santa Helena,Norte Matogrossense,2023,207,0,143,64,0.0,69.1,30.9,100.0,30.9,126.4,510320,Colíder,69.1,10,0,0,,0,,,16,100.0
510619,Nova Santa Helena,Norte Matogrossense,2024,264,0,197,67,0.0,74.6,25.4,100.0,25.4,109.2,510320,Colíder,74.6,10,0,0,,0,,,16,100.0
510619,Nova Santa Helena,Norte Matogrossense,2025,282,0,209,73,0.0,74.1,25.9,100.0,25.9,113.8,510320,Colíder,74.1,10,0,0,,0,,,7,100.0
510620,Nova Brasilândia,Baixada Cuiabana,2020,103,0,80,23,0.0,77.7,22.3,100.0,22.3,131.2,510340,Cuiabá,59.2,5,0,0,,0,,,5,100.0
510620,Nova Brasilândia,Baixada Cuiabana,2021,129,0,102,27,0.0,79.1,20.9,100.0,20.9,128.7,510340,Cuiabá,58.9,6,0,0,,0,,,3,100.0
510620,Nova Brasilândia,Baixada Cuiabana,2022,146,0,120,26,0.0,82.2,17.8,100.0,17.8,140.2,510340,Cuiabá,54.1,7,0,0,,0,,,13,100.0
510620,Nova Brasilândia,Baixada Cuiabana,2023,148,0,109,39,0.0,73.6,26.4,100.0,26.4,134.8,510340,Cuiabá,43.9,6,0,0,,0,,,14,100.0
510620,Nova Brasilândia,Baixada Cuiabana,2024,193,0,141,52,0.0,73.1,26.9,100.0,26.9,136.2,510340,Cuiabá,44.0,6,0,0,,0,,,10,100.0
510620,Nova Brasilândia,Baixada Cuiabana,2025,251,0,188,63,0.0,74.9,25.1,100.0,25.1,136.7,510340,Cuiabá,45.8,8,0,0,,0,,,30,100.0
510621,Nova Canaã do Norte,Norte Matogrossense,2020,340,0,287,53,0.0,84.4,15.6,100.0,15.6,80.2,510320,Colíder,84.4,9,0,0,,0,,,5,100.0
510621,Nova Canaã do Norte,Norte Matogrossense,2021,419,0,326,93,0.0,77.8,22.2,100.0,22.2,95.2,510320,Colíder,77.8,11,0,0,,0,,,8,100.0
510621,Nova Canaã do Norte,Norte Matogrossense,2022,501,0,408,93,0.0,81.4,18.6,100.0,18.6,112.6,510320,Colíder,81.2,12,0,0,,0,,,14,100.0
510621,Nova Canaã do Norte,Norte Matogrossense,2023,490,0,325,165,0.0,66.3,33.7,100.0,33.7,145.4,510320,Colíder,66.1,16,0,0,,0,,,37,100.0
510621,Nova Canaã do Norte,Norte Matogrossense,2024,675,0,501,174,0.0,74.2,25.8,100.0,25.8,108.9,510320,Colíder,74.2,12,0,0,,0,,,49,100.0
510621,Nova Canaã do Norte,Norte Matogrossense,2025,691,0,474,217,0.0,68.6,31.4,100.0,31.4,128.5,510320,Colíder,68.6,13,0,0,,0,,,53,100.0
510622,Nova Mutum,Teles Pires,2020,2120,1850,87,183,87.3,4.1,8.6,12.7,8.6,23.7,510622,Nova Mutum,87.3,19,2053,203,9.9,47,Lucas do Rio Verde,14.8,26,100.0
510622,Nova Mutum,Teles Pires,2021,2708,2428,94,186,89.7,3.5,6.9,10.3,6.9,19.5,510622,Nova Mutum,89.7,15,2851,423,14.8,57,Sorriso,10.6,44,100.0
510622,Nova Mutum,Teles Pires,2022,3070,2781,70,219,90.6,2.3,7.1,9.4,7.1,18.5,510622,Nova Mutum,90.6,17,3692,911,24.7,51,Sinop,26.7,52,100.0
510622,Nova Mutum,Teles Pires,2023,3373,3035,95,243,90.0,2.8,7.2,10.0,7.2,19.4,510622,Nova Mutum,90.0,15,4077,1042,25.6,82,Sinop,20.1,59,100.0
510622,Nova Mutum,Teles Pires,2024,4243,3887,109,247,91.6,2.6,5.8,8.4,5.8,15.9,510622,Nova Mutum,91.6,21,6831,2944,43.1,96,Sinop,30.0,74,90.5
510622,Nova Mutum,Teles Pires,2025,5022,4624,121,277,92.1,2.4,5.5,7.9,5.5,14.8,510622,Nova Mutum,92.1,22,8334,3710,44.5,103,Sinop,26.6,98,79.6
510623,Nova Olímpia,Médio Norte Matogrossense,2020,841,641,71,129,76.2,8.4,15.3,23.8,15.3,30.6,510623,Nova Olímpia,76.2,11,645,4,0.6,2,Barra do Bugres,50.0,17,100.0
510623,Nova Olímpia,Médio Norte Matogrossense,2021,865,675,22,168,78.0,2.5,19.4,22.0,19.4,33.3,510623,Nova Olímpia,78.0,7,682,7,1.0,4,Tangará da Serra,42.9,28,100.0
510623,Nova Olímpia,Médio Norte Matogrossense,2022,846,636,32,178,75.2,3.8,21.0,24.8,21.0,38.4,510623,Nova Olímpia,75.2,10,642,6,0.9,4,Barra do Bugres,33.3,28,100.0
510623,Nova Olímpia,Médio Norte Matogrossense,2023,807,547,62,198,67.8,7.7,24.5,32.2,24.5,46.9,510623,Nova Olímpia,67.8,9,557,10,1.8,4,Barra do Bugres,60.0,38,100.0
510623,Nova Olímpia,Médio Norte Matogrossense,2024,965,617,48,300,63.9,5.0,31.1,36.1,31.1,57.0,510623,Nova Olímpia,63.9,12,629,12,1.9,4,Tangará da Serra,50.0,80,100.0
510623,Nova Olímpia,Médio Norte Matogrossense,2025,962,617,34,311,64.1,3.5,32.3,35.9,32.3,57.9,510623,Nova Olímpia,64.1,11,631,14,2.2,3,Barra do Bugres,42.9,69,100.0
510624,Nova Ubiratã,Teles Pires,2020,416,0,397,19,0.0,95.4,4.6,100.0,4.6,92.6,510792,Sorriso,83.4,6,0,0,,0,,,20,100.0
510624,Nova Ubiratã,Teles Pires,2021,516,0,484,32,0.0,93.8,6.2,100.0,6.2,96.3,510792,Sorriso,79.3,11,0,0,,0,,,19,100.0
510624,Nova Ubiratã,Teles Pires,2022,620,0,571,49,0.0,92.1,7.9,100.0,7.9,103.0,510792,Sorriso,70.8,13,0,0,,0,,,45,100.0
510624,Nova Ubiratã,Teles Pires,2023,607,0,556,51,0.0,91.6,8.4,100.0,8.4,108.0,510792,Sorriso,67.2,14,0,0,,0,,,65,100.0
510624,Nova Ubiratã,Teles Pires,2024,693,0,644,49,0.0,92.9,7.1,100.0,7.1,99.9,510792,Sorriso,75.5,11,0,0,,0,,,44,100.0
510624,Nova Ubiratã,Teles Pires,2025,518,0,478,40,0.0,92.3,7.7,100.0,7.7,104.8,510792,Sorriso,67.4,11,0,0,,0,,,39,100.0
510625,Nova Xavantina,Garças Araguaia,2020,1112,1005,61,46,90.4,5.5,4.1,9.6,4.1,21.8,510625,Nova Xavantina,90.4,9,1034,29,2.8,11,Água Boa,31.0,9,100.0
510625,Nova Xavantina,Garças Araguaia,2021,1651,1467,65,119,88.9,3.9,7.2,11.1,7.2,27.7,510625,Nova Xavantina,88.9,10,1515,48,3.2,16,Torixoréu,20.8,14,100.0
510625,Nova Xavantina,Garças Araguaia,2022,1692,1553,58,81,91.8,3.4,4.8,8.2,4.8,20.5,510625,Nova Xavantina,91.8,9,1656,103,6.2,21,Araguaiana,20.4,11,100.0
510625,Nova Xavantina,Garças Araguaia,2023,1782,1580,71,131,88.7,4.0,7.4,11.3,7.4,28.4,510625,Nova Xavantina,88.7,12,1717,137,8.0,27,Água Boa,14.6,13,92.3
510625,Nova Xavantina,Garças Araguaia,2024,1918,1673,105,140,87.2,5.5,7.3,12.8,7.3,31.6,510625,Nova Xavantina,87.2,14,1922,249,13.0,33,Barra do Garças,18.9,28,96.4
510625,Nova Xavantina,Garças Araguaia,2025,2064,1804,88,172,87.4,4.3,8.3,12.6,8.3,33.8,510625,Nova Xavantina,87.4,12,2079,275,13.2,34,Nova Nazaré,20.4,42,100.0
510626,Novo Mundo,Vale do Peixoto,2020,364,0,327,37,0.0,89.8,10.2,100.0,10.2,69.3,510642,Peixoto de Azevedo,88.2,9,0,0,,0,,,9,100.0
510626,Novo Mundo,Vale do Peixoto,2021,336,0,303,33,0.0,90.2,9.8,100.0,9.8,73.1,510642,Peixoto de Azevedo,89.6,8,0,0,,0,,,9,100.0
510626,Novo Mundo,Vale do Peixoto,2022,394,0,347,47,0.0,88.1,11.9,100.0,11.9,91.3,510642,Peixoto de Azevedo,81.5,10,0,0,,0,,,14,100.0
510626,Novo Mundo,Vale do Peixoto,2023,456,0,417,39,0.0,91.4,8.6,100.0,8.6,74.7,510642,Peixoto de Azevedo,84.6,10,0,0,,0,,,11,100.0
510626,Novo Mundo,Vale do Peixoto,2024,356,0,268,88,0.0,75.3,24.7,100.0,24.7,148.6,510642,Peixoto de Azevedo,68.5,11,0,0,,0,,,14,100.0
510626,Novo Mundo,Vale do Peixoto,2025,424,0,348,76,0.0,82.1,17.9,100.0,17.9,114.6,510642,Peixoto de Azevedo,77.6,12,0,0,,0,,,15,100.0
510627,Novo Horizonte do Norte,Vale dos Arinos,2020,152,86,55,11,56.6,36.2,7.2,43.4,7.2,38.8,510627,Novo Horizonte do Norte,56.6,5,94,8,8.5,4,Juara,50.0,4,100.0
510627,Novo Horizonte do Norte,Vale dos Arinos,2021,206,89,77,40,43.2,37.4,19.4,56.8,19.4,90.3,510627,Novo Horizonte do Norte,43.2,6,96,7,7.3,5,Itanhangá,28.6,6,100.0
510627,Novo Horizonte do Norte,Vale dos Arinos,2022,280,165,71,44,58.9,25.4,15.7,41.1,15.7,75.8,510627,Novo Horizonte do Norte,58.9,5,170,5,2.9,5,Brasnorte,20.0,12,100.0
510627,Novo Horizonte do Norte,Vale dos Arinos,2023,354,218,87,49,61.6,24.6,13.8,38.4,13.8,54.3,510627,Novo Horizonte do Norte,61.6,11,223,5,2.2,3,Juara,60.0,7,100.0
510627,Novo Horizonte do Norte,Vale dos Arinos,2024,403,256,82,65,63.5,20.3,16.1,36.5,16.1,64.6,510627,Novo Horizonte do Norte,63.5,11,257,1,0.4,1,Porto dos Gaúchos,100.0,8,100.0
510627,Novo Horizonte do Norte,Vale dos Arinos,2025,488,318,115,55,65.2,23.6,11.3,34.8,11.3,46.2,510627,Novo Horizonte do Norte,65.2,8,320,2,0.6,1,Juara,100.0,16,100.0
510628,Novo São Joaquim,Garças Araguaia,2020,380,283,63,34,74.5,16.6,8.9,25.5,8.9,46.3,510628,Novo São Joaquim,74.5,6,308,25,8.1,8,Barra do Garças,32.0,3,100.0
510628,Novo São Joaquim,Garças Araguaia,2021,535,445,43,47,83.2,8.0,8.8,16.8,8.8,34.5,510628,Novo São Joaquim,83.2,9,445,0,0.0,0,,,3,100.0
510628,Novo São Joaquim,Garças Araguaia,2022,625,526,69,30,84.2,11.0,4.8,15.8,4.8,26.5,510628,Novo São Joaquim,84.2,8,526,0,0.0,0,,,8,100.0
510628,Novo São Joaquim,Garças Araguaia,2023,700,518,124,58,74.0,17.7,8.3,26.0,8.3,46.2,510628,Novo São Joaquim,74.0,10,519,1,0.2,1,Santa Terezinha,100.0,11,100.0
510628,Novo São Joaquim,Garças Araguaia,2024,744,542,125,77,72.8,16.8,10.3,27.2,10.3,52.4,510628,Novo São Joaquim,72.8,10,630,88,14.0,19,Campinápolis,25.0,18,100.0
510628,Novo São Joaquim,Garças Araguaia,2025,686,439,160,87,64.0,23.3,12.7,36.0,12.7,67.0,510628,Novo São Joaquim,64.0,14,637,198,31.1,36,Barra do Garças,14.6,36,72.2
510629,Paranaíta,Alto Tapajós,2020,711,192,455,64,27.0,64.0,9.0,73.0,9.0,73.5,510025,Alta Floresta,64.0,6,217,25,11.5,14,Alta Floresta,20.0,33,100.0
510629,Paranaíta,Alto Tapajós,2021,1144,715,357,72,62.5,31.2,6.3,37.5,6.3,47.9,510629,Paranaíta,62.5,9,797,82,10.3,11,Carlinda,39.0,20,100.0
510629,Paranaíta,Alto Tapajós,2022,1173,827,270,76,70.5,23.0,6.5,29.5,6.5,45.7,510629,Paranaíta,70.5,6,1488,661,44.4,19,Alta Floresta,47.4,36,100.0
510629,Paranaíta,Alto Tapajós,2023,1312,932,259,121,71.0,19.7,9.2,29.0,9.2,55.7,510629,Paranaíta,71.0,11,1363,431,31.6,13,Alta Floresta,40.1,39,100.0
510629,Paranaíta,Alto Tapajós,2024,1557,1124,296,137,72.2,19.0,8.8,27.8,8.8,46.7,510629,Paranaíta,72.2,8,1725,601,34.8,18,Alta Floresta,53.2,44,97.7
510629,Paranaíta,Alto Tapajós,2025,1672,1175,326,171,70.3,19.5,10.2,29.7,10.2,57.2,510629,Paranaíta,70.3,13,1889,714,37.8,25,Alta Floresta,44.0,63,100.0
510630,Paranatinga,Sul Matogrossense,2020,1352,813,471,68,60.1,34.8,5.0,39.9,5.0,90.9,510630,Paranatinga,60.1,12,850,37,4.4,16,Primavera do Leste,29.7,33,100.0
510630,Paranatinga,Sul Matogrossense,2021,1730,1044,590,96,60.3,34.1,5.5,39.7,5.5,90.0,510630,Paranatinga,60.3,13,1049,5,0.5,3,Primavera do Leste,60.0,44,100.0
510630,Paranatinga,Sul Matogrossense,2022,2036,1377,558,101,67.6,27.4,5.0,32.4,5.0,73.6,510630,Paranatinga,67.6,11,1386,9,0.6,7,Gaúcha do Norte,22.2,49,100.0
510630,Paranatinga,Sul Matogrossense,2023,2069,1437,505,127,69.5,24.4,6.1,30.5,6.1,70.3,510630,Paranatinga,69.5,12,1445,8,0.6,7,Campo Verde,25.0,72,100.0
510630,Paranatinga,Sul Matogrossense,2024,2151,1376,612,163,64.0,28.5,7.6,36.0,7.6,84.7,510630,Paranatinga,64.0,16,1384,8,0.6,4,Gaúcha do Norte,37.5,82,100.0
510630,Paranatinga,Sul Matogrossense,2025,1857,1059,608,190,57.0,32.7,10.2,43.0,10.2,98.3,510630,Paranatinga,57.0,17,1061,2,0.2,2,Alto Araguaia,50.0,87,100.0
510631,Novo Santo Antônio,Norte Araguaia Karajá,2020,74,0,2,72,0.0,2.7,97.3,100.0,97.3,232.6,510020,Água Boa,89.2,8,0,0,,0,,,0,
510631,Novo Santo Antônio,Norte Araguaia Karajá,2021,137,0,8,129,0.0,5.8,94.2,100.0,94.2,229.5,510020,Água Boa,91.2,6,0,0,,0,,,0,
510631,Novo Santo Antônio,Norte Araguaia Karajá,2022,113,0,0,113,0.0,0.0,100.0,100.0,100.0,257.1,510020,Água Boa,93.8,4,0,0,,0,,,1,100.0
510631,Novo Santo Antônio,Norte Araguaia Karajá,2023,121,0,5,116,0.0,4.1,95.9,100.0,95.9,260.5,510020,Água Boa,86.8,7,0,0,,0,,,2,100.0
510631,Novo Santo Antônio,Norte Araguaia Karajá,2024,146,0,14,132,0.0,9.6,90.4,100.0,90.4,258.6,510020,Água Boa,79.5,7,0,0,,0,,,2,100.0
510631,Novo Santo Antônio,Norte Araguaia Karajá,2025,143,0,17,126,0.0,11.9,88.1,100.0,88.1,259.5,510020,Água Boa,76.9,6,0,0,,0,,,3,100.0
510637,Pedra Preta,Sul Matogrossense,2020,1051,362,674,15,34.4,64.1,1.4,65.6,1.4,18.7,510760,Rondonópolis,62.8,4,362,0,0.0,0,,,25,100.0
510637,Pedra Preta,Sul Matogrossense,2021,1143,449,685,9,39.3,59.9,0.8,60.7,0.8,16.4,510760,Rondonópolis,59.2,5,450,1,0.2,1,Alto Garças,100.0,28,100.0
510637,Pedra Preta,Sul Matogrossense,2022,1122,382,720,20,34.0,64.2,1.8,66.0,1.8,20.1,510760,Rondonópolis,62.5,8,383,1,0.3,1,Guarantã do Norte,100.0,66,100.0
510637,Pedra Preta,Sul Matogrossense,2023,1241,373,832,36,30.1,67.0,2.9,69.9,2.9,23.8,510760,Rondonópolis,65.1,7,373,0,0.0,0,,,79,100.0
510637,Pedra Preta,Sul Matogrossense,2024,1645,452,1163,30,27.5,70.7,1.8,72.5,1.8,23.2,510760,Rondonópolis,67.5,9,452,0,0.0,0,,,120,100.0
510637,Pedra Preta,Sul Matogrossense,2025,1517,392,1074,51,25.8,70.8,3.4,74.2,3.4,28.6,510760,Rondonópolis,65.8,12,392,0,0.0,0,,,84,100.0
510642,Peixoto de Azevedo,Vale do Peixoto,2020,2039,1841,19,179,90.3,0.9,8.8,9.7,8.8,38.8,510642,Peixoto de Azevedo,90.3,13,2815,974,34.6,28,Novo Mundo,33.0,20,95.0
510642,Peixoto de Azevedo,Vale do Peixoto,2021,2149,1910,13,226,88.9,0.6,10.5,11.1,10.5,42.6,510642,Peixoto de Azevedo,88.9,14,3019,1109,36.7,40,Terra Nova do Norte,27.4,61,100.0
510642,Peixoto de Azevedo,Vale do Peixoto,2022,1965,1731,19,215,88.1,1.0,10.9,11.9,10.9,44.5,510642,Peixoto de Azevedo,88.1,14,2682,951,35.5,41,Novo Mundo,33.8,50,100.0
510642,Peixoto de Azevedo,Vale do Peixoto,2023,2051,1746,41,264,85.1,2.0,12.9,14.9,12.9,51.6,510642,Peixoto de Azevedo,85.1,14,2852,1106,38.8,35,Novo Mundo,34.9,53,100.0
510642,Peixoto de Azevedo,Vale do Peixoto,2024,1742,1320,37,385,75.8,2.1,22.1,24.2,22.1,96.2,510642,Peixoto de Azevedo,75.8,15,2060,740,35.9,31,Novo Mundo,33.0,71,98.6
510642,Peixoto de Azevedo,Vale do Peixoto,2025,2468,2041,30,397,82.7,1.2,16.1,17.3,16.1,67.6,510642,Peixoto de Azevedo,82.7,17,3019,978,32.4,33,Novo Mundo,33.6,55,100.0
510645,Planalto da Serra,Baixada Cuiabana,2020,77,0,62,15,0.0,80.5,19.5,100.0,19.5,167.5,510340,Cuiabá,64.9,5,0,0,,0,,,6,100.0
510645,Planalto da Serra,Baixada Cuiabana,2021,117,0,102,15,0.0,87.2,12.8,100.0,12.8,174.1,510340,Cuiabá,57.3,7,0,0,,0,,,4,100.0
510645,Planalto da Serra,Baixada Cuiabana,2022,114,0,104,10,0.0,91.2,8.8,100.0,8.8,176.8,510340,Cuiabá,62.3,7,0,0,,0,,,4,100.0
510645,Planalto da Serra,Baixada Cuiabana,2023,186,0,172,14,0.0,92.5,7.5,100.0,7.5,175.4,510340,Cuiabá,65.1,7,0,0,,0,,,9,100.0
510645,Planalto da Serra,Baixada Cuiabana,2024,157,0,127,30,0.0,80.9,19.1,100.0,19.1,175.8,510340,Cuiabá,56.7,7,0,0,,0,,,11,100.0
510645,Planalto da Serra,Baixada Cuiabana,2025,188,0,170,18,0.0,90.4,9.6,100.0,9.6,197.3,510340,Cuiabá,48.4,8,0,0,,0,,,11,100.0
510650,Poconé,Baixada Cuiabana,2020,2114,1358,747,9,64.2,35.3,0.4,35.8,0.4,35.0,510650,Poconé,64.2,9,1391,33,2.4,6,Nossa Senhora do Livramento,45.5,121,26.4
510650,Poconé,Baixada Cuiabana,2021,2274,1548,720,6,68.1,31.7,0.3,31.9,0.3,30.8,510650,Poconé,68.1,7,1577,29,1.8,5,Jangada,44.8,212,11.3
510650,Poconé,Baixada Cuiabana,2022,2554,1749,800,5,68.5,31.3,0.2,31.5,0.2,30.0,510650,Poconé,68.5,6,1803,54,3.0,5,Nossa Senhora do Livramento,74.1,122,34.4
510650,Poconé,Baixada Cuiabana,2023,2558,1581,961,16,61.8,37.6,0.6,38.2,0.6,36.7,510650,Poconé,61.8,8,1695,114,6.7,5,Nossa Senhora do Livramento,58.8,108,63.9
510650,Poconé,Baixada Cuiabana,2024,2547,1550,986,11,60.9,38.7,0.4,39.1,0.4,37.5,510650,Poconé,60.9,8,1837,287,15.6,13,Nossa Senhora do Livramento,57.8,72,100.0
510650,Poconé,Baixada Cuiabana,2025,2763,1653,1102,8,59.8,39.9,0.3,40.2,0.3,37.8,510650,Poconé,59.8,7,2252,599,26.6,20,Várzea Grande,29.7,82,100.0
510665,Pontal do Araguaia,Garças Araguaia,2020,212,0,193,19,0.0,91.0,9.0,100.0,9.0,39.2,510180,Barra do Garças,90.6,4,0,0,,0,,,4,100.0
510665,Pontal do Araguaia,Garças Araguaia,2021,221,0,212,9,0.0,95.9,4.1,100.0,4.1,21.8,510180,Barra do Garças,91.0,6,0,0,,0,,,2,100.0
510665,Pontal do Araguaia,Garças Araguaia,2022,239,0,217,22,0.0,90.8,9.2,100.0,9.2,50.0,510180,Barra do Garças,80.8,8,0,0,,0,,,7,100.0
510665,Pontal do Araguaia,Garças Araguaia,2023,279,0,249,30,0.0,89.2,10.8,100.0,10.8,50.6,510180,Barra do Garças,77.1,7,0,0,,0,,,4,100.0
510665,Pontal do Araguaia,Garças Araguaia,2024,336,0,308,28,0.0,91.7,8.3,100.0,8.3,51.2,510180,Barra do Garças,66.4,9,0,0,,0,,,6,100.0
510665,Pontal do Araguaia,Garças Araguaia,2025,299,0,256,43,0.0,85.6,14.4,100.0,14.4,70.8,510180,Barra do Garças,70.2,11,0,0,,0,,,19,100.0
510670,Ponte Branca,Garças Araguaia,2020,78,37,28,13,47.4,35.9,16.7,52.6,16.7,100.7,510670,Ponte Branca,47.4,4,41,4,9.8,2,Alto Araguaia,75.0,2,100.0
510670,Ponte Branca,Garças Araguaia,2021,130,87,30,13,66.9,23.1,10.0,33.1,10.0,63.5,510670,Ponte Branca,66.9,2,93,6,6.5,6,Alto Araguaia,16.7,6,100.0
510670,Ponte Branca,Garças Araguaia,2022,158,100,43,15,63.3,27.2,9.5,36.7,9.5,60.2,510670,Ponte Branca,63.3,7,102,2,2.0,1,Querência,100.0,4,100.0
510670,Ponte Branca,Garças Araguaia,2023,216,149,51,16,69.0,23.6,7.4,31.0,7.4,55.7,510670,Ponte Branca,69.0,6,151,2,1.3,2,Querência,50.0,5,100.0
510670,Ponte Branca,Garças Araguaia,2024,153,98,44,11,64.1,28.8,7.2,35.9,7.2,57.5,510670,Ponte Branca,64.1,6,107,9,8.4,6,Ribeirãozinho,44.4,8,100.0
510670,Ponte Branca,Garças Araguaia,2025,139,66,54,19,47.5,38.8,13.7,52.5,13.7,89.1,510670,Ponte Branca,47.5,6,68,2,2.9,2,Pontal do Araguaia,50.0,9,88.9
510675,Pontes e Lacerda,Sudoeste Matogrossense,2020,3087,2386,13,688,77.3,0.4,22.3,22.7,22.3,53.0,510675,Pontes e Lacerda,77.3,9,3497,1111,31.8,24,Nova Lacerda,21.0,34,100.0
510675,Pontes e Lacerda,Sudoeste Matogrossense,2021,3427,2666,27,734,77.8,0.8,21.4,22.2,21.4,53.0,510675,Pontes e Lacerda,77.8,10,3878,1212,31.3,28,Nova Lacerda,17.7,50,100.0
510675,Pontes e Lacerda,Sudoeste Matogrossense,2022,3703,2914,23,766,78.7,0.6,20.7,21.3,20.7,52.9,510675,Pontes e Lacerda,78.7,14,4350,1436,33.0,24,Nova Lacerda,20.2,58,94.8
510675,Pontes e Lacerda,Sudoeste Matogrossense,2023,4153,3107,29,1017,74.8,0.7,24.5,25.2,24.5,66.4,510675,Pontes e Lacerda,74.8,19,4765,1658,34.8,22,Comodoro,19.0,61,100.0
510675,Pontes e Lacerda,Sudoeste Matogrossense,2024,4332,3173,45,1114,73.2,1.0,25.7,26.8,25.7,71.3,510675,Pontes e Lacerda,73.2,15,4808,1635,34.0,17,Comodoro,19.6,92,100.0
510675,Pontes e Lacerda,Sudoeste Matogrossense,2025,4616,3299,124,1193,71.5,2.7,25.8,28.5,25.8,73.5,510675,Pontes e Lacerda,71.5,19,5075,1776,35.0,27,Conquista D'Oeste,17.3,144,100.0
510677,Porto Alegre do Norte,Araguaia Xingu,2020,376,0,351,25,0.0,93.4,6.6,100.0,6.6,63.3,510335,Confresa,92.6,10,0,0,,0,,,0,
510677,Porto Alegre do Norte,Araguaia Xingu,2021,431,0,369,62,0.0,85.6,14.4,100.0,14.4,103.0,510335,Confresa,85.6,10,0,0,,0,,,4,100.0
510677,Porto Alegre do Norte,Araguaia Xingu,2022,420,0,384,36,0.0,91.4,8.6,100.0,8.6,73.9,510335,Confresa,91.4,12,0,0,,0,,,1,100.0
510677,Porto Alegre do Norte,Araguaia Xingu,2023,572,0,491,81,0.0,85.8,14.2,100.0,14.2,112.9,510335,Confresa,85.8,15,0,0,,0,,,12,100.0
510677,Porto Alegre do Norte,Araguaia Xingu,2024,597,0,460,137,0.0,77.1,22.9,100.0,22.9,167.9,510335,Confresa,76.7,12,0,0,,0,,,9,100.0
510677,Porto Alegre do Norte,Araguaia Xingu,2025,652,0,534,118,0.0,81.9,18.1,100.0,18.1,136.2,510335,Confresa,81.9,10,0,0,,0,,,12,100.0
510680,Porto dos Gaúchos,Vale dos Arinos,2020,419,298,76,45,71.1,18.1,10.7,28.9,10.7,47.9,510680,Porto dos Gaúchos,71.1,6,345,47,13.6,18,Juara,31.9,8,100.0
510680,Porto dos Gaúchos,Vale dos Arinos,2021,532,397,83,52,74.6,15.6,9.8,25.4,9.8,48.0,510680,Porto dos Gaúchos,74.6,8,420,23,5.5,10,Juara,47.8,3,100.0
510680,Porto dos Gaúchos,Vale dos Arinos,2022,551,426,79,46,77.3,14.3,8.3,22.7,8.3,37.1,510680,Porto dos Gaúchos,77.3,8,434,8,1.8,1,Juara,100.0,10,100.0
510680,Porto dos Gaúchos,Vale dos Arinos,2023,783,578,127,78,73.8,16.2,10.0,26.2,10.0,39.3,510680,Porto dos Gaúchos,73.8,11,583,5,0.9,5,Juara,20.0,10,100.0
510680,Porto dos Gaúchos,Vale dos Arinos,2024,801,605,107,89,75.5,13.4,11.1,24.5,11.1,44.7,510680,Porto dos Gaúchos,75.5,13,611,6,1.0,1,Juara,100.0,14,100.0
510680,Porto dos Gaúchos,Vale dos Arinos,2025,853,604,130,119,70.8,15.2,14.0,29.2,14.0,52.7,510680,Porto dos Gaúchos,70.8,9,689,85,12.3,20,Juara,32.9,15,100.0
510682,Porto Esperidião,Oeste Matogrossense,2020,565,0,521,44,0.0,92.2,7.8,100.0,7.8,101.2,510250,Cáceres,91.9,7,0,0,,0,,,13,100.0
510682,Porto Esperidião,Oeste Matogrossense,2021,557,0,485,72,0.0,87.1,12.9,100.0,12.9,101.5,510250,Cáceres,86.7,8,0,0,,0,,,10,100.0
510682,Porto Esperidião,Oeste Matogrossense,2022,510,0,457,53,0.0,89.6,10.4,100.0,10.4,103.9,510250,Cáceres,89.0,10,0,0,,0,,,13,100.0
510682,Porto Esperidião,Oeste Matogrossense,2023,672,0,580,92,0.0,86.3,13.7,100.0,13.7,112.0,510250,Cáceres,85.9,9,0,0,,0,,,14,100.0
510682,Porto Esperidião,Oeste Matogrossense,2024,667,0,589,78,0.0,88.3,11.7,100.0,11.7,108.5,510250,Cáceres,88.3,6,0,0,,0,,,25,100.0
510682,Porto Esperidião,Oeste Matogrossense,2025,687,0,579,108,0.0,84.3,15.7,100.0,15.7,114.0,510250,Cáceres,84.1,9,0,0,,0,,,18,100.0
510685,Porto Estrela,Médio Norte Matogrossense,2020,100,0,64,36,0.0,64.0,36.0,100.0,36.0,73.5,510170,Barra do Bugres,51.0,7,0,0,,0,,,3,100.0
510685,Porto Estrela,Médio Norte Matogrossense,2021,142,0,101,41,0.0,71.1,28.9,100.0,28.9,109.8,510130,Arenápolis,70.4,5,0,0,,0,,,4,100.0
510685,Porto Estrela,Médio Norte Matogrossense,2022,150,0,109,41,0.0,72.7,27.3,100.0,27.3,110.1,510130,Arenápolis,72.0,6,0,0,,0,,,6,100.0
510685,Porto Estrela,Médio Norte Matogrossense,2023,115,0,68,47,0.0,59.1,40.9,100.0,40.9,78.4,510170,Barra do Bugres,51.3,8,0,0,,0,,,10,100.0
510685,Porto Estrela,Médio Norte Matogrossense,2024,156,0,96,60,0.0,61.5,38.5,100.0,38.5,67.3,510170,Barra do Bugres,59.0,6,0,0,,0,,,5,100.0
510685,Porto Estrela,Médio Norte Matogrossense,2025,140,0,96,44,0.0,68.6,31.4,100.0,31.4,61.0,510170,Barra do Bugres,67.1,7,0,0,,0,,,12,100.0
510700,Poxoréo,Sul Matogrossense,2020,1305,827,452,26,63.4,34.6,2.0,36.6,2.0,25.7,510700,Poxoréo,63.4,4,877,50,5.7,5,Santo Antônio do Leste,64.0,17,100.0
510700,Poxoréo,Sul Matogrossense,2021,1636,1064,548,24,65.0,33.5,1.5,35.0,1.5,23.8,510700,Poxoréo,65.0,6,1114,50,4.5,8,Santo Antônio do Leste,52.0,42,100.0
510700,Poxoréo,Sul Matogrossense,2022,1642,1048,560,34,63.8,34.1,2.1,36.2,2.1,27.2,510700,Poxoréo,63.8,10,1103,55,5.0,7,Santo Antônio do Leste,58.2,56,100.0
510700,Poxoréo,Sul Matogrossense,2023,2076,1305,711,60,62.9,34.2,2.9,37.1,2.9,28.0,510700,Poxoréo,62.9,11,1350,45,3.3,8,Santo Antônio do Leste,42.2,68,100.0
510700,Poxoréo,Sul Matogrossense,2024,2281,1437,766,78,63.0,33.6,3.4,37.0,3.4,29.2,510700,Poxoréo,63.0,8,1637,200,12.2,19,Santo Antônio do Leste,16.5,102,100.0
510700,Poxoréo,Sul Matogrossense,2025,2223,1393,763,67,62.7,34.3,3.0,37.3,3.0,27.5,510700,Poxoréo,62.7,12,1485,92,6.2,14,Itiquira,15.2,72,100.0
510704,Primavera do Leste,Sul Matogrossense,2020,4633,3979,477,177,85.9,10.3,3.8,14.1,3.8,18.8,510704,Primavera do Leste,85.9,20,4631,652,14.1,30,General Carneiro,27.5,119,84.0
510704,Primavera do Leste,Sul Matogrossense,2021,5149,4395,596,158,85.4,11.6,3.1,14.6,3.1,19.2,510704,Primavera do Leste,85.4,21,5243,848,16.2,39,General Carneiro,26.7,206,78.6
510704,Primavera do Leste,Sul Matogrossense,2022,4783,3803,757,223,79.5,15.8,4.7,20.5,4.7,27.0,510704,Primavera do Leste,79.5,23,4471,668,14.9,33,General Carneiro,26.6,233,94.0
510704,Primavera do Leste,Sul Matogrossense,2023,4954,3803,862,289,76.8,17.4,5.8,23.2,5.8,31.4,510704,Primavera do Leste,76.8,23,4446,643,14.5,36,Poxoréo,27.7,322,95.3
510704,Primavera do Leste,Sul Matogrossense,2024,5849,4701,852,296,80.4,14.6,5.1,19.6,5.1,26.5,510704,Primavera do Leste,80.4,21,5344,643,12.0,35,Santo Antônio do Leste,27.8,290,87.2
510704,Primavera do Leste,Sul Matogrossense,2025,6460,5253,864,343,81.3,13.4,5.3,18.7,5.3,25.3,510704,Primavera do Leste,81.3,24,6408,1155,18.0,44,Poxoréo,20.7,320,93.1
510706,Querência,Médio Araguaia,2020,1317,1106,140,71,84.0,10.6,5.4,16.0,5.4,41.8,510706,Querência,84.0,15,1142,36,3.2,17,Bom Jesus do Araguaia,27.8,3,100.0
510706,Querência,Médio Araguaia,2021,1538,1104,371,63,71.8,24.1,4.1,28.2,4.1,58.9,510706,Querência,71.8,13,1221,117,9.6,30,Canarana,17.9,9,100.0
510706,Querência,Médio Araguaia,2022,1860,1282,478,100,68.9,25.7,5.4,31.1,5.4,67.8,510706,Querência,68.9,12,1375,93,6.8,28,Ribeirão Cascalheira,18.3,10,100.0
510706,Querência,Médio Araguaia,2023,2262,1655,458,149,73.2,20.2,6.6,26.8,6.6,65.5,510706,Querência,73.2,14,1748,93,5.3,32,Ribeirão Cascalheira,17.2,20,100.0
510706,Querência,Médio Araguaia,2024,2378,1706,495,177,71.7,20.8,7.4,28.3,7.4,70.1,510706,Querência,71.7,16,1812,106,5.8,23,Ribeirão Cascalheira,24.5,43,100.0
510706,Querência,Médio Araguaia,2025,2331,1713,413,205,73.5,17.7,8.8,26.5,8.8,71.3,510706,Querência,73.5,14,1788,75,4.2,22,Ribeirão Cascalheira,26.7,44,100.0
510710,São José dos Quatro Marcos,Oeste Matogrossense,2020,559,0,486,73,0.0,86.9,13.1,100.0,13.1,95.5,510250,Cáceres,85.7,7,0,0,,0,,,12,100.0
510710,São José dos Quatro Marcos,Oeste Matogrossense,2021,701,0,580,121,0.0,82.7,17.3,100.0,17.3,97.1,510250,Cáceres,82.0,7,0,0,,0,,,10,100.0
510710,São José dos Quatro Marcos,Oeste Matogrossense,2022,651,0,537,114,0.0,82.5,17.5,100.0,17.5,102.1,510250,Cáceres,79.9,6,0,0,,0,,,20,100.0
510710,São José dos Quatro Marcos,Oeste Matogrossense,2023,867,0,717,150,0.0,82.7,17.3,100.0,17.3,103.5,510250,Cáceres,81.0,12,0,0,,0,,,20,100.0
510710,São José dos Quatro Marcos,Oeste Matogrossense,2024,871,0,715,156,0.0,82.1,17.9,100.0,17.9,104.8,510250,Cáceres,80.5,12,0,0,,0,,,27,100.0
510710,São José dos Quatro Marcos,Oeste Matogrossense,2025,765,0,573,192,0.0,74.9,25.1,100.0,25.1,115.6,510250,Cáceres,74.1,14,0,0,,0,,,63,100.0
510715,Reserva do Cabaçal,Oeste Matogrossense,2020,98,0,93,5,0.0,94.9,5.1,100.0,5.1,136.3,510250,Cáceres,94.9,4,0,0,,0,,,0,
510715,Reserva do Cabaçal,Oeste Matogrossense,2021,112,0,95,17,0.0,84.8,15.2,100.0,15.2,152.0,510250,Cáceres,84.8,5,0,0,,0,,,7,100.0
510715,Reserva do Cabaçal,Oeste Matogrossense,2022,104,0,94,10,0.0,90.4,9.6,100.0,9.6,148.9,510250,Cáceres,90.4,5,0,0,,0,,,2,100.0
510715,Reserva do Cabaçal,Oeste Matogrossense,2023,152,0,129,23,0.0,84.9,15.1,100.0,15.1,153.0,510250,Cáceres,83.6,6,0,0,,0,,,4,100.0
510715,Reserva do Cabaçal,Oeste Matogrossense,2024,152,0,136,16,0.0,89.5,10.5,100.0,10.5,145.3,510250,Cáceres,89.5,4,0,0,,0,,,5,100.0
510715,Reserva do Cabaçal,Oeste Matogrossense,2025,178,0,153,25,0.0,86.0,14.0,100.0,14.0,148.5,510250,Cáceres,85.4,8,0,0,,0,,,7,100.0
510718,Ribeirão Cascalheira,Médio Araguaia,2020,438,226,196,16,51.6,44.7,3.7,48.4,3.7,74.0,510718,Ribeirão Cascalheira,51.6,11,246,20,8.1,11,Barra do Garças,20.0,2,100.0
510718,Ribeirão Cascalheira,Médio Araguaia,2021,669,290,361,18,43.3,54.0,2.7,56.7,2.7,81.9,510020,Água Boa,53.1,8,293,3,1.0,3,Bom Jesus do Araguaia,33.3,2,100.0
510718,Ribeirão Cascalheira,Médio Araguaia,2022,830,364,450,16,43.9,54.2,1.9,56.1,1.9,77.5,510020,Água Boa,52.0,7,365,1,0.3,1,Bom Jesus do Araguaia,100.0,3,100.0
510718,Ribeirão Cascalheira,Médio Araguaia,2023,681,247,395,39,36.3,58.0,5.7,63.7,5.7,100.9,510020,Água Boa,55.4,9,248,1,0.4,1,Bom Jesus do Araguaia,100.0,7,100.0
510718,Ribeirão Cascalheira,Médio Araguaia,2024,793,254,483,56,32.0,60.9,7.1,68.0,7.1,107.9,510020,Água Boa,57.0,9,254,0,0.0,0,,,11,100.0
510718,Ribeirão Cascalheira,Médio Araguaia,2025,1275,812,390,73,63.7,30.6,5.7,36.3,5.7,60.5,510718,Ribeirão Cascalheira,63.7,12,814,2,0.2,1,Bom Jesus do Araguaia,100.0,7,100.0
510719,Ribeirãozinho,Garças Araguaia,2020,129,51,67,11,39.5,51.9,8.5,60.5,8.5,63.3,510180,Barra do Garças,43.4,4,56,5,8.9,4,Torixoréu,40.0,1,100.0
510719,Ribeirãozinho,Garças Araguaia,2021,91,31,49,11,34.1,53.8,12.1,65.9,12.1,92.8,510180,Barra do Garças,45.1,8,31,0,0.0,0,,,1,100.0
510719,Ribeirãozinho,Garças Araguaia,2022,91,33,44,14,36.3,48.4,15.4,63.7,15.4,86.7,510719,Ribeirãozinho,36.3,7,33,0,0.0,0,,,2,100.0
510719,Ribeirãozinho,Garças Araguaia,2023,149,52,76,21,34.9,51.0,14.1,65.1,14.1,79.2,510719,Ribeirãozinho,34.9,7,52,0,0.0,0,,,8,100.0
510719,Ribeirãozinho,Garças Araguaia,2024,163,40,108,15,24.5,66.3,9.2,75.5,9.2,82.5,510180,Barra do Garças,31.3,9,40,0,0.0,0,,,4,100.0
510719,Ribeirãozinho,Garças Araguaia,2025,159,67,78,14,42.1,49.1,8.8,57.9,8.8,65.8,510719,Ribeirãozinho,42.1,8,70,3,4.3,2,Torixoréu,66.7,4,100.0
510720,Rio Branco,Oeste Matogrossense,2020,247,62,175,10,25.1,70.9,4.0,74.9,4.0,83.6,510250,Cáceres,69.2,6,65,3,4.6,2,Lambari D'Oeste,66.7,2,100.0
510720,Rio Branco,Oeste Matogrossense,2021,307,101,180,26,32.9,58.6,8.5,67.1,8.5,81.3,510250,Cáceres,58.3,7,102,1,1.0,1,Salto do Céu,100.0,0,
510720,Rio Branco,Oeste Matogrossense,2022,254,32,189,33,12.6,74.4,13.0,87.4,13.0,110.7,510250,Cáceres,73.6,6,35,3,8.6,3,Lambari D'Oeste,33.3,10,100.0
510720,Rio Branco,Oeste Matogrossense,2023,296,83,166,47,28.0,56.1,15.9,72.0,15.9,95.0,510250,Cáceres,55.4,8,83,0,0.0,0,,,3,100.0
510720,Rio Branco,Oeste Matogrossense,2024,327,64,230,33,19.6,70.3,10.1,80.4,10.1,96.5,510250,Cáceres,70.0,7,64,0,0.0,0,,,11,100.0
510720,Rio Branco,Oeste Matogrossense,2025,535,222,256,57,41.5,47.9,10.7,58.5,10.7,74.7,510250,Cáceres,47.9,7,229,7,3.1,5,Pontes e Lacerda,28.6,8,100.0
510724,Santa Carmem,Teles Pires,2020,222,0,208,14,0.0,93.7,6.3,100.0,6.3,62.4,510790,Sinop,75.7,5,0,0,,0,,,8,100.0
510724,Santa Carmem,Teles Pires,2021,226,0,216,10,0.0,95.6,4.4,100.0,4.4,52.7,510790,Sinop,83.2,5,0,0,,0,,,7,100.0
510724,Santa Carmem,Teles Pires,2022,250,0,240,10,0.0,96.0,4.0,100.0,4.0,60.3,510790,Sinop,75.2,7,0,0,,0,,,10,100.0
510724,Santa Carmem,Teles Pires,2023,284,0,271,13,0.0,95.4,4.6,100.0,4.6,65.1,510790,Sinop,68.3,10,0,0,,0,,,10,100.0
510724,Santa Carmem,Teles Pires,2024,250,0,243,7,0.0,97.2,2.8,100.0,2.8,58.5,510790,Sinop,78.8,8,0,0,,0,,,25,100.0
510724,Santa Carmem,Teles Pires,2025,253,0,245,8,0.0,96.8,3.2,100.0,3.2,71.5,510790,Sinop,72.7,9,0,0,,0,,,17,100.0
510726,Santo Afonso,Médio Norte Matogrossense,2020,75,0,42,33,0.0,56.0,44.0,100.0,44.0,98.5,510340,Cuiabá,37.3,7,0,0,,0,,,0,
510726,Santo Afonso,Médio Norte Matogrossense,2021,120,0,98,22,0.0,81.7,18.3,100.0,18.3,47.6,510130,Arenápolis,75.0,6,0,0,,0,,,0,
510726,Santo Afonso,Médio Norte Matogrossense,2022,137,0,96,41,0.0,70.1,29.9,100.0,29.9,62.7,510130,Arenápolis,68.6,6,0,0,,0,,,5,100.0
510726,Santo Afonso,Médio Norte Matogrossense,2023,186,0,141,45,0.0,75.8,24.2,100.0,24.2,52.1,510130,Arenápolis,75.3,5,0,0,,0,,,11,100.0
510726,Santo Afonso,Médio Norte Matogrossense,2024,189,0,145,44,0.0,76.7,23.3,100.0,23.3,49.3,510130,Arenápolis,76.7,4,0,0,,0,,,6,100.0
510726,Santo Afonso,Médio Norte Matogrossense,2025,177,0,137,40,0.0,77.4,22.6,100.0,22.6,56.2,510130,Arenápolis,74.6,9,0,0,,0,,,7,100.0
510729,São José do Povo,Sul Matogrossense,2020,117,0,113,4,0.0,96.6,3.4,100.0,3.4,46.5,510760,Rondonópolis,94.9,3,0,0,,0,,,15,100.0
510729,São José do Povo,Sul Matogrossense,2021,139,0,136,3,0.0,97.8,2.2,100.0,2.2,44.3,510760,Rondonópolis,95.7,4,0,0,,0,,,19,100.0
510729,São José do Povo,Sul Matogrossense,2022,221,0,217,4,0.0,98.2,1.8,100.0,1.8,44.0,510760,Rondonópolis,95.9,4,0,0,,0,,,21,100.0
510729,São José do Povo,Sul Matogrossense,2023,201,0,192,9,0.0,95.5,4.5,100.0,4.5,47.4,510760,Rondonópolis,95.5,4,0,0,,0,,,40,100.0
510729,São José do Povo,Sul Matogrossense,2024,261,0,252,9,0.0,96.6,3.4,100.0,3.4,48.4,510760,Rondonópolis,90.4,6,0,0,,0,,,47,100.0
510729,São José do Povo,Sul Matogrossense,2025,224,0,218,6,0.0,97.3,2.7,100.0,2.7,50.6,510760,Rondonópolis,86.2,7,0,0,,0,,,17,100.0
510730,São José do Rio Claro,Centro Norte,2020,738,539,7,192,73.0,0.9,26.0,27.0,26.0,61.6,510730,São José do Rio Claro,73.0,13,559,20,3.6,3,Nova Maringá,60.0,11,100.0
510730,São José do Rio Claro,Centro Norte,2021,1036,792,11,233,76.4,1.1,22.5,23.6,22.5,48.2,510730,São José do Rio Claro,76.4,13,809,17,2.1,8,Nova Maringá,41.2,22,100.0
510730,São José do Rio Claro,Centro Norte,2022,1187,857,45,285,72.2,3.8,24.0,27.8,24.0,57.8,510730,São José do Rio Claro,72.2,13,861,4,0.5,3,Nova Mutum,50.0,25,92.0
510730,São José do Rio Claro,Centro Norte,2023,1341,918,93,330,68.5,6.9,24.6,31.5,24.6,63.0,510730,São José do Rio Claro,68.5,17,927,9,1.0,6,Várzea Grande,33.3,41,100.0
510730,São José do Rio Claro,Centro Norte,2024,1372,884,84,404,64.4,6.1,29.4,35.6,29.4,73.5,510730,São José do Rio Claro,64.4,14,887,3,0.3,3,Brasnorte,33.3,40,100.0
510730,São José do Rio Claro,Centro Norte,2025,1384,811,84,489,58.6,6.1,35.3,41.4,35.3,83.1,510730,São José do Rio Claro,58.6,12,816,5,0.6,3,Tapurah,40.0,43,100.0
510735,São José do Xingu,Araguaia Xingu,2020,310,0,268,42,0.0,86.5,13.5,100.0,13.5,173.6,510335,Confresa,86.1,13,0,0,,0,,,3,100.0
510735,São José do Xingu,Araguaia Xingu,2021,305,0,230,75,0.0,75.4,24.6,100.0,24.6,220.5,510335,Confresa,74.8,13,0,0,,0,,,2,100.0
510735,São José do Xingu,Araguaia Xingu,2022,364,0,306,58,0.0,84.1,15.9,100.0,15.9,180.0,510335,Confresa,83.8,12,0,0,,0,,,0,
510735,São José do Xingu,Araguaia Xingu,2023,353,0,283,70,0.0,80.2,19.8,100.0,19.8,209.9,510335,Confresa,80.2,12,0,0,,0,,,2,100.0
510735,São José do Xingu,Araguaia Xingu,2024,399,0,315,84,0.0,78.9,21.1,100.0,21.1,214.1,510335,Confresa,78.9,16,0,0,,0,,,5,100.0
510735,São José do Xingu,Araguaia Xingu,2025,453,0,358,95,0.0,79.0,21.0,100.0,21.0,206.8,510335,Confresa,78.8,14,0,0,,0,,,7,100.0
510740,São Pedro da Cipa,Sul Matogrossense,2020,217,0,212,5,0.0,97.7,2.3,100.0,2.3,37.8,510480,Jaciara,50.2,7,0,0,,0,,,18,100.0
510740,São Pedro da Cipa,Sul Matogrossense,2021,271,0,271,0,0.0,100.0,0.0,100.0,0.0,32.0,510480,Jaciara,53.5,5,0,0,,0,,,7,100.0
510740,São Pedro da Cipa,Sul Matogrossense,2022,311,0,300,11,0.0,96.5,3.5,100.0,3.5,39.1,510760,Rondonópolis,49.2,7,0,0,,0,,,14,100.0
510740,São Pedro da Cipa,Sul Matogrossense,2023,311,0,300,11,0.0,96.5,3.5,100.0,3.5,44.9,510760,Rondonópolis,60.8,6,0,0,,0,,,30,100.0
510740,São Pedro da Cipa,Sul Matogrossense,2024,350,0,336,14,0.0,96.0,4.0,100.0,4.0,43.4,510760,Rondonópolis,49.1,10,0,0,,0,,,34,100.0
510740,São Pedro da Cipa,Sul Matogrossense,2025,394,0,371,23,0.0,94.2,5.8,100.0,5.8,47.0,510760,Rondonópolis,51.5,7,0,0,,0,,,15,100.0
510757,Rondolândia,Sudoeste Matogrossense,2020,8,0,4,4,0.0,50.0,50.0,100.0,50.0,652.4,510675,Pontes e Lacerda,50.0,3,0,0,,0,,,2,100.0
510757,Rondolândia,Sudoeste Matogrossense,2021,8,0,0,8,0.0,0.0,100.0,100.0,100.0,722.6,510340,Cuiabá,87.5,2,0,0,,0,,,1,100.0
510757,Rondolândia,Sudoeste Matogrossense,2022,5,0,2,3,0.0,40.0,60.0,100.0,60.0,686.1,510340,Cuiabá,60.0,2,0,0,,0,,,0,
510757,Rondolândia,Sudoeste Matogrossense,2023,19,0,14,5,0.0,73.7,26.3,100.0,26.3,599.4,510675,Pontes e Lacerda,73.7,3,0,0,,0,,,1,100.0
510757,Rondolândia,Sudoeste Matogrossense,2024,9,0,7,2,0.0,77.8,22.2,100.0,22.2,593.2,510675,Pontes e Lacerda,77.8,2,0,0,,0,,,1,100.0
510757,Rondolândia,Sudoeste Matogrossense,2025,7,0,3,4,0.0,42.9,57.1,100.0,57.1,658.3,510675,Pontes e Lacerda,42.9,3,0,0,,0,,,0,
510760,Rondonópolis,Sul Matogrossense,2020,14126,13878,28,220,98.2,0.2,1.6,1.8,1.6,3.7,510760,Rondonópolis,98.2,24,19247,5369,27.9,82,Pedra Preta,12.3,868,7.4
510760,Rondonópolis,Sul Matogrossense,2021,16323,16020,27,276,98.1,0.2,1.7,1.9,1.7,3.9,510760,Rondonópolis,98.1,22,22335,6315,28.3,84,Pedra Preta,10.7,859,7.9
510760,Rondonópolis,Sul Matogrossense,2022,17914,17523,41,350,97.8,0.2,2.0,2.2,2.0,4.3,510760,Rondonópolis,97.8,23,24489,6966,28.4,92,Primavera do Leste,10.6,1046,4.8
510760,Rondonópolis,Sul Matogrossense,2023,19654,19109,26,519,97.2,0.1,2.6,2.8,2.6,5.5,510760,Rondonópolis,97.2,24,27014,7905,29.3,99,Primavera do Leste,10.5,1511,6.9
510760,Rondonópolis,Sul Matogrossense,2024,18981,18549,42,390,97.7,0.2,2.1,2.3,2.1,4.5,510760,Rondonópolis,97.7,25,27451,8902,32.4,103,Pedra Preta,12.5,1542,5.6
510760,Rondonópolis,Sul Matogrossense,2025,20651,20084,43,524,97.3,0.2,2.5,2.7,2.5,5.6,510760,Rondonópolis,97.3,30,28808,8724,30.3,88,Pedra Preta,11.4,1585,8.1
510770,Rosário Oeste,Centro Norte,2020,1175,813,15,347,69.2,1.3,29.5,30.8,29.5,28.0,510770,Rosário Oeste,69.2,9,815,2,0.2,2,Diamantino,50.0,23,100.0
510770,Rosário Oeste,Centro Norte,2021,1132,722,22,388,63.8,1.9,34.3,36.2,34.3,32.4,510770,Rosário Oeste,63.8,8,758,36,4.7,8,Alto Paraguai,27.8,30,100.0
510770,Rosário Oeste,Centro Norte,2022,1032,610,54,368,59.1,5.2,35.7,40.9,35.7,36.9,510770,Rosário Oeste,59.1,12,614,4,0.7,3,Nova Olímpia,50.0,20,100.0
510770,Rosário Oeste,Centro Norte,2023,1065,725,27,313,68.1,2.5,29.4,31.9,29.4,28.9,510770,Rosário Oeste,68.1,8,760,35,4.6,10,Jangada,37.1,22,100.0
510770,Rosário Oeste,Centro Norte,2024,1190,865,10,315,72.7,0.8,26.5,27.3,26.5,26.4,510770,Rosário Oeste,72.7,10,936,71,7.6,10,Nobres,77.5,20,100.0
510770,Rosário Oeste,Centro Norte,2025,1166,744,8,414,63.8,0.7,35.5,36.2,35.5,33.9,510770,Rosário Oeste,63.8,11,766,22,2.9,6,Nobres,77.3,33,100.0
510774,Santa Cruz do Xingu,Araguaia Xingu,2020,89,0,80,9,0.0,89.9,10.1,100.0,10.1,165.0,510335,Confresa,88.8,5,0,0,,0,,,1,100.0
510774,Santa Cruz do Xingu,Araguaia Xingu,2021,129,0,105,24,0.0,81.4,18.6,100.0,18.6,214.3,510335,Confresa,79.8,7,0,0,,0,,,6,100.0
510774,Santa Cruz do Xingu,Araguaia Xingu,2022,139,0,118,21,0.0,84.9,15.1,100.0,15.1,194.7,510335,Confresa,84.9,5,0,0,,0,,,4,100.0
510774,Santa Cruz do Xingu,Araguaia Xingu,2023,152,0,137,15,0.0,90.1,9.9,100.0,9.9,158.7,510335,Confresa,90.1,7,0,0,,0,,,3,100.0
510774,Santa Cruz do Xingu,Araguaia Xingu,2024,161,0,135,26,0.0,83.9,16.1,100.0,16.1,199.5,510335,Confresa,83.9,7,0,0,,0,,,4,100.0
510774,Santa Cruz do Xingu,Araguaia Xingu,2025,226,0,188,38,0.0,83.2,16.8,100.0,16.8,208.1,510335,Confresa,83.2,5,0,0,,0,,,3,100.0
510775,Salto do Céu,Oeste Matogrossense,2020,222,97,116,9,43.7,52.3,4.1,56.3,4.1,69.5,510250,Cáceres,51.8,4,104,7,6.7,4,Rio Branco,57.1,5,100.0
510775,Salto do Céu,Oeste Matogrossense,2021,269,110,145,14,40.9,53.9,5.2,59.1,5.2,73.7,510250,Cáceres,53.5,5,112,2,1.8,1,Cuiabá,100.0,3,100.0
510775,Salto do Céu,Oeste Matogrossense,2022,274,134,132,8,48.9,48.2,2.9,51.1,2.9,63.5,510775,Salto do Céu,48.9,4,135,1,0.7,1,Cuiabá,100.0,2,100.0
510775,Salto do Céu,Oeste Matogrossense,2023,250,102,132,16,40.8,52.8,6.4,59.2,6.4,76.6,510250,Cáceres,52.8,5,103,1,1.0,1,Rio Branco,100.0,2,100.0
510775,Salto do Céu,Oeste Matogrossense,2024,295,89,186,20,30.2,63.1,6.8,69.8,6.8,88.4,510250,Cáceres,63.1,6,92,3,3.3,3,Araputanga,33.3,3,100.0
510775,Salto do Céu,Oeste Matogrossense,2025,366,67,234,65,18.3,63.9,17.8,81.7,17.8,114.0,510250,Cáceres,62.8,8,68,1,1.5,1,Mirassol d'Oeste,100.0,11,100.0
510776,Santa Rita do Trivelato,Teles Pires,2020,98,0,93,5,0.0,94.9,5.1,100.0,5.1,147.9,510792,Sorriso,82.7,5,0,0,,0,,,0,
510776,Santa Rita do Trivelato,Teles Pires,2021,141,0,132,9,0.0,93.6,6.4,100.0,6.4,146.1,510792,Sorriso,73.0,7,0,0,,0,,,0,
510776,Santa Rita do Trivelato,Teles Pires,2022,127,0,117,10,0.0,92.1,7.9,100.0,7.9,144.5,510792,Sorriso,52.0,7,0,0,,0,,,6,100.0
510776,Santa Rita do Trivelato,Teles Pires,2023,185,0,132,53,0.0,71.4,28.6,100.0,28.6,152.3,510792,Sorriso,47.0,10,0,0,,0,,,6,100.0
510776,Santa Rita do Trivelato,Teles Pires,2024,185,0,141,44,0.0,76.2,23.8,100.0,23.8,144.3,510792,Sorriso,43.2,9,0,0,,0,,,2,100.0
510776,Santa Rita do Trivelato,Teles Pires,2025,147,0,87,60,0.0,59.2,40.8,100.0,40.8,144.9,510792,Sorriso,34.0,6,0,0,,0,,,7,100.0
510777,Santa Terezinha,Araguaia Xingu,2020,398,157,206,35,39.4,51.8,8.8,60.6,8.8,129.4,510335,Confresa,50.0,6,161,4,2.5,3,Vila Rica,50.0,1,100.0
510777,Santa Terezinha,Araguaia Xingu,2021,662,400,230,32,60.4,34.7,4.8,39.6,4.8,77.8,510777,Santa Terezinha,60.4,7,404,4,1.0,3,Confresa,50.0,3,100.0
510777,Santa Terezinha,Araguaia Xingu,2022,713,451,236,26,63.3,33.1,3.6,36.7,3.6,64.4,510777,Santa Terezinha,63.3,7,451,0,0.0,0,,,2,100.0
510777,Santa Terezinha,Araguaia Xingu,2023,765,432,277,56,56.5,36.2,7.3,43.5,7.3,101.1,510777,Santa Terezinha,56.5,10,436,4,0.9,2,Vila Rica,75.0,6,100.0
510777,Santa Terezinha,Araguaia Xingu,2024,926,527,328,71,56.9,35.4,7.7,43.1,7.7,96.0,510777,Santa Terezinha,56.9,9,530,3,0.6,3,Colíder,33.3,13,100.0
510777,Santa Terezinha,Araguaia Xingu,2025,943,545,291,107,57.8,30.9,11.3,42.2,11.3,118.1,510777,Santa Terezinha,57.8,11,549,4,0.7,4,Alto Boa Vista,25.0,9,100.0
510779,Santo Antônio do Leste,Sul Matogrossense,2020,183,0,172,11,0.0,94.0,6.0,100.0,6.0,142.4,510704,Primavera do Leste,54.6,7,0,0,,0,,,6,100.0
510779,Santo Antônio do Leste,Sul Matogrossense,2021,217,0,213,4,0.0,98.2,1.8,100.0,1.8,143.7,510704,Primavera do Leste,60.8,6,0,0,,0,,,5,100.0
510779,Santo Antônio do Leste,Sul Matogrossense,2022,206,0,193,13,0.0,93.7,6.3,100.0,6.3,145.6,510704,Primavera do Leste,58.7,8,0,0,,0,,,8,100.0
510779,Santo Antônio do Leste,Sul Matogrossense,2023,196,0,183,13,0.0,93.4,6.6,100.0,6.6,146.0,510704,Primavera do Leste,62.8,10,0,0,,0,,,13,100.0
510779,Santo Antônio do Leste,Sul Matogrossense,2024,299,0,275,24,0.0,92.0,8.0,100.0,8.0,147.4,510704,Primavera do Leste,59.9,10,0,0,,0,,,11,100.0
510779,Santo Antônio do Leste,Sul Matogrossense,2025,370,0,319,51,0.0,86.2,13.8,100.0,13.8,148.3,510704,Primavera do Leste,64.6,12,0,0,,0,,,16,100.0
510780,Santo Antônio do Leverger,Baixada Cuiabana,2020,582,0,559,23,0.0,96.0,4.0,100.0,4.0,36.4,510340,Cuiabá,73.5,8,0,0,,0,,,18,100.0
510780,Santo Antônio do Leverger,Baixada Cuiabana,2021,569,0,537,32,0.0,94.4,5.6,100.0,5.6,38.6,510340,Cuiabá,73.1,7,0,0,,0,,,25,100.0
510780,Santo Antônio do Leverger,Baixada Cuiabana,2022,695,0,658,37,0.0,94.7,5.3,100.0,5.3,38.5,510340,Cuiabá,81.6,5,0,0,,0,,,28,100.0
510780,Santo Antônio do Leverger,Baixada Cuiabana,2023,851,0,812,39,0.0,95.4,4.6,100.0,4.6,38.9,510340,Cuiabá,83.9,10,0,0,,0,,,43,100.0
510780,Santo Antônio do Leverger,Baixada Cuiabana,2024,864,0,826,38,0.0,95.6,4.4,100.0,4.4,38.2,510340,Cuiabá,78.7,13,0,0,,0,,,60,100.0
510780,Santo Antônio do Leverger,Baixada Cuiabana,2025,1090,0,1058,32,0.0,97.1,2.9,100.0,2.9,34.6,510340,Cuiabá,75.9,8,0,0,,0,,,70,100.0
510785,São Félix do Araguaia,Norte Araguaia Karajá,2020,850,754,0,96,88.7,0.0,11.3,11.3,11.3,56.7,510785,São Félix do Araguaia,88.7,10,1080,326,30.2,6,Alto Boa Vista,64.7,2,100.0
510785,São Félix do Araguaia,Norte Araguaia Karajá,2021,843,726,0,117,86.1,0.0,13.9,13.9,13.9,68.4,510785,São Félix do Araguaia,86.1,13,1140,414,36.3,11,Alto Boa Vista,58.2,8,100.0
510785,São Félix do Araguaia,Norte Araguaia Karajá,2022,855,728,0,127,85.1,0.0,14.9,14.9,14.9,82.2,510785,São Félix do Araguaia,85.1,10,1145,417,36.4,11,Alto Boa Vista,53.7,5,100.0
510785,São Félix do Araguaia,Norte Araguaia Karajá,2023,940,809,0,131,86.1,0.0,13.9,13.9,13.9,72.9,510785,São Félix do Araguaia,86.1,13,1290,481,37.3,18,Alto Boa Vista,56.8,15,100.0
510785,São Félix do Araguaia,Norte Araguaia Karajá,2024,1069,928,0,141,86.8,0.0,13.2,13.2,13.2,65.3,510785,São Félix do Araguaia,86.8,16,1523,595,39.1,25,Alto Boa Vista,48.6,9,100.0
510785,São Félix do Araguaia,Norte Araguaia Karajá,2025,1172,1038,0,134,88.6,0.0,11.4,11.4,11.4,58.2,510785,São Félix do Araguaia,88.6,11,1642,604,36.8,20,Alto Boa Vista,53.8,12,100.0
510787,Sapezal,Médio Norte Matogrossense,2020,1509,1308,9,192,86.7,0.6,12.7,13.3,12.7,47.9,510787,Sapezal,86.7,12,1308,0,0.0,0,,,19,100.0
510787,Sapezal,Médio Norte Matogrossense,2021,1583,1335,15,233,84.3,0.9,14.7,15.7,14.7,57.2,510787,Sapezal,84.3,16,1335,0,0.0,0,,,21,100.0
510787,Sapezal,Médio Norte Matogrossense,2022,1618,1340,8,270,82.8,0.5,16.7,17.2,16.7,63.1,510787,Sapezal,82.8,19,1340,0,0.0,0,,,24,100.0
510787,Sapezal,Médio Norte Matogrossense,2023,1992,1703,8,281,85.5,0.4,14.1,14.5,14.1,52.9,510787,Sapezal,85.5,16,1703,0,0.0,0,,,41,100.0
510787,Sapezal,Médio Norte Matogrossense,2024,2085,1749,8,328,83.9,0.4,15.7,16.1,15.7,58.4,510787,Sapezal,83.9,14,1749,0,0.0,0,,,43,100.0
510787,Sapezal,Médio Norte Matogrossense,2025,2019,1683,10,326,83.4,0.5,16.1,16.6,16.1,60.8,510787,Sapezal,83.4,20,1683,0,0.0,0,,,47,100.0
510788,Serra Nova Dourada,Norte Araguaia Karajá,2020,71,0,1,70,0.0,1.4,98.6,100.0,98.6,269.0,510020,Água Boa,87.3,5,0,0,,0,,,4,100.0
510788,Serra Nova Dourada,Norte Araguaia Karajá,2021,101,0,1,100,0.0,1.0,99.0,100.0,99.0,232.4,510020,Água Boa,95.0,4,0,0,,0,,,0,
510788,Serra Nova Dourada,Norte Araguaia Karajá,2022,127,0,1,126,0.0,0.8,99.2,100.0,99.2,248.1,510020,Água Boa,91.3,6,0,0,,0,,,2,100.0
510788,Serra Nova Dourada,Norte Araguaia Karajá,2023,94,0,0,94,0.0,0.0,100.0,100.0,100.0,248.7,510020,Água Boa,91.5,4,0,0,,0,,,1,100.0
510788,Serra Nova Dourada,Norte Araguaia Karajá,2024,131,0,6,125,0.0,4.6,95.4,100.0,95.4,248.5,510020,Água Boa,86.3,8,0,0,,0,,,2,100.0
510788,Serra Nova Dourada,Norte Araguaia Karajá,2025,139,0,1,138,0.0,0.7,99.3,100.0,99.3,262.1,510020,Água Boa,89.2,6,0,0,,0,,,2,100.0
510790,Sinop,Teles Pires,2020,6357,5848,177,332,92.0,2.8,5.2,8.0,5.2,21.9,510790,Sinop,92.0,27,7527,1679,22.3,65,Cláudia,17.0,318,23.6
510790,Sinop,Teles Pires,2021,6856,6247,230,379,91.1,3.4,5.5,8.9,5.5,24.4,510790,Sinop,91.1,26,8163,1916,23.5,67,Cláudia,16.9,339,23.3
510790,Sinop,Teles Pires,2022,7316,6152,664,500,84.1,9.1,6.8,15.9,6.8,38.0,510790,Sinop,84.1,24,8410,2258,26.8,78,Sorriso,14.4,466,18.0
510790,Sinop,Teles Pires,2023,8902,6952,942,1008,78.1,10.6,11.3,21.9,11.3,50.3,510790,Sinop,78.1,28,9533,2581,27.1,74,Sorriso,15.7,714,18.9
510790,Sinop,Teles Pires,2024,8822,6571,1511,740,74.5,17.1,8.4,25.5,8.4,57.3,510790,Sinop,74.5,25,9240,2669,28.9,67,Sorriso,14.5,669,15.4
510790,Sinop,Teles Pires,2025,8331,6172,1411,748,74.1,16.9,9.0,25.9,9.0,64.4,510790,Sinop,74.1,28,8377,2205,26.3,59,Cláudia,16.1,671,18.2
510792,Sorriso,Teles Pires,2020,4106,3573,300,233,87.0,7.3,5.7,13.0,5.7,25.9,510792,Sorriso,87.0,22,6319,2746,43.5,46,Tapurah,15.5,159,98.1
510792,Sorriso,Teles Pires,2021,4318,3783,304,231,87.6,7.0,5.3,12.4,5.3,24.8,510792,Sorriso,87.6,20,6813,3030,44.5,58,Nova Ubiratã,13.5,162,98.1
510792,Sorriso,Teles Pires,2022,4626,3826,583,217,82.7,12.6,4.7,17.3,4.7,29.3,510792,Sorriso,82.7,25,6706,2880,42.9,66,Nova Ubiratã,15.2,205,99.0
510792,Sorriso,Teles Pires,2023,4835,3899,568,368,80.6,11.7,7.6,19.4,7.6,35.2,510792,Sorriso,80.6,21,7270,3371,46.4,76,Sinop,20.8,290,94.1
510792,Sorriso,Teles Pires,2024,6684,5476,824,384,81.9,12.3,5.7,18.1,5.7,32.6,510792,Sorriso,81.9,22,9001,3525,39.2,70,Sinop,15.1,334,92.2
510792,Sorriso,Teles Pires,2025,5256,4064,831,361,77.3,15.8,6.9,22.7,6.9,41.7,510792,Sorriso,77.3,23,6718,2654,39.5,70,Tapurah,17.2,355,94.9
510794,Tabaporã,Vale dos Arinos,2020,406,231,90,85,56.9,22.2,20.9,43.1,20.9,71.3,510794,Tabaporã,56.9,11,242,11,4.5,4,Sinop,63.6,8,100.0
510794,Tabaporã,Vale dos Arinos,2021,666,507,96,63,76.1,14.4,9.5,23.9,9.5,38.0,510794,Tabaporã,76.1,9,507,0,0.0,0,,,1,100.0
510794,Tabaporã,Vale dos Arinos,2022,689,520,97,72,75.5,14.1,10.4,24.5,10.4,41.1,510794,Tabaporã,75.5,10,520,0,0.0,0,,,10,100.0
510794,Tabaporã,Vale dos Arinos,2023,268,32,121,115,11.9,45.1,42.9,88.1,42.9,161.5,510510,Juara,44.4,14,32,0,0.0,0,,,13,100.0
510794,Tabaporã,Vale dos Arinos,2024,521,329,94,98,63.1,18.0,18.8,36.9,18.8,74.1,510794,Tabaporã,63.1,11,332,3,0.9,2,Porto dos Gaúchos,66.7,10,100.0
510794,Tabaporã,Vale dos Arinos,2025,693,432,144,117,62.3,20.8,16.9,37.7,16.9,72.4,510794,Tabaporã,62.3,14,434,2,0.5,1,Sinop,100.0,15,100.0
510795,Tangará da Serra,Médio Norte Matogrossense,2020,4522,4000,69,453,88.5,1.5,10.0,11.5,10.0,20.3,510795,Tangará da Serra,88.5,20,4128,128,3.1,32,Campo Novo do Parecis,15.6,83,100.0
510795,Tangará da Serra,Médio Norte Matogrossense,2021,5392,4830,46,516,89.6,0.9,9.6,10.4,9.6,19.4,510795,Tangará da Serra,89.6,20,4953,123,2.5,23,Barra do Bugres,21.1,84,100.0
510795,Tangará da Serra,Médio Norte Matogrossense,2022,5247,4517,84,646,86.1,1.6,12.3,13.9,12.3,24.9,510795,Tangará da Serra,86.1,22,4653,136,2.9,33,Campo Novo do Parecis,15.4,97,100.0
510795,Tangará da Serra,Médio Norte Matogrossense,2023,3156,2282,82,792,72.3,2.6,25.1,27.7,25.1,52.0,510795,Tangará da Serra,72.3,27,2339,57,2.4,24,Campo Novo do Parecis,17.5,133,100.0
510795,Tangará da Serra,Médio Norte Matogrossense,2024,6395,5629,36,730,88.0,0.6,11.4,12.0,11.4,22.2,510795,Tangará da Serra,88.0,22,5671,42,0.7,16,Campo Novo do Parecis,19.0,153,100.0
510795,Tangará da Serra,Médio Norte Matogrossense,2025,6886,5922,31,933,86.0,0.5,13.5,14.0,13.5,26.0,510795,Tangará da Serra,86.0,23,6008,86,1.4,28,Campo Novo do Parecis,19.8,206,98.5
510800,Tapurah,Teles Pires,2020,758,258,467,33,34.0,61.6,4.4,66.0,4.4,70.7,510792,Sorriso,56.2,11,260,2,0.8,2,Juína,50.0,14,100.0
510800,Tapurah,Teles Pires,2021,646,136,465,45,21.1,72.0,7.0,78.9,7.0,90.7,510792,Sorriso,60.5,14,136,0,0.0,0,,,22,100.0
510800,Tapurah,Teles Pires,2022,961,424,470,67,44.1,48.9,7.0,55.9,7.0,70.0,510800,Tapurah,44.1,11,424,0,0.0,0,,,42,100.0
510800,Tapurah,Teles Pires,2023,1126,527,502,97,46.8,44.6,8.6,53.2,8.6,67.3,510800,Tapurah,46.8,19,530,3,0.6,2,Tangará da Serra,66.7,50,100.0
510800,Tapurah,Teles Pires,2024,1065,260,738,67,24.4,69.3,6.3,75.6,6.3,86.5,510792,Sorriso,47.5,16,260,0,0.0,0,,,69,100.0
510800,Tapurah,Teles Pires,2025,1129,343,684,102,30.4,60.6,9.0,69.6,9.0,86.2,510792,Sorriso,40.4,18,344,1,0.3,1,Brasnorte,100.0,60,100.0
510805,Terra Nova do Norte,Vale do Peixoto,2020,676,341,256,79,50.4,37.9,11.7,49.6,11.7,57.8,510805,Terra Nova do Norte,50.4,11,371,30,8.1,15,Colíder,16.7,17,100.0
510805,Terra Nova do Norte,Vale do Peixoto,2021,711,347,307,57,48.8,43.2,8.0,51.2,8.0,40.2,510805,Terra Nova do Norte,48.8,11,360,13,3.6,7,Sinop,46.2,12,100.0
510805,Terra Nova do Norte,Vale do Peixoto,2022,680,370,232,78,54.4,34.1,11.5,45.6,11.5,46.1,510805,Terra Nova do Norte,54.4,9,381,11,2.9,6,Peixoto de Azevedo,27.3,27,100.0
510805,Terra Nova do Norte,Vale do Peixoto,2023,857,441,332,84,51.5,38.7,9.8,48.5,9.8,51.1,510805,Terra Nova do Norte,51.5,12,483,42,8.7,11,Colíder,26.2,24,100.0
510805,Terra Nova do Norte,Vale do Peixoto,2024,745,425,220,100,57.0,29.5,13.4,43.0,13.4,59.4,510805,Terra Nova do Norte,57.0,14,459,34,7.4,16,Sinop,29.4,40,65.0
510805,Terra Nova do Norte,Vale do Peixoto,2025,1000,518,291,191,51.8,29.1,19.1,48.2,19.1,84.6,510805,Terra Nova do Norte,51.8,11,545,27,5.0,9,Sinop,29.6,46,100.0
510810,Tesouro,Sul Matogrossense,2020,157,60,97,0,38.2,61.8,0.0,61.8,0.0,75.1,510760,Rondonópolis,60.5,2,61,1,1.6,1,Primavera do Leste,100.0,4,100.0
510810,Tesouro,Sul Matogrossense,2021,200,68,127,5,34.0,63.5,2.5,66.0,2.5,84.1,510760,Rondonópolis,62.0,3,70,2,2.9,2,Cuiabá,50.0,6,100.0
510810,Tesouro,Sul Matogrossense,2022,217,90,124,3,41.5,57.1,1.4,58.5,1.4,74.5,510760,Rondonópolis,55.8,5,92,2,2.2,2,Barra do Garças,50.0,10,100.0
510810,Tesouro,Sul Matogrossense,2023,234,86,140,8,36.8,59.8,3.4,63.2,3.4,82.1,510760,Rondonópolis,58.1,4,93,7,7.5,3,Guiratinga,71.4,27,100.0
510810,Tesouro,Sul Matogrossense,2024,242,64,173,5,26.4,71.5,2.1,73.6,2.1,91.0,510760,Rondonópolis,63.6,6,67,3,4.5,3,Guiratinga,33.3,22,100.0
510810,Tesouro,Sul Matogrossense,2025,254,50,193,11,19.7,76.0,4.3,80.3,4.3,101.4,510760,Rondonópolis,64.2,6,61,11,18.0,7,Guiratinga,36.4,11,100.0
510820,Torixoréu,Garças Araguaia,2020,274,201,60,13,73.4,21.9,4.7,26.6,4.7,27.7,510820,Torixoréu,73.4,4,227,26,11.5,12,Ribeirãozinho,42.3,2,50.0
510820,Torixoréu,Garças Araguaia,2021,255,191,52,12,74.9,20.4,4.7,25.1,4.7,28.6,510820,Torixoréu,74.9,7,192,1,0.5,1,Ribeirãozinho,100.0,2,100.0
510820,Torixoréu,Garças Araguaia,2022,231,176,40,15,76.2,17.3,6.5,23.8,6.5,30.8,510820,Torixoréu,76.2,6,202,26,12.9,9,Ribeirãozinho,42.3,1,100.0
510820,Torixoréu,Garças Araguaia,2023,242,190,43,9,78.5,17.8,3.7,21.5,3.7,25.0,510820,Torixoréu,78.5,6,332,142,42.8,11,Ribeirãozinho,31.7,3,100.0
510820,Torixoréu,Garças Araguaia,2024,228,165,49,14,72.4,21.5,6.1,27.6,6.1,35.5,510820,Torixoréu,72.4,8,378,213,56.3,19,Pontal do Araguaia,25.4,1,100.0
510820,Torixoréu,Garças Araguaia,2025,273,185,69,19,67.8,25.3,7.0,32.2,7.0,36.4,510820,Torixoréu,67.8,7,349,164,47.0,18,Barra do Garças,25.6,6,66.7
510830,União do Sul,Teles Pires,2020,144,0,137,7,0.0,95.1,4.9,100.0,4.9,167.1,510792,Sorriso,53.5,9,0,0,,0,,,4,100.0
510830,União do Sul,Teles Pires,2021,198,0,185,13,0.0,93.4,6.6,100.0,6.6,181.4,510790,Sinop,47.5,5,0,0,,0,,,8,100.0
510830,União do Sul,Teles Pires,2022,213,0,195,18,0.0,91.5,8.5,100.0,8.5,183.4,510790,Sinop,51.2,9,0,0,,0,,,4,100.0
510830,União do Sul,Teles Pires,2023,222,0,189,33,0.0,85.1,14.9,100.0,14.9,197.4,510790,Sinop,44.6,13,0,0,,0,,,14,100.0
510830,União do Sul,Teles Pires,2024,231,0,218,13,0.0,94.4,5.6,100.0,5.6,181.5,510790,Sinop,50.2,9,0,0,,0,,,10,100.0
510830,União do Sul,Teles Pires,2025,190,0,175,15,0.0,92.1,7.9,100.0,7.9,184.3,510790,Sinop,58.9,9,0,0,,0,,,16,100.0
510835,Vale de São Domingos,Sudoeste Matogrossense,2020,173,0,123,50,0.0,71.1,28.9,100.0,28.9,89.2,510675,Pontes e Lacerda,68.2,5,0,0,,0,,,7,100.0
510835,Vale de São Domingos,Sudoeste Matogrossense,2021,149,0,106,43,0.0,71.1,28.9,100.0,28.9,82.2,510675,Pontes e Lacerda,69.1,6,0,0,,0,,,1,100.0
510835,Vale de São Domingos,Sudoeste Matogrossense,2022,139,0,95,44,0.0,68.3,31.7,100.0,31.7,93.1,510675,Pontes e Lacerda,65.5,5,0,0,,0,,,4,100.0
510835,Vale de São Domingos,Sudoeste Matogrossense,2023,191,0,114,77,0.0,59.7,40.3,100.0,40.3,121.8,510675,Pontes e Lacerda,57.1,7,0,0,,0,,,11,100.0
510835,Vale de São Domingos,Sudoeste Matogrossense,2024,228,0,134,94,0.0,58.8,41.2,100.0,41.2,127.5,510675,Pontes e Lacerda,55.7,9,0,0,,0,,,7,100.0
510835,Vale de São Domingos,Sudoeste Matogrossense,2025,271,0,187,84,0.0,69.0,31.0,100.0,31.0,105.4,510675,Pontes e Lacerda,59.0,6,0,0,,0,,,17,100.0
510840,Várzea Grande,Baixada Cuiabana,2020,13269,6591,6616,62,49.7,49.9,0.5,50.3,0.5,7.7,510340,Cuiabá,49.8,25,9041,2450,27.1,91,Cuiabá,49.1,496,99.0
510840,Várzea Grande,Baixada Cuiabana,2021,14629,8944,5618,67,61.1,38.4,0.5,38.9,0.5,6.3,510840,Várzea Grande,61.1,18,12543,3599,28.7,111,Cuiabá,46.7,505,100.0
510840,Várzea Grande,Baixada Cuiabana,2022,14194,7901,6221,72,55.7,43.8,0.5,44.3,0.5,7.0,510840,Várzea Grande,55.7,23,10876,2975,27.4,130,Cuiabá,27.6,654,94.0
510840,Várzea Grande,Baixada Cuiabana,2023,14033,7035,6885,113,50.1,49.1,0.8,49.9,0.8,8.4,510840,Várzea Grande,50.1,29,12339,5304,43.0,137,Cuiabá,19.9,750,84.1
510840,Várzea Grande,Baixada Cuiabana,2024,17246,9406,7715,125,54.5,44.7,0.7,45.5,0.7,7.5,510840,Várzea Grande,54.5,32,14907,5501,36.9,133,Cuiabá,23.3,953,91.1
510840,Várzea Grande,Baixada Cuiabana,2025,20147,11821,8209,117,58.7,40.7,0.6,41.3,0.6,7.3,510840,Várzea Grande,58.7,28,19080,7259,38.0,137,Cuiabá,20.7,1154,87.4
510850,Vera,Teles Pires,2020,433,0,408,25,0.0,94.2,5.8,100.0,5.8,74.6,510792,Sorriso,85.2,9,0,0,,0,,,7,100.0
510850,Vera,Teles Pires,2021,492,0,442,50,0.0,89.8,10.2,100.0,10.2,90.4,510792,Sorriso,76.8,6,0,0,,0,,,22,100.0
510850,Vera,Teles Pires,2022,435,0,385,50,0.0,88.5,11.5,100.0,11.5,95.1,510792,Sorriso,63.9,13,0,0,,0,,,38,100.0
510850,Vera,Teles Pires,2023,447,0,389,58,0.0,87.0,13.0,100.0,13.0,100.0,510792,Sorriso,56.2,11,0,0,,0,,,25,100.0
510850,Vera,Teles Pires,2024,531,0,486,45,0.0,91.5,8.5,100.0,8.5,90.7,510792,Sorriso,54.4,14,0,0,,0,,,37,100.0
510850,Vera,Teles Pires,2025,457,0,411,46,0.0,89.9,10.1,100.0,10.1,106.2,510792,Sorriso,45.3,12,0,0,,0,,,38,100.0
510860,Vila Rica,Araguaia Xingu,2020,729,456,185,88,62.6,25.4,12.1,37.4,12.1,117.7,510860,Vila Rica,62.6,10,486,30,6.2,9,Confresa,46.7,14,100.0
510860,Vila Rica,Araguaia Xingu,2021,1305,1003,194,108,76.9,14.9,8.3,23.1,8.3,76.8,510860,Vila Rica,76.9,10,1019,16,1.6,6,Confresa,43.8,6,100.0
510860,Vila Rica,Araguaia Xingu,2022,1225,908,222,95,74.1,18.1,7.8,25.9,7.8,74.6,510860,Vila Rica,74.1,13,913,5,0.5,4,Santa Terezinha,40.0,10,90.0
510860,Vila Rica,Araguaia Xingu,2023,1277,932,242,103,73.0,19.0,8.1,27.0,8.1,78.1,510860,Vila Rica,73.0,13,938,6,0.6,6,Alto Boa Vista,16.7,18,88.9
510860,Vila Rica,Araguaia Xingu,2024,1382,978,245,159,70.8,17.7,11.5,29.2,11.5,106.0,510860,Vila Rica,70.8,11,991,13,1.3,6,Santa Terezinha,53.8,10,80.0
510860,Vila Rica,Araguaia Xingu,2025,1556,1152,209,195,74.0,13.4,12.5,26.0,12.5,108.8,510860,Vila Rica,74.0,11,1161,9,0.8,7,Confresa,33.3,34,97.1
510880,Nova Guarita,Norte Matogrossense,2020,169,0,142,27,0.0,84.0,16.0,100.0,16.0,80.4,510320,Colíder,84.0,6,0,0,,0,,,2,100.0
510880,Nova Guarita,Norte Matogrossense,2021,168,0,115,53,0.0,68.5,31.5,100.0,31.5,125.4,510320,Colíder,68.5,9,0,0,,0,,,12,100.0
510880,Nova Guarita,Norte Matogrossense,2022,236,0,172,64,0.0,72.9,27.1,100.0,27.1,104.8,510320,Colíder,72.9,8,0,0,,0,,,31,100.0
510880,Nova Guarita,Norte Matogrossense,2023,229,0,142,87,0.0,62.0,38.0,100.0,38.0,132.7,510320,Colíder,62.0,11,0,0,,0,,,38,100.0
510880,Nova Guarita,Norte Matogrossense,2024,341,0,212,129,0.0,62.2,37.8,100.0,37.8,132.5,510320,Colíder,62.2,14,0,0,,0,,,58,100.0
510880,Nova Guarita,Norte Matogrossense,2025,358,0,222,136,0.0,62.0,38.0,100.0,38.0,154.9,510320,Colíder,62.0,12,0,0,,0,,,38,100.0
510885,Nova Marilândia,Médio Norte Matogrossense,2020,98,0,41,57,0.0,41.8,58.2,100.0,58.2,113.2,510340,Cuiabá,41.8,8,0,0,,0,,,2,100.0
510885,Nova Marilândia,Médio Norte Matogrossense,2021,150,0,108,42,0.0,72.0,28.0,100.0,28.0,58.4,510130,Arenápolis,71.3,7,0,0,,0,,,4,100.0
510885,Nova Marilândia,Médio Norte Matogrossense,2022,183,0,121,62,0.0,66.1,33.9,100.0,33.9,69.7,510130,Arenápolis,64.5,8,0,0,,0,,,4,100.0
510885,Nova Marilândia,Médio Norte Matogrossense,2023,217,0,139,78,0.0,64.1,35.9,100.0,35.9,75.0,510130,Arenápolis,64.1,6,0,0,,0,,,9,100.0
510885,Nova Marilândia,Médio Norte Matogrossense,2024,232,0,140,92,0.0,60.3,39.7,100.0,39.7,87.6,510130,Arenápolis,60.3,7,0,0,,0,,,21,100.0
510885,Nova Marilândia,Médio Norte Matogrossense,2025,235,0,168,67,0.0,71.5,28.5,100.0,28.5,62.1,510130,Arenápolis,71.1,8,0,0,,0,,,7,100.0
510890,Nova Maringá,Centro Norte,2020,182,0,13,169,0.0,7.1,92.9,100.0,92.9,164.6,510792,Sorriso,78.0,11,0,0,,0,,,2,100.0
510890,Nova Maringá,Centro Norte,2021,202,0,8,194,0.0,4.0,96.0,100.0,96.0,162.4,510792,Sorriso,80.7,9,0,0,,0,,,1,100.0
510890,Nova Maringá,Centro Norte,2022,207,0,9,198,0.0,4.3,95.7,100.0,95.7,189.5,510792,Sorriso,63.8,14,0,0,,0,,,5,100.0
510890,Nova Maringá,Centro Norte,2023,150,0,26,124,0.0,17.3,82.7,100.0,82.7,182.0,510792,Sorriso,50.7,10,0,0,,0,,,1,100.0
510890,Nova Maringá,Centro Norte,2024,164,0,54,110,0.0,32.9,67.1,100.0,67.1,206.8,510350,Diamantino,32.3,9,0,0,,0,,,8,100.0
510890,Nova Maringá,Centro Norte,2025,167,0,56,111,0.0,33.5,66.5,100.0,66.5,226.1,510350,Diamantino,32.3,10,0,0,,0,,,3,100.0
510895,Nova Monte Verde,Alto Tapajós,2020,360,0,325,35,0.0,90.3,9.7,100.0,9.7,201.0,510025,Alta Floresta,89.7,7,0,0,,0,,,5,100.0
510895,Nova Monte Verde,Alto Tapajós,2021,421,0,364,57,0.0,86.5,13.5,100.0,13.5,214.9,510025,Alta Floresta,83.1,9,0,0,,0,,,10,100.0
510895,Nova Monte Verde,Alto Tapajós,2022,480,0,433,47,0.0,90.2,9.8,100.0,9.8,188.6,510025,Alta Floresta,71.7,13,0,0,,0,,,9,100.0
510895,Nova Monte Verde,Alto Tapajós,2023,449,0,379,70,0.0,84.4,15.6,100.0,15.6,210.8,510025,Alta Floresta,71.3,16,0,0,,0,,,11,100.0
510895,Nova Monte Verde,Alto Tapajós,2024,602,0,493,109,0.0,81.9,18.1,100.0,18.1,211.9,510025,Alta Floresta,73.9,14,0,0,,0,,,17,100.0
510895,Nova Monte Verde,Alto Tapajós,2025,688,0,599,89,0.0,87.1,12.9,100.0,12.9,194.8,510025,Alta Floresta,75.3,12,0,0,,0,,,15,100.0
