cnes,cod_mun6,co_regsaud,ano,nome_fantasia,natureza_juridica,esfera,tipo_unidade,n_meses,ano_parcial,leitos_sus,leitos_total,leitos_uti_sus,equip_sus_uso,fte_medicos_sus,fte_enfermeiros_sus,fte_tec_enfermagem_sus,fte_total_sus,internacoes,internacoes_mc,internacoes_ac,diarias,diarias_uti,valor_total,valor_medio_aih,obitos,taxa_mortalidade_hosp,pct_urgencia,permanencia_media,n_procedimentos_distintos,taxa_ocupacao_leitos_sus,internacoes_por_leito,internacoes_por_fte_medico,elegivel_dmu,municipio,regiao_saude
2473046,510020,51006,2020,HOSPITAL REGIONAL DE AGUA BOA,1210,PUBLICA_OUTRA,05,12.0,False,60.0,67.0,1.0,61.67,9.95,5.54,29.52,81.51,2473.0,2473.0,0.0,7126.0,136.0,1704877.54,689.4,76.0,3.073,99.56,2.79,140.0,0.325,41.22,248.54,True,Água Boa,Médio Araguaia
2471345,510025,51001,2020,HOSPITAL REGIONAL DE ALTA FLORESTA ALBERT SABIN,1236,ESTADUAL,05,12.0,False,79.92,94.0,0.0,134.25,19.79,36.9,105.78,206.46,4523.0,4523.0,0.0,16234.0,0.0,2661014.43,588.33,193.0,4.267,92.2,3.44,276.0,0.557,56.59,228.55,True,Alta Floresta,Alto Tapajós
3913899,510025,51001,2020,,2305,PRIVADA_EMPRESARIAL,05,7.0,False,34.29,73.0,4.29,107.71,4.04,8.87,23.46,42.35,19.0,19.0,0.0,23.0,122.0,228583.03,12030.69,5.0,26.316,100.0,7.32,1.0,0.002,0.55,4.7,False,Alta Floresta,Alto Tapajós
2396998,510030,51013,2020,HOSPITAL MUNICIPAL DE ALTO ARAGUAIA,1244,MUNICIPAL,05,12.0,False,34.0,34.0,0.0,9.0,9.31,8.25,21.92,74.24,523.0,523.0,0.0,1382.0,0.0,197640.77,377.9,17.0,3.25,71.7,2.48,60.0,0.111,15.38,56.18,True,Alto Araguaia,Sul Matogrossense
2397056,510060,51013,2020,HOSPITAL E MATERNIDADE NOSSA SENHORA APARECIDA,1155,MUNICIPAL,05,12.0,False,25.0,31.0,0.0,20.0,2.69,7.0,10.3,26.7,115.0,115.0,0.0,288.0,0.0,69834.47,607.26,0.0,0.0,26.09,2.45,16.0,0.032,4.6,42.75,True,Alto Taquari,Sul Matogrossense
2471590,510080,51001,2020,HOSPITAL MUNICIPAL DE APIACAS,1244,MUNICIPAL,05,12.0,False,31.33,31.33,0.0,8.0,1.5,4.42,9.42,39.42,328.0,328.0,0.0,1075.0,0.0,119652.86,364.8,0.0,0.0,100.0,3.27,45.0,0.094,10.47,218.67,True,Apiacás,Alto Tapajós
2752611,510125,51011,2020,HOSPITAL GERAL E MATERNIDADE ARAPUTANGA,2062,PRIVADA_EMPRESARIAL,05,12.0,False,16.0,19.0,0.0,14.0,3.3,0.0,2.1,6.25,72.0,72.0,0.0,125.0,0.0,24914.77,346.04,0.0,0.0,98.61,1.71,25.0,0.021,4.5,21.82,False,Araputanga,Oeste Matogrossense
2472244,510130,51007,2020,HOSPITAL MUNICIPAL DR MANUELA MACHADO BARBOSA GOMES,3999,PRIVADA_SEM_FINS_LUCRATIVOS,05,6.0,False,26.33,27.0,0.0,8.67,2.39,2.33,3.33,15.18,121.0,121.0,0.0,283.0,0.0,50842.78,420.19,2.0,1.653,61.16,2.26,32.0,0.029,4.6,50.63,False,Arenápolis,Médio Norte Matogrossense
4069099,510140,51008,2020,HOSPITAL MUNICIPAL SANTO ANTONIO ARIPUANA,1244,MUNICIPAL,05,12.0,False,33.0,33.0,0.0,8.0,4.29,8.42,30.0,67.43,695.0,695.0,0.0,2040.0,0.0,277009.22,398.57,4.0,0.576,100.0,2.88,59.0,0.169,21.06,162.0,True,Aripuanã,Noroeste Matogrossense
2391392,510160,51002,2020,,1244,MUNICIPAL,05,3.0,False,12.0,12.0,0.0,9.0,0.5,1.75,3.0,11.0,,,,,,,,,,,,,,,,False,Barão de Melgaço,Baixada Cuiabana
2472457,510170,51007,2020,,1236,ESTADUAL,05,7.0,False,66.0,66.0,0.0,36.0,11.73,4.6,48.85,119.83,1265.0,1265.0,0.0,3864.0,0.0,569422.18,450.14,20.0,1.581,99.92,2.98,131.0,0.16,19.17,107.84,False,Barra do Bugres,Médio Norte Matogrossense
2395886,510180,51005,2020,HOSPITAL MUNICIPAL MILTON PESSOA MORBECK,1244,MUNICIPAL,05,12.0,False,96.08,98.33,14.42,108.33,49.66,41.15,104.93,306.38,3657.0,3657.0,0.0,11138.0,3540.0,5571129.78,1523.42,279.0,7.629,88.93,3.79,285.0,0.318,38.06,73.64,True,Barra do Garças,Garças Araguaia
2471795,510190,51008,2020,HOSPITAL MUNICIPAL DE BRASNORTE BRASNORTE,1244,MUNICIPAL,05,12.0,False,31.0,31.0,0.0,112.33,8.22,7.18,24.5,78.58,1081.0,1081.0,0.0,3475.0,0.0,373774.93,345.77,16.0,1.48,100.0,2.96,95.0,0.307,34.87,131.51,True,Brasnorte,Noroeste Matogrossense
2395037,510250,51011,2020,HOSPITAL REGIONAL DE CACERES DR ANTONIO FONTES UNIDADE II,3999,PRIVADA_SEM_FINS_LUCRATIVOS,05,12.0,False,109.67,156.42,13.75,278.0,21.39,48.16,196.45,286.61,4477.0,4477.0,0.0,20213.0,3445.0,4984365.64,1113.33,331.0,7.393,95.06,5.17,121.0,0.505,40.82,209.3,True,Cáceres,Oeste Matogrossense
2534460,510250,51011,2020,HOSPITAL REGIONAL DE CACERES DR ANTONIO FONTES UNIDADE I,1236,ESTADUAL,05,12.0,False,111.58,124.5,7.25,313.67,46.76,32.55,179.65,345.78,5380.0,5366.0,14.0,21449.0,2301.0,5453695.27,1013.7,385.0,7.156,97.01,4.18,326.0,0.527,48.22,115.06,True,Cáceres,Oeste Matogrossense
2395479,510260,51005,2020,HOSPITAL MUNICIPAL SEBASTIAO ANTONIO DA COSTA,1155,MUNICIPAL,05,11.0,False,23.45,23.45,0.0,5.0,4.71,2.86,16.23,46.69,373.0,373.0,0.0,1242.0,0.0,199926.52,536.0,3.0,0.804,100.0,3.24,30.0,0.145,15.91,79.19,False,Campinápolis,Garças Araguaia
0303267,510263,51007,2020,,3999,PRIVADA_SEM_FINS_LUCRATIVOS,05,4.0,False,31.5,38.5,0.0,71.0,12.25,11.35,33.73,93.75,373.0,373.0,0.0,1002.0,0.0,177787.24,476.64,11.0,2.949,94.64,2.48,79.0,0.087,11.84,30.45,False,Campo Novo do Parecis,Médio Norte Matogrossense
2655802,510263,51007,2020,HOSPITAL MUNICIPAL EUCLIDES HORST,3999,PRIVADA_SEM_FINS_LUCRATIVOS,05,7.0,False,30.0,31.0,0.0,37.0,9.41,7.35,35.65,88.96,474.0,474.0,0.0,1147.0,0.0,204162.58,430.72,7.0,1.477,88.82,2.29,87.0,0.105,15.8,50.37,False,Campo Novo do Parecis,Médio Norte Matogrossense
2396106,510267,51013,2020,HOSPITAL MUNICIPAL CORACAO DE JESUS,3999,PRIVADA_SEM_FINS_LUCRATIVOS,05,12.0,False,39.33,51.33,1.67,73.33,9.42,12.08,52.53,95.52,1950.0,1950.0,0.0,5206.0,256.0,1492736.36,765.51,52.0,2.667,59.69,2.69,166.0,0.363,49.58,207.01,True,Campo Verde,Sul Matogrossense
2394324,510268,51012,2020,HOSPITAL MUNICIPAL LEOCYR LAZARETE,1244,MUNICIPAL,05,12.0,False,17.0,17.0,0.0,39.0,5.74,7.13,13.21,52.57,324.0,324.0,0.0,1208.0,0.0,192632.98,594.55,2.0,0.617,100.0,3.51,48.0,0.195,19.06,56.45,True,Campos de Júlio,Sudoeste Matogrossense
2472945,510270,51006,2020,,,,,,False,,,,,,,,,24.0,24.0,0.0,94.0,0.0,34612.83,1442.2,0.0,0.0,100.0,3.46,2.0,,,,False,Canarana,Médio Araguaia
7768400,510270,51006,2020,HOSPITAL MUNICIPAL LORENA PARODE,1244,MUNICIPAL,05,12.0,False,32.67,32.67,0.0,31.0,6.06,4.09,18.98,49.38,831.0,831.0,0.0,1733.0,0.0,325007.47,391.1,10.0,1.203,73.53,1.9,72.0,0.145,25.44,137.13,True,Canarana,Médio Araguaia
2390647,510300,51002,2020,,1244,MUNICIPAL,05,4.0,False,2.0,2.0,0.0,15.0,1.83,1.64,3.54,7.68,,,,,,,,,,,,,,,,False,Chapada dos Guimarães,Baixada Cuiabana
2398443,510305,51014,2020,HOSPITAL DONA NILZA DE OLIVEIRA PIPINO,3069,PRIVADA_SEM_FINS_LUCRATIVOS,05,12.0,False,20.33,26.67,0.0,4.0,3.66,3.79,4.22,21.75,546.0,546.0,0.0,1200.0,0.0,197806.07,362.28,10.0,1.832,100.0,2.1,63.0,0.162,26.86,149.18,True,Cláudia,Teles Pires
2472783,510310,51006,2020,HOSPITAL MUNICIPAL DE COCALINHO,1244,MUNICIPAL,05,12.0,False,16.0,16.0,0.0,5.0,1.48,5.17,6.0,25.56,246.0,246.0,0.0,694.0,0.0,70224.86,285.47,0.0,0.0,78.05,2.82,29.0,0.119,15.38,166.22,True,Cocalinho,Médio Araguaia
2392380,510320,51010,2020,,2062,PRIVADA_EMPRESARIAL,05,12.0,False,21.0,27.0,0.0,6.0,1.5,2.0,6.5,14.0,341.0,341.0,0.0,714.0,0.0,129801.59,380.65,0.0,0.0,0.0,2.09,20.0,0.093,16.24,227.33,True,Colíder,Norte Matogrossense
2392410,510320,51010,2020,HOSPITAL REGIONAL DE COLIDER,1236,ESTADUAL,05,12.0,False,74.33,85.83,8.0,135.75,44.08,35.92,143.83,402.69,2253.0,2253.0,0.0,9394.0,1683.0,2557863.23,1135.31,173.0,7.679,98.76,4.71,173.0,0.346,30.31,51.11,True,Colíder,Norte Matogrossense
3574261,510325,51008,2020,HOSPITAL MUNICIPAL ANDRE MAGGI COLNIZA,1244,MUNICIPAL,05,12.0,False,28.0,28.0,0.0,9.0,4.16,5.42,14.75,57.96,992.0,991.0,1.0,2028.0,0.0,359202.35,362.1,11.0,1.109,99.9,1.82,117.0,0.198,35.43,238.46,True,Colniza,Noroeste Matogrossense
2395274,510330,51012,2020,HOSPITAL DAS CLINICAS DE COMODORO,2305,PRIVADA_EMPRESARIAL,05,12.0,False,31.0,42.0,0.0,10.0,1.13,1.1,4.45,17.0,1208.0,1208.0,0.0,4217.0,0.0,599851.38,496.57,13.0,1.076,99.92,3.42,55.0,0.373,38.97,1069.03,True,Comodoro,Sudoeste Matogrossense
2793636,510335,51003,2020,HOSPITAL E MATERNIDADE DR LAURO TARCISIO PRESTE DE OLIVEIRA,1244,MUNICIPAL,05,12.0,False,48.0,48.0,0.0,27.0,6.74,9.67,20.58,73.06,3172.0,3172.0,0.0,8600.0,0.0,1547102.02,487.74,63.0,1.986,93.44,2.62,175.0,0.491,66.08,470.62,True,Confresa,Araguaia Xingu
2392968,510337,51008,2020,HOSPITAL MUNICIPAL OLIRIO OLIVEIRA DOS SANTOS,1244,MUNICIPAL,05,12.0,False,33.92,33.92,0.0,35.92,2.58,4.42,10.5,38.78,493.0,493.0,0.0,1581.0,0.0,182117.02,369.41,4.0,0.811,99.59,3.11,64.0,0.128,14.53,191.09,True,Cotriguaçu,Noroeste Matogrossense
2311682,510340,51002,2020,HOSPITAL SANTA HELENA,3999,PRIVADA_SEM_FINS_LUCRATIVOS,05,12.0,False,135.17,167.08,28.0,269.33,27.78,24.64,148.93,234.13,12461.0,12403.0,58.0,32322.0,9244.0,13559300.19,1088.14,208.0,1.669,96.46,3.41,154.0,0.655,92.19,448.56,True,Cuiabá,Baixada Cuiabana
2393565,510340,51002,2020,,2062,PRIVADA_EMPRESARIAL,05,12.0,False,16.0,74.0,4.0,223.0,8.28,2.2,0.2,13.08,,,,,,,,,,,,,,,,False,Cuiabá,Baixada Cuiabana
2473062,510340,51002,2020,HOSPITAL DE OLHOS DE CUIABA,2062,PRIVADA_EMPRESARIAL,07,12.0,False,9.0,10.0,0.0,18.0,7.23,0.0,0.0,9.73,,,,,,,,,,,,,,,,False,Cuiabá,Baixada Cuiabana
2494523,510340,51002,2020,FEMINA HOSPITAL INFANTIL E MATERNIDADE,2062,PRIVADA_EMPRESARIAL,07,12.0,False,9.0,85.0,5.0,221.0,8.44,17.77,77.17,131.3,44.0,2.0,42.0,16.0,297.0,569674.72,12947.15,8.0,18.182,65.91,6.61,14.0,0.005,4.89,5.21,False,Cuiabá,Baixada Cuiabana
2495015,510340,51002,2020,HOSPITAL E PRONTO SOCORRO MUNICIPAL DE CUIABA,1031,MUNICIPAL,05,12.0,False,266.33,287.58,70.92,467.5,80.91,119.04,390.95,877.45,1751.0,1723.0,28.0,10503.0,11348.0,12101965.45,6911.46,497.0,28.384,78.3,11.95,106.0,0.108,6.57,21.64,True,Cuiabá,Baixada Cuiabana
2534444,510340,51002,2020,HOSPITAL DE CANCER DE MATO GROSSO,3999,PRIVADA_SEM_FINS_LUCRATIVOS,07,12.0,False,73.0,99.5,10.0,191.42,28.41,38.79,98.8,410.83,3153.0,1858.0,1295.0,15574.0,2776.0,7501012.0,2379.01,302.0,9.578,28.42,5.53,198.0,0.584,43.19,110.98,True,Cuiabá,Baixada Cuiabana
2604388,510340,51002,2020,,2054,PRIVADA_EMPRESARIAL,05,12.0,False,13.0,166.0,5.0,212.5,15.35,6.38,12.23,45.72,20.0,0.0,20.0,89.0,17.0,137874.07,6893.7,0.0,0.0,65.0,4.9,4.0,0.019,1.54,1.3,False,Cuiabá,Baixada Cuiabana
2604396,510340,51002,2020,CIAPS HOSPITAL ADAUTO BOTELHO,1236,ESTADUAL,07,12.0,False,120.0,120.0,0.0,4.0,14.71,37.75,90.0,239.46,355.0,355.0,0.0,21066.0,0.0,1045962.17,2946.37,0.0,0.0,100.0,59.3,1.0,0.481,2.96,24.13,True,Cuiabá,Baixada Cuiabana
2655411,510340,51002,2020,HOSPITAL UNIVERSITARIO JULIO MULLER EBSERH,1139,FEDERAL,05,12.0,False,111.17,116.5,20.0,484.75,135.53,119.98,247.78,935.55,2440.0,2380.0,60.0,15502.0,4594.0,5449396.71,2233.36,93.0,3.811,89.51,8.41,198.0,0.382,21.95,18.0,True,Cuiabá,Baixada Cuiabana
2659107,510340,51002,2020,HOSPITAL GERAL E MATERNIDADE DE CUIABA,3999,PRIVADA_SEM_FINS_LUCRATIVOS,07,12.0,False,206.0,233.0,30.0,375.0,88.71,63.82,240.84,637.63,7032.0,5410.0,1622.0,36340.0,9807.0,21614260.12,3073.7,276.0,3.925,94.85,6.69,353.0,0.483,34.14,79.27,True,Cuiabá,Baixada Cuiabana
3851249,510340,51002,2020,,3999,PRIVADA_SEM_FINS_LUCRATIVOS,05,12.0,False,31.0,39.0,0.0,41.33,2.94,4.16,3.63,15.53,,,,,,,,,,,,,,,,False,Cuiabá,Baixada Cuiabana
6923089,510340,51002,2020,HOSPITAL OTORRINO,2062,PRIVADA_EMPRESARIAL,05,12.0,False,5.0,24.0,0.0,46.17,2.88,0.0,12.48,28.6,,,,,,,,,,,,,,,,False,Cuiabá,Baixada Cuiabana
7349270,510340,51002,2020,HOSPITAL MUNICIPAL SAO BENEDITO DE CUIABA,1031,MUNICIPAL,05,12.0,False,77.0,117.83,15.0,479.42,24.99,57.91,155.48,316.5,668.0,667.0,1.0,2906.0,202.0,809875.14,1212.39,13.0,1.946,0.15,4.41,97.0,0.103,8.68,26.73,True,Cuiabá,Baixada Cuiabana
9209352,510340,51002,2020,HOSPITAL MUNICIPAL DE CUIABA E P S DR LEONY PALMA CARVALHO,1031,MUNICIPAL,05,12.0,False,244.92,304.75,5.0,919.0,136.86,179.12,271.17,783.91,6579.0,6542.0,37.0,39522.0,2.0,4596814.32,698.71,245.0,3.724,99.76,5.77,350.0,0.442,26.86,48.07,True,Cuiabá,Baixada Cuiabana
9331050,510340,51002,2020,,2054,PRIVADA_EMPRESARIAL,05,7.0,False,11.0,63.0,2.0,127.0,11.33,3.0,13.5,42.48,27.0,1.0,26.0,208.0,30.0,100771.75,3732.29,1.0,3.704,11.11,8.33,8.0,0.052,2.45,2.38,False,Cuiabá,Baixada Cuiabana
9841903,510340,51002,2020,HOSPITAL ESTADUAL SANTA CASA,1236,ESTADUAL,05,12.0,False,185.83,234.08,23.75,704.83,121.39,129.99,275.9,640.06,2575.0,2573.0,2.0,15106.0,1107.0,4109684.3,1595.99,140.0,5.437,10.8,6.18,227.0,0.223,13.86,21.21,True,Cuiabá,Baixada Cuiabana
9893598,510340,51002,2020,,2062,PRIVADA_EMPRESARIAL,07,12.0,False,1.0,11.0,0.0,111.0,0.25,2.7,5.0,11.7,,,,,,,,,,,,,,,,False,Cuiabá,Baixada Cuiabana
2398125,510350,51004,2020,HOSPITAL MUNICIPAL SAO JOAO BATISTA,3999,PRIVADA_SEM_FINS_LUCRATIVOS,05,12.0,False,38.0,48.0,0.0,26.0,2.51,2.23,6.3,18.14,1104.0,1104.0,0.0,2324.0,0.0,635364.41,575.51,10.0,0.906,100.0,1.93,124.0,0.168,29.05,439.84,True,Diamantino,Centro Norte
2396343,510360,51013,2020,HOSPITAL BOM JESUS,3999,PRIVADA_SEM_FINS_LUCRATIVOS,05,12.0,False,15.0,20.0,0.0,3.0,1.15,0.9,2.8,5.98,270.0,270.0,0.0,556.0,0.0,121675.36,450.65,1.0,0.37,100.0,2.03,19.0,0.102,18.0,234.78,True,Dom Aquino,Sul Matogrossense
2391163,510385,51006,2020,HOSPITAL MUNICIPAL DE GAUCHA DO NORTE,1244,MUNICIPAL,05,12.0,False,17.0,17.0,0.0,6.0,1.4,6.88,9.92,24.75,192.0,192.0,0.0,519.0,0.0,66875.76,348.31,1.0,0.521,100.0,2.6,25.0,0.084,11.29,137.14,True,Gaúcha do Norte,Médio Araguaia
2395398,510390,51005,2020,HOSPITAL MUNICIPAL DE GENERAL CARNEIRO,1244,MUNICIPAL,05,12.0,False,15.0,15.0,0.0,31.0,2.06,3.57,4.82,22.11,171.0,171.0,0.0,492.0,0.0,81915.81,479.04,4.0,2.339,99.42,2.77,42.0,0.09,11.4,83.01,True,General Carneiro,Garças Araguaia
2392046,510410,51015,2020,HOSPITAL MUNICIPAL NOSSA SENHORA DO ROSARIO,1244,MUNICIPAL,05,12.0,False,35.0,35.0,0.0,86.25,8.69,6.5,34.25,85.6,1163.0,1163.0,0.0,3628.0,0.0,578500.71,497.42,58.0,4.987,92.78,2.97,140.0,0.284,33.23,133.83,True,Guarantã do Norte,Vale do Peixoto
2397609,510420,51013,2020,,2062,PRIVADA_EMPRESARIAL,05,12.0,False,19.0,23.0,0.0,6.0,3.78,0.9,3.6,10.3,264.0,264.0,0.0,487.0,0.0,109678.42,415.45,12.0,4.545,100.0,1.71,30.0,0.07,13.89,69.84,True,Guiratinga,Sul Matogrossense
2534010,510455,51010,2020,,1244,MUNICIPAL,05,12.0,False,16.0,16.0,0.0,10.17,2.79,4.0,7.58,32.63,,,,,,,,,,,,,,,,False,Itaúba,Norte Matogrossense
2395916,510460,51013,2020,HOSPITAL MUNICIPAL OSNIR BORTOLINI,1244,MUNICIPAL,05,12.0,False,21.0,22.0,0.0,11.5,7.15,4.8,16.8,38.98,293.0,293.0,0.0,802.0,0.0,116960.44,399.18,7.0,2.389,21.16,2.64,43.0,0.105,13.95,40.98,True,Itiquira,Sul Matogrossense
3269728,510480,51013,2020,HOSPITAL MUNICIPAL DE JACIARA,1244,MUNICIPAL,05,12.0,False,38.33,38.33,0.0,83.17,10.34,12.79,38.55,96.36,1188.0,1188.0,0.0,3576.0,0.0,766456.14,645.17,35.0,2.946,91.5,2.82,99.0,0.256,30.99,114.89,True,Jaciara,Sul Matogrossense
2394723,510500,51012,2020,HOSPITAL DE JAURU,3999,PRIVADA_SEM_FINS_LUCRATIVOS,05,12.0,False,33.0,38.0,0.0,9.0,2.44,1.25,9.06,18.66,185.0,185.0,0.0,559.0,0.0,67232.91,363.42,10.0,5.405,100.0,2.88,27.0,0.046,5.61,75.82,True,Jauru,Sudoeste Matogrossense
2392704,510510,51016,2020,HOSPITAL MUNICIPAL DE JUARA ELIDIA MASCHIETTO SANTILLO,1244,MUNICIPAL,05,12.0,False,34.0,34.0,0.0,47.67,10.66,6.96,39.33,104.2,1567.0,1567.0,0.0,4611.0,0.0,793393.78,506.31,57.0,3.638,96.23,2.82,178.0,0.372,46.09,147.0,True,Juara,Vale dos Arinos
2392887,510510,51016,2020,HOSPITAL E MATERNIDADE SAO LUCAS SOCIEDADE MEDICA SAO LUCAS,2062,PRIVADA_EMPRESARIAL,05,12.0,False,1.0,24.0,0.0,22.0,1.67,0.0,0.9,3.58,,,,,,,,,,,,,,,,False,Juara,Vale dos Arinos
4069803,510515,51008,2020,HOSPITAL MUNICIPAL DE JUINA DR HIDEO SAKUNO,1244,MUNICIPAL,05,12.0,False,83.67,89.67,4.0,74.25,14.26,9.49,49.55,126.09,3257.0,3256.0,1.0,13022.0,637.0,2681971.85,823.45,60.0,1.842,99.17,4.11,235.0,0.426,38.93,228.4,True,Juína,Noroeste Matogrossense
2392895,510517,51008,2020,HOSPITAL MUNICIPAL DE JURUENA RENILDA DE FATIMA DE MORAIS,1244,MUNICIPAL,05,12.0,False,20.0,20.0,0.0,11.0,1.9,5.0,11.5,38.82,470.0,470.0,0.0,1782.0,0.0,212274.1,451.65,6.0,1.277,100.0,3.64,57.0,0.244,23.5,247.37,True,Juruena,Noroeste Matogrossense
2396092,510520,51013,2020,HOSPITAL MUNICPAL PADRE JOHANNES BERTHOLD HENNING,1244,MUNICIPAL,05,12.0,False,15.0,17.0,0.0,1.0,2.18,1.05,7.2,18.39,223.0,223.0,0.0,952.0,0.0,101893.12,456.92,10.0,4.484,98.65,4.11,30.0,0.174,14.87,102.29,True,Juscimeira,Sul Matogrossense
9457542,510520,51013,2020,,1244,MUNICIPAL,05,12.0,False,16.0,16.0,0.0,0.0,0.3,0.3,0.6,1.32,,,,,,,,,,,,,,,,False,Juscimeira,Sul Matogrossense
2767953,510525,51014,2020,HOSPITAL SAO LUCAS LUCAS DO RIO VERDE,3069,PRIVADA_SEM_FINS_LUCRATIVOS,05,12.0,False,66.83,123.17,0.0,273.0,27.66,28.35,127.4,334.59,4289.0,4289.0,0.0,15388.0,0.0,2742381.46,639.4,104.0,2.425,91.19,3.32,242.0,0.631,64.18,155.06,True,Lucas do Rio Verde,Teles Pires
2752603,510550,51012,2020,HOSPITAL EVANGELICO DE MATO GROSSO,3999,PRIVADA_SEM_FINS_LUCRATIVOS,05,12.0,False,42.0,49.5,0.0,8.0,3.6,2.98,5.74,25.17,1066.0,1066.0,0.0,3239.0,0.0,450023.6,422.16,9.0,0.844,94.84,2.95,74.0,0.211,25.38,296.11,True,Vila Bela da Santíssima Trindade,Sudoeste Matogrossense
8013926,510558,51010,2020,HOSPITAL MARIA ZELIA,1244,MUNICIPAL,05,12.0,False,14.5,14.5,0.0,18.25,2.85,3.33,15.58,55.6,428.0,428.0,0.0,1661.0,0.0,231916.0,541.86,0.0,0.0,100.0,3.75,35.0,0.314,29.52,150.18,True,Marcelândia,Norte Matogrossense
2391724,510560,51015,2020,HOSPITAL MUNICIPAL DE MATUPA,1244,MUNICIPAL,05,12.0,False,27.0,27.0,0.0,83.5,5.52,9.75,32.92,89.56,647.0,647.0,0.0,1756.0,0.0,310976.01,480.64,32.0,4.946,99.85,2.54,82.0,0.178,23.96,117.21,True,Matupá,Vale do Peixoto
2395266,510562,51011,2020,,2062,PRIVADA_EMPRESARIAL,05,5.0,False,30.0,41.0,0.0,0.0,2.5,0.95,5.55,9.65,,,,,,,,,,,,,,,,False,Mirassol d'Oeste,Oeste Matogrossense
7254628,510562,51011,2020,HOSPITAL SAMUEL GREVE,1279,MUNICIPAL,05,12.0,False,38.42,49.42,0.0,10.0,5.0,5.75,14.5,28.3,682.0,682.0,0.0,2673.0,0.0,426348.83,625.14,20.0,2.933,97.8,3.81,51.0,0.191,17.75,136.4,True,Mirassol d'Oeste,Oeste Matogrossense
2802473,510590,51004,2020,HOSPITAL E MATERNIDADE LAURA VICUNA,2062,PRIVADA_EMPRESARIAL,05,12.0,False,36.0,43.0,0.0,12.0,3.03,3.08,9.73,33.39,1109.0,1109.0,0.0,2768.0,0.0,627655.34,565.97,31.0,2.795,100.0,2.36,52.0,0.211,30.81,366.01,True,Nobres,Centro Norte
2767937,510600,51004,2020,,3999,PRIVADA_SEM_FINS_LUCRATIVOS,05,2.0,False,30.0,35.0,0.0,9.0,1.38,3.83,3.13,21.85,,,,,,,,,,,,,,,,False,Nortelândia,Centro Norte
4069870,510610,51002,2020,HOSPITAL MUNICIPAL PROFESSORA MARIA ARLINDA DA COSTA,1244,MUNICIPAL,05,12.0,False,16.0,16.0,0.0,9.0,6.14,4.74,10.78,41.17,69.0,69.0,0.0,200.0,0.0,51927.15,752.57,2.0,2.899,100.0,2.43,26.0,0.034,4.31,11.24,False,Nossa Senhora do Livramento,Baixada Cuiabana
2471604,510615,51001,2020,,1244,MUNICIPAL,05,12.0,False,14.5,14.5,0.0,5.0,0.94,3.83,10.42,33.8,,,,,,,,,,,,,,,,False,Nova Bandeirantes,Alto Tapajós
0181277,510622,51014,2020,,2062,PRIVADA_EMPRESARIAL,05,6.0,False,56.67,80.0,10.0,164.17,3.5,6.31,18.99,37.05,46.0,46.0,0.0,104.0,773.0,1321242.85,28722.67,14.0,30.435,100.0,18.72,1.0,0.005,0.81,13.14,False,Nova Mutum,Teles Pires
2398680,510622,51014,2020,,3999,PRIVADA_SEM_FINS_LUCRATIVOS,05,12.0,False,33.17,47.58,0.0,45.25,7.93,14.17,41.56,82.66,2093.0,2093.0,0.0,6994.0,0.0,1147773.2,548.39,47.0,2.246,96.89,3.22,177.0,0.578,63.1,263.93,True,Nova Mutum,Teles Pires
2472376,510623,51007,2020,,1244,MUNICIPAL,05,5.0,False,22.0,22.0,0.0,8.0,6.13,1.0,10.55,35.73,,,,,,,,,,,,,,,,False,Nova Olímpia,Médio Norte Matogrossense
2472716,510623,51007,2020,HOSPITAL E MATERNIDADE NOVA OLIMPIA,2062,PRIVADA_EMPRESARIAL,05,12.0,False,13.0,30.0,0.0,13.0,3.23,3.17,10.33,20.35,645.0,645.0,0.0,1669.0,0.0,340619.99,528.09,21.0,3.256,100.0,2.47,35.0,0.352,49.62,199.69,True,Nova Olímpia,Médio Norte Matogrossense
2395428,510625,51005,2020,HOSPITAL MUNICIPAL DR DAERCIO OLIVEIRA MORAES,1244,MUNICIPAL,05,12.0,False,34.0,34.0,0.0,17.58,8.44,10.97,31.93,96.04,1053.0,1053.0,0.0,3753.0,0.0,482883.02,458.58,37.0,3.514,65.72,3.45,135.0,0.302,30.97,124.76,True,Nova Xavantina,Garças Araguaia
2392720,510627,51016,2020,HOSPITAL MUNICIPAL JOSE KARA JOSE,1244,MUNICIPAL,05,12.0,False,16.0,16.0,0.0,13.0,3.5,1.0,9.0,19.66,96.0,96.0,0.0,417.0,0.0,29751.56,309.91,3.0,3.125,100.0,4.17,31.0,0.071,6.0,27.43,False,Novo Horizonte do Norte,Vale dos Arinos
2395509,510628,51005,2020,HOSP MUN MARIA DOLORES T JORDAO NOVO SAO JOAQUIM,1244,MUNICIPAL,05,12.0,False,26.0,26.0,0.0,12.0,1.95,2.0,8.25,36.68,314.0,314.0,0.0,1076.0,0.0,136936.74,436.1,2.0,0.637,100.0,3.35,50.0,0.113,12.08,161.03,True,Novo São Joaquim,Garças Araguaia
2471663,510629,51001,2020,HOSPITAL E MATERNIDADE ALIPIO CANDIDO DA SILVA,1244,MUNICIPAL,05,12.0,False,30.0,33.0,0.0,24.83,5.83,3.14,12.55,56.12,227.0,227.0,0.0,634.0,0.0,151042.76,665.39,1.0,0.441,74.01,2.67,41.0,0.058,7.57,38.94,True,Paranaíta,Alto Tapajós
2699850,510630,51013,2020,,2062,PRIVADA_EMPRESARIAL,05,12.0,False,35.0,35.0,0.0,12.0,2.89,3.0,5.17,16.09,858.0,858.0,0.0,2073.0,0.0,530510.12,618.31,20.0,2.331,100.0,2.23,65.0,0.162,24.51,296.89,True,Paranatinga,Sul Matogrossense
2752638,510637,51013,2020,HOSPITAL PRONTO ATENDIMENTO MUNICIPAL LUCIANA MARTINS AMORIM,1244,MUNICIPAL,05,12.0,False,32.0,32.0,0.0,11.0,10.35,5.25,22.92,76.17,362.0,362.0,0.0,1533.0,0.0,210306.12,580.96,30.0,8.287,93.65,3.9,55.0,0.131,11.31,34.98,True,Pedra Preta,Sul Matogrossense
2699842,510642,51015,2020,HOSPITAL REGIONAL DE PEIXOTO DE AZEVEDO,1244,MUNICIPAL,05,12.0,False,62.42,64.92,0.0,64.92,19.01,15.83,64.67,170.92,2961.0,2960.0,1.0,11627.0,0.0,1641349.32,554.32,84.0,2.837,92.0,3.8,253.0,0.51,47.44,155.76,True,Peixoto de Azevedo,Vale do Peixoto
2391449,510650,51002,2020,HOSPITAL GERAL DE POCONE DR NICOLAU FONTANILAS FRAGELI,3999,PRIVADA_SEM_FINS_LUCRATIVOS,05,12.0,False,60.0,66.0,0.0,20.0,1.03,3.2,12.8,39.28,1391.0,1302.0,89.0,3813.0,0.0,633437.99,455.38,57.0,4.098,100.0,2.55,82.0,0.174,23.18,1350.49,True,Poconé,Baixada Cuiabana
2395592,510670,51005,2020,HOSPITAL MUNICIPAL BOM JESUS,1244,MUNICIPAL,05,12.0,False,21.0,21.0,0.0,7.0,0.85,2.0,8.0,27.9,50.0,50.0,0.0,134.0,0.0,15920.11,318.4,2.0,4.0,100.0,2.52,28.0,0.017,2.38,58.82,False,Ponte Branca,Garças Araguaia
2752654,510675,51012,2020,HOSPITAL VALE DO GUAPORE,3999,PRIVADA_SEM_FINS_LUCRATIVOS,05,12.0,False,30.0,61.0,0.0,53.17,17.93,24.62,30.29,117.38,3516.0,3516.0,0.0,9412.0,0.0,1529560.88,435.03,69.0,1.962,94.62,2.53,189.0,0.86,117.2,196.1,True,Pontes e Lacerda,Sudoeste Matogrossense
2311615,510677,51003,2020,,1244,MUNICIPAL,05,12.0,False,18.0,18.0,0.0,3.33,1.6,3.0,8.42,18.35,,,,,,,,,,,,,,,,False,Porto Alegre do Norte,Araguaia Xingu
2752646,510680,51016,2020,HOSPITAL MUNICIPAL GUSTAV ADOLF ISERNHAGEN,1244,MUNICIPAL,05,12.0,False,23.0,23.0,0.0,34.0,1.75,1.63,6.5,32.36,357.0,357.0,0.0,988.0,0.0,157980.88,442.52,11.0,3.081,91.88,2.72,59.0,0.118,15.52,204.0,True,Porto dos Gaúchos,Vale dos Arinos
2397684,510700,51013,2020,HOSPITAL E MATERNIDADE SAO JOAO BATISTA,3999,PRIVADA_SEM_FINS_LUCRATIVOS,05,12.0,False,74.0,93.0,0.0,49.0,5.34,4.75,14.93,49.66,878.0,878.0,0.0,2665.0,0.0,496259.91,565.22,48.0,5.467,100.0,2.9,80.0,0.099,11.86,164.42,True,Poxoréo,Sul Matogrossense
2397463,510704,51013,2020,HOSPITAL E MATERNIDADE SAO LUCAS PRIMAVERA DO LESTE,2062,PRIVADA_EMPRESARIAL,05,12.0,False,41.5,64.33,2.5,51.0,17.65,10.67,36.81,76.32,2010.0,2003.0,7.0,3892.0,381.0,1741758.43,866.55,32.0,1.592,84.33,2.04,216.0,0.257,48.43,113.88,True,Primavera do Leste,Sul Matogrossense
2397676,510704,51013,2020,HOSPITAL DAS CLINICAS PRIMAVERA PRIMAVERA DO LESTE,2062,PRIVADA_EMPRESARIAL,05,12.0,False,41.33,54.67,8.0,23.83,35.18,5.33,27.98,79.72,2633.0,2620.0,13.0,5795.0,2425.0,2919913.16,1108.97,129.0,4.899,87.09,2.98,263.0,0.384,63.71,74.84,True,Primavera do Leste,Sul Matogrossense
4070070,510706,51006,2020,HOSPITAL MUNICIPAL DE QUERENCIA,1244,MUNICIPAL,05,12.0,False,26.0,26.0,0.0,6.0,5.93,5.83,26.17,65.27,1181.0,1181.0,0.0,3109.0,0.0,733389.37,620.99,8.0,0.677,99.92,2.6,89.0,0.328,45.42,199.16,True,Querência,Médio Araguaia
2394316,510710,51011,2020,,2062,PRIVADA_EMPRESARIAL,05,9.0,False,23.0,26.0,0.0,13.0,1.6,0.5,2.0,4.13,,,,,,,,,,,,,,,,False,São José dos Quatro Marcos,Oeste Matogrossense
2472791,510718,51006,2020,HOSPITAL MUNICIPAL CRISTO REI,1244,MUNICIPAL,05,12.0,False,29.0,29.0,0.0,6.08,2.67,1.58,14.08,37.33,271.0,271.0,0.0,1106.0,0.0,103529.39,382.03,3.0,1.107,100.0,3.96,39.0,0.104,9.34,101.5,True,Ribeirão Cascalheira,Médio Araguaia
2395452,510719,51005,2020,HOSPITAL NOSSA SENHORA DA ABADIA,1244,MUNICIPAL,05,12.0,False,15.0,15.0,0.0,8.0,3.53,4.0,5.2,19.67,58.0,58.0,0.0,192.0,0.0,23826.84,410.81,0.0,0.0,100.0,3.31,15.0,0.035,3.87,16.43,False,Ribeirãozinho,Garças Araguaia
2394782,510720,51011,2020,HOSPITAL MUNICIPAL DE RIO BRANCO,1244,MUNICIPAL,05,12.0,False,18.0,18.0,0.0,5.0,1.0,1.0,8.0,12.38,65.0,65.0,0.0,137.0,0.0,20698.3,318.44,0.0,0.0,100.0,2.11,13.0,0.021,3.61,65.0,False,Rio Branco,Oeste Matogrossense
3142663,510730,51004,2020,HOSPITAL MUNICIPAL DE SAO JOSE DO RIO CLARO,1244,MUNICIPAL,05,12.0,False,22.0,22.0,0.0,15.0,4.05,9.08,17.83,57.85,559.0,559.0,0.0,1412.0,0.0,297029.8,531.36,22.0,3.936,78.53,2.42,79.0,0.176,25.41,138.02,True,São José do Rio Claro,Centro Norte
0171557,510760,51013,2020,,1244,MUNICIPAL,05,8.0,False,50.0,50.0,0.0,5.0,9.53,4.79,12.21,33.93,,,,,,,,,,,,,,,,False,Rondonópolis,Sul Matogrossense
2396424,510760,51013,2020,CASA DE SAUDE PAULO DE TARSO E CAPS PAULO DE TARSO,3999,PRIVADA_SEM_FINS_LUCRATIVOS,07,12.0,False,82.0,82.0,0.0,4.0,2.88,7.98,35.91,88.6,855.0,855.0,0.0,27326.0,0.0,2232638.87,2611.27,0.0,0.0,99.88,31.89,2.0,0.913,10.43,296.88,True,Rondonópolis,Sul Matogrossense
2396866,510760,51013,2020,SANTA CASA DE RONDONOPOLIS,3999,PRIVADA_SEM_FINS_LUCRATIVOS,05,12.0,False,206.75,273.92,45.58,348.25,44.04,79.83,218.28,484.25,9371.0,8169.0,1202.0,25443.0,14193.0,23903130.42,2550.76,468.0,4.994,79.15,4.27,325.0,0.337,45.33,212.78,True,Rondonópolis,Sul Matogrossense
2604434,510760,51013,2020,HOSPITAL REG IRMA ELZA GIOVANELLA,1236,ESTADUAL,05,12.0,False,148.17,152.25,24.5,359.25,90.37,60.93,290.96,664.17,6315.0,6303.0,12.0,27753.0,6552.0,8678902.54,1374.33,591.0,9.359,94.2,5.22,343.0,0.513,42.62,69.88,True,Rondonópolis,Sul Matogrossense
2701626,510760,51013,2020,,2240,PRIVADA_EMPRESARIAL,05,12.0,False,28.17,42.0,0.0,5.0,5.48,5.0,36.0,49.95,241.0,241.0,0.0,323.0,0.0,133716.87,554.84,0.0,0.0,2.9,1.23,31.0,0.031,8.56,43.98,True,Rondonópolis,Sul Matogrossense
3028925,510760,51013,2020,HOSP DE REF SAUDE DA FAMILIA DR ANTONIO DOS S MUNIZ,1244,MUNICIPAL,05,12.0,False,43.83,47.67,0.83,62.25,16.06,13.9,38.75,84.81,2655.0,2655.0,0.0,13431.0,0.0,1526686.94,575.02,150.0,5.65,100.0,4.7,85.0,0.84,60.57,165.32,True,Rondonópolis,Sul Matogrossense
2655780,510770,51004,2020,HOSPITAL MUNICIPAL DE ROSARIO OESTE,3999,PRIVADA_SEM_FINS_LUCRATIVOS,05,12.0,False,56.0,64.0,0.0,7.0,1.75,4.38,10.38,18.4,817.0,817.0,0.0,2881.0,0.0,474936.44,581.32,21.0,2.57,100.0,3.36,19.0,0.141,14.59,466.86,True,Rosário Oeste,Centro Norte
2394189,510775,51011,2020,HOSPITAL MUNICIPAL DE SALTO DO CEU,1244,MUNICIPAL,05,12.0,False,14.0,14.0,0.0,7.0,2.25,0.9,8.08,17.31,104.0,104.0,0.0,260.0,0.0,35114.62,337.64,3.0,2.885,99.04,2.42,27.0,0.051,7.43,46.22,True,Salto do Céu,Oeste Matogrossense
2311607,510777,51003,2020,HOSPITAL MUNICIPAL DE SANTA TEREZINHA,1244,MUNICIPAL,05,12.0,False,22.0,22.0,0.0,3.0,0.2,1.0,11.0,25.75,176.0,176.0,0.0,559.0,0.0,58013.68,329.62,1.0,0.568,100.0,3.13,36.0,0.07,8.0,880.0,True,Santa Terezinha,Araguaia Xingu
2391171,510780,51002,2020,,1244,MUNICIPAL,05,12.0,False,21.0,21.0,0.0,5.0,4.63,3.9,13.6,44.98,,,,,,,,,,,,,,,,False,Santo Antônio do Leverger,Baixada Cuiabana
2604426,510785,51009,2020,HOSPITAL MUNICIPAL PREFEITO JOAO ABREU LUZ,1210,PUBLICA_OUTRA,05,12.0,False,40.67,40.67,0.0,63.5,5.7,4.0,18.92,57.08,1322.0,1322.0,0.0,2906.0,0.0,575448.59,435.29,22.0,1.664,91.07,2.08,155.0,0.196,32.51,231.93,True,São Félix do Araguaia,Norte Araguaia Karajá
9659366,510787,51007,2020,HOSPITAL SANTA MARCELINA DE SAPEZAL,3999,PRIVADA_SEM_FINS_LUCRATIVOS,05,12.0,False,35.0,54.0,0.0,44.0,18.55,7.5,26.71,88.42,1308.0,1308.0,0.0,3830.0,0.0,647055.14,494.69,10.0,0.765,91.59,2.81,143.0,0.3,37.37,70.51,True,Sapezal,Médio Norte Matogrossense
0218669,510790,51014,2020,,1244,MUNICIPAL,05,6.0,False,14.0,18.0,0.0,36.0,6.2,7.8,16.72,45.39,163.0,163.0,0.0,699.0,0.0,244500.0,1500.0,0.0,0.0,100.0,4.22,1.0,0.137,11.64,26.29,False,Sinop,Teles Pires
0405159,510790,51014,2020,,3999,PRIVADA_SEM_FINS_LUCRATIVOS,05,3.0,False,1.0,2.0,0.0,46.0,0.05,0.0,0.0,0.1,,,,,,,,,,,,,,,,False,Sinop,Teles Pires
2795671,510790,51014,2020,HOSPITAL SANTO ANTONIO,3069,PRIVADA_SEM_FINS_LUCRATIVOS,05,12.0,False,57.25,119.25,13.0,171.0,31.43,83.7,135.59,444.37,4365.0,3758.0,607.0,10626.0,3733.0,5203769.43,1192.16,107.0,2.451,100.0,3.25,121.0,0.509,76.24,138.88,True,Sinop,Teles Pires
6085423,510790,51014,2020,HOSPITAL REGIONAL JORGE DE ABREU,1236,ESTADUAL,05,12.0,False,92.08,110.17,12.25,93.0,38.23,72.78,145.74,455.81,3206.0,3200.0,6.0,16044.0,1916.0,5842798.83,1822.46,275.0,8.578,99.22,5.38,241.0,0.477,34.82,83.86,True,Sinop,Teles Pires
2795655,510792,51014,2020,HOSPITAL REGIONAL DE SORRISO,1236,ESTADUAL,05,12.0,False,129.83,135.33,17.0,213.83,61.38,58.08,170.17,483.03,6341.0,6335.0,6.0,30975.0,3383.0,6376713.89,1005.63,346.0,5.457,98.66,5.28,366.0,0.654,48.84,103.31,True,Sorriso,Teles Pires
7901127,510792,51014,2020,HOSPITAL MATERNIDADE 13 DE MAIO VILA ROMANA,2054,PRIVADA_EMPRESARIAL,05,7.0,False,0.0,54.0,0.0,0.0,1.53,0.0,1.17,2.7,,,,,,,,,,,,,,,,False,Sorriso,Teles Pires
7943733,510792,51014,2020,IGHASMAT,3999,PRIVADA_SEM_FINS_LUCRATIVOS,05,12.0,False,1.0,36.0,0.0,0.0,2.11,0.0,0.05,2.4,,,,,,,,,,,,,,,,False,Sorriso,Teles Pires
2392801,510794,51016,2020,HOSPITAL MUNICIPAL DE TABAPORA,1244,MUNICIPAL,05,12.0,False,16.0,16.0,0.0,10.0,2.05,1.83,5.85,14.89,246.0,246.0,0.0,530.0,0.0,98482.04,400.33,1.0,0.407,98.78,2.04,49.0,0.091,15.38,120.0,True,Tabaporã,Vale dos Arinos
0196398,510795,51007,2020,,1244,MUNICIPAL,05,7.0,False,32.0,32.0,0.0,28.0,8.81,2.75,12.15,35.4,1023.0,1023.0,0.0,4867.0,0.0,433163.24,423.42,72.0,7.038,100.0,4.5,77.0,0.417,31.97,116.12,False,Tangará da Serra,Médio Norte Matogrossense
2472139,510795,51007,2020,HOSPITAL DAS CLINICAS VIDA E SAUDE TANGARA DA SERRA,2062,PRIVADA_EMPRESARIAL,05,12.0,False,46.0,66.0,0.0,111.0,15.68,8.19,31.83,75.43,1651.0,1651.0,0.0,3083.0,0.0,1131726.53,685.48,9.0,0.545,99.45,1.79,38.0,0.184,35.89,105.29,True,Tangará da Serra,Médio Norte Matogrossense
2472414,510795,51007,2020,HOSPITAL E MATERNIDADE SANTA ANGELA TANGARA DA SERRA,2232,PRIVADA_EMPRESARIAL,05,12.0,False,8.0,97.0,0.0,36.5,1.13,1.75,2.25,6.03,,,,,,,,,,,,,,,,False,Tangará da Serra,Médio Norte Matogrossense
2767384,510795,51007,2020,HOSPITAL MUNICIPAL ARLETE DAISY CICHETTI DE BRITO,1244,MUNICIPAL,05,12.0,False,54.25,60.5,4.58,160.5,11.39,15.61,48.99,123.05,1471.0,1471.0,0.0,7653.0,413.0,1895953.23,1288.89,140.0,9.517,100.0,5.24,84.0,0.386,27.12,129.15,True,Tangará da Serra,Médio Norte Matogrossense
3171353,510795,51007,2020,,2062,PRIVADA_EMPRESARIAL,05,5.0,False,1.0,52.0,0.0,0.0,0.25,1.1,0.0,1.35,,,,,,,,,,,,,,,,False,Tangará da Serra,Médio Norte Matogrossense
2398400,510800,51014,2020,HOSPITAL MUNICIPAL DE TAPURAH,1244,MUNICIPAL,05,12.0,False,22.0,22.0,0.0,10.0,3.66,4.33,11.85,36.88,260.0,260.0,0.0,864.0,0.0,115964.9,446.02,0.0,0.0,98.08,3.25,44.0,0.108,11.82,71.04,True,Tapurah,Teles Pires
2391996,510805,51015,2020,,,,,,False,,,,,,,,,375.0,375.0,0.0,1640.0,0.0,167394.92,446.39,26.0,6.933,99.73,4.11,53.0,,,,False,Terra Nova do Norte,Vale do Peixoto
2397501,510810,51013,2020,HOSPITAL E MATERNIDADE SAO LUCAS,1244,MUNICIPAL,05,12.0,False,15.0,15.0,0.0,8.0,0.85,0.83,6.0,14.36,61.0,61.0,0.0,233.0,0.0,25785.39,422.71,1.0,1.639,100.0,3.67,21.0,0.043,4.07,71.76,False,Tesouro,Sul Matogrossense
2395584,510820,51005,2020,HOSPITAL MUNICIPAL SAO JOAO BOSCO,2062,PRIVADA_EMPRESARIAL,05,12.0,False,22.0,23.0,0.0,8.0,4.6,1.13,6.13,17.88,243.0,242.0,1.0,582.0,0.0,100655.46,414.22,2.0,0.823,100.0,2.35,60.0,0.072,11.05,52.83,True,Torixoréu,Garças Araguaia
2391570,510840,51002,2020,,3999,PRIVADA_SEM_FINS_LUCRATIVOS,05,4.0,False,20.0,53.0,0.0,10.0,1.4,1.0,2.0,5.4,,,,,,,,,,,,,,,,False,Várzea Grande,Baixada Cuiabana
2391635,510840,51002,2020,HOSPITAL E PRONTO SOCORRO MUNICIPAL DE VARZEA GRANDE,1244,MUNICIPAL,05,12.0,False,186.0,193.5,20.0,248.0,107.57,98.43,172.53,632.24,7122.0,7117.0,5.0,37658.0,6068.0,10377951.32,1457.17,526.0,7.386,99.99,5.87,309.0,0.555,38.29,66.21,True,Várzea Grande,Baixada Cuiabana
6853781,510840,51002,2020,METROPOLITANO HOSPITAL ESTADUAL LOUSITE FERREIRA DA SILVA,1236,ESTADUAL,05,12.0,False,201.33,216.33,30.83,289.0,35.31,48.08,133.0,331.55,1968.0,1967.0,1.0,13914.0,4448.0,10296723.67,5232.08,444.0,22.561,4.62,9.08,28.0,0.189,9.77,55.73,True,Várzea Grande,Baixada Cuiabana
7914288,510860,51003,2020,HOSPITAL MUNICIPAL DE VILA RICA,1244,MUNICIPAL,05,12.0,False,21.0,21.0,0.0,11.17,4.29,3.75,17.83,50.29,496.0,496.0,0.0,997.0,0.0,209707.63,422.8,9.0,1.815,99.8,1.91,76.0,0.13,23.62,115.62,True,Vila Rica,Araguaia Xingu
2473046,510020,51006,2021,HOSPITAL REGIONAL DE AGUA BOA,1210,PUBLICA_OUTRA,05,12.0,False,72.17,95.67,6.67,108.33,12.49,7.93,48.28,115.53,4902.0,4902.0,0.0,14440.0,1763.0,5943462.31,1212.46,227.0,4.631,96.7,3.08,228.0,0.548,67.92,392.47,True,Água Boa,Médio Araguaia
2471345,510025,51001,2021,HOSPITAL REGIONAL DE ALTA FLORESTA ALBERT SABIN,1236,ESTADUAL,05,12.0,False,79.58,94.17,0.0,195.67,22.08,45.92,119.14,235.71,4383.0,4383.0,0.0,16656.0,0.0,3076968.46,702.02,190.0,4.335,92.65,3.62,269.0,0.573,55.08,198.51,True,Alta Floresta,Alto Tapajós
3913899,510025,51001,2021,,2305,PRIVADA_EMPRESARIAL,05,12.0,False,76.17,119.17,18.0,325.58,8.75,19.75,38.53,82.97,451.0,451.0,0.0,1233.0,3196.0,5840687.25,12950.53,145.0,32.151,100.0,9.52,2.0,0.044,5.92,51.54,True,Alta Floresta,Alto Tapajós
2396998,510030,51013,2021,HOSPITAL MUNICIPAL DE ALTO ARAGUAIA,1244,MUNICIPAL,05,12.0,False,34.0,34.0,0.0,11.33,9.17,10.71,20.67,74.51,545.0,545.0,0.0,1234.0,0.0,224728.52,412.35,18.0,3.303,70.64,2.11,72.0,0.099,16.03,59.43,True,Alto Araguaia,Sul Matogrossense
2397056,510060,51013,2021,HOSPITAL E MATERNIDADE NOSSA SENHORA APARECIDA,1155,MUNICIPAL,05,12.0,False,21.17,29.33,0.0,20.0,2.69,7.58,11.11,27.82,149.0,149.0,0.0,377.0,0.0,92723.45,622.31,0.0,0.0,24.16,2.5,26.0,0.049,7.04,55.39,True,Alto Taquari,Sul Matogrossense
2471590,510080,51001,2021,HOSPITAL MUNICIPAL DE APIACAS,1244,MUNICIPAL,05,12.0,False,32.0,32.0,0.0,8.0,2.84,5.58,10.92,43.53,525.0,525.0,0.0,1632.0,0.0,336613.41,641.17,1.0,0.19,99.81,3.04,42.0,0.14,16.41,184.86,True,Apiacás,Alto Tapajós
2752611,510125,51011,2021,HOSPITAL GERAL E MATERNIDADE ARAPUTANGA,2062,PRIVADA_EMPRESARIAL,05,12.0,False,16.0,19.0,0.0,14.0,3.3,0.0,2.1,6.25,96.0,96.0,0.0,132.0,0.0,37941.76,395.23,1.0,1.042,100.0,1.31,28.0,0.023,6.0,29.09,False,Araputanga,Oeste Matogrossense
2472244,510130,51007,2021,HOSPITAL MUNICIPAL DR MANUELA MACHADO BARBOSA GOMES,1244,MUNICIPAL,05,12.0,False,32.83,32.83,0.0,19.25,4.27,5.0,10.54,38.44,1643.0,1643.0,0.0,3235.0,0.0,749349.47,456.09,15.0,0.913,43.34,1.93,143.0,0.27,50.05,384.78,True,Arenápolis,Médio Norte Matogrossense
4069099,510140,51008,2021,HOSPITAL MUNICIPAL SANTO ANTONIO ARIPUANA,1244,MUNICIPAL,05,12.0,False,31.0,33.0,0.0,16.75,5.27,11.0,30.5,72.78,654.0,654.0,0.0,2536.0,0.0,304322.15,465.32,20.0,3.058,100.0,3.79,58.0,0.224,21.1,124.1,True,Aripuanã,Noroeste Matogrossense
2395886,510180,51005,2021,HOSPITAL MUNICIPAL MILTON PESSOA MORBECK,1244,MUNICIPAL,05,12.0,False,97.5,100.0,17.5,124.0,52.15,59.84,106.25,325.52,3920.0,3919.0,1.0,11531.0,4325.0,6886832.09,1756.84,323.0,8.24,98.78,3.88,293.0,0.324,40.21,75.17,True,Barra do Garças,Garças Araguaia
2471795,510190,51008,2021,HOSPITAL MUNICIPAL DE BRASNORTE BRASNORTE,1244,MUNICIPAL,05,12.0,False,31.0,31.0,0.0,167.0,9.37,9.4,25.92,93.45,949.0,949.0,0.0,3176.0,0.0,444307.75,468.19,34.0,3.583,99.89,3.0,67.0,0.281,30.61,101.28,True,Brasnorte,Noroeste Matogrossense
2395037,510250,51011,2021,HOSPITAL REGIONAL DE CACERES DR ANTONIO FONTES UNIDADE II,3999,PRIVADA_SEM_FINS_LUCRATIVOS,05,12.0,False,96.33,156.0,10.0,278.0,19.1,40.5,179.21,270.79,4057.0,4057.0,0.0,13467.0,2925.0,3560023.79,877.5,172.0,4.24,92.46,3.96,145.0,0.383,42.12,212.41,True,Cáceres,Oeste Matogrossense
2534460,510250,51011,2021,HOSPITAL REGIONAL DE CACERES DR ANTONIO FONTES UNIDADE I,1236,ESTADUAL,05,12.0,False,130.75,142.0,14.75,377.0,54.22,50.14,164.54,355.56,6403.0,6392.0,11.0,25578.0,4060.0,9806160.77,1531.49,402.0,6.278,96.72,4.43,335.0,0.536,48.97,118.09,True,Cáceres,Oeste Matogrossense
2395479,510260,51005,2021,HOSPITAL MUNICIPAL SEBASTIAO ANTONIO DA COSTA,1155,MUNICIPAL,05,12.0,False,24.0,24.0,0.0,5.0,5.18,2.69,14.5,45.5,602.0,602.0,0.0,1581.0,0.0,311523.75,517.48,6.0,0.997,100.0,2.43,30.0,0.18,25.08,116.22,True,Campinápolis,Garças Araguaia
0303267,510263,51007,2021,,3999,PRIVADA_SEM_FINS_LUCRATIVOS,05,1.0,False,33.0,40.0,0.0,71.0,11.55,9.6,35.1,93.55,162.0,162.0,0.0,412.0,0.0,88918.92,548.88,2.0,1.235,75.93,2.33,52.0,0.034,4.91,14.03,False,Campo Novo do Parecis,Médio Norte Matogrossense
2655802,510263,51007,2021,HOSPITAL MUNICIPAL EUCLIDES HORST,1244,MUNICIPAL,05,11.0,False,40.73,42.91,0.0,71.0,12.23,10.76,37.17,99.95,2070.0,2070.0,0.0,5534.0,0.0,1147843.55,554.51,55.0,2.657,87.0,2.49,181.0,0.372,50.82,169.26,False,Campo Novo do Parecis,Médio Norte Matogrossense
2396106,510267,51013,2021,HOSPITAL MUNICIPAL CORACAO DE JESUS,3999,PRIVADA_SEM_FINS_LUCRATIVOS,05,12.0,False,54.17,63.17,10.83,142.75,9.51,17.05,59.28,112.64,2128.0,2128.0,0.0,6478.0,2016.0,4739076.78,2227.01,129.0,6.062,73.45,3.82,179.0,0.328,39.28,223.76,True,Campo Verde,Sul Matogrossense
2394324,510268,51012,2021,HOSPITAL MUNICIPAL LEOCYR LAZARETE,1244,MUNICIPAL,05,12.0,False,17.0,17.0,0.0,39.0,7.63,4.5,13.26,56.07,263.0,263.0,0.0,881.0,0.0,196752.12,748.11,4.0,1.521,98.48,3.12,41.0,0.142,15.47,34.47,True,Campos de Júlio,Sudoeste Matogrossense
2472945,510270,51006,2021,,,,,,False,,,,,,,,,269.0,269.0,0.0,1059.0,0.0,402582.42,1496.59,7.0,2.602,100.0,3.52,2.0,,,,False,Canarana,Médio Araguaia
7768400,510270,51006,2021,HOSPITAL MUNICIPAL LORENA PARODE,1244,MUNICIPAL,05,12.0,False,31.0,31.0,0.0,37.33,7.97,6.09,24.02,57.4,768.0,768.0,0.0,1456.0,0.0,316838.37,412.55,9.0,1.172,66.8,1.75,67.0,0.129,24.77,96.36,True,Canarana,Médio Araguaia
2398443,510305,51014,2021,HOSPITAL DONA NILZA DE OLIVEIRA PIPINO,3069,PRIVADA_SEM_FINS_LUCRATIVOS,05,12.0,False,33.0,34.0,0.0,3.0,3.75,3.55,7.06,27.83,707.0,707.0,0.0,1495.0,0.0,329646.43,466.26,33.0,4.668,100.0,1.95,72.0,0.124,21.42,188.53,True,Cláudia,Teles Pires
2472783,510310,51006,2021,HOSPITAL MUNICIPAL DE COCALINHO,1244,MUNICIPAL,05,12.0,False,16.58,17.17,0.0,6.5,4.51,4.71,7.5,36.56,289.0,289.0,0.0,929.0,0.0,130171.81,450.42,0.0,0.0,0.0,3.21,48.0,0.154,17.43,64.08,True,Cocalinho,Médio Araguaia
2392380,510320,51010,2021,,2062,PRIVADA_EMPRESARIAL,05,12.0,False,21.0,27.0,0.0,6.0,1.5,2.0,6.42,13.92,326.0,326.0,0.0,706.0,0.0,109158.23,334.84,0.0,0.0,0.0,2.16,23.0,0.092,15.52,217.33,True,Colíder,Norte Matogrossense
2392410,510320,51010,2021,HOSPITAL REGIONAL DE COLIDER,1236,ESTADUAL,05,12.0,False,78.17,89.0,8.0,135.0,49.24,40.04,145.42,430.44,2308.0,2307.0,1.0,8721.0,1688.0,2918319.29,1264.44,200.0,8.666,99.65,4.51,173.0,0.306,29.53,46.87,True,Colíder,Norte Matogrossense
3574261,510325,51008,2021,HOSPITAL MUNICIPAL ANDRE MAGGI COLNIZA,1244,MUNICIPAL,05,12.0,False,28.0,28.67,0.0,9.0,5.17,6.71,20.83,68.97,1217.0,1217.0,0.0,2865.0,0.0,682552.1,560.85,51.0,4.191,99.92,2.1,120.0,0.28,43.46,235.4,True,Colniza,Noroeste Matogrossense
2395274,510330,51012,2021,HOSPITAL DAS CLINICAS DE COMODORO,2305,PRIVADA_EMPRESARIAL,05,12.0,False,31.0,42.0,0.0,10.0,1.35,0.5,3.19,10.74,1323.0,1321.0,2.0,5111.0,0.0,791641.17,598.37,28.0,2.116,99.92,3.76,58.0,0.452,42.68,980.0,True,Comodoro,Sudoeste Matogrossense
2793636,510335,51003,2021,HOSPITAL E MATERNIDADE DR LAURO TARCISIO PRESTE DE OLIVEIRA,1244,MUNICIPAL,05,12.0,False,48.0,49.67,0.0,27.0,7.09,10.0,29.42,93.16,3551.0,3550.0,1.0,9566.0,0.0,1753534.97,493.81,58.0,1.633,91.44,2.6,193.0,0.546,73.98,500.85,True,Confresa,Araguaia Xingu
2392968,510337,51008,2021,HOSPITAL MUNICIPAL OLIRIO OLIVEIRA DOS SANTOS,1244,MUNICIPAL,05,12.0,False,34.0,34.0,0.0,38.0,2.64,6.63,10.42,41.22,384.0,384.0,0.0,1329.0,0.0,257282.24,670.01,15.0,3.906,100.0,3.27,53.0,0.107,11.29,145.45,True,Cotriguaçu,Noroeste Matogrossense
2311682,510340,51002,2021,HOSPITAL SANTA HELENA,3999,PRIVADA_SEM_FINS_LUCRATIVOS,05,12.0,False,130.0,167.92,28.0,279.5,30.36,29.48,161.3,258.84,12126.0,12041.0,85.0,31926.0,9498.0,13742271.51,1133.29,239.0,1.971,93.3,3.48,172.0,0.673,93.28,399.41,True,Cuiabá,Baixada Cuiabana
2393565,510340,51002,2021,,2062,PRIVADA_EMPRESARIAL,05,12.0,False,16.0,74.0,4.0,223.0,8.28,2.2,0.2,13.08,,,,,,,,,,,,,,,,False,Cuiabá,Baixada Cuiabana
2473062,510340,51002,2021,HOSPITAL DE OLHOS DE CUIABA,2062,PRIVADA_EMPRESARIAL,07,12.0,False,9.0,10.0,0.0,18.42,7.51,0.0,0.0,10.18,33.0,6.0,27.0,37.0,0.0,150421.65,4558.23,0.0,0.0,0.0,0.18,4.0,0.011,3.67,4.39,False,Cuiabá,Baixada Cuiabana
2494523,510340,51002,2021,FEMINA HOSPITAL INFANTIL E MATERNIDADE,2062,PRIVADA_EMPRESARIAL,07,12.0,False,9.0,85.0,5.0,221.0,11.53,21.39,81.38,149.05,75.0,6.0,69.0,74.0,603.0,984381.79,13125.09,3.0,4.0,52.0,8.68,17.0,0.023,8.33,6.5,False,Cuiabá,Baixada Cuiabana
2495015,510340,51002,2021,HOSPITAL E PRONTO SOCORRO MUNICIPAL DE CUIABA,1031,MUNICIPAL,05,12.0,False,279.92,297.0,120.92,644.33,62.11,167.41,402.41,990.0,2190.0,2182.0,8.0,10239.0,15113.0,23072061.74,10535.19,846.0,38.63,96.53,11.09,63.0,0.1,7.82,35.26,True,Cuiabá,Baixada Cuiabana
2534444,510340,51002,2021,HOSPITAL DE CANCER DE MATO GROSSO,3999,PRIVADA_SEM_FINS_LUCRATIVOS,07,12.0,False,73.0,94.25,10.0,175.5,34.75,41.0,116.29,442.96,3293.0,1945.0,1348.0,16274.0,2908.0,7454779.42,2263.83,348.0,10.568,16.4,5.49,199.0,0.611,45.11,94.76,True,Cuiabá,Baixada Cuiabana
2604388,510340,51002,2021,,2054,PRIVADA_EMPRESARIAL,05,12.0,False,13.0,166.0,5.0,425.0,10.3,5.0,21.53,54.63,8.0,0.0,8.0,38.0,4.0,12253.17,1531.65,0.0,0.0,75.0,4.88,2.0,0.008,0.62,0.78,False,Cuiabá,Baixada Cuiabana
2604396,510340,51002,2021,CIAPS HOSPITAL ADAUTO BOTELHO,1236,ESTADUAL,07,12.0,False,120.0,120.0,0.0,4.0,14.33,37.75,90.58,241.06,393.0,393.0,0.0,22525.0,0.0,1118724.22,2846.63,1.0,0.254,43.0,57.33,1.0,0.514,3.28,27.42,True,Cuiabá,Baixada Cuiabana
2655411,510340,51002,2021,HOSPITAL UNIVERSITARIO JULIO MULLER EBSERH,2011,EMPRESA_ESTATAL,05,12.0,False,109.58,111.58,24.0,475.58,144.12,127.06,265.97,1004.12,3129.0,3024.0,105.0,17815.0,5624.0,6439541.32,2058.02,89.0,2.844,90.96,7.54,234.0,0.445,28.55,21.71,True,Cuiabá,Baixada Cuiabana
2659107,510340,51002,2021,HOSPITAL GERAL E MATERNIDADE DE CUIABA,3999,PRIVADA_SEM_FINS_LUCRATIVOS,07,12.0,False,203.58,228.92,30.0,393.33,86.32,62.13,238.88,627.6,7187.0,5271.0,1916.0,36498.0,9974.0,24337311.97,3386.3,255.0,3.548,95.92,6.59,403.0,0.491,35.3,83.26,True,Cuiabá,Baixada Cuiabana
3851249,510340,51002,2021,,3999,PRIVADA_SEM_FINS_LUCRATIVOS,05,12.0,False,31.0,39.0,0.0,40.0,2.43,3.22,1.79,34.87,,,,,,,,,,,,,,,,False,Cuiabá,Baixada Cuiabana
6923089,510340,51002,2021,HOSPITAL OTORRINO,2062,PRIVADA_EMPRESARIAL,05,12.0,False,7.5,30.0,0.0,54.5,2.86,0.0,11.65,27.91,,,,,,,,,,,,,,,,False,Cuiabá,Baixada Cuiabana
7349270,510340,51002,2021,HOSPITAL MUNICIPAL SAO BENEDITO DE CUIABA,1031,MUNICIPAL,05,12.0,False,96.33,110.5,45.0,515.5,51.77,52.39,171.07,410.55,1208.0,1208.0,0.0,7791.0,5392.0,10800411.39,8940.74,589.0,48.758,1.41,10.32,61.0,0.222,12.54,23.33,True,Cuiabá,Baixada Cuiabana
9209352,510340,51002,2021,HOSPITAL MUNICIPAL DE CUIABA E P S DR LEONY PALMA CARVALHO,1031,MUNICIPAL,05,12.0,False,213.83,268.17,3.33,697.75,143.5,243.26,352.23,1221.96,6148.0,6051.0,97.0,46522.0,581.0,4987242.68,811.2,233.0,3.79,99.9,7.43,391.0,0.596,28.75,42.84,True,Cuiabá,Baixada Cuiabana
9841903,510340,51002,2021,HOSPITAL ESTADUAL SANTA CASA,1236,ESTADUAL,05,12.0,False,195.92,233.25,40.83,775.33,208.01,207.2,395.04,968.79,2385.0,2383.0,2.0,15943.0,965.0,4153566.24,1741.54,79.0,3.312,8.09,6.99,223.0,0.223,12.17,11.47,True,Cuiabá,Baixada Cuiabana
9893598,510340,51002,2021,,2062,PRIVADA_EMPRESARIAL,07,12.0,False,1.0,11.0,0.0,111.0,0.54,1.88,5.0,11.17,,,,,,,,,,,,,,,,False,Cuiabá,Baixada Cuiabana
2398125,510350,51004,2021,HOSPITAL MUNICIPAL SAO JOAO BATISTA,3999,PRIVADA_SEM_FINS_LUCRATIVOS,05,12.0,False,35.33,48.0,0.0,23.25,3.4,6.13,12.64,35.27,1305.0,1305.0,0.0,3310.0,0.0,658959.61,504.95,31.0,2.375,79.23,2.47,150.0,0.257,36.94,383.82,True,Diamantino,Centro Norte
2396343,510360,51013,2021,HOSPITAL BOM JESUS,3999,PRIVADA_SEM_FINS_LUCRATIVOS,05,12.0,False,15.0,20.0,0.0,3.0,1.15,0.78,3.3,6.35,382.0,382.0,0.0,810.0,0.0,163245.17,427.34,8.0,2.094,100.0,2.08,23.0,0.148,25.47,332.17,True,Dom Aquino,Sul Matogrossense
2391163,510385,51006,2021,HOSPITAL MUNICIPAL DE GAUCHA DO NORTE,1244,MUNICIPAL,05,12.0,False,17.0,17.0,0.0,6.0,2.06,7.33,7.25,32.14,211.0,211.0,0.0,756.0,0.0,77399.34,366.82,1.0,0.474,100.0,3.43,26.0,0.122,12.41,102.43,True,Gaúcha do Norte,Médio Araguaia
2395398,510390,51005,2021,HOSPITAL MUNICIPAL DE GENERAL CARNEIRO,1244,MUNICIPAL,05,12.0,False,15.5,15.5,0.0,31.25,2.24,3.65,3.73,20.46,144.0,144.0,0.0,509.0,0.0,112762.13,783.07,4.0,2.778,100.0,3.34,33.0,0.09,9.29,64.29,True,General Carneiro,Garças Araguaia
2392046,510410,51015,2021,HOSPITAL MUNICIPAL NOSSA SENHORA DO ROSARIO,1244,MUNICIPAL,05,12.0,False,39.25,48.42,0.0,95.0,11.59,10.62,47.95,113.7,1496.0,1496.0,0.0,5205.0,0.0,959998.03,641.71,91.0,6.083,85.49,3.32,137.0,0.363,38.11,129.08,True,Guarantã do Norte,Vale do Peixoto
2397609,510420,51013,2021,,2062,PRIVADA_EMPRESARIAL,05,12.0,False,19.0,23.0,0.0,6.0,3.97,0.9,3.45,10.48,349.0,349.0,0.0,1127.0,0.0,194354.24,556.89,23.0,6.59,100.0,2.99,30.0,0.163,18.37,87.91,True,Guiratinga,Sul Matogrossense
2534010,510455,51010,2021,,1244,MUNICIPAL,05,12.0,False,16.0,16.0,0.0,11.0,2.6,4.17,9.67,35.58,,,,,,,,,,,,,,,,False,Itaúba,Norte Matogrossense
2395916,510460,51013,2021,HOSPITAL MUNICIPAL OSNIR BORTOLINI,1244,MUNICIPAL,05,12.0,False,21.0,23.67,0.0,19.83,6.61,4.37,14.35,37.1,333.0,333.0,0.0,1061.0,0.0,170659.3,512.49,9.0,2.703,16.82,2.97,57.0,0.138,15.86,50.38,True,Itiquira,Sul Matogrossense
2397269,510480,51013,2021,,2062,PRIVADA_EMPRESARIAL,05,4.0,False,6.0,17.0,0.0,25.0,0.0,1.1,1.1,2.2,,,,,,,,,,,,,,,,False,Jaciara,Sul Matogrossense
3269728,510480,51013,2021,HOSPITAL MUNICIPAL DE JACIARA,1244,MUNICIPAL,05,12.0,False,38.0,46.0,0.0,96.5,15.16,13.4,45.54,126.68,1564.0,1564.0,0.0,5048.0,0.0,984280.05,629.34,33.0,2.11,90.03,3.03,132.0,0.364,41.16,103.17,True,Jaciara,Sul Matogrossense
2394723,510500,51012,2021,HOSPITAL DE JAURU,3999,PRIVADA_SEM_FINS_LUCRATIVOS,05,12.0,False,33.0,38.0,0.0,9.0,2.48,1.0,7.33,16.42,178.0,178.0,0.0,563.0,0.0,72028.44,404.65,14.0,7.865,100.0,3.0,28.0,0.047,5.39,71.77,True,Jauru,Sudoeste Matogrossense
2392704,510510,51016,2021,HOSPITAL MUNICIPAL DE JUARA ELIDIA MASCHIETTO SANTILLO,1244,MUNICIPAL,05,12.0,False,42.67,42.67,0.0,73.83,9.97,9.8,43.59,116.5,2110.0,2108.0,2.0,7851.0,0.0,1261897.41,598.06,85.0,4.028,84.5,3.58,180.0,0.504,49.45,211.63,True,Juara,Vale dos Arinos
2392887,510510,51016,2021,HOSPITAL E MATERNIDADE SAO LUCAS SOCIEDADE MEDICA SAO LUCAS,2062,PRIVADA_EMPRESARIAL,05,12.0,False,1.0,24.0,0.0,24.0,1.79,0.0,0.9,3.69,,,,,,,,,,,,,,,,False,Juara,Vale dos Arinos
3430383,510510,51016,2021,,2062,PRIVADA_EMPRESARIAL,05,5.0,False,0.0,9.0,0.0,0.0,0.0,0.0,0.0,0.0,,,,,,,,,,,,,,,,False,Juara,Vale dos Arinos
4069803,510515,51008,2021,HOSPITAL MUNICIPAL DE JUINA DR HIDEO SAKUNO,1244,MUNICIPAL,05,12.0,False,86.33,91.0,8.33,102.0,12.37,13.67,56.74,143.89,3227.0,3227.0,0.0,14006.0,2023.0,5148191.02,1595.35,82.0,2.541,99.97,4.84,230.0,0.444,37.38,260.87,True,Juína,Noroeste Matogrossense
2392895,510517,51008,2021,HOSPITAL MUNICIPAL DE JURUENA RENILDA DE FATIMA DE MORAIS,1244,MUNICIPAL,05,12.0,False,20.75,21.0,0.0,29.33,2.72,2.96,11.5,41.88,577.0,577.0,0.0,2491.0,0.0,339775.22,588.87,12.0,2.08,100.0,4.05,63.0,0.329,27.81,212.13,True,Juruena,Noroeste Matogrossense
2396092,510520,51013,2021,HOSPITAL MUNICPAL PADRE JOHANNES BERTHOLD HENNING,1244,MUNICIPAL,05,12.0,False,20.0,22.0,0.0,29.75,3.33,2.93,7.08,29.66,419.0,419.0,0.0,1408.0,0.0,223221.28,532.75,12.0,2.864,100.0,3.07,40.0,0.193,20.95,125.83,True,Juscimeira,Sul Matogrossense
9457542,510520,51013,2021,,1244,MUNICIPAL,05,7.0,False,16.0,16.0,0.0,0.0,0.3,0.3,0.6,1.31,,,,,,,,,,,,,,,,False,Juscimeira,Sul Matogrossense
2767953,510525,51014,2021,HOSPITAL SAO LUCAS LUCAS DO RIO VERDE,3069,PRIVADA_SEM_FINS_LUCRATIVOS,05,12.0,False,84.33,153.5,4.17,273.0,32.19,35.36,142.06,382.34,5088.0,5088.0,0.0,17020.0,114.0,3415032.39,671.19,92.0,1.808,83.18,3.09,305.0,0.553,60.33,158.06,True,Lucas do Rio Verde,Teles Pires
2752603,510550,51012,2021,HOSPITAL EVANGELICO DE MATO GROSSO,3999,PRIVADA_SEM_FINS_LUCRATIVOS,05,12.0,False,42.83,48.92,0.0,9.0,3.41,6.35,12.61,49.88,939.0,939.0,0.0,2899.0,0.0,394192.83,419.8,21.0,2.236,90.1,2.97,84.0,0.185,21.92,275.37,True,Vila Bela da Santíssima Trindade,Sudoeste Matogrossense
8013926,510558,51010,2021,HOSPITAL MARIA ZELIA,1244,MUNICIPAL,05,12.0,False,12.58,12.58,0.0,17.0,2.78,3.88,18.4,53.9,492.0,492.0,0.0,1989.0,0.0,336968.6,684.9,0.0,0.0,97.76,4.02,44.0,0.433,39.11,176.98,True,Marcelândia,Norte Matogrossense
2391724,510560,51015,2021,HOSPITAL MUNICIPAL DE MATUPA,1244,MUNICIPAL,05,12.0,False,26.67,27.0,0.0,97.75,5.45,10.92,34.58,96.78,600.0,600.0,0.0,1873.0,0.0,376087.07,626.81,51.0,8.5,99.83,2.93,90.0,0.192,22.5,110.09,True,Matupá,Vale do Peixoto
2395266,510562,51011,2021,,2062,PRIVADA_EMPRESARIAL,05,12.0,False,30.0,41.0,0.0,0.0,2.5,0.95,5.55,9.65,,,,,,,,,,,,,,,,False,Mirassol d'Oeste,Oeste Matogrossense
7254628,510562,51011,2021,HOSPITAL SAMUEL GREVE,1279,MUNICIPAL,05,12.0,False,38.0,49.0,0.0,10.0,4.54,5.04,13.38,26.09,858.0,858.0,0.0,4361.0,0.0,803523.61,936.51,61.0,7.11,99.42,4.89,45.0,0.314,22.58,188.99,True,Mirassol d'Oeste,Oeste Matogrossense
2802473,510590,51004,2021,HOSPITAL E MATERNIDADE LAURA VICUNA,2062,PRIVADA_EMPRESARIAL,05,12.0,False,36.0,43.0,0.0,12.0,3.2,2.93,7.63,31.94,1091.0,1091.0,0.0,3188.0,0.0,679315.36,622.65,37.0,3.391,99.91,2.73,61.0,0.243,30.31,340.94,True,Nobres,Centro Norte
4069870,510610,51002,2021,HOSPITAL MUNICIPAL PROFESSORA MARIA ARLINDA DA COSTA,1244,MUNICIPAL,05,12.0,False,16.0,16.0,0.0,9.0,7.74,4.6,10.65,42.59,126.0,126.0,0.0,589.0,0.0,99198.85,787.29,14.0,11.111,100.0,4.24,30.0,0.101,7.88,16.28,True,Nossa Senhora do Livramento,Baixada Cuiabana
2471604,510615,51001,2021,,1244,MUNICIPAL,05,12.0,False,14.0,14.0,0.0,6.0,1.09,4.0,12.17,36.54,,,,,,,,,,,,,,,,False,Nova Bandeirantes,Alto Tapajós
0181277,510622,51014,2021,,2062,PRIVADA_EMPRESARIAL,05,12.0,False,115.75,141.75,26.25,239.75,9.5,18.26,31.15,70.9,1969.0,1969.0,0.0,6670.0,5998.0,11811963.21,5998.97,246.0,12.494,88.78,6.24,193.0,0.158,17.01,207.26,True,Nova Mutum,Teles Pires
0901725,510622,51014,2021,HOSPITAL REGIONAL HILDA STRENGER RIBEIRO NOVA MUTUM,3999,PRIVADA_SEM_FINS_LUCRATIVOS,05,4.0,False,74.25,102.0,0.0,183.0,0.99,0.6,7.43,10.16,,,,,,,,,,,,,,,,False,Nova Mutum,Teles Pires
2398680,510622,51014,2021,,3999,PRIVADA_SEM_FINS_LUCRATIVOS,05,10.0,False,39.0,46.8,0.0,50.0,5.15,11.75,35.01,67.26,1012.0,1012.0,0.0,3192.0,0.0,486478.25,480.71,26.0,2.569,96.44,3.05,137.0,0.224,25.95,196.5,False,Nova Mutum,Teles Pires
2472716,510623,51007,2021,HOSPITAL E MATERNIDADE NOVA OLIMPIA,2062,PRIVADA_EMPRESARIAL,05,12.0,False,13.0,30.0,0.0,13.0,3.41,2.13,10.25,23.7,682.0,682.0,0.0,1898.0,0.0,381891.38,559.96,10.0,1.466,100.0,2.72,40.0,0.4,52.46,200.0,True,Nova Olímpia,Médio Norte Matogrossense
2395428,510625,51005,2021,HOSPITAL MUNICIPAL DR DAERCIO OLIVEIRA MORAES,1244,MUNICIPAL,05,12.0,False,32.08,34.0,0.0,23.5,11.0,12.39,34.05,107.55,1530.0,1530.0,0.0,5434.0,0.0,1062830.03,694.66,55.0,3.595,88.82,3.43,162.0,0.464,47.69,139.09,True,Nova Xavantina,Garças Araguaia
2392720,510627,51016,2021,HOSPITAL MUNICIPAL JOSE KARA JOSE,1244,MUNICIPAL,05,12.0,False,16.33,16.33,0.0,28.33,3.36,1.17,8.92,25.65,98.0,98.0,0.0,434.0,0.0,44036.17,449.35,5.0,5.102,100.0,4.11,29.0,0.073,6.0,29.17,False,Novo Horizonte do Norte,Vale dos Arinos
2395509,510628,51005,2021,HOSP MUN MARIA DOLORES T JORDAO NOVO SAO JOAQUIM,1244,MUNICIPAL,05,12.0,False,33.42,33.5,0.0,13.0,1.78,3.58,10.92,51.28,445.0,445.0,0.0,1336.0,0.0,241087.25,541.77,6.0,1.348,99.55,2.92,64.0,0.11,13.32,250.0,True,Novo São Joaquim,Garças Araguaia
2471663,510629,51001,2021,HOSPITAL E MATERNIDADE ALIPIO CANDIDO DA SILVA,1244,MUNICIPAL,05,12.0,False,30.33,38.0,0.0,29.58,9.96,5.09,17.58,69.33,801.0,801.0,0.0,2254.0,0.0,500421.7,624.75,1.0,0.125,56.93,2.76,91.0,0.204,26.41,80.42,True,Paranaíta,Alto Tapajós
2390949,510630,51013,2021,HOSPITAL MUNICIPAL IRMA TEODORA,1244,MUNICIPAL,05,5.0,False,35.0,35.0,0.0,17.0,6.47,5.7,22.8,59.14,252.0,252.0,0.0,573.0,0.0,99168.7,393.53,2.0,0.794,89.29,2.05,64.0,0.045,7.2,38.95,False,Paranatinga,Sul Matogrossense
2699850,510630,51013,2021,,2062,PRIVADA_EMPRESARIAL,05,12.0,False,35.0,35.0,0.0,12.0,2.88,3.29,6.0,17.25,801.0,801.0,0.0,2031.0,0.0,516729.96,645.11,9.0,1.124,86.89,2.36,75.0,0.159,22.89,278.13,True,Paranatinga,Sul Matogrossense
2752638,510637,51013,2021,HOSPITAL PRONTO ATENDIMENTO MUNICIPAL LUCIANA MARTINS AMORIM,1244,MUNICIPAL,05,12.0,False,32.0,32.0,0.0,11.0,13.93,5.08,25.17,69.15,451.0,451.0,0.0,2419.0,0.0,231003.16,512.2,24.0,5.322,100.0,4.97,42.0,0.207,14.09,32.38,True,Pedra Preta,Sul Matogrossense
2699842,510642,51015,2021,HOSPITAL REGIONAL DE PEIXOTO DE AZEVEDO,1244,MUNICIPAL,05,12.0,False,56.0,76.0,6.67,156.33,23.87,23.0,81.25,214.82,3125.0,3125.0,0.0,10851.0,1011.0,3426660.03,1096.53,182.0,5.824,99.42,3.66,260.0,0.531,55.8,130.92,True,Peixoto de Azevedo,Vale do Peixoto
2391449,510650,51002,2021,HOSPITAL GERAL DE POCONE DR NICOLAU FONTANILAS FRAGELI,3999,PRIVADA_SEM_FINS_LUCRATIVOS,05,12.0,False,60.0,66.0,0.0,20.0,1.1,3.2,12.8,39.35,1577.0,1389.0,188.0,3904.0,0.0,724748.97,459.57,54.0,3.424,100.0,2.18,77.0,0.178,26.28,1433.64,True,Poconé,Baixada Cuiabana
2395592,510670,51005,2021,HOSPITAL MUNICIPAL BOM JESUS,1244,MUNICIPAL,05,11.0,False,21.0,21.0,0.0,7.0,0.85,2.0,10.0,35.26,101.0,101.0,0.0,259.0,0.0,28550.0,282.67,1.0,0.99,100.0,2.27,37.0,0.034,4.81,118.82,False,Ponte Branca,Garças Araguaia
2752654,510675,51012,2021,HOSPITAL VALE DO GUAPORE,3999,PRIVADA_SEM_FINS_LUCRATIVOS,05,12.0,False,61.83,104.17,0.0,124.67,22.8,35.73,42.75,159.9,3929.0,3929.0,0.0,11746.0,0.0,2015546.76,512.99,169.0,4.301,94.1,2.79,199.0,0.52,63.55,172.32,True,Pontes e Lacerda,Sudoeste Matogrossense
2311615,510677,51003,2021,,1244,MUNICIPAL,05,12.0,False,18.0,18.0,0.0,4.0,1.88,3.25,8.33,18.54,,,,,,,,,,,,,,,,False,Porto Alegre do Norte,Araguaia Xingu
2752646,510680,51016,2021,HOSPITAL MUNICIPAL GUSTAV ADOLF ISERNHAGEN,1244,MUNICIPAL,05,12.0,False,22.17,22.17,0.0,37.75,2.11,1.0,7.08,34.8,425.0,425.0,0.0,1076.0,0.0,217537.11,511.85,13.0,3.059,99.76,2.38,64.0,0.133,19.17,201.42,True,Porto dos Gaúchos,Vale dos Arinos
2397684,510700,51013,2021,HOSPITAL E MATERNIDADE SAO JOAO BATISTA,3999,PRIVADA_SEM_FINS_LUCRATIVOS,05,12.0,False,74.0,93.0,0.0,50.0,6.15,6.78,17.15,60.46,1116.0,1116.0,0.0,3079.0,0.0,788749.91,706.77,34.0,3.047,97.13,2.58,82.0,0.114,15.08,181.46,True,Poxoréo,Sul Matogrossense
2397463,510704,51013,2021,HOSPITAL E MATERNIDADE SAO LUCAS PRIMAVERA DO LESTE,2062,PRIVADA_EMPRESARIAL,05,12.0,False,68.08,116.92,21.5,317.5,25.57,22.21,55.84,124.37,2475.0,2427.0,48.0,4862.0,5001.0,10184642.93,4115.01,219.0,8.848,86.51,3.77,230.0,0.196,36.35,96.79,True,Primavera do Leste,Sul Matogrossense
2397676,510704,51013,2021,HOSPITAL DAS CLINICAS PRIMAVERA PRIMAVERA DO LESTE,2062,PRIVADA_EMPRESARIAL,05,12.0,False,42.0,55.0,8.0,25.17,36.43,9.83,42.34,103.72,2786.0,2774.0,12.0,6282.0,2537.0,3213068.18,1153.29,126.0,4.523,85.64,2.99,258.0,0.41,66.33,76.48,True,Primavera do Leste,Sul Matogrossense
4070070,510706,51006,2021,HOSPITAL MUNICIPAL DE QUERENCIA,1244,MUNICIPAL,05,12.0,False,32.67,34.33,6.67,41.0,10.03,12.48,33.88,99.38,1255.0,1255.0,0.0,3577.0,1472.0,3345443.31,2665.69,67.0,5.339,100.0,3.9,77.0,0.3,38.41,125.12,True,Querência,Médio Araguaia
2394316,510710,51011,2021,,2062,PRIVADA_EMPRESARIAL,05,12.0,False,23.0,26.0,0.0,13.0,1.6,0.5,2.0,4.13,,,,,,,,,,,,,,,,False,São José dos Quatro Marcos,Oeste Matogrossense
2472791,510718,51006,2021,HOSPITAL MUNICIPAL CRISTO REI,1244,MUNICIPAL,05,12.0,False,42.17,49.75,0.0,40.0,3.4,4.38,12.67,45.99,296.0,296.0,0.0,1112.0,0.0,125874.98,425.25,4.0,1.351,62.5,3.58,52.0,0.072,7.02,87.06,True,Ribeirão Cascalheira,Médio Araguaia
2395452,510719,51005,2021,HOSPITAL NOSSA SENHORA DA ABADIA,1244,MUNICIPAL,05,12.0,False,15.0,15.0,0.0,8.0,2.75,3.0,5.48,19.57,32.0,32.0,0.0,150.0,0.0,23495.39,734.23,0.0,0.0,100.0,4.41,14.0,0.027,2.13,11.64,False,Ribeirãozinho,Garças Araguaia
2394782,510720,51011,2021,HOSPITAL MUNICIPAL DE RIO BRANCO,1244,MUNICIPAL,05,12.0,False,18.0,18.0,0.0,5.0,1.21,2.83,6.25,17.33,103.0,103.0,0.0,226.0,0.0,76625.23,743.93,2.0,1.942,100.0,1.95,11.0,0.034,5.72,85.12,True,Rio Branco,Oeste Matogrossense
3142663,510730,51004,2021,HOSPITAL MUNICIPAL DE SAO JOSE DO RIO CLARO,1244,MUNICIPAL,05,12.0,False,22.0,22.0,0.0,15.0,4.81,12.38,21.25,68.52,812.0,812.0,0.0,2407.0,0.0,463177.91,570.42,24.0,2.956,85.59,2.8,123.0,0.3,36.91,168.81,True,São José do Rio Claro,Centro Norte
0171557,510760,51013,2021,,1244,MUNICIPAL,05,12.0,False,50.0,50.0,0.0,5.0,9.0,7.0,18.34,44.17,,,,,,,,,,,,,,,,False,Rondonópolis,Sul Matogrossense
2396424,510760,51013,2021,CASA DE SAUDE PAULO DE TARSO E CAPS PAULO DE TARSO,3999,PRIVADA_SEM_FINS_LUCRATIVOS,07,12.0,False,82.0,82.0,0.0,4.0,3.18,8.17,35.47,91.93,801.0,801.0,0.0,28056.0,0.0,2297885.19,2868.77,0.0,0.0,100.0,34.95,2.0,0.937,9.77,251.89,True,Rondonópolis,Sul Matogrossense
2396866,510760,51013,2021,SANTA CASA DE RONDONOPOLIS,3999,PRIVADA_SEM_FINS_LUCRATIVOS,05,12.0,False,226.08,286.0,54.75,365.0,56.01,99.64,287.74,619.3,11680.0,10358.0,1322.0,30653.0,16676.0,31437847.16,2691.6,511.0,4.375,69.92,4.05,344.0,0.371,51.66,208.53,True,Rondonópolis,Sul Matogrossense
2604434,510760,51013,2021,HOSPITAL REG IRMA ELZA GIOVANELLA,1236,ESTADUAL,05,12.0,False,131.0,132.75,35.83,508.67,102.06,71.39,331.73,745.32,7308.0,7287.0,21.0,28876.0,9180.0,13996242.0,1915.19,639.0,8.744,91.6,4.9,369.0,0.604,55.79,71.6,True,Rondonópolis,Sul Matogrossense
2701626,510760,51013,2021,,2240,PRIVADA_EMPRESARIAL,05,12.0,False,32.5,42.33,0.0,21.33,5.89,5.0,35.75,50.44,,,,,,,,,,,,,,,,False,Rondonópolis,Sul Matogrossense
3028925,510760,51013,2021,HOSP DE REF SAUDE DA FAMILIA DR ANTONIO DOS S MUNIZ,1244,MUNICIPAL,05,12.0,False,47.17,61.33,0.0,77.92,20.58,15.03,38.28,90.83,2780.0,2780.0,0.0,16610.0,0.0,1819699.23,654.57,213.0,7.662,100.0,5.58,91.0,0.965,58.94,135.08,True,Rondonópolis,Sul Matogrossense
2655780,510770,51004,2021,HOSPITAL MUNICIPAL DE ROSARIO OESTE,1244,MUNICIPAL,05,12.0,False,61.0,62.33,0.0,19.5,2.9,6.02,13.26,27.45,763.0,763.0,0.0,2949.0,0.0,507190.17,664.73,10.0,1.311,98.43,3.66,63.0,0.132,12.51,263.1,True,Rosário Oeste,Centro Norte
2394189,510775,51011,2021,HOSPITAL MUNICIPAL DE SALTO DO CEU,1244,MUNICIPAL,05,12.0,False,14.0,14.0,0.0,7.0,2.71,1.0,9.0,28.17,112.0,112.0,0.0,437.0,0.0,45384.58,405.22,2.0,1.786,95.54,3.72,19.0,0.086,8.0,41.33,True,Salto do Céu,Oeste Matogrossense
2311607,510777,51003,2021,HOSPITAL MUNICIPAL DE SANTA TEREZINHA,1244,MUNICIPAL,05,12.0,False,22.0,22.0,0.0,3.0,1.11,1.42,10.92,28.91,416.0,416.0,0.0,1144.0,0.0,183757.96,441.73,8.0,1.923,100.0,2.48,51.0,0.142,18.91,374.77,True,Santa Terezinha,Araguaia Xingu
2391171,510780,51002,2021,,1244,MUNICIPAL,05,12.0,False,21.0,21.0,0.0,5.0,7.23,5.11,19.8,54.68,,,,,,,,,,,,,,,,False,Santo Antônio do Leverger,Baixada Cuiabana
2604426,510785,51009,2021,HOSPITAL MUNICIPAL PREFEITO JOAO ABREU LUZ,1210,PUBLICA_OUTRA,05,12.0,False,40.83,41.5,0.0,74.75,4.47,4.42,15.68,49.17,1359.0,1359.0,0.0,3349.0,0.0,778143.99,572.59,27.0,1.987,92.86,2.31,132.0,0.225,33.28,304.03,True,São Félix do Araguaia,Norte Araguaia Karajá
9659366,510787,51007,2021,HOSPITAL SANTA MARCELINA DE SAPEZAL,3999,PRIVADA_SEM_FINS_LUCRATIVOS,05,12.0,False,34.0,53.0,0.0,75.67,15.0,8.75,28.71,90.17,1336.0,1336.0,0.0,4187.0,0.0,858561.4,642.64,13.0,0.973,86.38,3.02,142.0,0.337,39.29,89.07,True,Sapezal,Médio Norte Matogrossense
0218669,510790,51014,2021,,1244,MUNICIPAL,05,12.0,False,38.08,42.0,0.0,37.5,2.59,15.25,36.22,79.7,227.0,227.0,0.0,1256.0,0.0,342414.88,1508.44,1.0,0.441,100.0,5.26,1.0,0.09,5.96,87.64,True,Sinop,Teles Pires
0405159,510790,51014,2021,,3999,PRIVADA_SEM_FINS_LUCRATIVOS,05,12.0,False,1.67,3.33,0.0,47.0,0.63,1.1,2.38,8.93,,,,,,,,,,,,,,,,False,Sinop,Teles Pires
2795671,510790,51014,2021,HOSPITAL SANTO ANTONIO,3069,PRIVADA_SEM_FINS_LUCRATIVOS,05,12.0,False,58.0,124.75,13.0,186.42,27.64,105.53,150.6,502.94,4679.0,4000.0,679.0,11580.0,4160.0,6046409.72,1292.24,135.0,2.885,100.0,3.32,120.0,0.547,80.67,169.28,True,Sinop,Teles Pires
6085423,510790,51014,2021,HOSPITAL REGIONAL JORGE DE ABREU,1236,ESTADUAL,05,12.0,False,98.75,114.0,23.33,105.75,57.97,108.32,165.3,492.4,3489.0,3488.0,1.0,20838.0,3744.0,9570583.36,2743.07,328.0,9.401,100.0,6.84,237.0,0.578,35.33,60.19,True,Sinop,Teles Pires
2795655,510792,51014,2021,HOSPITAL REGIONAL DE SORRISO,1236,ESTADUAL,05,12.0,False,157.67,165.5,16.0,241.0,69.2,55.0,156.83,468.92,6867.0,6858.0,9.0,33119.0,3040.0,7026909.6,1023.29,353.0,5.141,99.87,5.1,353.0,0.575,43.55,99.23,True,Sorriso,Teles Pires
7901127,510792,51014,2021,HOSPITAL MATERNIDADE 13 DE MAIO VILA ROMANA,2054,PRIVADA_EMPRESARIAL,05,12.0,False,0.0,54.0,0.0,0.0,2.08,0.0,2.2,4.28,,,,,,,,,,,,,,,,False,Sorriso,Teles Pires
7943733,510792,51014,2021,IGHASMAT,3999,PRIVADA_SEM_FINS_LUCRATIVOS,05,12.0,False,1.0,36.0,0.0,0.75,2.5,0.0,0.05,2.8,,,,,,,,,,,,,,,,False,Sorriso,Teles Pires
2392801,510794,51016,2021,HOSPITAL MUNICIPAL DE TABAPORA,1244,MUNICIPAL,05,12.0,False,16.0,16.0,0.0,12.0,2.48,2.12,7.3,16.21,507.0,507.0,0.0,1183.0,0.0,275971.04,544.32,14.0,2.761,100.0,2.23,57.0,0.203,31.69,204.44,True,Tabaporã,Vale dos Arinos
0196398,510795,51007,2021,,1244,MUNICIPAL,05,2.0,False,32.0,32.0,0.0,28.0,9.41,2.75,12.15,35.55,147.0,147.0,0.0,750.0,0.0,62990.59,428.51,7.0,4.762,100.0,4.86,43.0,0.064,4.59,15.62,False,Tangará da Serra,Médio Norte Matogrossense
2472139,510795,51007,2021,HOSPITAL DAS CLINICAS VIDA E SAUDE TANGARA DA SERRA,2062,PRIVADA_EMPRESARIAL,05,12.0,False,46.0,66.0,0.0,111.0,16.25,8.1,31.75,75.77,1628.0,1628.0,0.0,2938.0,0.0,1093840.26,671.89,2.0,0.123,98.53,1.71,36.0,0.175,35.39,100.18,True,Tangará da Serra,Médio Norte Matogrossense
2472414,510795,51007,2021,HOSPITAL E MATERNIDADE SANTA ANGELA TANGARA DA SERRA,2232,PRIVADA_EMPRESARIAL,05,12.0,False,8.0,107.0,0.0,104.83,2.39,7.44,9.39,24.14,,,,,,,,,,,,,,,,False,Tangará da Serra,Médio Norte Matogrossense
2767384,510795,51007,2021,HOSPITAL MUNICIPAL ARLETE DAISY CICHETTI DE BRITO,1244,MUNICIPAL,05,12.0,False,60.92,66.67,11.92,243.33,23.09,28.74,93.8,216.56,3258.0,3258.0,0.0,15649.0,2335.0,6471502.5,1986.34,314.0,9.638,99.91,5.29,96.0,0.704,53.48,141.1,True,Tangará da Serra,Médio Norte Matogrossense
3171353,510795,51007,2021,,2062,PRIVADA_EMPRESARIAL,05,9.0,False,1.0,52.0,0.0,0.0,0.0,0.0,0.0,0.0,,,,,,,,,,,,,,,,False,Tangará da Serra,Médio Norte Matogrossense
2398400,510800,51014,2021,HOSPITAL MUNICIPAL DE TAPURAH,1244,MUNICIPAL,05,12.0,False,22.0,22.0,0.0,10.0,2.28,4.06,12.25,33.79,136.0,136.0,0.0,496.0,0.0,73561.05,540.89,0.0,0.0,100.0,3.61,24.0,0.062,6.18,59.65,True,Tapurah,Teles Pires
2391996,510805,51015,2021,HOSPITAL MUNICIPAL DE TERRA NOVA DO NORTE,1244,MUNICIPAL,05,5.0,False,38.0,38.0,0.0,18.0,3.4,3.2,15.0,39.15,362.0,362.0,0.0,1982.0,0.0,231862.14,640.5,34.0,9.392,99.45,5.13,50.0,0.143,9.53,106.47,False,Terra Nova do Norte,Vale do Peixoto
2397501,510810,51013,2021,HOSPITAL E MATERNIDADE SAO LUCAS,1244,MUNICIPAL,05,12.0,False,15.0,15.0,0.0,8.0,1.42,2.37,5.38,27.71,70.0,70.0,0.0,251.0,0.0,26873.5,383.91,3.0,4.286,100.0,3.16,34.0,0.046,4.67,49.3,False,Tesouro,Sul Matogrossense
2395584,510820,51005,2021,HOSPITAL MUNICIPAL SAO JOAO BOSCO,1244,MUNICIPAL,05,12.0,False,22.0,23.0,0.0,8.0,2.26,1.88,6.83,22.62,197.0,197.0,0.0,633.0,0.0,118888.49,603.49,5.0,2.538,93.4,3.08,47.0,0.079,8.95,87.17,True,Torixoréu,Garças Araguaia
2391570,510840,51002,2021,,3999,PRIVADA_SEM_FINS_LUCRATIVOS,05,4.0,False,20.0,53.0,0.0,10.0,1.4,1.0,2.0,5.4,,,,,,,,,,,,,,,,False,Várzea Grande,Baixada Cuiabana
2391635,510840,51002,2021,HOSPITAL E PRONTO SOCORRO MUNICIPAL DE VARZEA GRANDE,1244,MUNICIPAL,05,12.0,False,196.25,206.92,23.33,296.33,115.18,105.17,168.92,661.9,8963.0,8962.0,1.0,47227.0,6456.0,12968825.78,1446.93,624.0,6.962,99.97,5.8,330.0,0.659,45.67,77.82,True,Várzea Grande,Baixada Cuiabana
6853781,510840,51002,2021,METROPOLITANO HOSPITAL ESTADUAL LOUSITE FERREIRA DA SILVA,1236,ESTADUAL,05,12.0,False,291.0,311.5,99.33,448.75,86.52,179.02,342.69,1044.75,3685.0,3685.0,0.0,21605.0,16864.0,33371885.92,9056.14,1160.0,31.479,0.0,10.11,15.0,0.203,12.66,42.59,True,Várzea Grande,Baixada Cuiabana
7914288,510860,51003,2021,HOSPITAL MUNICIPAL DE VILA RICA,1244,MUNICIPAL,05,12.0,False,24.33,24.33,0.0,12.0,6.47,3.96,15.9,56.72,1030.0,1029.0,1.0,3113.0,0.0,620168.92,602.11,29.0,2.816,99.13,2.81,117.0,0.351,42.33,159.2,True,Vila Rica,Araguaia Xingu
2473046,510020,51006,2022,HOSPITAL REGIONAL DE AGUA BOA,1210,PUBLICA_OUTRA,05,12.0,False,70.42,74.42,8.33,130.83,18.44,12.68,73.87,176.06,5692.0,5667.0,25.0,14620.0,2704.0,4358137.37,765.66,137.0,2.407,93.73,2.89,320.0,0.569,80.83,308.68,True,Água Boa,Médio Araguaia
2471345,510025,51001,2022,HOSPITAL REGIONAL DE ALTA FLORESTA ALBERT SABIN,1236,ESTADUAL,05,12.0,False,72.5,89.42,0.0,364.0,27.6,47.33,125.41,255.2,4343.0,4343.0,0.0,16456.0,0.0,2743595.33,631.73,177.0,4.076,85.08,3.63,323.0,0.622,59.9,157.36,True,Alta Floresta,Alto Tapajós
2569531,510025,51001,2022,,2062,PRIVADA_EMPRESARIAL,05,5.0,False,0.0,19.0,0.0,19.0,0.6,0.0,0.0,0.6,,,,,,,,,,,,,,,,False,Alta Floresta,Alto Tapajós
3913899,510025,51001,2022,,2305,PRIVADA_EMPRESARIAL,05,10.0,False,62.0,111.0,2.0,395.0,7.54,11.36,16.89,43.91,37.0,37.0,0.0,0.0,456.0,785158.73,21220.51,17.0,45.946,100.0,11.84,1.0,0.0,0.6,4.91,False,Alta Floresta,Alto Tapajós
2396998,510030,51013,2022,HOSPITAL MUNICIPAL DE ALTO ARAGUAIA,1244,MUNICIPAL,05,12.0,False,32.58,34.58,0.0,14.0,8.21,9.67,21.45,76.66,661.0,661.0,0.0,1419.0,0.0,273110.36,413.18,15.0,2.269,71.71,2.02,83.0,0.119,20.29,80.51,True,Alto Araguaia,Sul Matogrossense
2397056,510060,51013,2022,HOSPITAL E MATERNIDADE NOSSA SENHORA APARECIDA,1244,MUNICIPAL,05,12.0,False,20.0,26.67,0.0,24.5,3.68,8.5,10.58,29.1,305.0,305.0,0.0,528.0,0.0,180655.06,592.31,0.0,0.0,11.48,1.7,43.0,0.072,15.25,82.88,True,Alto Taquari,Sul Matogrossense
2471590,510080,51001,2022,HOSPITAL MUNICIPAL DE APIACAS,1244,MUNICIPAL,05,12.0,False,32.0,32.0,0.0,8.0,2.88,6.16,13.17,47.39,471.0,471.0,0.0,1266.0,0.0,219531.59,466.1,2.0,0.425,100.0,2.67,38.0,0.108,14.72,163.54,True,Apiacás,Alto Tapajós
2752611,510125,51011,2022,HOSPITAL GERAL E MATERNIDADE ARAPUTANGA,2062,PRIVADA_EMPRESARIAL,05,12.0,False,16.0,19.0,0.0,14.0,4.2,1.1,4.33,13.62,104.0,104.0,0.0,227.0,0.0,37363.18,359.26,1.0,0.962,100.0,1.99,22.0,0.039,6.5,24.76,True,Araputanga,Oeste Matogrossense
2472244,510130,51007,2022,HOSPITAL MUNICIPAL DR MANUELA MACHADO BARBOSA GOMES,1244,MUNICIPAL,05,12.0,False,31.0,31.0,0.0,51.5,4.33,5.33,11.01,43.48,1836.0,1836.0,0.0,4154.0,0.0,826865.64,450.36,5.0,0.272,49.46,2.23,150.0,0.367,59.23,424.02,True,Arenápolis,Médio Norte Matogrossense
4069099,510140,51008,2022,HOSPITAL MUNICIPAL SANTO ANTONIO ARIPUANA,1244,MUNICIPAL,05,12.0,False,30.5,33.0,0.0,29.0,5.88,8.42,29.25,67.33,1174.0,1174.0,0.0,4438.0,0.0,456846.05,389.14,11.0,0.937,100.0,3.7,62.0,0.399,38.49,199.66,True,Aripuanã,Noroeste Matogrossense
2964759,510170,51007,2022,HOSPITAL MATERNIDADE MUNICIPAL DE BARRA DO BUGRES RENE BAR,1244,MUNICIPAL,05,6.0,False,19.17,19.17,0.0,40.0,3.58,4.5,12.17,28.17,73.0,73.0,0.0,133.0,0.0,33363.42,457.03,0.0,0.0,6.85,1.82,8.0,0.019,3.81,20.39,False,Barra do Bugres,Médio Norte Matogrossense
2395886,510180,51005,2022,HOSPITAL MUNICIPAL MILTON PESSOA MORBECK,1244,MUNICIPAL,05,12.0,False,91.5,94.17,11.5,124.0,48.63,50.36,101.17,326.37,3559.0,3559.0,0.0,11151.0,1262.0,3081110.48,865.72,118.0,3.316,96.21,3.38,292.0,0.334,38.9,73.19,True,Barra do Garças,Garças Araguaia
2471795,510190,51008,2022,HOSPITAL MUNICIPAL DE BRASNORTE BRASNORTE,1244,MUNICIPAL,05,12.0,False,31.0,31.0,0.0,167.0,14.11,10.0,29.67,112.02,1393.0,1393.0,0.0,4817.0,0.0,559094.26,401.36,11.0,0.79,96.77,3.33,140.0,0.426,44.94,98.72,True,Brasnorte,Noroeste Matogrossense
2395037,510250,51011,2022,HOSPITAL REGIONAL DE CACERES DR ANTONIO FONTES UNIDADE II,1236,ESTADUAL,05,11.0,False,101.64,155.64,10.0,278.0,24.3,43.6,161.03,276.27,4428.0,4428.0,0.0,14343.0,2355.0,3978361.65,898.46,113.0,2.552,70.8,3.67,174.0,0.387,43.57,182.22,False,Cáceres,Oeste Matogrossense
2534460,510250,51011,2022,HOSPITAL REGIONAL DE CACERES DR ANTONIO FONTES UNIDADE I,1236,ESTADUAL,05,12.0,False,154.08,170.75,22.67,394.67,57.61,67.14,170.02,401.14,5845.0,5823.0,22.0,23613.0,2658.0,6295268.98,1077.03,313.0,5.355,94.34,4.28,306.0,0.42,37.93,101.46,True,Cáceres,Oeste Matogrossense
2395479,510260,51005,2022,HOSPITAL MUNICIPAL SEBASTIAO ANTONIO DA COSTA,1155,MUNICIPAL,05,12.0,False,24.67,24.67,0.0,6.25,4.81,4.25,16.92,48.38,650.0,650.0,0.0,2085.0,0.0,280975.02,432.27,11.0,1.692,100.0,3.02,34.0,0.232,26.35,135.14,True,Campinápolis,Garças Araguaia
2655802,510263,51007,2022,HOSPITAL MUNICIPAL EUCLIDES HORST,1244,MUNICIPAL,05,12.0,False,36.42,36.42,0.0,128.75,13.97,15.15,39.08,114.34,2540.0,2539.0,1.0,6421.0,0.0,1286534.34,506.51,52.0,2.047,78.46,2.41,210.0,0.483,69.74,181.82,True,Campo Novo do Parecis,Médio Norte Matogrossense
2396106,510267,51013,2022,HOSPITAL MUNICIPAL CORACAO DE JESUS,1244,MUNICIPAL,05,12.0,False,52.5,63.0,0.0,169.0,11.44,23.33,66.86,144.78,2704.0,2704.0,0.0,9172.0,0.0,1381620.0,510.95,98.0,3.624,68.2,3.15,222.0,0.479,51.5,236.36,True,Campo Verde,Sul Matogrossense
2394324,510268,51012,2022,HOSPITAL MUNICIPAL LEOCYR LAZARETE,1244,MUNICIPAL,05,12.0,False,17.0,17.0,0.0,34.83,6.93,5.38,12.98,57.95,350.0,350.0,0.0,1018.0,0.0,145308.82,415.17,9.0,2.571,99.14,2.66,51.0,0.164,20.59,50.51,True,Campos de Júlio,Sudoeste Matogrossense
7768400,510270,51006,2022,HOSPITAL MUNICIPAL LORENA PARODE,1244,MUNICIPAL,05,12.0,False,31.0,31.0,0.0,39.0,8.86,8.94,30.69,70.45,1123.0,1123.0,0.0,2338.0,0.0,474922.03,422.9,12.0,1.069,77.56,1.93,76.0,0.207,36.23,126.75,True,Canarana,Médio Araguaia
2398443,510305,51014,2022,HOSPITAL DONA NILZA DE OLIVEIRA PIPINO,3069,PRIVADA_SEM_FINS_LUCRATIVOS,05,12.0,False,33.0,33.67,0.0,3.0,3.85,3.53,7.08,28.28,333.0,333.0,0.0,955.0,0.0,112513.89,337.88,18.0,5.405,100.0,2.61,54.0,0.079,10.09,86.49,True,Cláudia,Teles Pires
2472783,510310,51006,2022,HOSPITAL MUNICIPAL DE COCALINHO,1244,MUNICIPAL,05,12.0,False,17.0,17.42,0.0,7.0,3.36,4.67,9.25,43.83,289.0,289.0,0.0,974.0,0.0,94384.39,326.59,0.0,0.0,28.37,3.37,43.0,0.157,17.0,86.01,True,Cocalinho,Médio Araguaia
2392380,510320,51010,2022,,2062,PRIVADA_EMPRESARIAL,05,12.0,False,21.0,27.0,0.0,6.0,1.5,2.0,5.5,13.0,,,,,,,,,,,,,,,,False,Colíder,Norte Matogrossense
2392410,510320,51010,2022,HOSPITAL REGIONAL DE COLIDER,1236,ESTADUAL,05,12.0,False,74.5,89.67,8.0,259.83,49.53,37.15,146.38,409.36,3132.0,3132.0,0.0,10868.0,2095.0,3758737.61,1200.11,197.0,6.29,97.06,3.97,196.0,0.4,42.04,63.23,True,Colíder,Norte Matogrossense
3574261,510325,51008,2022,HOSPITAL MUNICIPAL ANDRE MAGGI COLNIZA,1244,MUNICIPAL,05,12.0,False,28.0,28.83,0.0,9.0,4.86,8.17,25.67,76.79,1386.0,1386.0,0.0,3720.0,0.0,541039.56,390.36,27.0,1.948,99.93,2.49,144.0,0.364,49.5,285.19,True,Colniza,Noroeste Matogrossense
2395274,510330,51012,2022,HOSPITAL DAS CLINICAS DE COMODORO,2062,PRIVADA_EMPRESARIAL,05,12.0,False,31.0,42.0,0.0,9.75,1.14,0.5,4.54,12.39,1286.0,1286.0,0.0,5064.0,0.0,667716.74,519.22,27.0,2.1,100.0,3.84,55.0,0.448,41.48,1128.07,True,Comodoro,Sudoeste Matogrossense
2793636,510335,51003,2022,HOSPITAL E MATERNIDADE DR LAURO TARCISIO PRESTE DE OLIVEIRA,1244,MUNICIPAL,05,12.0,False,48.0,48.0,0.0,27.5,10.92,16.83,49.19,136.2,4019.0,4019.0,0.0,11283.0,0.0,2087615.34,519.44,63.0,1.568,99.33,2.69,246.0,0.644,83.73,368.04,True,Confresa,Araguaia Xingu
2392968,510337,51008,2022,HOSPITAL MUNICIPAL OLIRIO OLIVEIRA DOS SANTOS,1244,MUNICIPAL,05,12.0,False,34.0,34.0,0.0,42.33,2.94,5.83,10.25,42.52,397.0,397.0,0.0,1240.0,0.0,145713.55,367.04,8.0,2.015,95.97,3.02,57.0,0.1,11.68,135.03,True,Cotriguaçu,Noroeste Matogrossense
2311682,510340,51002,2022,HOSPITAL SANTA HELENA,3999,PRIVADA_SEM_FINS_LUCRATIVOS,05,12.0,False,126.5,162.58,28.0,270.17,34.23,31.97,170.83,282.95,11807.0,11740.0,67.0,32040.0,9628.0,14614549.77,1237.79,189.0,1.601,93.28,3.64,166.0,0.694,93.34,344.93,True,Cuiabá,Baixada Cuiabana
2393565,510340,51002,2022,,2062,PRIVADA_EMPRESARIAL,05,12.0,False,16.0,74.0,4.0,223.0,8.28,2.2,0.2,13.08,,,,,,,,,,,,,,,,False,Cuiabá,Baixada Cuiabana
2473062,510340,51002,2022,HOSPITAL DE OLHOS DE CUIABA,2062,PRIVADA_EMPRESARIAL,07,12.0,False,9.0,10.0,0.0,23.0,4.65,0.3,0.0,7.08,90.0,26.0,64.0,90.0,0.0,380428.25,4226.98,0.0,0.0,0.0,0.0,13.0,0.027,10.0,19.35,False,Cuiabá,Baixada Cuiabana
2494523,510340,51002,2022,FEMINA HOSPITAL INFANTIL E MATERNIDADE,2062,PRIVADA_EMPRESARIAL,07,12.0,False,9.0,85.0,5.0,221.0,12.28,22.95,80.28,149.8,54.0,6.0,48.0,9.0,351.0,672560.06,12454.82,5.0,9.259,35.19,6.28,14.0,0.003,6.0,4.4,False,Cuiabá,Baixada Cuiabana
2495015,510340,51002,2022,HOSPITAL E PRONTO SOCORRO MUNICIPAL DE CUIABA,1031,MUNICIPAL,05,12.0,False,213.67,244.5,54.67,697.58,70.71,175.0,382.81,980.8,2847.0,2822.0,25.0,18726.0,10433.0,12818572.89,4502.48,340.0,11.942,79.52,9.87,136.0,0.24,13.32,40.26,True,Cuiabá,Baixada Cuiabana
2534444,510340,51002,2022,HOSPITAL DE CANCER DE MATO GROSSO,3999,PRIVADA_SEM_FINS_LUCRATIVOS,07,12.0,False,74.83,94.75,10.67,206.92,40.64,48.09,132.13,526.48,3829.0,2372.0,1457.0,18493.0,3261.0,9019866.95,2355.67,358.0,9.35,26.06,5.37,215.0,0.677,51.17,94.22,True,Cuiabá,Baixada Cuiabana
2604388,510340,51002,2022,,2054,PRIVADA_EMPRESARIAL,05,12.0,False,13.0,166.0,5.0,425.0,10.33,5.0,20.7,54.03,,,,,,,,,,,,,,,,False,Cuiabá,Baixada Cuiabana
2604396,510340,51002,2022,CIAPS HOSPITAL ADAUTO BOTELHO,1236,ESTADUAL,07,12.0,False,120.0,120.0,0.0,15.67,13.75,44.83,94.65,256.31,586.0,586.0,0.0,23610.0,0.0,1171207.58,1998.65,0.0,0.0,0.34,40.24,1.0,0.539,4.88,42.62,True,Cuiabá,Baixada Cuiabana
2655411,510340,51002,2022,HOSPITAL UNIVERSITARIO JULIO MULLER EBSERH,2011,EMPRESA_ESTATAL,05,12.0,False,106.17,108.17,19.33,458.42,140.39,122.63,254.77,985.2,3346.0,3233.0,113.0,18851.0,4918.0,5333605.82,1594.02,62.0,1.853,89.96,7.11,237.0,0.486,31.52,23.83,True,Cuiabá,Baixada Cuiabana
2659107,510340,51002,2022,HOSPITAL GERAL E MATERNIDADE DE CUIABA,3999,PRIVADA_SEM_FINS_LUCRATIVOS,07,12.0,False,211.75,235.42,30.0,382.83,88.38,58.76,246.56,626.93,7816.0,5793.0,2023.0,42820.0,10271.0,26518972.13,3392.91,275.0,3.518,97.33,6.93,405.0,0.554,36.91,88.44,True,Cuiabá,Baixada Cuiabana
3851249,510340,51002,2022,,3999,PRIVADA_SEM_FINS_LUCRATIVOS,05,12.0,False,31.0,39.0,0.0,40.0,2.92,3.2,1.65,39.87,,,,,,,,,,,,,,,,False,Cuiabá,Baixada Cuiabana
6331378,510340,51002,2022,,2062,PRIVADA_EMPRESARIAL,07,9.0,False,1.0,2.0,0.0,78.0,3.65,1.1,2.9,24.45,,,,,,,,,,,,,,,,False,Cuiabá,Baixada Cuiabana
6923089,510340,51002,2022,HOSPITAL OTORRINO,2062,PRIVADA_EMPRESARIAL,05,12.0,False,20.0,60.0,0.0,137.0,3.4,0.0,11.65,28.45,,,,,,,,,,,,,,,,False,Cuiabá,Baixada Cuiabana
7349270,510340,51002,2022,HOSPITAL MUNICIPAL SAO BENEDITO DE CUIABA,2011,EMPRESA_ESTATAL,05,12.0,False,98.67,112.0,16.67,513.25,119.62,54.48,180.84,542.66,1041.0,1041.0,0.0,6135.0,693.0,1140460.88,1095.54,11.0,1.057,8.26,6.29,140.0,0.17,10.55,8.7,True,Cuiabá,Baixada Cuiabana
9209352,510340,51002,2022,HOSPITAL MUNICIPAL DE CUIABA E P S DR LEONY PALMA CARVALHO,1031,MUNICIPAL,05,12.0,False,279.83,291.5,56.67,942.67,165.53,244.4,507.97,1521.72,9583.0,9408.0,175.0,67726.0,8071.0,12390050.54,1292.92,477.0,4.978,99.85,7.55,443.0,0.663,34.25,57.89,True,Cuiabá,Baixada Cuiabana
9841903,510340,51002,2022,HOSPITAL ESTADUAL SANTA CASA,1236,ESTADUAL,05,12.0,False,159.83,199.33,1.67,806.33,188.61,220.11,445.83,1033.09,2283.0,2280.0,3.0,15118.0,33.0,1524708.07,667.85,33.0,1.445,2.58,6.51,246.0,0.259,14.28,12.1,True,Cuiabá,Baixada Cuiabana
9893598,510340,51002,2022,,2062,PRIVADA_EMPRESARIAL,07,12.0,False,1.0,11.0,0.0,111.0,0.75,1.6,5.0,11.1,,,,,,,,,,,,,,,,False,Cuiabá,Baixada Cuiabana
2398125,510350,51004,2022,HOSPITAL MUNICIPAL SAO JOAO BATISTA,3999,PRIVADA_SEM_FINS_LUCRATIVOS,05,12.0,False,39.0,48.0,0.0,22.0,4.75,8.6,15.66,51.44,1733.0,1733.0,0.0,4740.0,0.0,865251.47,499.28,18.0,1.039,76.0,2.65,147.0,0.333,44.44,364.84,True,Diamantino,Centro Norte
2396343,510360,51013,2022,HOSPITAL BOM JESUS,3999,PRIVADA_SEM_FINS_LUCRATIVOS,05,12.0,False,15.0,20.0,0.0,3.0,1.15,0.75,3.3,6.33,481.0,481.0,0.0,1055.0,0.0,207359.2,431.1,5.0,1.04,100.0,2.13,27.0,0.193,32.07,418.26,True,Dom Aquino,Sul Matogrossense
2391163,510385,51006,2022,HOSPITAL MUNICIPAL DE GAUCHA DO NORTE,1244,MUNICIPAL,05,12.0,False,17.0,17.0,0.0,6.0,1.92,6.08,9.17,33.57,120.0,120.0,0.0,360.0,0.0,42213.81,351.78,1.0,0.833,100.0,2.94,15.0,0.058,7.06,62.5,True,Gaúcha do Norte,Médio Araguaia
2395398,510390,51005,2022,HOSPITAL MUNICIPAL DE GENERAL CARNEIRO,1244,MUNICIPAL,05,12.0,False,17.0,17.0,0.0,32.0,2.09,4.33,5.15,25.03,147.0,147.0,0.0,528.0,0.0,53685.53,365.21,0.0,0.0,100.0,3.49,42.0,0.085,8.65,70.33,True,General Carneiro,Garças Araguaia
2392046,510410,51015,2022,HOSPITAL MUNICIPAL NOSSA SENHORA DO ROSARIO,1244,MUNICIPAL,05,12.0,False,36.0,46.0,0.0,112.0,15.71,15.95,59.47,147.18,2081.0,2080.0,1.0,5868.0,0.0,1067845.64,513.14,41.0,1.97,79.19,2.74,183.0,0.447,57.81,132.46,True,Guarantã do Norte,Vale do Peixoto
2397609,510420,51013,2022,,2062,PRIVADA_EMPRESARIAL,05,12.0,False,19.0,23.0,0.0,6.0,4.06,0.9,3.0,10.16,399.0,399.0,0.0,854.0,0.0,158507.85,397.26,33.0,8.271,100.0,1.9,35.0,0.123,21.0,98.28,True,Guiratinga,Sul Matogrossense
2534010,510455,51010,2022,,1244,MUNICIPAL,05,12.0,False,16.0,16.0,0.0,11.0,3.03,3.83,9.0,35.01,,,,,,,,,,,,,,,,False,Itaúba,Norte Matogrossense
2395916,510460,51013,2022,HOSPITAL MUNICIPAL OSNIR BORTOLINI,1244,MUNICIPAL,05,12.0,False,22.0,23.25,0.0,28.5,7.01,5.36,15.39,41.38,438.0,438.0,0.0,1311.0,0.0,193656.94,442.14,6.0,1.37,92.69,2.81,66.0,0.163,19.91,62.48,True,Itiquira,Sul Matogrossense
2397269,510480,51013,2022,,2062,PRIVADA_EMPRESARIAL,05,12.0,False,6.0,16.42,0.0,16.67,0.0,1.1,1.1,2.2,,,,,,,,,,,,,,,,False,Jaciara,Sul Matogrossense
3269728,510480,51013,2022,HOSPITAL MUNICIPAL DE JACIARA,1244,MUNICIPAL,05,12.0,False,40.67,41.92,0.0,96.75,17.02,12.76,40.58,124.53,1773.0,1770.0,3.0,5236.0,0.0,874032.13,492.97,28.0,1.579,84.15,2.76,143.0,0.353,43.59,104.17,True,Jaciara,Sul Matogrossense
2394723,510500,51012,2022,HOSPITAL DE JAURU,3999,PRIVADA_SEM_FINS_LUCRATIVOS,05,12.0,False,33.0,38.0,0.0,9.0,2.49,1.0,6.5,15.76,144.0,144.0,0.0,434.0,0.0,53242.73,369.74,5.0,3.472,99.31,2.9,25.0,0.036,4.36,57.83,True,Jauru,Sudoeste Matogrossense
2392704,510510,51016,2022,HOSPITAL MUNICIPAL DE JUARA ELIDIA MASCHIETTO SANTILLO,1244,MUNICIPAL,05,12.0,False,43.75,43.75,0.0,110.0,10.56,10.33,39.37,109.93,2022.0,2022.0,0.0,6985.0,0.0,955882.94,472.74,55.0,2.72,64.0,3.37,181.0,0.437,46.22,191.48,True,Juara,Vale dos Arinos
2392887,510510,51016,2022,HOSPITAL E MATERNIDADE SAO LUCAS SOCIEDADE MEDICA SAO LUCAS,2062,PRIVADA_EMPRESARIAL,05,12.0,False,1.0,24.0,0.0,24.0,1.74,0.0,0.23,2.96,,,,,,,,,,,,,,,,False,Juara,Vale dos Arinos
3430383,510510,51016,2022,,2062,PRIVADA_EMPRESARIAL,05,12.0,False,0.0,9.0,0.0,0.0,0.0,0.0,0.0,0.0,,,,,,,,,,,,,,,,False,Juara,Vale dos Arinos
4069803,510515,51008,2022,HOSPITAL MUNICIPAL DE JUINA DR HIDEO SAKUNO,1244,MUNICIPAL,05,12.0,False,75.0,81.08,1.67,120.58,11.5,16.67,55.22,139.14,3977.0,3971.0,6.0,18271.0,516.0,2742973.75,689.71,41.0,1.031,92.38,4.62,277.0,0.667,53.03,345.83,True,Juína,Noroeste Matogrossense
2392895,510517,51008,2022,HOSPITAL MUNICIPAL DE JURUENA RENILDA DE FATIMA DE MORAIS,1244,MUNICIPAL,05,12.0,False,19.0,20.25,0.0,38.0,1.93,2.83,12.4,43.37,569.0,569.0,0.0,2399.0,0.0,222682.38,391.36,5.0,0.879,97.54,3.92,64.0,0.346,29.95,294.82,True,Juruena,Noroeste Matogrossense
2396092,510520,51013,2022,HOSPITAL MUNICPAL PADRE JOHANNES BERTHOLD HENNING,1244,MUNICIPAL,05,12.0,False,20.67,21.5,0.0,51.0,3.35,3.1,7.0,36.73,610.0,610.0,0.0,1849.0,0.0,258550.07,423.85,13.0,2.131,100.0,2.74,45.0,0.245,29.51,182.09,True,Juscimeira,Sul Matogrossense
2767953,510525,51014,2022,HOSPITAL SAO LUCAS LUCAS DO RIO VERDE,3069,PRIVADA_SEM_FINS_LUCRATIVOS,05,12.0,False,66.0,125.17,0.0,273.0,33.68,38.17,139.68,377.45,5246.0,5237.0,9.0,18965.0,0.0,2767922.09,527.63,51.0,0.972,74.86,3.43,332.0,0.787,79.48,155.76,True,Lucas do Rio Verde,Teles Pires
2752603,510550,51012,2022,HOSPITAL EVANGELICO DE MATO GROSSO,3999,PRIVADA_SEM_FINS_LUCRATIVOS,05,12.0,False,44.25,47.67,0.0,10.0,4.73,6.29,12.97,53.07,1106.0,1106.0,0.0,3300.0,0.0,485759.15,439.2,6.0,0.542,82.73,2.9,99.0,0.204,24.99,233.83,True,Vila Bela da Santíssima Trindade,Sudoeste Matogrossense
8013926,510558,51010,2022,HOSPITAL MARIA ZELIA,1244,MUNICIPAL,05,12.0,False,18.0,18.0,0.0,17.0,5.11,4.04,17.9,53.96,742.0,742.0,0.0,2991.0,0.0,343894.28,463.47,0.0,0.0,100.0,3.98,67.0,0.455,41.22,145.21,True,Marcelândia,Norte Matogrossense
2391724,510560,51015,2022,HOSPITAL MUNICIPAL DE MATUPA,1244,MUNICIPAL,05,12.0,False,26.17,27.0,0.0,98.0,6.95,10.25,32.58,96.76,686.0,686.0,0.0,2226.0,0.0,342168.94,498.79,35.0,5.102,99.71,3.08,92.0,0.233,26.21,98.71,True,Matupá,Vale do Peixoto
2395266,510562,51011,2022,,2062,PRIVADA_EMPRESARIAL,05,12.0,False,30.0,41.0,0.0,0.0,2.34,0.95,5.55,9.49,,,,,,,,,,,,,,,,False,Mirassol d'Oeste,Oeste Matogrossense
7254628,510562,51011,2022,HOSPITAL SAMUEL GREVE,1279,MUNICIPAL,05,12.0,False,47.17,49.0,0.0,10.0,6.18,19.35,19.0,50.1,1095.0,1095.0,0.0,4066.0,0.0,575828.6,525.87,35.0,3.196,99.54,3.53,66.0,0.236,23.21,177.18,True,Mirassol d'Oeste,Oeste Matogrossense
2802473,510590,51004,2022,HOSPITAL E MATERNIDADE LAURA VICUNA,2062,PRIVADA_EMPRESARIAL,05,12.0,False,36.0,43.0,0.0,12.0,3.23,3.38,9.21,38.18,1059.0,1059.0,0.0,3079.0,0.0,557256.47,526.21,40.0,3.777,99.91,2.7,82.0,0.234,29.42,327.86,True,Nobres,Centro Norte
0071773,510600,51004,2022,,1244,MUNICIPAL,05,10.0,False,30.0,30.0,0.0,19.5,7.83,4.91,3.46,18.65,,,,,,,,,,,,,,,,False,Nortelândia,Centro Norte
4069870,510610,51002,2022,HOSPITAL MUNICIPAL PROFESSORA MARIA ARLINDA DA COSTA,1244,MUNICIPAL,05,12.0,False,16.0,16.0,0.0,9.0,7.06,3.81,9.31,39.78,85.0,85.0,0.0,359.0,0.0,37885.92,445.72,5.0,5.882,100.0,3.87,30.0,0.061,5.31,12.04,False,Nossa Senhora do Livramento,Baixada Cuiabana
2471604,510615,51001,2022,,1244,MUNICIPAL,05,12.0,False,14.0,14.0,0.0,6.0,1.5,4.08,13.58,38.66,,,,,,,,,,,,,,,,False,Nova Bandeirantes,Alto Tapajós
0181277,510622,51014,2022,,2062,PRIVADA_EMPRESARIAL,05,12.0,False,43.83,66.83,16.67,222.0,12.95,20.8,28.02,72.65,642.0,642.0,0.0,1570.0,380.0,1033516.75,1609.84,25.0,3.894,65.89,2.96,138.0,0.098,14.65,49.58,True,Nova Mutum,Teles Pires
0901725,510622,51014,2022,HOSPITAL REGIONAL HILDA STRENGER RIBEIRO NOVA MUTUM,3999,PRIVADA_SEM_FINS_LUCRATIVOS,05,12.0,False,68.58,128.08,1.67,370.5,10.79,14.25,33.21,67.93,3172.0,3172.0,0.0,7308.0,587.0,2058685.32,649.02,38.0,1.198,72.92,2.43,248.0,0.292,46.25,293.98,True,Nova Mutum,Teles Pires
2472716,510623,51007,2022,HOSPITAL E MATERNIDADE NOVA OLIMPIA,2062,PRIVADA_EMPRESARIAL,05,12.0,False,13.0,30.0,0.0,13.0,4.18,2.5,8.0,23.43,645.0,645.0,0.0,1716.0,0.0,346393.64,537.04,12.0,1.86,100.0,2.58,35.0,0.362,49.62,154.31,True,Nova Olímpia,Médio Norte Matogrossense
2395428,510625,51005,2022,HOSPITAL MUNICIPAL DR DAERCIO OLIVEIRA MORAES,1244,MUNICIPAL,05,12.0,False,26.17,28.5,0.0,51.0,12.73,10.33,37.05,120.78,1678.0,1678.0,0.0,4906.0,0.0,820229.52,488.81,50.0,2.98,85.76,2.8,179.0,0.514,64.12,131.81,True,Nova Xavantina,Garças Araguaia
2392720,510627,51016,2022,HOSPITAL MUNICIPAL JOSE KARA JOSE,1244,MUNICIPAL,05,12.0,False,16.0,16.0,0.0,33.0,4.35,2.63,8.0,30.11,171.0,171.0,0.0,562.0,0.0,63572.57,371.77,5.0,2.924,97.08,2.99,58.0,0.096,10.69,39.31,True,Novo Horizonte do Norte,Vale dos Arinos
2395509,510628,51005,2022,HOSP MUN MARIA DOLORES T JORDAO NOVO SAO JOAQUIM,1244,MUNICIPAL,05,12.0,False,40.58,41.0,0.0,14.25,4.59,5.08,15.27,62.84,526.0,526.0,0.0,1109.0,0.0,235055.37,446.87,6.0,1.141,57.79,1.95,90.0,0.075,12.96,114.6,True,Novo São Joaquim,Garças Araguaia
2471663,510629,51001,2022,HOSPITAL E MATERNIDADE ALIPIO CANDIDO DA SILVA,1244,MUNICIPAL,05,12.0,False,39.83,44.0,0.0,31.75,12.04,6.66,23.81,86.06,1495.0,1494.0,1.0,4080.0,0.0,722155.07,483.05,5.0,0.334,5.82,2.67,127.0,0.281,37.53,124.17,True,Paranaíta,Alto Tapajós
2390949,510630,51013,2022,HOSPITAL MUNICIPAL IRMA TEODORA,1244,MUNICIPAL,05,12.0,False,35.0,35.0,0.0,17.0,7.26,11.71,30.37,83.87,1392.0,1392.0,0.0,3765.0,0.0,688328.91,494.49,14.0,1.006,86.06,2.54,113.0,0.295,39.77,191.74,True,Paranatinga,Sul Matogrossense
2699850,510630,51013,2022,,2062,PRIVADA_EMPRESARIAL,05,4.0,False,35.0,35.0,0.0,12.0,3.35,3.0,6.0,16.65,,,,,,,,,,,,,,,,False,Paranatinga,Sul Matogrossense
2752638,510637,51013,2022,HOSPITAL PRONTO ATENDIMENTO MUNICIPAL LUCIANA MARTINS AMORIM,1244,MUNICIPAL,05,12.0,False,32.0,32.0,0.0,11.0,18.36,6.42,27.71,72.53,384.0,384.0,0.0,2009.0,0.0,136397.69,355.2,16.0,4.167,100.0,4.95,45.0,0.172,12.0,20.92,True,Pedra Preta,Sul Matogrossense
2699842,510642,51015,2022,HOSPITAL REGIONAL DE PEIXOTO DE AZEVEDO,1244,MUNICIPAL,05,12.0,False,58.75,66.92,1.67,175.5,23.19,27.38,81.5,228.68,2773.0,2773.0,0.0,8886.0,460.0,2262437.35,815.88,97.0,3.498,96.29,3.23,274.0,0.414,47.2,119.58,True,Peixoto de Azevedo,Vale do Peixoto
2391449,510650,51002,2022,HOSPITAL GERAL DE POCONE DR NICOLAU FONTANILAS FRAGELI,3999,PRIVADA_SEM_FINS_LUCRATIVOS,05,12.0,False,60.0,66.0,0.0,20.0,1.68,4.25,13.93,43.46,1803.0,1723.0,80.0,4457.0,0.0,670876.65,372.09,24.0,1.331,100.0,2.32,89.0,0.204,30.05,1073.21,True,Poconé,Baixada Cuiabana
2395592,510670,51005,2022,HOSPITAL MUNICIPAL BOM JESUS,1244,MUNICIPAL,05,10.0,False,21.0,21.0,0.0,7.0,1.04,2.5,10.3,38.29,106.0,106.0,0.0,160.0,0.0,28314.83,267.12,0.0,0.0,100.0,1.38,29.0,0.021,5.05,101.92,False,Ponte Branca,Garças Araguaia
2752654,510675,51012,2022,HOSPITAL VALE DO GUAPORE,3999,PRIVADA_SEM_FINS_LUCRATIVOS,05,12.0,False,65.5,92.0,0.0,109.58,23.34,38.25,49.01,180.44,4378.0,4375.0,3.0,12678.0,0.0,1958277.95,447.3,86.0,1.964,90.61,2.75,222.0,0.53,66.84,187.57,True,Pontes e Lacerda,Sudoeste Matogrossense
2311615,510677,51003,2022,,1244,MUNICIPAL,05,12.0,False,18.0,18.0,0.0,4.0,1.64,4.33,9.33,20.3,,,,,,,,,,,,,,,,False,Porto Alegre do Norte,Araguaia Xingu
2752646,510680,51016,2022,HOSPITAL MUNICIPAL GUSTAV ADOLF ISERNHAGEN,1244,MUNICIPAL,05,12.0,False,21.0,21.0,0.0,43.0,2.55,1.21,7.33,35.85,436.0,436.0,0.0,1371.0,0.0,195888.85,449.29,12.0,2.752,91.06,3.05,53.0,0.179,20.76,170.98,True,Porto dos Gaúchos,Vale dos Arinos
2397684,510700,51013,2022,HOSPITAL E MATERNIDADE SAO JOAO BATISTA,3999,PRIVADA_SEM_FINS_LUCRATIVOS,05,12.0,False,69.0,85.33,0.0,57.42,6.11,5.9,12.0,52.38,1105.0,1105.0,0.0,2954.0,0.0,572568.73,518.16,20.0,1.81,96.83,2.52,79.0,0.117,16.01,180.85,True,Poxoréo,Sul Matogrossense
2397463,510704,51013,2022,HOSPITAL E MATERNIDADE SAO LUCAS PRIMAVERA DO LESTE,2062,PRIVADA_EMPRESARIAL,05,12.0,False,50.83,119.25,1.67,492.33,27.71,24.56,60.26,129.42,1972.0,1971.0,1.0,4168.0,535.0,2040565.34,1034.77,31.0,1.572,80.88,2.28,224.0,0.225,38.8,71.17,True,Primavera do Leste,Sul Matogrossense
2397676,510704,51013,2022,HOSPITAL DAS CLINICAS PRIMAVERA PRIMAVERA DO LESTE,2062,PRIVADA_EMPRESARIAL,05,12.0,False,41.33,56.33,8.0,215.0,41.54,13.08,43.77,116.88,2519.0,2505.0,14.0,5377.0,2926.0,3464641.9,1375.4,107.0,4.248,81.5,3.12,257.0,0.356,60.95,60.64,True,Primavera do Leste,Sul Matogrossense
4070070,510706,51006,2022,HOSPITAL MUNICIPAL DE QUERENCIA,1244,MUNICIPAL,05,12.0,False,28.5,31.0,1.67,48.0,13.3,15.06,44.29,115.9,1422.0,1422.0,0.0,3510.0,435.0,1410187.89,991.69,15.0,1.055,100.0,2.69,98.0,0.337,49.89,106.92,True,Querência,Médio Araguaia
2394316,510710,51011,2022,,2062,PRIVADA_EMPRESARIAL,05,12.0,False,23.0,26.0,0.0,13.0,1.6,0.5,2.0,4.13,,,,,,,,,,,,,,,,False,São José dos Quatro Marcos,Oeste Matogrossense
2472791,510718,51006,2022,HOSPITAL MUNICIPAL CRISTO REI,1244,MUNICIPAL,05,12.0,False,43.0,47.5,0.0,43.0,4.53,3.33,11.67,43.9,365.0,365.0,0.0,978.0,0.0,136455.36,373.85,0.0,0.0,4.93,2.65,52.0,0.062,8.49,80.57,True,Ribeirão Cascalheira,Médio Araguaia
2395452,510719,51005,2022,HOSPITAL NOSSA SENHORA DA ABADIA,1244,MUNICIPAL,05,12.0,False,15.0,15.0,0.0,8.0,2.61,3.0,5.07,21.0,33.0,33.0,0.0,129.0,0.0,11166.92,338.39,0.0,0.0,100.0,3.91,13.0,0.024,2.2,12.64,False,Ribeirãozinho,Garças Araguaia
2394782,510720,51011,2022,HOSPITAL MUNICIPAL DE RIO BRANCO,1244,MUNICIPAL,05,12.0,False,18.0,18.0,0.0,5.0,1.08,4.0,7.0,21.46,35.0,35.0,0.0,73.0,0.0,18170.24,519.15,0.0,0.0,100.0,1.94,9.0,0.011,1.94,32.41,False,Rio Branco,Oeste Matogrossense
3142663,510730,51004,2022,HOSPITAL MUNICIPAL DE SAO JOSE DO RIO CLARO,1244,MUNICIPAL,05,12.0,False,22.0,22.0,0.0,14.5,3.48,9.31,16.96,55.02,861.0,859.0,2.0,2436.0,0.0,349586.83,406.02,8.0,0.929,81.65,2.67,106.0,0.303,39.14,247.41,True,São José do Rio Claro,Centro Norte
0171557,510760,51013,2022,,1244,MUNICIPAL,05,12.0,False,50.0,50.0,0.0,5.0,8.59,8.02,22.42,53.14,,,,,,,,,,,,,,,,False,Rondonópolis,Sul Matogrossense
2396424,510760,51013,2022,CASA DE SAUDE PAULO DE TARSO E CAPS PAULO DE TARSO,3999,PRIVADA_SEM_FINS_LUCRATIVOS,07,12.0,False,82.0,82.0,0.0,4.0,3.57,6.75,34.88,92.01,821.0,821.0,0.0,28830.0,0.0,2367111.58,2883.21,0.0,0.0,100.0,35.09,3.0,0.963,10.01,229.97,True,Rondonópolis,Sul Matogrossense
2396866,510760,51013,2022,SANTA CASA DE RONDONOPOLIS,3999,PRIVADA_SEM_FINS_LUCRATIVOS,05,12.0,False,217.5,280.67,46.0,365.0,61.24,107.99,325.02,688.76,13336.0,11534.0,1802.0,33623.0,15273.0,29538019.65,2214.91,411.0,3.082,65.09,3.67,360.0,0.424,61.31,217.77,True,Rondonópolis,Sul Matogrossense
2604434,510760,51013,2022,HOSPITAL REG IRMA ELZA GIOVANELLA,1236,ESTADUAL,05,12.0,False,106.5,111.5,20.0,585.0,120.58,74.67,333.86,782.58,7209.0,7181.0,28.0,29373.0,6640.0,8669697.22,1202.62,361.0,5.008,83.87,4.73,382.0,0.756,67.69,59.79,True,Rondonópolis,Sul Matogrossense
2701626,510760,51013,2022,,2240,PRIVADA_EMPRESARIAL,05,12.0,False,35.0,44.0,0.0,103.0,7.81,5.0,35.0,51.84,677.0,677.0,0.0,752.0,0.0,573864.42,847.66,0.0,0.0,11.23,0.71,54.0,0.059,19.34,86.68,True,Rondonópolis,Sul Matogrossense
2878097,510760,51013,2022,,1244,MUNICIPAL,07,9.0,False,19.0,19.0,0.0,37.0,11.27,9.59,21.76,56.48,,,,,,,,,,,,,,,,False,Rondonópolis,Sul Matogrossense
3028925,510760,51013,2022,HOSP DE REF SAUDE DA FAMILIA DR ANTONIO DOS S MUNIZ,1244,MUNICIPAL,05,12.0,False,55.83,68.83,0.0,78.83,29.15,24.58,68.87,146.59,2802.0,2802.0,0.0,16763.0,0.0,1280255.31,456.91,121.0,4.318,99.96,5.62,98.0,0.823,50.19,96.12,True,Rondonópolis,Sul Matogrossense
2655780,510770,51004,2022,HOSPITAL MUNICIPAL DE ROSARIO OESTE,1244,MUNICIPAL,05,12.0,False,66.5,66.5,0.0,22.0,9.94,7.29,12.54,34.36,616.0,616.0,0.0,2313.0,0.0,281734.45,457.36,14.0,2.273,100.0,3.43,61.0,0.095,9.26,61.97,True,Rosário Oeste,Centro Norte
2394189,510775,51011,2022,HOSPITAL MUNICIPAL DE SALTO DO CEU,1244,MUNICIPAL,05,12.0,False,14.0,14.0,0.0,7.0,3.07,1.75,9.42,30.53,135.0,135.0,0.0,457.0,0.0,30439.04,225.47,6.0,4.444,96.3,3.27,25.0,0.089,9.64,43.97,True,Salto do Céu,Oeste Matogrossense
2311607,510777,51003,2022,HOSPITAL MUNICIPAL DE SANTA TEREZINHA,1244,MUNICIPAL,05,12.0,False,22.0,22.0,0.0,3.0,1.23,1.5,13.75,33.45,477.0,477.0,0.0,1228.0,0.0,195237.32,409.3,5.0,1.048,100.0,2.33,57.0,0.153,21.68,387.8,True,Santa Terezinha,Araguaia Xingu
2391171,510780,51002,2022,,1244,MUNICIPAL,05,12.0,False,21.0,21.0,0.0,5.0,9.17,6.85,20.52,59.37,,,,,,,,,,,,,,,,False,Santo Antônio do Leverger,Baixada Cuiabana
2604426,510785,51009,2022,HOSPITAL MUNICIPAL PREFEITO JOAO ABREU LUZ,1210,PUBLICA_OUTRA,05,12.0,False,32.0,32.83,0.0,75.0,4.88,5.5,15.03,49.33,1377.0,1376.0,1.0,3360.0,0.0,654217.26,475.1,40.0,2.905,78.58,2.28,167.0,0.288,43.03,282.17,True,São Félix do Araguaia,Norte Araguaia Karajá
9659366,510787,51007,2022,HOSPITAL SANTA MARCELINA DE SAPEZAL,3999,PRIVADA_SEM_FINS_LUCRATIVOS,05,12.0,False,34.0,53.0,0.0,139.0,18.59,8.17,29.33,94.67,1341.0,1341.0,0.0,4357.0,0.0,663393.54,494.7,9.0,0.671,83.45,3.19,145.0,0.351,39.44,72.14,True,Sapezal,Médio Norte Matogrossense
0218669,510790,51014,2022,,1244,MUNICIPAL,05,9.0,False,40.0,45.56,0.0,38.0,2.86,3.6,9.15,17.88,,,,,,,,,,,,,,,,False,Sinop,Teles Pires
0405159,510790,51014,2022,,3999,PRIVADA_SEM_FINS_LUCRATIVOS,05,12.0,False,3.0,6.0,0.0,49.0,1.94,2.29,7.06,24.9,,,,,,,,,,,,,,,,False,Sinop,Teles Pires
2795671,510790,51014,2022,HOSPITAL SANTO ANTONIO,3069,PRIVADA_SEM_FINS_LUCRATIVOS,05,12.0,False,65.0,143.58,13.25,362.0,30.69,108.85,168.75,544.82,5298.0,4252.0,1046.0,14163.0,4315.0,8185132.92,1544.95,173.0,3.265,100.0,3.44,134.0,0.597,81.51,172.63,True,Sinop,Teles Pires
6085423,510790,51014,2022,HOSPITAL REGIONAL JORGE DE ABREU,1236,ESTADUAL,05,12.0,False,72.83,93.83,1.5,221.67,59.23,96.95,144.71,446.72,3287.0,3282.0,5.0,20381.0,427.0,3503817.37,1065.96,70.0,2.13,99.97,6.14,265.0,0.767,45.13,55.5,True,Sinop,Teles Pires
2795655,510792,51014,2022,HOSPITAL REGIONAL DE SORRISO,1236,ESTADUAL,05,12.0,False,159.5,163.83,16.0,241.0,65.99,51.75,146.27,423.5,6749.0,6741.0,8.0,33009.0,3103.0,7052387.05,1044.95,296.0,4.386,99.82,5.19,379.0,0.567,42.31,102.27,True,Sorriso,Teles Pires
7210345,510792,51014,2022,,2062,PRIVADA_EMPRESARIAL,05,10.0,False,4.0,5.0,0.0,31.0,0.1,1.1,0.0,1.6,,,,,,,,,,,,,,,,False,Sorriso,Teles Pires
7901127,510792,51014,2022,HOSPITAL MATERNIDADE 13 DE MAIO VILA ROMANA,2054,PRIVADA_EMPRESARIAL,05,12.0,False,0.0,54.0,0.0,0.0,3.23,0.0,2.2,5.6,,,,,,,,,,,,,,,,False,Sorriso,Teles Pires
7943733,510792,51014,2022,IGHASMAT,3999,PRIVADA_SEM_FINS_LUCRATIVOS,05,12.0,False,1.0,36.0,0.0,1.0,4.33,0.0,0.05,4.63,,,,,,,,,,,,,,,,False,Sorriso,Teles Pires
2392801,510794,51016,2022,HOSPITAL MUNICIPAL DE TABAPORA,1244,MUNICIPAL,05,12.0,False,16.0,16.0,0.0,14.0,2.41,2.33,10.88,25.35,520.0,520.0,0.0,889.0,0.0,204786.6,393.82,3.0,0.577,100.0,1.6,66.0,0.152,32.5,215.77,True,Tabaporã,Vale dos Arinos
2472139,510795,51007,2022,HOSPITAL DAS CLINICAS VIDA E SAUDE TANGARA DA SERRA,2062,PRIVADA_EMPRESARIAL,05,12.0,False,19.42,60.5,0.0,111.0,17.36,5.93,27.0,67.15,1654.0,1654.0,0.0,3161.0,0.0,1079655.24,652.75,0.0,0.0,98.73,1.84,32.0,0.446,85.17,95.28,True,Tangará da Serra,Médio Norte Matogrossense
2472414,510795,51007,2022,HOSPITAL E MATERNIDADE SANTA ANGELA TANGARA DA SERRA,2232,PRIVADA_EMPRESARIAL,05,12.0,False,8.33,102.0,0.0,264.0,6.1,10.5,14.23,36.5,3.0,3.0,0.0,24.0,0.0,1188.29,396.1,0.0,0.0,100.0,7.33,3.0,0.008,0.36,0.49,False,Tangará da Serra,Médio Norte Matogrossense
2767384,510795,51007,2022,HOSPITAL MUNICIPAL ARLETE DAISY CICHETTI DE BRITO,1244,MUNICIPAL,05,12.0,False,59.83,72.33,1.67,260.0,27.12,30.55,101.14,234.46,3031.0,3031.0,0.0,16231.0,446.0,2318930.87,765.07,186.0,6.137,100.0,5.25,103.0,0.743,50.66,111.76,True,Tangará da Serra,Médio Norte Matogrossense
3171353,510795,51007,2022,,2062,PRIVADA_EMPRESARIAL,05,12.0,False,1.0,52.0,0.0,0.0,0.0,0.0,0.0,0.0,,,,,,,,,,,,,,,,False,Tangará da Serra,Médio Norte Matogrossense
2398400,510800,51014,2022,HOSPITAL MUNICIPAL DE TAPURAH,1244,MUNICIPAL,05,12.0,False,22.0,22.0,0.0,12.0,2.87,5.81,12.09,41.18,424.0,424.0,0.0,1279.0,0.0,126622.47,298.64,1.0,0.236,90.8,2.83,55.0,0.159,19.27,147.74,True,Tapurah,Teles Pires
2391996,510805,51015,2022,HOSPITAL MUNICIPAL DE TERRA NOVA DO NORTE,1244,MUNICIPAL,05,12.0,False,38.0,38.0,0.0,18.0,3.5,3.54,17.02,43.13,383.0,383.0,0.0,1602.0,0.0,165547.32,432.24,17.0,4.439,85.38,3.97,62.0,0.116,10.08,109.43,True,Terra Nova do Norte,Vale do Peixoto
2397501,510810,51013,2022,HOSPITAL E MATERNIDADE SAO LUCAS,1244,MUNICIPAL,05,12.0,False,15.0,15.0,0.0,9.58,1.7,4.03,5.78,30.81,94.0,94.0,0.0,288.0,0.0,37101.88,394.7,5.0,5.319,100.0,2.72,33.0,0.053,6.27,55.29,False,Tesouro,Sul Matogrossense
2395584,510820,51005,2022,HOSPITAL MUNICIPAL SAO JOAO BOSCO,1244,MUNICIPAL,05,12.0,False,22.67,23.0,0.0,8.83,2.79,3.5,7.11,23.19,210.0,210.0,0.0,498.0,0.0,111113.16,529.11,6.0,2.857,45.71,2.27,64.0,0.06,9.26,75.27,True,Torixoréu,Garças Araguaia
2391635,510840,51002,2022,HOSPITAL E PRONTO SOCORRO MUNICIPAL DE VARZEA GRANDE,1244,MUNICIPAL,05,12.0,False,208.67,212.58,27.5,304.0,125.28,108.19,172.48,694.58,8588.0,8580.0,8.0,51026.0,8320.0,14145049.57,1647.07,478.0,5.566,97.53,6.74,346.0,0.67,41.16,68.55,True,Várzea Grande,Baixada Cuiabana
2928604,510840,51002,2022,,1244,MUNICIPAL,05,8.0,False,27.75,31.88,0.0,40.75,14.11,23.73,37.18,108.92,,,,,,,,,,,,,,,,False,Várzea Grande,Baixada Cuiabana
6853781,510840,51002,2022,METROPOLITANO HOSPITAL ESTADUAL LOUSITE FERREIRA DA SILVA,1236,ESTADUAL,05,12.0,False,215.5,294.42,30.83,487.42,154.65,250.51,451.4,1438.3,2349.0,2104.0,245.0,13887.0,7608.0,9468917.57,4031.04,351.0,14.943,0.04,8.95,224.0,0.177,10.9,15.19,True,Várzea Grande,Baixada Cuiabana
7914288,510860,51003,2022,HOSPITAL MUNICIPAL DE VILA RICA,1244,MUNICIPAL,05,12.0,False,21.0,21.0,0.0,12.0,5.38,3.58,19.58,57.17,926.0,925.0,1.0,2334.0,0.0,404101.33,436.39,28.0,3.024,100.0,2.32,122.0,0.305,44.1,172.12,True,Vila Rica,Araguaia Xingu
2473046,510020,51006,2023,HOSPITAL REGIONAL DE AGUA BOA,1210,PUBLICA_OUTRA,05,12.0,False,77.5,77.5,10.0,132.58,30.18,12.12,82.62,210.06,5419.0,5415.0,4.0,15716.0,3265.0,5151590.48,950.65,152.0,2.805,78.48,3.36,333.0,0.556,69.92,179.56,True,Água Boa,Médio Araguaia
2471345,510025,51001,2023,HOSPITAL REGIONAL DE ALTA FLORESTA ALBERT SABIN,1236,ESTADUAL,05,12.0,False,65.5,79.5,0.0,406.67,54.47,56.4,138.28,311.55,4314.0,4314.0,0.0,15646.0,0.0,2764314.85,640.78,131.0,3.037,82.57,3.45,275.0,0.654,65.86,79.2,True,Alta Floresta,Alto Tapajós
2569531,510025,51001,2023,,2062,PRIVADA_EMPRESARIAL,05,12.0,False,0.0,19.0,0.0,19.0,0.75,0.0,0.0,0.75,,,,,,,,,,,,,,,,False,Alta Floresta,Alto Tapajós
2396998,510030,51013,2023,HOSPITAL MUNICIPAL DE ALTO ARAGUAIA,1244,MUNICIPAL,05,12.0,False,23.0,35.25,0.0,35.08,9.32,8.58,22.84,105.13,750.0,749.0,1.0,1423.0,0.0,343226.14,457.63,24.0,3.2,34.67,1.74,103.0,0.17,32.61,80.47,True,Alto Araguaia,Sul Matogrossense
2397056,510060,51013,2023,HOSPITAL E MATERNIDADE NOSSA SENHORA APARECIDA,3999,PRIVADA_SEM_FINS_LUCRATIVOS,05,12.0,False,20.0,25.0,0.0,29.08,5.62,9.58,12.83,59.41,421.0,421.0,0.0,938.0,0.0,251654.05,597.75,4.0,0.95,58.91,2.12,77.0,0.128,21.05,74.91,True,Alto Taquari,Sul Matogrossense
2471590,510080,51001,2023,HOSPITAL MUNICIPAL DE APIACAS,1244,MUNICIPAL,05,12.0,False,32.0,32.0,0.0,8.08,3.52,6.99,14.67,53.61,517.0,517.0,0.0,1771.0,0.0,205199.72,396.9,1.0,0.193,100.0,3.39,52.0,0.152,16.16,146.88,True,Apiacás,Alto Tapajós
2752611,510125,51011,2023,HOSPITAL GERAL E MATERNIDADE ARAPUTANGA,2062,PRIVADA_EMPRESARIAL,05,12.0,False,16.0,19.0,0.0,14.58,7.1,3.02,10.72,32.5,153.0,153.0,0.0,452.0,0.0,56359.86,368.37,1.0,0.654,100.0,2.69,31.0,0.077,9.56,21.55,True,Araputanga,Oeste Matogrossense
2472244,510130,51007,2023,HOSPITAL MUNICIPAL DR MANUELA MACHADO BARBOSA GOMES,1244,MUNICIPAL,05,12.0,False,31.0,31.0,0.0,51.08,4.16,6.41,10.94,43.3,1347.0,1347.0,0.0,3568.0,0.0,607699.25,451.15,9.0,0.668,50.71,2.59,129.0,0.315,43.45,323.8,True,Arenápolis,Médio Norte Matogrossense
4069099,510140,51008,2023,HOSPITAL MUNICIPAL SANTO ANTONIO ARIPUANA,1244,MUNICIPAL,05,12.0,False,33.0,33.0,0.0,54.42,6.56,9.69,31.5,71.43,1078.0,1078.0,0.0,3879.0,0.0,384684.12,356.85,11.0,1.02,99.54,3.48,90.0,0.322,32.67,164.33,True,Aripuanã,Noroeste Matogrossense
2964759,510170,51007,2023,HOSPITAL MATERNIDADE MUNICIPAL DE BARRA DO BUGRES RENE BAR,1244,MUNICIPAL,05,12.0,False,38.0,38.0,0.0,67.0,15.21,7.67,25.13,66.88,1083.0,1083.0,0.0,3268.0,0.0,494920.5,456.99,18.0,1.662,49.58,2.91,123.0,0.236,28.5,71.2,True,Barra do Bugres,Médio Norte Matogrossense
2395886,510180,51005,2023,HOSPITAL MUNICIPAL MILTON PESSOA MORBECK,1244,MUNICIPAL,05,12.0,False,78.08,78.08,10.0,124.83,49.64,45.72,107.83,322.13,4119.0,4113.0,6.0,13237.0,857.0,3367492.96,817.55,100.0,2.428,78.64,3.22,311.0,0.464,52.75,82.98,True,Barra do Garças,Garças Araguaia
2471795,510190,51008,2023,HOSPITAL MUNICIPAL DE BRASNORTE BRASNORTE,1244,MUNICIPAL,05,12.0,False,37.0,37.0,0.0,167.17,15.9,10.23,33.83,118.45,1822.0,1822.0,0.0,5590.0,0.0,695281.25,381.6,14.0,0.768,99.89,2.96,145.0,0.414,49.24,114.59,True,Brasnorte,Noroeste Matogrossense
2395037,510250,51011,2023,HOSPITAL REGIONAL DE CACERES DR ANTONIO FONTES UNIDADE II,1236,ESTADUAL,05,12.0,False,118.0,143.0,10.0,280.25,45.45,56.08,135.69,293.64,5603.0,5603.0,0.0,21336.0,3642.0,5856980.79,1045.33,210.0,3.748,87.24,4.37,166.0,0.495,47.48,123.28,True,Cáceres,Oeste Matogrossense
2534460,510250,51011,2023,HOSPITAL REGIONAL DE CACERES DR ANTONIO FONTES UNIDADE I,1236,ESTADUAL,05,12.0,False,127.17,147.17,6.0,338.17,51.94,65.94,191.11,418.23,6872.0,6856.0,16.0,28221.0,2127.0,6594994.99,959.69,278.0,4.045,88.98,4.24,338.0,0.608,54.04,132.31,True,Cáceres,Oeste Matogrossense
2998653,510250,51011,2023,HOSPITAL QUALITY,2062,PRIVADA_EMPRESARIAL,05,2.0,False,250.0,250.0,0.0,85.0,8.3,4.2,9.2,28.85,,,,,,,,,,,,,,,,False,Cáceres,Oeste Matogrossense
2395479,510260,51005,2023,HOSPITAL MUNICIPAL SEBASTIAO ANTONIO DA COSTA,1244,MUNICIPAL,05,12.0,False,25.33,25.33,0.0,8.08,4.28,5.31,17.56,49.22,606.0,606.0,0.0,2165.0,0.0,269692.45,445.04,5.0,0.825,100.0,3.4,35.0,0.234,23.92,141.59,True,Campinápolis,Garças Araguaia
2655802,510263,51007,2023,HOSPITAL MUNICIPAL EUCLIDES HORST,1244,MUNICIPAL,05,12.0,False,34.0,34.0,0.0,130.83,14.98,15.04,44.67,129.91,2685.0,2685.0,0.0,6451.0,0.0,1454560.92,541.74,46.0,1.713,69.87,2.26,240.0,0.52,78.97,179.24,True,Campo Novo do Parecis,Médio Norte Matogrossense
2396106,510267,51013,2023,HOSPITAL MUNICIPAL CORACAO DE JESUS,1244,MUNICIPAL,05,12.0,False,53.0,63.0,0.0,169.25,14.21,30.73,82.34,173.38,3218.0,3218.0,0.0,10807.0,0.0,1686355.76,524.04,99.0,3.076,80.98,3.07,239.0,0.559,60.72,226.46,True,Campo Verde,Sul Matogrossense
2396211,510267,51013,2023,,2062,PRIVADA_EMPRESARIAL,05,3.0,False,9.0,15.0,0.0,0.0,0.0,0.0,0.0,0.0,,,,,,,,,,,,,,,,False,Campo Verde,Sul Matogrossense
2394324,510268,51012,2023,HOSPITAL MUNICIPAL LEOCYR LAZARETE,1244,MUNICIPAL,05,12.0,False,17.0,17.0,0.0,34.08,7.02,6.44,12.4,59.22,409.0,408.0,1.0,1012.0,0.0,165371.52,404.33,5.0,1.222,100.0,2.16,90.0,0.163,24.06,58.26,True,Campos de Júlio,Sudoeste Matogrossense
7768400,510270,51006,2023,HOSPITAL MUNICIPAL LORENA PARODE,1244,MUNICIPAL,05,12.0,False,31.0,31.0,0.0,43.0,8.55,8.88,31.25,75.91,1099.0,1099.0,0.0,2407.0,0.0,466481.99,424.46,22.0,2.002,73.43,2.04,76.0,0.213,35.45,128.54,True,Canarana,Médio Araguaia
2398443,510305,51014,2023,HOSPITAL DONA NILZA DE OLIVEIRA PIPINO,3069,PRIVADA_SEM_FINS_LUCRATIVOS,05,12.0,False,33.0,33.0,0.0,3.0,4.82,4.73,5.63,28.45,544.0,544.0,0.0,1574.0,0.0,177144.4,325.63,14.0,2.574,100.0,2.62,67.0,0.131,16.48,112.86,True,Cláudia,Teles Pires
2472783,510310,51006,2023,HOSPITAL MUNICIPAL DE COCALINHO,1244,MUNICIPAL,05,12.0,False,17.0,17.0,0.0,7.17,1.92,4.92,9.38,43.51,285.0,285.0,0.0,810.0,0.0,73425.36,257.63,4.0,1.404,57.19,2.76,54.0,0.131,16.76,148.44,True,Cocalinho,Médio Araguaia
2392380,510320,51010,2023,,2062,PRIVADA_EMPRESARIAL,05,3.0,False,21.0,27.0,0.0,6.0,1.5,2.0,5.5,13.0,,,,,,,,,,,,,,,,False,Colíder,Norte Matogrossense
2392399,510320,51010,2023,,2062,PRIVADA_EMPRESARIAL,05,12.0,False,0.0,23.0,0.0,0.0,0.0,0.0,0.0,0.0,,,,,,,,,,,,,,,,False,Colíder,Norte Matogrossense
2392410,510320,51010,2023,HOSPITAL REGIONAL DE COLIDER,1236,ESTADUAL,05,12.0,False,70.67,82.67,8.0,288.0,70.62,53.17,151.65,453.26,3237.0,3236.0,1.0,14054.0,2530.0,4125093.96,1274.36,193.0,5.962,87.49,4.95,237.0,0.545,45.8,45.84,True,Colíder,Norte Matogrossense
3574261,510325,51008,2023,HOSPITAL MUNICIPAL ANDRE MAGGI COLNIZA,1244,MUNICIPAL,05,12.0,False,32.5,33.5,0.0,11.42,6.11,8.46,27.75,83.51,1338.0,1338.0,0.0,3586.0,0.0,500960.69,374.41,21.0,1.57,100.0,2.52,160.0,0.302,41.17,218.99,True,Colniza,Noroeste Matogrossense
2395274,510330,51012,2023,HOSPITAL DAS CLINICAS DE COMODORO,2062,PRIVADA_EMPRESARIAL,05,12.0,False,31.0,42.0,0.0,9.5,1.14,0.5,6.23,14.99,1245.0,1244.0,1.0,4825.0,0.0,570378.73,458.14,13.0,1.044,100.0,3.78,60.0,0.426,40.16,1092.11,True,Comodoro,Sudoeste Matogrossense
2793636,510335,51003,2023,HOSPITAL E MATERNIDADE DR LAURO TARCISIO PRESTE DE OLIVEIRA,1244,MUNICIPAL,05,12.0,False,63.33,63.33,0.0,38.75,10.1,16.72,47.11,135.79,4313.0,4311.0,2.0,13218.0,0.0,2318097.01,537.47,69.0,1.6,98.54,2.93,229.0,0.572,68.1,427.03,True,Confresa,Araguaia Xingu
2392968,510337,51008,2023,HOSPITAL MUNICIPAL OLIRIO OLIVEIRA DOS SANTOS,1244,MUNICIPAL,05,12.0,False,34.0,34.0,0.0,39.83,2.73,5.25,10.75,40.63,548.0,548.0,0.0,1536.0,0.0,203334.27,371.05,6.0,1.095,91.42,2.71,81.0,0.124,16.12,200.73,True,Cotriguaçu,Noroeste Matogrossense
2311682,510340,51002,2023,HOSPITAL SANTA HELENA,3999,PRIVADA_SEM_FINS_LUCRATIVOS,05,12.0,False,128.5,161.08,28.0,278.17,35.6,31.45,180.28,295.61,11725.0,11677.0,48.0,31460.0,9714.0,14501806.61,1236.83,163.0,1.39,89.82,3.61,170.0,0.671,91.25,329.35,True,Cuiabá,Baixada Cuiabana
2393565,510340,51002,2023,,2062,PRIVADA_EMPRESARIAL,05,12.0,False,16.0,74.0,4.0,223.0,8.28,1.37,0.2,12.24,,,,,,,,,,,,,,,,False,Cuiabá,Baixada Cuiabana
2473062,510340,51002,2023,HOSPITAL DE OLHOS DE CUIABA,2062,PRIVADA_EMPRESARIAL,07,12.0,False,9.0,10.0,0.0,23.08,4.0,0.4,0.0,6.45,24.0,10.0,14.0,24.0,0.0,92862.26,3869.26,0.0,0.0,0.0,0.0,2.0,0.007,2.67,6.0,False,Cuiabá,Baixada Cuiabana
2494523,510340,51002,2023,FEMINA HOSPITAL INFANTIL E MATERNIDADE,2062,PRIVADA_EMPRESARIAL,07,12.0,False,9.0,85.0,5.0,221.17,10.88,23.91,73.79,139.43,5.0,0.0,5.0,0.0,19.0,62869.98,12574.0,1.0,20.0,60.0,3.4,5.0,0.0,0.56,0.46,False,Cuiabá,Baixada Cuiabana
2495015,510340,51002,2023,HOSPITAL E PRONTO SOCORRO MUNICIPAL DE CUIABA,1031,MUNICIPAL,05,12.0,False,208.67,212.83,48.83,619.58,88.89,158.75,371.67,965.18,5201.0,5147.0,54.0,25662.0,12617.0,16156760.07,3106.47,393.0,7.556,47.89,7.13,178.0,0.337,24.92,58.51,True,Cuiabá,Baixada Cuiabana
2534444,510340,51002,2023,HOSPITAL DE CANCER DE MATO GROSSO,3999,PRIVADA_SEM_FINS_LUCRATIVOS,07,12.0,False,83.42,96.5,18.0,361.25,47.13,56.6,153.38,613.5,5063.0,2900.0,2163.0,21193.0,5194.0,13122426.21,2591.83,424.0,8.374,14.66,4.89,225.0,0.696,60.69,107.43,True,Cuiabá,Baixada Cuiabana
2604388,510340,51002,2023,,2054,PRIVADA_EMPRESARIAL,05,12.0,False,13.0,164.67,5.0,425.0,10.33,5.0,20.18,53.33,,,,,,,,,,,,,,,,False,Cuiabá,Baixada Cuiabana
2604396,510340,51002,2023,CIAPS HOSPITAL ADAUTO BOTELHO,1236,ESTADUAL,07,12.0,False,120.0,120.0,0.0,18.0,13.94,58.08,114.33,298.44,842.0,842.0,0.0,28049.0,0.0,1390339.85,1651.23,0.0,0.0,0.0,33.28,1.0,0.64,7.02,60.4,True,Cuiabá,Baixada Cuiabana
2655411,510340,51002,2023,HOSPITAL UNIVERSITARIO JULIO MULLER EBSERH,2011,EMPRESA_ESTATAL,05,12.0,False,103.67,103.67,18.0,545.92,136.21,122.86,259.65,1007.49,3889.0,3755.0,134.0,20374.0,4748.0,5806778.6,1493.13,93.0,2.391,90.36,6.58,245.0,0.538,37.51,28.55,True,Cuiabá,Baixada Cuiabana
2659107,510340,51002,2023,HOSPITAL GERAL E MATERNIDADE DE CUIABA,3999,PRIVADA_SEM_FINS_LUCRATIVOS,07,12.0,False,213.5,233.83,30.0,392.08,121.11,57.11,240.39,651.32,8109.0,6082.0,2027.0,42077.0,10078.0,29371267.87,3622.06,293.0,3.613,94.71,6.56,371.0,0.54,37.98,66.96,True,Cuiabá,Baixada Cuiabana
3851249,510340,51002,2023,,3999,PRIVADA_SEM_FINS_LUCRATIVOS,05,12.0,False,24.33,41.92,0.0,40.08,5.06,3.58,2.03,43.28,,,,,,,,,,,,,,,,False,Cuiabá,Baixada Cuiabana
3953238,510340,51002,2023,HOSPITAL E MATERNIDADE SAO MATEUS,2062,PRIVADA_EMPRESARIAL,05,8.0,False,2.0,129.0,2.0,7.0,0.0,0.0,0.0,0.0,,,,,,,,,,,,,,,,False,Cuiabá,Baixada Cuiabana
6331378,510340,51002,2023,,2062,PRIVADA_EMPRESARIAL,07,12.0,False,1.0,2.0,0.0,78.08,3.65,1.1,2.9,24.45,,,,,,,,,,,,,,,,False,Cuiabá,Baixada Cuiabana
6923089,510340,51002,2023,HOSPITAL OTORRINO,2062,PRIVADA_EMPRESARIAL,05,12.0,False,26.75,60.0,0.0,137.08,3.4,0.0,11.65,28.45,,,,,,,,,,,,,,,,False,Cuiabá,Baixada Cuiabana
7349270,510340,51002,2023,HOSPITAL MUNICIPAL SAO BENEDITO DE CUIABA,2011,EMPRESA_ESTATAL,05,12.0,False,101.25,111.25,20.0,468.92,147.23,68.56,191.4,583.99,1246.0,1246.0,0.0,8197.0,1712.0,1980481.18,1589.47,50.0,4.013,28.97,7.68,130.0,0.222,12.31,8.46,True,Cuiabá,Baixada Cuiabana
9209352,510340,51002,2023,HOSPITAL MUNICIPAL DE CUIABA E P S DR LEONY PALMA CARVALHO,1031,MUNICIPAL,05,12.0,False,287.0,293.67,60.0,1013.67,205.18,228.23,483.75,1439.14,9996.0,9640.0,356.0,61374.0,8053.0,13928848.07,1393.44,407.0,4.072,94.22,6.69,446.0,0.586,34.83,48.72,True,Cuiabá,Baixada Cuiabana
9841903,510340,51002,2023,HOSPITAL ESTADUAL SANTA CASA,1236,ESTADUAL,05,12.0,False,161.5,211.42,0.0,950.42,165.0,245.68,574.6,1183.73,4250.0,4239.0,11.0,19583.0,0.0,2305756.4,542.53,54.0,1.271,0.96,4.53,244.0,0.332,26.32,25.76,True,Cuiabá,Baixada Cuiabana
9893598,510340,51002,2023,,2062,PRIVADA_EMPRESARIAL,07,12.0,False,1.0,11.0,0.0,111.0,9.83,4.08,14.08,48.86,,,,,,,,,,,,,,,,False,Cuiabá,Baixada Cuiabana
2398125,510350,51004,2023,HOSPITAL MUNICIPAL SAO JOAO BATISTA,1244,MUNICIPAL,05,12.0,False,33.75,37.5,0.0,24.08,4.41,7.48,14.12,56.25,1852.0,1852.0,0.0,4954.0,0.0,952998.53,514.58,20.0,1.08,79.1,2.61,161.0,0.402,54.87,419.95,True,Diamantino,Centro Norte
2396343,510360,51013,2023,HOSPITAL BOM JESUS,3999,PRIVADA_SEM_FINS_LUCRATIVOS,05,12.0,False,15.0,20.0,0.0,3.0,1.15,0.9,3.79,7.54,509.0,509.0,0.0,1059.0,0.0,216736.21,425.81,7.0,1.375,100.0,2.03,26.0,0.193,33.93,442.61,True,Dom Aquino,Sul Matogrossense
2391163,510385,51006,2023,HOSPITAL MUNICIPAL DE GAUCHA DO NORTE,1244,MUNICIPAL,05,12.0,False,17.0,17.0,0.0,6.08,2.49,6.32,10.17,33.89,88.0,88.0,0.0,253.0,0.0,31021.62,352.52,0.0,0.0,98.86,2.74,19.0,0.041,5.18,35.34,False,Gaúcha do Norte,Médio Araguaia
2395398,510390,51005,2023,HOSPITAL MUNICIPAL DE GENERAL CARNEIRO,1244,MUNICIPAL,05,12.0,False,15.33,15.33,0.0,32.0,2.42,4.48,5.21,26.46,188.0,188.0,0.0,568.0,0.0,89186.69,474.4,2.0,1.064,72.87,2.91,54.0,0.102,12.26,77.69,True,General Carneiro,Garças Araguaia
2392046,510410,51015,2023,HOSPITAL MUNICIPAL NOSSA SENHORA DO ROSARIO,1244,MUNICIPAL,05,12.0,False,36.0,46.0,0.0,146.25,17.3,23.73,68.78,179.32,2920.0,2920.0,0.0,7600.0,0.0,1355129.54,464.09,31.0,1.062,77.19,2.47,215.0,0.578,81.11,168.79,True,Guarantã do Norte,Vale do Peixoto
3191737,510410,51015,2023,,2062,PRIVADA_EMPRESARIAL,05,4.0,False,0.0,15.0,0.0,0.0,0.81,0.1,0.13,2.41,,,,,,,,,,,,,,,,False,Guarantã do Norte,Vale do Peixoto
2397609,510420,51013,2023,,2062,PRIVADA_EMPRESARIAL,05,12.0,False,19.0,23.0,0.0,6.08,3.81,0.96,6.5,13.8,540.0,540.0,0.0,1299.0,0.0,203036.67,375.99,12.0,2.222,100.0,2.2,44.0,0.187,28.42,141.73,True,Guiratinga,Sul Matogrossense
2534010,510455,51010,2023,,1244,MUNICIPAL,05,12.0,False,16.0,16.0,0.0,11.08,4.58,5.13,8.63,36.85,,,,,,,,,,,,,,,,False,Itaúba,Norte Matogrossense
2395916,510460,51013,2023,HOSPITAL MUNICIPAL OSNIR BORTOLINI,1244,MUNICIPAL,05,12.0,False,22.0,22.0,0.0,30.33,6.98,6.47,14.35,39.81,526.0,491.0,35.0,1370.0,0.0,203691.96,387.25,8.0,1.521,90.68,2.41,79.0,0.171,23.91,75.36,True,Itiquira,Sul Matogrossense
2397269,510480,51013,2023,,2062,PRIVADA_EMPRESARIAL,05,4.0,False,20.0,20.0,0.0,28.0,0.0,2.1,1.1,3.2,,,,,,,,,,,,,,,,False,Jaciara,Sul Matogrossense
3269728,510480,51013,2023,HOSPITAL MUNICIPAL DE JACIARA,1244,MUNICIPAL,05,12.0,False,39.17,39.17,0.0,104.83,10.96,10.28,43.29,118.01,1551.0,1551.0,0.0,4741.0,0.0,769513.25,496.14,32.0,2.063,88.01,2.82,123.0,0.332,39.6,141.51,True,Jaciara,Sul Matogrossense
2394723,510500,51012,2023,HOSPITAL DE JAURU,3999,PRIVADA_SEM_FINS_LUCRATIVOS,05,12.0,False,33.0,38.0,0.0,9.08,2.48,1.75,6.0,15.49,129.0,129.0,0.0,413.0,0.0,51923.38,402.51,7.0,5.426,100.0,3.05,28.0,0.034,3.91,52.02,True,Jauru,Sudoeste Matogrossense
2392704,510510,51016,2023,HOSPITAL MUNICIPAL DE JUARA ELIDIA MASCHIETTO SANTILLO,1244,MUNICIPAL,05,12.0,False,38.17,38.17,0.0,118.58,12.39,10.88,40.94,114.0,2244.0,2244.0,0.0,7112.0,0.0,1164461.92,518.92,78.0,3.476,80.84,3.04,188.0,0.51,58.79,181.11,True,Juara,Vale dos Arinos
2392887,510510,51016,2023,HOSPITAL E MATERNIDADE SAO LUCAS SOCIEDADE MEDICA SAO LUCAS,2062,PRIVADA_EMPRESARIAL,05,12.0,False,1.0,24.0,0.0,24.25,1.86,0.0,0.0,2.86,,,,,,,,,,,,,,,,False,Juara,Vale dos Arinos
3430383,510510,51016,2023,,2062,PRIVADA_EMPRESARIAL,05,12.0,False,0.0,9.0,0.0,0.0,0.0,0.0,0.0,0.0,,,,,,,,,,,,,,,,False,Juara,Vale dos Arinos
2393395,510515,51008,2023,HOSPITAL SAO LUCAS JUINA,2062,PRIVADA_EMPRESARIAL,05,5.0,False,11.6,41.2,0.0,0.0,0.5,0.3,0.75,1.93,,,,,,,,,,,,,,,,False,Juína,Noroeste Matogrossense
4069803,510515,51008,2023,HOSPITAL MUNICIPAL DE JUINA DR HIDEO SAKUNO,1244,MUNICIPAL,05,12.0,False,73.75,74.75,0.0,121.17,13.67,25.15,44.28,145.68,4448.0,4442.0,6.0,17775.0,0.0,1989178.29,447.21,41.0,0.922,80.31,3.91,272.0,0.66,60.31,325.38,True,Juína,Noroeste Matogrossense
2392895,510517,51008,2023,HOSPITAL MUNICIPAL DE JURUENA RENILDA DE FATIMA DE MORAIS,1244,MUNICIPAL,05,12.0,False,19.0,19.0,0.0,37.42,3.27,3.92,13.35,47.69,575.0,575.0,0.0,2422.0,0.0,216802.02,377.05,11.0,1.913,27.65,3.94,69.0,0.349,30.26,175.84,True,Juruena,Noroeste Matogrossense
2396092,510520,51013,2023,HOSPITAL MUNICPAL PADRE JOHANNES BERTHOLD HENNING,1244,MUNICIPAL,05,12.0,False,16.0,16.0,0.0,56.92,2.73,2.81,6.64,38.17,682.0,682.0,0.0,1896.0,0.0,236872.38,347.32,10.0,1.466,96.63,2.39,51.0,0.325,42.63,249.82,True,Juscimeira,Sul Matogrossense
2767953,510525,51014,2023,HOSPITAL SAO LUCAS LUCAS DO RIO VERDE,3069,PRIVADA_SEM_FINS_LUCRATIVOS,05,12.0,False,98.5,154.33,0.0,274.33,35.76,48.89,187.19,485.89,6596.0,6571.0,25.0,24591.0,0.0,3811313.85,577.82,103.0,1.562,73.01,3.54,347.0,0.684,66.96,184.45,True,Lucas do Rio Verde,Teles Pires
2752603,510550,51012,2023,HOSPITAL EVANGELICO DE MATO GROSSO,3999,PRIVADA_SEM_FINS_LUCRATIVOS,05,12.0,False,49.5,56.5,0.0,12.67,6.54,8.66,12.23,63.27,1333.0,1333.0,0.0,4409.0,0.0,567715.42,425.89,12.0,0.9,81.32,3.25,95.0,0.244,26.93,203.82,True,Vila Bela da Santíssima Trindade,Sudoeste Matogrossense
8013926,510558,51010,2023,HOSPITAL MARIA ZELIA,1244,MUNICIPAL,05,12.0,False,23.33,23.33,0.0,17.08,4.88,4.25,15.02,47.98,539.0,539.0,0.0,2367.0,0.0,228701.81,424.31,9.0,1.67,100.0,4.22,59.0,0.278,23.1,110.45,True,Marcelândia,Norte Matogrossense
2391724,510560,51015,2023,HOSPITAL MUNICIPAL DE MATUPA,1244,MUNICIPAL,05,12.0,False,27.0,27.0,0.0,98.08,8.31,11.75,33.17,103.78,850.0,850.0,0.0,2199.0,0.0,446988.65,525.87,22.0,2.588,98.59,2.43,90.0,0.223,31.48,102.29,True,Matupá,Vale do Peixoto
2395266,510562,51011,2023,,2062,PRIVADA_EMPRESARIAL,05,12.0,False,30.0,41.0,0.0,0.0,2.33,0.95,5.55,9.48,,,,,,,,,,,,,,,,False,Mirassol d'Oeste,Oeste Matogrossense
7254628,510562,51011,2023,HOSPITAL SAMUEL GREVE,1244,MUNICIPAL,05,12.0,False,44.33,44.33,0.0,10.0,7.7,16.2,14.72,44.78,1160.0,1160.0,0.0,4113.0,0.0,583214.2,502.77,27.0,2.328,99.4,3.36,74.0,0.254,26.17,150.65,True,Mirassol d'Oeste,Oeste Matogrossense
2802473,510590,51004,2023,HOSPITAL E MATERNIDADE LAURA VICUNA,2062,PRIVADA_EMPRESARIAL,05,12.0,False,36.0,43.0,0.0,12.08,2.63,3.81,11.9,40.15,1104.0,1104.0,0.0,3025.0,0.0,504915.99,457.35,31.0,2.808,100.0,2.59,91.0,0.23,30.67,419.77,True,Nobres,Centro Norte
0071773,510600,51004,2023,,1244,MUNICIPAL,05,12.0,False,30.0,30.0,0.0,20.08,5.14,6.02,4.02,22.49,,,,,,,,,,,,,,,,False,Nortelândia,Centro Norte
4069870,510610,51002,2023,HOSPITAL MUNICIPAL PROFESSORA MARIA ARLINDA DA COSTA,1244,MUNICIPAL,05,11.0,False,16.0,16.0,0.0,9.0,6.28,3.21,8.93,37.17,114.0,114.0,0.0,489.0,0.0,45464.45,398.81,7.0,6.14,100.0,3.95,33.0,0.084,7.13,18.15,False,Nossa Senhora do Livramento,Baixada Cuiabana
2471604,510615,51001,2023,,1244,MUNICIPAL,05,12.0,False,14.0,14.0,0.0,6.08,1.42,4.17,14.25,37.04,,,,,,,,,,,,,,,,False,Nova Bandeirantes,Alto Tapajós
0901725,510622,51014,2023,HOSPITAL REGIONAL HILDA STRENGER RIBEIRO NOVA MUTUM,3999,PRIVADA_SEM_FINS_LUCRATIVOS,05,12.0,False,137.25,185.5,20.0,584.17,15.31,50.59,94.85,176.3,4204.0,4194.0,10.0,10671.0,7106.0,7118606.45,1693.29,193.0,4.591,88.44,4.13,278.0,0.213,30.63,274.59,True,Nova Mutum,Teles Pires
2472716,510623,51007,2023,HOSPITAL E MATERNIDADE NOVA OLIMPIA,2062,PRIVADA_EMPRESARIAL,05,12.0,False,15.75,35.5,0.0,13.08,4.12,2.63,7.42,23.41,557.0,557.0,0.0,1377.0,0.0,313676.97,563.15,4.0,0.718,100.0,2.4,30.0,0.24,35.37,135.19,True,Nova Olímpia,Médio Norte Matogrossense
2395428,510625,51005,2023,HOSPITAL MUNICIPAL DR DAERCIO OLIVEIRA MORAES,1244,MUNICIPAL,05,12.0,False,24.92,25.08,0.0,64.17,15.36,12.11,36.23,124.49,1761.0,1760.0,1.0,5569.0,0.0,863473.03,490.33,54.0,3.066,15.79,3.03,195.0,0.612,70.67,114.65,True,Nova Xavantina,Garças Araguaia
2392720,510627,51016,2023,HOSPITAL MUNICIPAL JOSE KARA JOSE,1244,MUNICIPAL,05,12.0,False,13.0,14.5,0.0,33.0,5.2,2.96,10.01,32.55,225.0,225.0,0.0,755.0,0.0,84635.26,376.16,12.0,5.333,82.67,3.05,68.0,0.159,17.31,43.27,True,Novo Horizonte do Norte,Vale dos Arinos
2395509,510628,51005,2023,HOSP MUN MARIA DOLORES T JORDAO NOVO SAO JOAQUIM,1244,MUNICIPAL,05,12.0,False,32.33,32.33,0.0,45.33,4.34,4.9,16.58,66.33,519.0,519.0,0.0,1214.0,0.0,205886.54,396.7,1.0,0.193,5.2,2.34,108.0,0.103,16.05,119.59,True,Novo São Joaquim,Garças Araguaia
2471663,510629,51001,2023,HOSPITAL E MATERNIDADE ALIPIO CANDIDO DA SILVA,1244,MUNICIPAL,05,12.0,False,43.0,43.0,0.0,37.08,14.94,7.39,23.85,88.67,1368.0,1368.0,0.0,3955.0,0.0,633195.4,462.86,2.0,0.146,0.0,2.78,123.0,0.252,31.81,91.57,True,Paranaíta,Alto Tapajós
2390949,510630,51013,2023,HOSPITAL MUNICIPAL IRMA TEODORA,1244,MUNICIPAL,05,12.0,False,35.0,35.0,0.0,17.08,6.41,14.59,31.32,91.16,1452.0,1452.0,0.0,3963.0,0.0,662296.28,456.13,8.0,0.551,79.96,2.6,114.0,0.31,41.49,226.52,True,Paranatinga,Sul Matogrossense
2752638,510637,51013,2023,HOSPITAL PRONTO ATENDIMENTO MUNICIPAL LUCIANA MARTINS AMORIM,1244,MUNICIPAL,05,12.0,False,32.0,32.0,0.0,11.08,16.17,7.42,27.23,71.3,377.0,377.0,0.0,1914.0,0.0,132196.25,350.65,14.0,3.714,100.0,4.7,52.0,0.164,11.78,23.31,True,Pedra Preta,Sul Matogrossense
2699842,510642,51015,2023,HOSPITAL REGIONAL DE PEIXOTO DE AZEVEDO,1244,MUNICIPAL,05,12.0,False,64.0,73.17,0.0,205.75,22.8,27.5,85.5,242.85,2898.0,2898.0,0.0,9561.0,0.0,1595127.22,550.42,38.0,1.311,98.55,3.15,269.0,0.409,45.28,127.11,True,Peixoto de Azevedo,Vale do Peixoto
2391449,510650,51002,2023,HOSPITAL GERAL DE POCONE DR NICOLAU FONTANILAS FRAGELI,3999,PRIVADA_SEM_FINS_LUCRATIVOS,05,12.0,False,60.0,65.0,0.0,25.0,2.5,4.93,14.78,48.27,1695.0,1656.0,39.0,5617.0,0.0,704402.35,415.58,46.0,2.714,99.94,3.2,90.0,0.256,28.25,678.0,True,Poconé,Baixada Cuiabana
2395592,510670,51005,2023,HOSPITAL MUNICIPAL BOM JESUS,1244,MUNICIPAL,05,12.0,False,18.33,18.33,0.0,16.25,1.2,3.0,10.0,36.93,152.0,152.0,0.0,233.0,0.0,66190.08,435.46,1.0,0.658,68.42,1.36,50.0,0.035,8.29,126.67,True,Ponte Branca,Garças Araguaia
2752654,510675,51012,2023,HOSPITAL VALE DO GUAPORE,3999,PRIVADA_SEM_FINS_LUCRATIVOS,05,12.0,False,70.5,74.0,0.0,51.67,25.42,34.75,50.83,172.57,4791.0,4791.0,0.0,13823.0,0.0,2341410.43,488.71,66.0,1.378,87.77,2.76,234.0,0.537,67.96,188.47,True,Pontes e Lacerda,Sudoeste Matogrossense
2311615,510677,51003,2023,,1244,MUNICIPAL,05,12.0,False,18.0,18.0,0.0,4.0,2.03,5.0,10.42,24.86,,,,,,,,,,,,,,,,False,Porto Alegre do Norte,Araguaia Xingu
2752646,510680,51016,2023,HOSPITAL MUNICIPAL GUSTAV ADOLF ISERNHAGEN,1244,MUNICIPAL,05,12.0,False,22.33,22.33,0.0,43.17,4.5,2.62,7.83,36.96,583.0,583.0,0.0,1685.0,0.0,229277.49,393.27,2.0,0.343,17.84,2.88,75.0,0.207,26.11,129.56,True,Porto dos Gaúchos,Vale dos Arinos
2397684,510700,51013,2023,HOSPITAL E MATERNIDADE SAO JOAO BATISTA,3999,PRIVADA_SEM_FINS_LUCRATIVOS,05,12.0,False,59.67,70.83,0.0,67.08,6.37,5.96,12.19,55.35,1357.0,1357.0,0.0,4018.0,0.0,719784.21,530.42,27.0,1.99,100.0,2.79,83.0,0.184,22.74,213.03,True,Poxoréo,Sul Matogrossense
2397463,510704,51013,2023,HOSPITAL E MATERNIDADE SAO LUCAS PRIMAVERA DO LESTE,2062,PRIVADA_EMPRESARIAL,05,12.0,False,44.75,108.5,0.0,419.42,22.35,36.15,59.23,136.16,1891.0,1890.0,1.0,3781.0,0.0,1102355.55,582.95,7.0,0.37,75.36,1.91,205.0,0.231,42.26,84.61,True,Primavera do Leste,Sul Matogrossense
2397676,510704,51013,2023,HOSPITAL DAS CLINICAS PRIMAVERA PRIMAVERA DO LESTE,2062,PRIVADA_EMPRESARIAL,05,12.0,False,40.92,62.83,8.0,219.33,44.82,13.33,48.47,122.37,2581.0,2567.0,14.0,5511.0,2818.0,3487953.63,1351.4,104.0,4.029,79.35,3.05,271.0,0.369,63.07,57.59,True,Primavera do Leste,Sul Matogrossense
4070070,510706,51006,2023,HOSPITAL MUNICIPAL DE QUERENCIA,1244,MUNICIPAL,05,12.0,False,30.17,30.17,0.0,68.75,13.39,15.98,47.15,125.52,1816.0,1816.0,0.0,4996.0,0.0,846358.19,466.06,10.0,0.551,100.0,2.68,101.0,0.454,60.19,135.62,True,Querência,Médio Araguaia
2394316,510710,51011,2023,,2062,PRIVADA_EMPRESARIAL,05,12.0,False,23.0,26.0,0.0,13.08,1.6,0.5,2.0,4.13,,,,,,,,,,,,,,,,False,São José dos Quatro Marcos,Oeste Matogrossense
2472791,510718,51006,2023,HOSPITAL MUNICIPAL CRISTO REI,1244,MUNICIPAL,05,12.0,False,43.0,44.0,0.0,43.08,4.43,3.68,10.83,44.19,248.0,248.0,0.0,725.0,0.0,94608.47,381.49,1.0,0.403,0.81,2.89,41.0,0.046,5.77,55.98,True,Ribeirão Cascalheira,Médio Araguaia
2395452,510719,51005,2023,HOSPITAL NOSSA SENHORA DA ABADIA,1244,MUNICIPAL,05,12.0,False,15.0,15.0,0.0,8.08,2.58,3.93,4.9,22.5,52.0,52.0,0.0,221.0,0.0,17715.88,340.69,1.0,1.923,90.38,4.21,19.0,0.04,3.47,20.16,False,Ribeirãozinho,Garças Araguaia
2394782,510720,51011,2023,HOSPITAL MUNICIPAL DE RIO BRANCO,1244,MUNICIPAL,05,12.0,False,18.0,18.0,0.0,5.0,0.5,3.58,6.42,18.13,83.0,83.0,0.0,308.0,0.0,32435.35,390.79,0.0,0.0,100.0,3.69,28.0,0.047,4.61,166.0,False,Rio Branco,Oeste Matogrossense
3142663,510730,51004,2023,HOSPITAL MUNICIPAL DE SAO JOSE DO RIO CLARO,1244,MUNICIPAL,05,12.0,False,22.0,22.0,0.0,13.0,4.64,9.24,15.13,54.49,928.0,928.0,0.0,2456.0,0.0,336986.6,363.13,19.0,2.047,71.23,2.4,111.0,0.306,42.18,200.0,True,São José do Rio Claro,Centro Norte
0171557,510760,51013,2023,,1244,MUNICIPAL,05,1.0,False,50.0,50.0,0.0,5.0,8.6,8.75,25.65,60.25,,,,,,,,,,,,,,,,False,Rondonópolis,Sul Matogrossense
2396424,510760,51013,2023,CASA DE SAUDE PAULO DE TARSO E CAPS PAULO DE TARSO,3999,PRIVADA_SEM_FINS_LUCRATIVOS,07,12.0,False,82.0,82.0,0.0,4.0,4.94,6.84,33.23,98.71,883.0,883.0,0.0,28896.0,0.0,2377126.53,2692.1,0.0,0.0,100.0,32.69,2.0,0.965,10.77,178.74,True,Rondonópolis,Sul Matogrossense
2396866,510760,51013,2023,SANTA CASA DE RONDONOPOLIS,3999,PRIVADA_SEM_FINS_LUCRATIVOS,05,12.0,False,220.0,286.83,46.0,366.17,75.96,126.97,411.27,957.13,13832.0,11397.0,2435.0,34327.0,15502.0,32117625.45,2321.98,402.0,2.906,69.34,3.59,350.0,0.427,62.87,182.1,True,Rondonópolis,Sul Matogrossense
2604434,510760,51013,2023,HOSPITAL REG IRMA ELZA GIOVANELLA,1236,ESTADUAL,05,12.0,False,116.33,126.33,20.0,716.25,120.08,74.83,330.14,799.15,8004.0,7968.0,36.0,31377.0,7296.0,10232878.57,1278.47,444.0,5.547,82.31,4.62,393.0,0.739,68.8,66.66,True,Rondonópolis,Sul Matogrossense
2701626,510760,51013,2023,,2240,PRIVADA_EMPRESARIAL,05,12.0,False,35.0,44.0,0.0,103.17,9.38,3.67,26.0,42.43,890.0,890.0,0.0,989.0,0.0,807319.97,907.1,0.0,0.0,0.56,0.76,35.0,0.077,25.43,94.88,True,Rondonópolis,Sul Matogrossense
2878097,510760,51013,2023,,1244,MUNICIPAL,07,1.0,False,19.0,19.0,0.0,37.0,13.6,11.4,26.4,67.95,,,,,,,,,,,,,,,,False,Rondonópolis,Sul Matogrossense
3028925,510760,51013,2023,HOSP DE REF SAUDE DA FAMILIA DR ANTONIO DOS S MUNIZ,1244,MUNICIPAL,05,12.0,False,69.0,82.0,0.0,79.17,31.35,46.58,128.44,257.07,3823.0,3823.0,0.0,23019.0,0.0,1638657.75,428.63,182.0,4.761,99.92,5.65,99.0,0.914,55.41,121.95,True,Rondonópolis,Sul Matogrossense
3623335,510760,51013,2023,,2062,PRIVADA_EMPRESARIAL,05,2.0,False,5.0,5.0,0.0,14.0,1.0,0.95,0.5,5.95,,,,,,,,,,,,,,,,False,Rondonópolis,Sul Matogrossense
2655780,510770,51004,2023,HOSPITAL MUNICIPAL DE ROSARIO OESTE,1244,MUNICIPAL,05,12.0,False,80.0,80.0,0.0,22.08,9.09,8.4,15.5,38.0,762.0,762.0,0.0,2361.0,0.0,356946.76,468.43,14.0,1.837,80.71,2.83,70.0,0.081,9.53,83.83,True,Rosário Oeste,Centro Norte
2394189,510775,51011,2023,HOSPITAL MUNICIPAL DE SALTO DO CEU,1244,MUNICIPAL,05,12.0,False,14.0,14.0,0.0,7.0,2.73,2.5,6.75,29.3,103.0,103.0,0.0,342.0,0.0,32790.53,318.35,3.0,2.913,90.29,3.17,31.0,0.067,7.36,37.73,True,Salto do Céu,Oeste Matogrossense
2311607,510777,51003,2023,HOSPITAL MUNICIPAL DE SANTA TEREZINHA,1244,MUNICIPAL,05,12.0,False,22.0,22.0,0.0,3.08,1.46,1.58,15.33,35.79,471.0,471.0,0.0,1025.0,0.0,149129.29,316.62,9.0,1.911,99.79,1.83,58.0,0.128,21.41,322.6,True,Santa Terezinha,Araguaia Xingu
2391171,510780,51002,2023,,1244,MUNICIPAL,05,12.0,False,21.0,21.0,0.0,11.17,9.47,6.91,19.82,57.52,,,,,,,,,,,,,,,,False,Santo Antônio do Leverger,Baixada Cuiabana
2604426,510785,51009,2023,HOSPITAL MUNICIPAL PREFEITO JOAO ABREU LUZ,1210,PUBLICA_OUTRA,05,12.0,False,31.67,31.67,0.0,75.08,5.05,6.33,18.69,56.53,1571.0,1571.0,0.0,4231.0,0.0,737082.97,469.18,36.0,2.292,81.73,2.58,162.0,0.366,49.61,311.09,True,São Félix do Araguaia,Norte Araguaia Karajá
9659366,510787,51007,2023,HOSPITAL SANTA MARCELINA DE SAPEZAL,3999,PRIVADA_SEM_FINS_LUCRATIVOS,05,12.0,False,34.0,53.0,0.0,144.75,15.88,8.96,32.17,95.11,1704.0,1704.0,0.0,5780.0,0.0,781836.54,458.82,28.0,1.643,83.92,3.29,174.0,0.466,50.12,107.3,True,Sapezal,Médio Norte Matogrossense
0218669,510790,51014,2023,,1244,MUNICIPAL,05,12.0,False,40.0,40.0,0.0,38.0,6.58,9.75,18.13,35.83,,,,,,,,,,,,,,,,False,Sinop,Teles Pires
0405159,510790,51014,2023,,3999,PRIVADA_SEM_FINS_LUCRATIVOS,05,12.0,False,3.0,6.0,0.0,49.0,2.23,0.0,7.33,21.85,,,,,,,,,,,,,,,,False,Sinop,Teles Pires
2795671,510790,51014,2023,HOSPITAL SANTO ANTONIO,3069,PRIVADA_SEM_FINS_LUCRATIVOS,05,12.0,False,93.0,163.92,16.0,364.08,33.16,150.72,193.75,617.04,5897.0,4635.0,1262.0,15301.0,4920.0,9624755.05,1632.14,156.0,2.645,99.98,3.38,115.0,0.451,63.41,177.83,True,Sinop,Teles Pires
6085423,510790,51014,2023,HOSPITAL REGIONAL JORGE DE ABREU,1236,ESTADUAL,05,12.0,False,102.33,116.5,0.0,317.67,72.29,84.87,135.36,430.32,3875.0,3840.0,35.0,21590.0,0.0,3139478.06,810.19,80.0,2.065,84.8,5.41,287.0,0.578,37.87,53.6,True,Sinop,Teles Pires
2795655,510792,51014,2023,HOSPITAL REGIONAL DE SORRISO,1236,ESTADUAL,05,12.0,False,151.0,155.0,16.0,243.08,70.15,55.81,150.17,422.71,7231.0,7152.0,79.0,33726.0,2995.0,7690976.9,1063.61,285.0,3.941,93.31,4.92,420.0,0.612,47.89,103.08,True,Sorriso,Teles Pires
7210345,510792,51014,2023,,2062,PRIVADA_EMPRESARIAL,05,12.0,False,4.0,5.0,0.0,31.0,0.18,0.37,0.0,0.68,46.0,46.0,0.0,46.0,0.0,47480.59,1032.19,0.0,0.0,0.0,0.98,10.0,0.032,11.5,255.56,False,Sorriso,Teles Pires
7901127,510792,51014,2023,HOSPITAL MATERNIDADE 13 DE MAIO VILA ROMANA,2054,PRIVADA_EMPRESARIAL,05,10.0,False,10.0,75.0,0.0,0.0,2.18,0.11,0.22,2.65,,,,,,,,,,,,,,,,False,Sorriso,Teles Pires
7943733,510792,51014,2023,IGHASMAT,3999,PRIVADA_SEM_FINS_LUCRATIVOS,05,12.0,False,27.08,56.25,0.0,1.0,6.05,0.83,2.38,13.37,42.0,42.0,0.0,76.0,0.0,44548.92,1060.69,0.0,0.0,0.0,1.79,6.0,0.008,1.55,6.94,False,Sorriso,Teles Pires
2392801,510794,51016,2023,HOSPITAL MUNICIPAL DE TABAPORA,1244,MUNICIPAL,05,12.0,False,16.0,16.0,0.0,14.08,2.38,2.92,11.17,26.81,32.0,32.0,0.0,91.0,0.0,12577.24,393.04,2.0,6.25,100.0,2.59,20.0,0.016,2.0,13.45,False,Tabaporã,Vale dos Arinos
2472139,510795,51007,2023,HOSPITAL DAS CLINICAS VIDA E SAUDE TANGARA DA SERRA,2062,PRIVADA_EMPRESARIAL,05,12.0,False,15.67,59.83,0.0,111.17,13.4,2.26,16.58,42.16,334.0,334.0,0.0,660.0,0.0,224311.94,671.59,0.0,0.0,97.6,1.91,24.0,0.115,21.31,24.93,True,Tangará da Serra,Médio Norte Matogrossense
2472414,510795,51007,2023,HOSPITAL E MATERNIDADE SANTA ANGELA TANGARA DA SERRA,2062,PRIVADA_EMPRESARIAL,05,12.0,False,9.0,111.0,0.0,264.0,6.15,8.15,10.85,30.52,7.0,7.0,0.0,7.0,0.0,2996.57,428.08,0.0,0.0,100.0,0.0,5.0,0.002,0.78,1.14,False,Tangará da Serra,Médio Norte Matogrossense
2767384,510795,51007,2023,HOSPITAL MUNICIPAL ARLETE DAISY CICHETTI DE BRITO,1244,MUNICIPAL,05,12.0,False,68.0,76.33,0.0,266.83,21.48,37.47,139.11,313.32,2015.0,2015.0,0.0,9072.0,0.0,883363.64,438.39,86.0,4.268,99.9,4.35,105.0,0.366,29.63,93.81,True,Tangará da Serra,Médio Norte Matogrossense
3171353,510795,51007,2023,,2062,PRIVADA_EMPRESARIAL,05,7.0,False,1.0,52.0,0.0,0.0,0.0,0.0,0.0,0.0,,,,,,,,,,,,,,,,False,Tangará da Serra,Médio Norte Matogrossense
2398400,510800,51014,2023,HOSPITAL MUNICIPAL DE TAPURAH,1244,MUNICIPAL,05,12.0,False,22.0,22.0,0.0,14.08,3.93,7.08,10.57,42.67,531.0,531.0,0.0,1746.0,0.0,140453.77,264.51,6.0,1.13,82.11,3.02,73.0,0.217,24.14,135.11,True,Tapurah,Teles Pires
2391996,510805,51015,2023,HOSPITAL MUNICIPAL DE TERRA NOVA DO NORTE,1244,MUNICIPAL,05,12.0,False,38.0,38.0,0.0,22.08,6.45,4.63,18.92,50.04,487.0,487.0,0.0,1693.0,0.0,199119.5,408.87,30.0,6.16,76.39,3.26,68.0,0.122,12.82,75.5,True,Terra Nova do Norte,Vale do Peixoto
2397501,510810,51013,2023,HOSPITAL E MATERNIDADE SAO LUCAS,1244,MUNICIPAL,05,12.0,False,15.0,15.0,0.0,11.58,1.11,3.49,6.02,33.52,94.0,94.0,0.0,375.0,0.0,36822.77,391.73,4.0,4.255,98.94,3.55,26.0,0.068,6.27,84.68,False,Tesouro,Sul Matogrossense
2395584,510820,51005,2023,HOSPITAL MUNICIPAL SAO JOAO BOSCO,1244,MUNICIPAL,05,12.0,False,23.33,23.33,0.0,9.25,5.9,4.98,8.13,29.04,386.0,386.0,0.0,577.0,0.0,258843.16,670.58,5.0,1.295,4.92,1.44,52.0,0.068,16.55,65.42,True,Torixoréu,Garças Araguaia
2390868,510840,51002,2023,,2062,PRIVADA_EMPRESARIAL,05,7.0,False,6.0,43.0,0.0,0.0,0.0,0.0,0.0,0.0,,,,,,,,,,,,,,,,False,Várzea Grande,Baixada Cuiabana
2391635,510840,51002,2023,HOSPITAL E PRONTO SOCORRO MUNICIPAL DE VARZEA GRANDE,1244,MUNICIPAL,05,12.0,False,205.17,211.0,24.17,395.08,123.21,124.21,180.15,709.19,6621.0,6616.0,5.0,35241.0,7720.0,11318628.25,1709.5,468.0,7.068,98.76,6.3,309.0,0.471,32.27,53.74,True,Várzea Grande,Baixada Cuiabana
2928604,510840,51002,2023,,1244,MUNICIPAL,05,12.0,False,26.83,26.83,0.0,51.0,18.93,25.34,47.05,147.65,,,,,,,,,,,,,,,,False,Várzea Grande,Baixada Cuiabana
6853781,510840,51002,2023,METROPOLITANO HOSPITAL ESTADUAL LOUSITE FERREIRA DA SILVA,1236,ESTADUAL,05,12.0,False,234.33,251.0,40.0,820.58,172.83,281.24,555.96,1614.28,5798.0,5059.0,739.0,31831.0,10833.0,15880280.12,2738.92,386.0,6.657,0.0,7.21,310.0,0.372,24.74,33.55,True,Várzea Grande,Baixada Cuiabana
4196708,510850,51014,2023,,3069,PRIVADA_SEM_FINS_LUCRATIVOS,05,8.0,False,33.0,33.0,0.0,3.0,0.6,1.0,0.0,5.48,,,,,,,,,,,,,,,,False,Vera,Teles Pires
7914288,510860,51003,2023,HOSPITAL MUNICIPAL DE VILA RICA,1244,MUNICIPAL,05,12.0,False,21.0,21.0,0.0,12.08,5.88,3.25,19.25,53.71,948.0,946.0,2.0,2867.0,0.0,429408.94,452.96,33.0,3.481,100.0,2.9,97.0,0.374,45.14,161.22,True,Vila Rica,Araguaia Xingu
2473046,510020,51006,2024,HOSPITAL REGIONAL DE AGUA BOA,1210,PUBLICA_OUTRA,05,12.0,False,77.0,77.0,10.0,137.0,34.51,14.32,79.18,213.76,5821.0,5819.0,2.0,16930.0,3260.0,5661818.85,972.65,203.0,3.487,71.43,3.31,308.0,0.602,75.6,168.68,True,Água Boa,Médio Araguaia
2471345,510025,51001,2024,HOSPITAL REGIONAL DE ALTA FLORESTA ALBERT SABIN,1236,ESTADUAL,05,12.0,False,69.0,83.0,0.0,564.33,64.99,58.99,136.4,325.55,5286.0,5285.0,1.0,17062.0,0.0,4417108.71,835.62,109.0,2.062,72.81,3.05,320.0,0.677,76.61,81.34,True,Alta Floresta,Alto Tapajós
2569531,510025,51001,2024,,2062,PRIVADA_EMPRESARIAL,05,12.0,False,0.0,19.0,0.0,19.0,0.75,0.0,0.0,0.75,,,,,,,,,,,,,,,,False,Alta Floresta,Alto Tapajós
3913899,510025,51001,2024,,2062,PRIVADA_EMPRESARIAL,05,10.0,False,86.0,144.0,0.0,363.0,4.14,5.16,12.77,28.82,5.0,5.0,0.0,29.0,0.0,2103.51,420.7,1.0,20.0,100.0,5.6,5.0,0.001,0.06,1.21,False,Alta Floresta,Alto Tapajós
2396998,510030,51013,2024,HOSPITAL MUNICIPAL DE ALTO ARAGUAIA,1244,MUNICIPAL,05,12.0,False,23.0,35.0,0.0,36.0,10.74,8.8,22.01,94.21,651.0,651.0,0.0,1401.0,0.0,253719.52,389.74,20.0,3.072,13.98,1.91,81.0,0.167,28.3,60.61,True,Alto Araguaia,Sul Matogrossense
2396335,510040,51013,2024,,1244,MUNICIPAL,05,4.0,False,22.0,22.0,0.0,66.0,7.93,7.68,14.83,60.33,,,,,,,,,,,,,,,,False,Alto Garças,Sul Matogrossense
2397056,510060,51013,2024,HOSPITAL E MATERNIDADE NOSSA SENHORA APARECIDA,1244,MUNICIPAL,05,12.0,False,20.0,20.0,0.0,30.0,5.1,6.92,13.33,58.59,480.0,480.0,0.0,973.0,0.0,186284.43,388.09,7.0,1.458,85.0,1.88,72.0,0.133,24.0,94.12,True,Alto Taquari,Sul Matogrossense
2471590,510080,51001,2024,HOSPITAL MUNICIPAL DE APIACAS,1244,MUNICIPAL,05,12.0,False,32.0,32.0,0.0,9.0,3.65,6.0,14.42,57.83,260.0,260.0,0.0,867.0,0.0,108894.38,418.82,3.0,1.154,99.62,3.27,35.0,0.074,8.13,71.23,True,Apiacás,Alto Tapajós
2752611,510125,51011,2024,HOSPITAL GERAL E MATERNIDADE ARAPUTANGA,2062,PRIVADA_EMPRESARIAL,05,12.0,False,16.0,19.0,0.0,15.0,8.52,3.73,9.73,35.24,348.0,348.0,0.0,956.0,0.0,103068.79,296.17,7.0,2.011,99.71,2.5,54.0,0.164,21.75,40.85,True,Araputanga,Oeste Matogrossense
2472244,510130,51007,2024,HOSPITAL MUNICIPAL DR MANUELA MACHADO BARBOSA GOMES,1244,MUNICIPAL,05,12.0,False,31.0,31.0,0.0,52.0,3.89,5.68,12.47,44.32,1357.0,1357.0,0.0,3964.0,0.0,578090.88,426.01,2.0,0.147,65.07,2.89,133.0,0.35,43.77,348.84,True,Arenápolis,Médio Norte Matogrossense
4069099,510140,51008,2024,HOSPITAL MUNICIPAL SANTO ANTONIO ARIPUANA,1244,MUNICIPAL,05,12.0,False,33.0,33.0,0.0,106.0,8.31,11.19,32.42,89.47,1354.0,1354.0,0.0,6030.0,0.0,517129.58,381.93,18.0,1.329,97.71,4.29,101.0,0.501,41.03,162.94,True,Aripuanã,Noroeste Matogrossense
2964759,510170,51007,2024,HOSPITAL MATERNIDADE MUNICIPAL DE BARRA DO BUGRES RENE BAR,1244,MUNICIPAL,05,12.0,False,32.0,32.0,0.0,67.0,11.5,7.61,25.93,64.0,1309.0,1309.0,0.0,4482.0,0.0,611992.86,467.53,45.0,3.438,90.83,3.21,150.0,0.384,40.91,113.83,True,Barra do Bugres,Médio Norte Matogrossense
2395886,510180,51005,2024,HOSPITAL MUNICIPAL MILTON PESSOA MORBECK,1244,MUNICIPAL,05,12.0,False,81.25,81.25,10.0,129.0,47.24,52.37,139.92,363.44,4613.0,4611.0,2.0,14348.0,2884.0,5041224.85,1092.83,141.0,3.057,82.44,3.5,289.0,0.484,56.78,97.65,True,Barra do Garças,Garças Araguaia
2471795,510190,51008,2024,HOSPITAL MUNICIPAL DE BRASNORTE BRASNORTE,1244,MUNICIPAL,05,12.0,False,40.0,40.0,0.0,169.0,14.05,12.83,35.21,122.3,1493.0,1490.0,3.0,5333.0,0.0,594520.45,398.21,13.0,0.871,99.93,3.49,186.0,0.365,37.33,106.26,True,Brasnorte,Noroeste Matogrossense
2395037,510250,51011,2024,HOSPITAL REGIONAL DE CACERES DR ANTONIO FONTES UNIDADE II,1236,ESTADUAL,05,12.0,False,116.0,136.0,10.0,237.33,21.17,61.88,162.4,336.21,5434.0,5434.0,0.0,20980.0,3638.0,5633670.4,1036.74,266.0,4.895,93.6,4.43,162.0,0.496,46.84,256.68,True,Cáceres,Oeste Matogrossense
2534460,510250,51011,2024,HOSPITAL REGIONAL DE CACERES DR ANTONIO FONTES UNIDADE I,1236,ESTADUAL,05,12.0,False,141.75,161.75,6.0,534.58,28.58,69.44,222.8,485.71,6543.0,6535.0,8.0,31404.0,2222.0,6590761.42,1007.3,270.0,4.127,96.04,4.96,307.0,0.607,46.16,228.94,True,Cáceres,Oeste Matogrossense
2998653,510250,51011,2024,HOSPITAL QUALITY,2062,PRIVADA_EMPRESARIAL,05,12.0,False,51.5,53.33,0.0,85.0,14.15,6.63,21.87,53.33,1383.0,1383.0,0.0,2399.0,0.0,1157148.37,836.69,0.0,0.0,0.0,1.72,29.0,0.128,26.85,97.74,True,Cáceres,Oeste Matogrossense
3771393,510250,51011,2024,COC CENTRO OFTALMOLOGICO DE CACERES,2062,PRIVADA_EMPRESARIAL,05,4.0,False,4.0,6.0,0.0,62.0,4.4,0.03,1.1,22.05,44.0,0.0,44.0,44.0,0.0,206880.96,4701.84,0.0,0.0,0.0,0.0,1.0,0.03,11.0,10.0,False,Cáceres,Oeste Matogrossense
2395479,510260,51005,2024,HOSPITAL MUNICIPAL SEBASTIAO ANTONIO DA COSTA,1244,MUNICIPAL,05,12.0,False,25.0,25.0,0.0,9.0,2.54,5.88,18.08,47.13,580.0,580.0,0.0,1762.0,0.0,255037.45,439.72,3.0,0.517,100.0,2.92,32.0,0.193,23.2,228.35,True,Campinápolis,Garças Araguaia
2655802,510263,51007,2024,HOSPITAL MUNICIPAL EUCLIDES HORST,1244,MUNICIPAL,05,12.0,False,33.0,33.0,0.0,131.0,15.76,16.03,46.69,129.08,2458.0,2456.0,2.0,6259.0,0.0,1328281.55,540.39,48.0,1.953,73.72,2.39,217.0,0.52,74.48,155.96,True,Campo Novo do Parecis,Médio Norte Matogrossense
2396106,510267,51013,2024,HOSPITAL MUNICIPAL CORACAO DE JESUS,1244,MUNICIPAL,05,12.0,False,53.0,63.0,0.0,172.0,16.67,35.11,91.94,197.77,3564.0,3563.0,1.0,12375.0,0.0,1737020.44,487.38,142.0,3.984,90.26,3.23,248.0,0.64,67.25,213.8,True,Campo Verde,Sul Matogrossense
2396211,510267,51013,2024,,2062,PRIVADA_EMPRESARIAL,05,12.0,False,9.0,15.0,0.0,0.0,0.0,0.0,0.0,0.0,,,,,,,,,,,,,,,,False,Campo Verde,Sul Matogrossense
2394324,510268,51012,2024,HOSPITAL MUNICIPAL LEOCYR LAZARETE,1244,MUNICIPAL,05,12.0,False,17.0,17.0,0.0,35.0,6.54,6.08,12.25,61.42,595.0,595.0,0.0,1102.0,0.0,159571.56,268.19,4.0,0.672,95.8,1.29,71.0,0.178,35.0,90.98,True,Campos de Júlio,Sudoeste Matogrossense
7768400,510270,51006,2024,HOSPITAL MUNICIPAL LORENA PARODE,1244,MUNICIPAL,05,12.0,False,31.0,31.0,0.0,87.0,10.18,10.0,29.0,77.44,1236.0,1236.0,0.0,2528.0,0.0,521327.89,421.79,27.0,2.184,69.42,1.91,100.0,0.223,39.87,121.41,True,Canarana,Médio Araguaia
2398443,510305,51014,2024,HOSPITAL DONA NILZA DE OLIVEIRA PIPINO,3069,PRIVADA_SEM_FINS_LUCRATIVOS,05,12.0,False,33.0,33.0,0.0,3.17,7.19,5.0,6.3,33.42,628.0,628.0,0.0,1781.0,0.0,188167.06,299.63,23.0,3.662,100.0,2.42,65.0,0.148,19.03,87.34,True,Cláudia,Teles Pires
2472783,510310,51006,2024,HOSPITAL MUNICIPAL DE COCALINHO,1244,MUNICIPAL,05,12.0,False,17.0,17.0,0.0,9.58,2.23,5.81,8.67,46.79,574.0,574.0,0.0,1560.0,0.0,148440.03,258.61,6.0,1.045,80.66,2.56,55.0,0.251,33.76,257.4,True,Cocalinho,Médio Araguaia
2392399,510320,51010,2024,,2062,PRIVADA_EMPRESARIAL,05,12.0,False,0.0,23.0,0.0,0.0,0.0,0.0,0.0,0.0,,,,,,,,,,,,,,,,False,Colíder,Norte Matogrossense
2392410,510320,51010,2024,HOSPITAL REGIONAL DE COLIDER,1236,ESTADUAL,05,12.0,False,67.25,79.25,8.0,530.67,89.34,46.83,147.08,462.38,3541.0,3540.0,1.0,13482.0,2761.0,5056733.77,1428.05,219.0,6.185,74.19,4.41,240.0,0.549,52.65,39.64,True,Colíder,Norte Matogrossense
3574261,510325,51008,2024,HOSPITAL MUNICIPAL ANDRE MAGGI COLNIZA,1244,MUNICIPAL,05,12.0,False,34.67,36.0,0.0,23.0,7.3,10.6,32.18,92.14,1479.0,1478.0,1.0,4073.0,0.0,600431.31,405.97,37.0,2.502,99.93,2.6,182.0,0.322,42.66,202.6,True,Colniza,Noroeste Matogrossense
2395274,510330,51012,2024,HOSPITAL DAS CLINICAS DE COMODORO,2062,PRIVADA_EMPRESARIAL,05,12.0,False,31.0,42.0,0.0,11.0,1.21,1.08,6.35,15.52,1070.0,1070.0,0.0,4270.0,0.0,504577.42,471.57,17.0,1.589,100.0,3.88,59.0,0.377,34.52,884.3,True,Comodoro,Sudoeste Matogrossense
2793636,510335,51003,2024,HOSPITAL E MATERNIDADE DR LAURO TARCISIO PRESTE DE OLIVEIRA,1244,MUNICIPAL,05,12.0,False,71.0,71.0,0.0,44.0,13.91,18.18,53.53,150.47,4520.0,4518.0,2.0,15068.0,0.0,2456520.11,543.48,90.0,1.991,79.05,3.17,227.0,0.581,63.66,324.95,True,Confresa,Araguaia Xingu
2392968,510337,51008,2024,HOSPITAL MUNICIPAL OLIRIO OLIVEIRA DOS SANTOS,1244,MUNICIPAL,05,12.0,False,34.0,34.0,0.0,41.0,2.49,4.71,10.63,39.8,566.0,566.0,0.0,1656.0,0.0,225523.82,398.45,1.0,0.177,99.29,2.83,70.0,0.133,16.65,227.31,True,Cotriguaçu,Noroeste Matogrossense
2311682,510340,51002,2024,HOSPITAL SANTA HELENA,3999,PRIVADA_SEM_FINS_LUCRATIVOS,05,12.0,False,129.25,158.17,28.0,277.17,32.46,35.17,187.98,305.41,11322.0,11322.0,0.0,30705.0,9462.0,13651801.41,1205.78,205.0,1.811,90.62,3.63,155.0,0.651,87.6,348.8,True,Cuiabá,Baixada Cuiabana
2393565,510340,51002,2024,,2062,PRIVADA_EMPRESARIAL,05,12.0,False,16.0,74.0,4.0,223.0,8.28,1.2,0.2,12.08,,,,,,,,,,,,,,,,False,Cuiabá,Baixada Cuiabana
2393581,510340,51002,2024,,2062,PRIVADA_EMPRESARIAL,07,12.0,False,2.0,2.0,0.0,14.0,1.35,1.1,1.9,9.78,,,,,,,,,,,,,,,,False,Cuiabá,Baixada Cuiabana
2473062,510340,51002,2024,HOSPITAL DE OLHOS DE CUIABA,2062,PRIVADA_EMPRESARIAL,07,12.0,False,9.0,10.0,0.0,24.0,3.88,1.88,9.08,50.82,254.0,146.0,108.0,284.0,0.0,862291.36,3394.85,0.0,0.0,0.0,0.13,6.0,0.086,28.22,65.46,True,Cuiabá,Baixada Cuiabana
2494523,510340,51002,2024,FEMINA HOSPITAL INFANTIL E MATERNIDADE,2062,PRIVADA_EMPRESARIAL,07,12.0,False,12.08,87.67,5.0,223.0,6.05,19.46,60.75,107.97,,,,,,,,,,,,,,,,False,Cuiabá,Baixada Cuiabana
2495015,510340,51002,2024,HOSPITAL E PRONTO SOCORRO MUNICIPAL DE CUIABA,1031,MUNICIPAL,05,12.0,False,212.83,215.17,58.0,572.0,106.8,148.29,358.29,948.25,5842.0,5778.0,64.0,28564.0,15191.0,18620290.57,3187.31,494.0,8.456,66.31,7.11,191.0,0.368,27.45,54.7,True,Cuiabá,Baixada Cuiabana
2534444,510340,51002,2024,HOSPITAL DE CANCER DE MATO GROSSO,3999,PRIVADA_SEM_FINS_LUCRATIVOS,07,12.0,False,84.0,102.5,18.0,398.08,51.11,62.53,172.57,702.73,5391.0,2798.0,2593.0,21250.0,5003.0,15232828.64,2825.6,428.0,7.939,27.03,4.53,220.0,0.693,64.18,105.48,True,Cuiabá,Baixada Cuiabana
2604388,510340,51002,2024,,2054,PRIVADA_EMPRESARIAL,05,12.0,False,13.0,158.0,5.0,425.0,9.96,5.0,18.9,51.04,,,,,,,,,,,,,,,,False,Cuiabá,Baixada Cuiabana
2604396,510340,51002,2024,CIAPS HOSPITAL ADAUTO BOTELHO,1236,ESTADUAL,07,12.0,False,120.0,120.0,0.0,18.0,13.67,65.83,120.58,322.67,718.0,718.0,0.0,29245.0,0.0,1447397.32,2015.87,0.0,0.0,0.0,40.68,1.0,0.668,5.98,52.52,True,Cuiabá,Baixada Cuiabana
2655411,510340,51002,2024,HOSPITAL UNIVERSITARIO JULIO MULLER EBSERH,2011,EMPRESA_ESTATAL,05,12.0,False,107.67,107.67,18.0,577.58,137.64,125.55,267.38,1032.71,3849.0,3737.0,112.0,20937.0,5017.0,5851950.22,1520.38,78.0,2.027,98.44,6.89,234.0,0.533,35.75,27.96,True,Cuiabá,Baixada Cuiabana
2659107,510340,51002,2024,HOSPITAL GERAL E MATERNIDADE DE CUIABA,3999,PRIVADA_SEM_FINS_LUCRATIVOS,05,12.0,False,219.33,240.08,30.0,432.5,222.7,61.71,245.36,776.34,8612.0,6116.0,2496.0,43683.0,10307.0,38194103.98,4434.99,300.0,3.484,96.88,6.37,363.0,0.546,39.27,38.67,True,Cuiabá,Baixada Cuiabana
3851249,510340,51002,2024,,3999,PRIVADA_SEM_FINS_LUCRATIVOS,05,12.0,False,15.0,46.0,0.0,41.0,6.95,3.23,2.55,44.71,,,,,,,,,,,,,,,,False,Cuiabá,Baixada Cuiabana
3953238,510340,51002,2024,HOSPITAL E MATERNIDADE SAO MATEUS,2062,PRIVADA_EMPRESARIAL,05,12.0,False,3.5,129.0,2.0,7.0,0.15,2.63,3.6,20.95,,,,,,,,,,,,,,,,False,Cuiabá,Baixada Cuiabana
6331378,510340,51002,2024,,2062,PRIVADA_EMPRESARIAL,07,12.0,False,1.0,2.0,0.0,79.0,3.65,1.1,2.9,24.45,,,,,,,,,,,,,,,,False,Cuiabá,Baixada Cuiabana
6923089,510340,51002,2024,HOSPITAL OTORRINO,2062,PRIVADA_EMPRESARIAL,05,12.0,False,47.0,60.0,0.0,138.0,10.98,0.0,11.65,36.03,,,,,,,,,,,,,,,,False,Cuiabá,Baixada Cuiabana
7349270,510340,51002,2024,HOSPITAL MUNICIPAL SAO BENEDITO DE CUIABA,2011,EMPRESA_ESTATAL,05,12.0,False,102.0,112.0,20.0,498.17,137.3,71.98,182.83,552.24,1712.0,1712.0,0.0,11916.0,3890.0,3936642.72,2299.44,195.0,11.39,74.36,8.97,86.0,0.32,16.78,12.47,True,Cuiabá,Baixada Cuiabana
9209352,510340,51002,2024,HOSPITAL MUNICIPAL DE CUIABA E P S DR LEONY PALMA CARVALHO,1031,MUNICIPAL,05,12.0,False,309.0,314.42,60.0,1101.75,226.73,212.62,426.2,1293.31,12622.0,11796.0,826.0,86637.0,19689.0,25417387.73,2013.74,672.0,5.324,95.37,8.16,523.0,0.768,40.85,55.67,True,Cuiabá,Baixada Cuiabana
9841903,510340,51002,2024,HOSPITAL ESTADUAL SANTA CASA,1236,ESTADUAL,05,12.0,False,192.67,242.67,0.0,1287.92,218.5,170.6,500.0,1075.48,4403.0,4347.0,56.0,20717.0,0.0,3077145.78,698.87,59.0,1.34,0.23,4.64,225.0,0.295,22.85,20.15,True,Cuiabá,Baixada Cuiabana
9893598,510340,51002,2024,,2062,PRIVADA_EMPRESARIAL,07,3.0,False,1.0,11.0,0.0,111.0,12.45,4.9,16.7,60.65,,,,,,,,,,,,,,,,False,Cuiabá,Baixada Cuiabana
2398125,510350,51004,2024,HOSPITAL MUNICIPAL SAO JOAO BATISTA,1244,MUNICIPAL,05,12.0,False,30.0,30.0,0.0,39.5,4.52,8.34,17.51,65.27,1688.0,1688.0,0.0,4060.0,0.0,789966.07,467.99,12.0,0.711,81.22,2.35,157.0,0.371,56.27,373.45,True,Diamantino,Centro Norte
2396343,510360,51013,2024,HOSPITAL BOM JESUS,3999,PRIVADA_SEM_FINS_LUCRATIVOS,05,12.0,False,15.0,20.0,0.0,3.0,1.15,1.0,4.57,7.83,377.0,377.0,0.0,813.0,0.0,160186.63,424.9,3.0,0.796,100.0,2.08,34.0,0.148,25.13,327.83,True,Dom Aquino,Sul Matogrossense
2391163,510385,51006,2024,HOSPITAL MUNICIPAL DE GAUCHA DO NORTE,1244,MUNICIPAL,05,12.0,False,10.58,10.58,0.0,32.08,2.13,4.72,11.15,31.27,57.0,57.0,0.0,141.0,0.0,24798.12,435.05,0.0,0.0,100.0,2.4,13.0,0.037,5.39,26.76,False,Gaúcha do Norte,Médio Araguaia
2395398,510390,51005,2024,HOSPITAL MUNICIPAL DE GENERAL CARNEIRO,1244,MUNICIPAL,05,12.0,False,15.0,15.0,0.0,32.0,3.03,5.75,5.92,28.6,194.0,194.0,0.0,648.0,0.0,97001.45,500.01,5.0,2.577,65.98,3.2,57.0,0.118,12.93,64.03,True,General Carneiro,Garças Araguaia
2392046,510410,51015,2024,HOSPITAL MUNICIPAL NOSSA SENHORA DO ROSARIO,1244,MUNICIPAL,05,12.0,False,36.0,46.0,0.0,149.33,36.4,30.56,61.75,215.35,2730.0,2728.0,2.0,8099.0,0.0,1457036.37,533.71,40.0,1.465,69.34,2.79,227.0,0.616,75.83,75.0,True,Guarantã do Norte,Vale do Peixoto
3191737,510410,51015,2024,,2062,PRIVADA_EMPRESARIAL,05,12.0,False,0.42,15.0,0.0,6.67,0.78,0.1,0.0,2.25,,,,,,,,,,,,,,,,False,Guarantã do Norte,Vale do Peixoto
2397609,510420,51013,2024,,2062,PRIVADA_EMPRESARIAL,05,10.0,False,19.0,23.0,0.0,7.0,4.73,1.0,8.46,16.89,142.0,142.0,0.0,380.0,0.0,53052.82,373.61,5.0,3.521,100.0,2.51,22.0,0.055,7.47,30.02,False,Guiratinga,Sul Matogrossense
4590082,510420,51013,2024,HOSPITAL MUNICIPAL SANTA MARIA BERTILLA,1244,MUNICIPAL,05,9.0,False,5.0,5.0,0.0,17.0,4.22,2.21,5.72,14.55,192.0,192.0,0.0,685.0,0.0,63987.34,333.27,9.0,4.688,99.48,3.15,42.0,0.375,38.4,45.5,False,Guiratinga,Sul Matogrossense
2534010,510455,51010,2024,,1244,MUNICIPAL,05,12.0,False,16.0,16.0,0.0,12.0,4.12,5.33,9.21,39.95,,,,,,,,,,,,,,,,False,Itaúba,Norte Matogrossense
2395916,510460,51013,2024,HOSPITAL MUNICIPAL OSNIR BORTOLINI,1244,MUNICIPAL,05,12.0,False,22.0,22.0,0.0,34.0,5.76,5.9,12.7,38.85,307.0,307.0,0.0,923.0,0.0,110641.44,360.4,3.0,0.977,99.02,2.82,52.0,0.115,13.95,53.3,True,Itiquira,Sul Matogrossense
2397269,510480,51013,2024,,2062,PRIVADA_EMPRESARIAL,05,10.0,False,20.0,20.0,0.0,28.0,0.0,2.1,1.1,3.2,,,,,,,,,,,,,,,,False,Jaciara,Sul Matogrossense
3269728,510480,51013,2024,HOSPITAL MUNICIPAL DE JACIARA,1244,MUNICIPAL,05,12.0,False,38.0,38.0,0.0,121.83,19.56,12.26,43.65,139.33,1866.0,1866.0,0.0,5353.0,0.0,900674.37,482.68,23.0,1.233,84.19,2.67,135.0,0.386,49.11,95.4,True,Jaciara,Sul Matogrossense
2394723,510500,51012,2024,HOSPITAL DE JAURU,3999,PRIVADA_SEM_FINS_LUCRATIVOS,05,12.0,False,33.0,38.0,0.0,10.0,2.48,2.0,5.38,14.6,73.0,73.0,0.0,257.0,0.0,29497.61,404.08,6.0,8.219,100.0,3.4,21.0,0.021,2.21,29.44,False,Jauru,Sudoeste Matogrossense
2392704,510510,51016,2024,HOSPITAL MUNICIPAL DE JUARA ELIDIA MASCHIETTO SANTILLO,1244,MUNICIPAL,05,12.0,False,36.0,36.0,0.0,113.5,15.3,12.44,39.98,117.28,2264.0,2263.0,1.0,8049.0,0.0,1369166.96,604.76,70.0,3.092,83.48,3.4,211.0,0.613,62.89,147.97,True,Juara,Vale dos Arinos
2392887,510510,51016,2024,HOSPITAL E MATERNIDADE SAO LUCAS SOCIEDADE MEDICA SAO LUCAS,2062,PRIVADA_EMPRESARIAL,05,12.0,False,0.67,19.67,0.0,27.0,1.99,0.0,0.0,2.99,,,,,,,,,,,,,,,,False,Juara,Vale dos Arinos
3430383,510510,51016,2024,,2062,PRIVADA_EMPRESARIAL,05,12.0,False,0.0,9.0,0.0,0.0,0.0,0.0,0.0,0.0,,,,,,,,,,,,,,,,False,Juara,Vale dos Arinos
2393395,510515,51008,2024,HOSPITAL SAO LUCAS JUINA,2062,PRIVADA_EMPRESARIAL,05,12.0,False,12.0,39.0,0.0,0.0,0.5,0.3,0.75,1.93,,,,,,,,,,,,,,,,False,Juína,Noroeste Matogrossense
4069803,510515,51008,2024,HOSPITAL MUNICIPAL DE JUINA DR HIDEO SAKUNO,1244,MUNICIPAL,05,12.0,False,75.0,75.0,0.0,123.0,15.68,29.99,54.33,176.89,4303.0,4294.0,9.0,17967.0,0.0,2170752.68,504.47,36.0,0.837,82.48,4.06,267.0,0.656,57.37,274.43,True,Juína,Noroeste Matogrossense
2392895,510517,51008,2024,HOSPITAL MUNICIPAL DE JURUENA RENILDA DE FATIMA DE MORAIS,1244,MUNICIPAL,05,12.0,False,19.0,19.0,0.0,38.0,2.68,4.17,15.83,54.94,544.0,544.0,0.0,2111.0,0.0,215544.2,396.22,7.0,1.287,19.67,3.71,65.0,0.304,28.63,202.99,True,Juruena,Noroeste Matogrossense
2396092,510520,51013,2024,HOSPITAL MUNICPAL PADRE JOHANNES BERTHOLD HENNING,1244,MUNICIPAL,05,12.0,False,15.0,15.0,0.0,67.25,2.7,2.3,7.67,37.48,817.0,817.0,0.0,2540.0,0.0,272536.48,333.58,27.0,3.305,100.0,2.72,56.0,0.464,54.47,302.59,True,Juscimeira,Sul Matogrossense
2767953,510525,51014,2024,HOSPITAL SAO LUCAS LUCAS DO RIO VERDE,3069,PRIVADA_SEM_FINS_LUCRATIVOS,05,12.0,False,138.0,167.0,0.0,279.0,38.71,63.48,228.92,572.48,6740.0,6693.0,47.0,24657.0,0.0,3786296.98,561.77,101.0,1.499,82.63,3.45,367.0,0.49,48.84,174.12,True,Lucas do Rio Verde,Teles Pires
2752603,510550,51012,2024,HOSPITAL EVANGELICO DE MATO GROSSO,3999,PRIVADA_SEM_FINS_LUCRATIVOS,05,12.0,False,53.83,60.58,0.0,60.83,10.52,11.89,18.78,83.88,1631.0,1631.0,0.0,5306.0,0.0,701689.89,430.22,14.0,0.858,79.83,3.18,107.0,0.27,30.3,155.04,True,Vila Bela da Santíssima Trindade,Sudoeste Matogrossense
8013926,510558,51010,2024,HOSPITAL MARIA ZELIA,1244,MUNICIPAL,05,12.0,False,22.25,22.25,0.0,18.0,5.31,3.67,15.75,49.29,595.0,595.0,0.0,2682.0,0.0,267993.0,450.41,4.0,0.672,99.5,4.4,51.0,0.33,26.74,112.05,True,Marcelândia,Norte Matogrossense
2391724,510560,51015,2024,HOSPITAL MUNICIPAL DE MATUPA,1244,MUNICIPAL,05,12.0,False,27.0,27.0,0.0,99.0,11.61,12.43,28.65,106.71,1110.0,1061.0,49.0,2926.0,0.0,677350.39,610.23,30.0,2.703,99.28,2.46,104.0,0.297,41.11,95.61,True,Matupá,Vale do Peixoto
2395266,510562,51011,2024,,2062,PRIVADA_EMPRESARIAL,05,12.0,False,30.0,41.0,0.0,0.0,2.04,0.95,4.65,8.29,,,,,,,,,,,,,,,,False,Mirassol d'Oeste,Oeste Matogrossense
7254628,510562,51011,2024,HOSPITAL SAMUEL GREVE,1244,MUNICIPAL,05,12.0,False,41.0,41.0,0.0,10.0,10.38,13.6,17.19,50.83,1082.0,1082.0,0.0,3920.0,0.0,526979.74,487.04,31.0,2.865,78.84,3.36,73.0,0.262,26.39,104.24,True,Mirassol d'Oeste,Oeste Matogrossense
2802473,510590,51004,2024,HOSPITAL E MATERNIDADE LAURA VICUNA,2062,PRIVADA_EMPRESARIAL,05,12.0,False,36.0,43.0,0.0,13.0,1.77,4.81,14.44,45.31,1234.0,1234.0,0.0,3291.0,0.0,557667.01,451.92,36.0,2.917,99.92,2.52,83.0,0.25,34.28,697.18,True,Nobres,Centro Norte
0071773,510600,51004,2024,,1244,MUNICIPAL,05,12.0,False,30.0,30.0,0.0,21.0,4.0,7.51,4.73,24.91,,,,,,,,,,,,,,,,False,Nortelândia,Centro Norte
4069870,510610,51002,2024,HOSPITAL MUNICIPAL PROFESSORA MARIA ARLINDA DA COSTA,1244,MUNICIPAL,05,12.0,False,16.0,16.0,0.0,9.0,5.2,5.45,7.5,35.37,103.0,103.0,0.0,399.0,0.0,42932.51,416.82,5.0,4.854,100.0,3.48,35.0,0.068,6.44,19.81,True,Nossa Senhora do Livramento,Baixada Cuiabana
2471604,510615,51001,2024,,1244,MUNICIPAL,05,12.0,False,14.0,14.0,0.0,7.0,1.96,4.33,14.58,36.17,,,,,,,,,,,,,,,,False,Nova Bandeirantes,Alto Tapajós
0901725,510622,51014,2024,HOSPITAL REGIONAL HILDA STRENGER RIBEIRO NOVA MUTUM,3999,PRIVADA_SEM_FINS_LUCRATIVOS,05,12.0,False,171.17,219.33,20.0,682.5,20.88,86.06,127.86,265.68,7117.0,7081.0,36.0,17560.0,7079.0,9900750.89,1391.14,176.0,2.473,79.92,3.36,344.0,0.281,41.58,340.85,True,Nova Mutum,Teles Pires
2472716,510623,51007,2024,HOSPITAL E MATERNIDADE NOVA OLIMPIA,2062,PRIVADA_EMPRESARIAL,05,12.0,False,16.0,36.0,0.0,14.0,3.85,4.0,8.0,28.6,629.0,629.0,0.0,1654.0,0.0,365618.65,581.27,8.0,1.272,100.0,2.57,30.0,0.283,39.31,163.38,True,Nova Olímpia,Médio Norte Matogrossense
2395428,510625,51005,2024,HOSPITAL MUNICIPAL DR DAERCIO OLIVEIRA MORAES,1244,MUNICIPAL,05,12.0,False,25.83,25.83,0.0,66.0,15.82,11.3,33.57,124.96,1993.0,1992.0,1.0,5591.0,0.0,1119366.83,561.65,55.0,2.76,15.35,2.7,186.0,0.593,77.16,125.98,True,Nova Xavantina,Garças Araguaia
4459733,510625,51005,2024,,2062,PRIVADA_EMPRESARIAL,05,6.0,False,0.83,28.17,0.0,0.0,0.0,0.0,0.15,0.15,,,,,,,,,,,,,,,,False,Nova Xavantina,Garças Araguaia
2392720,510627,51016,2024,HOSPITAL MUNICIPAL JOSE KARA JOSE,1244,MUNICIPAL,05,12.0,False,12.75,13.0,0.0,29.58,3.68,2.78,11.05,31.19,258.0,258.0,0.0,911.0,0.0,100794.25,390.68,7.0,2.713,88.37,3.37,61.0,0.196,20.24,70.11,True,Novo Horizonte do Norte,Vale dos Arinos
2395509,510628,51005,2024,HOSP MUN MARIA DOLORES T JORDAO NOVO SAO JOAQUIM,1244,MUNICIPAL,05,12.0,False,30.67,30.67,0.0,72.0,3.31,4.5,15.17,60.83,633.0,633.0,0.0,1776.0,0.0,596978.13,943.09,2.0,0.316,1.42,2.8,96.0,0.159,20.64,191.24,True,Novo São Joaquim,Garças Araguaia
2471663,510629,51001,2024,HOSPITAL E MATERNIDADE ALIPIO CANDIDO DA SILVA,1244,MUNICIPAL,05,12.0,False,43.0,43.0,0.0,38.0,14.35,6.04,21.24,88.5,1743.0,1742.0,1.0,4712.0,0.0,859788.77,493.28,11.0,0.631,0.0,2.56,145.0,0.3,40.53,121.46,True,Paranaíta,Alto Tapajós
2390949,510630,51013,2024,HOSPITAL MUNICIPAL IRMA TEODORA,1244,MUNICIPAL,05,12.0,False,35.0,35.0,0.0,18.0,7.69,13.85,32.37,88.65,1391.0,1391.0,0.0,4035.0,0.0,651304.96,468.23,15.0,1.078,79.08,2.78,103.0,0.316,39.74,180.88,True,Paranatinga,Sul Matogrossense
2752638,510637,51013,2024,HOSPITAL PRONTO ATENDIMENTO MUNICIPAL LUCIANA MARTINS AMORIM,1244,MUNICIPAL,05,12.0,False,32.0,32.0,0.0,12.0,18.15,8.58,31.83,87.33,452.0,452.0,0.0,2150.0,0.0,168683.77,373.19,24.0,5.31,100.0,4.4,51.0,0.184,14.13,24.9,True,Pedra Preta,Sul Matogrossense
2699842,510642,51015,2024,HOSPITAL REGIONAL DE PEIXOTO DE AZEVEDO,1244,MUNICIPAL,05,12.0,False,61.25,68.75,0.0,144.58,18.92,25.57,64.0,188.32,2106.0,2105.0,1.0,7688.0,0.0,992035.49,471.05,46.0,2.184,76.78,3.48,234.0,0.344,34.38,111.31,True,Peixoto de Azevedo,Vale do Peixoto
2391449,510650,51002,2024,HOSPITAL GERAL DE POCONE DR NICOLAU FONTANILAS FRAGELI,3999,PRIVADA_SEM_FINS_LUCRATIVOS,05,12.0,False,49.67,56.17,0.0,31.17,2.67,5.4,16.3,52.49,1837.0,1767.0,70.0,5341.0,0.0,798385.29,434.61,47.0,2.559,83.18,2.81,72.0,0.295,36.98,688.01,True,Poconé,Baixada Cuiabana
2395592,510670,51005,2024,HOSPITAL MUNICIPAL BOM JESUS,1244,MUNICIPAL,05,12.0,False,17.0,17.0,0.0,30.0,1.51,3.67,10.67,37.07,115.0,115.0,0.0,250.0,0.0,60789.84,528.61,0.0,0.0,56.52,2.11,27.0,0.04,6.76,76.16,True,Ponte Branca,Garças Araguaia
2752654,510675,51012,2024,HOSPITAL VALE DO GUAPORE,3999,PRIVADA_SEM_FINS_LUCRATIVOS,05,12.0,False,74.0,74.0,0.0,47.33,29.42,30.93,54.95,187.72,4828.0,4828.0,0.0,15462.0,0.0,2455419.62,508.58,56.0,1.16,89.08,3.05,219.0,0.572,65.24,164.11,True,Pontes e Lacerda,Sudoeste Matogrossense
2311615,510677,51003,2024,,1244,MUNICIPAL,05,12.0,False,18.0,18.0,0.0,4.83,2.49,5.0,11.0,30.7,,,,,,,,,,,,,,,,False,Porto Alegre do Norte,Araguaia Xingu
2752646,510680,51016,2024,HOSPITAL MUNICIPAL GUSTAV ADOLF ISERNHAGEN,1244,MUNICIPAL,05,12.0,False,20.5,20.5,0.0,47.5,4.83,3.13,10.42,41.13,611.0,611.0,0.0,1644.0,0.0,218621.28,357.81,2.0,0.327,83.14,2.64,67.0,0.22,29.8,126.5,True,Porto dos Gaúchos,Vale dos Arinos
2397684,510700,51013,2024,HOSPITAL E MATERNIDADE SAO JOAO BATISTA,3999,PRIVADA_SEM_FINS_LUCRATIVOS,05,12.0,False,66.67,79.33,0.0,68.0,7.22,5.93,15.13,55.5,1644.0,1644.0,0.0,5013.0,0.0,937800.2,570.44,58.0,3.528,86.44,2.88,87.0,0.206,24.66,227.7,True,Poxoréo,Sul Matogrossense
2397463,510704,51013,2024,HOSPITAL E MATERNIDADE SAO LUCAS PRIMAVERA DO LESTE,2062,PRIVADA_EMPRESARIAL,05,12.0,False,70.0,116.0,0.0,427.0,19.98,66.45,67.53,177.35,2142.0,2134.0,8.0,4570.0,0.0,1306052.06,609.73,4.0,0.187,65.83,2.04,219.0,0.179,30.6,107.21,True,Primavera do Leste,Sul Matogrossense
2397676,510704,51013,2024,HOSPITAL DAS CLINICAS PRIMAVERA PRIMAVERA DO LESTE,2062,PRIVADA_EMPRESARIAL,05,12.0,False,59.67,82.33,8.0,326.67,60.82,20.02,67.08,160.19,3232.0,3201.0,31.0,5731.0,2952.0,3911256.66,1210.17,73.0,2.259,73.42,2.51,281.0,0.263,54.16,53.14,True,Primavera do Leste,Sul Matogrossense
4070070,510706,51006,2024,HOSPITAL MUNICIPAL DE QUERENCIA,1244,MUNICIPAL,05,12.0,False,29.0,29.0,0.0,100.83,11.33,14.31,47.06,111.85,1884.0,1884.0,0.0,5621.0,0.0,885323.45,469.92,24.0,1.274,100.0,2.89,101.0,0.531,64.97,166.28,True,Querência,Médio Araguaia
2394316,510710,51011,2024,,2062,PRIVADA_EMPRESARIAL,05,12.0,False,14.75,41.17,0.0,18.67,1.6,1.08,2.0,7.13,,,,,,,,,,,,,,,,False,São José dos Quatro Marcos,Oeste Matogrossense
2472791,510718,51006,2024,HOSPITAL MUNICIPAL CRISTO REI,1244,MUNICIPAL,05,12.0,False,43.0,44.0,0.0,44.0,4.18,4.01,13.17,46.15,254.0,254.0,0.0,670.0,0.0,95712.23,376.82,0.0,0.0,0.79,2.62,46.0,0.043,5.91,60.77,True,Ribeirão Cascalheira,Médio Araguaia
2395452,510719,51005,2024,HOSPITAL NOSSA SENHORA DA ABADIA,1244,MUNICIPAL,05,12.0,False,15.0,15.0,0.0,9.0,5.67,3.85,7.6,27.38,41.0,41.0,0.0,254.0,0.0,16171.89,394.44,0.0,0.0,92.68,6.17,18.0,0.046,2.73,7.23,False,Ribeirãozinho,Garças Araguaia
2394782,510720,51011,2024,HOSPITAL MUNICIPAL DE RIO BRANCO,1244,MUNICIPAL,05,12.0,False,18.0,18.0,0.0,6.5,0.83,4.0,7.67,21.46,64.0,64.0,0.0,205.0,0.0,23711.02,370.48,1.0,1.563,98.44,2.92,18.0,0.031,3.56,77.11,False,Rio Branco,Oeste Matogrossense
3142663,510730,51004,2024,HOSPITAL MUNICIPAL DE SAO JOSE DO RIO CLARO,1244,MUNICIPAL,05,12.0,False,22.0,22.0,0.0,13.92,5.17,6.19,11.63,44.45,887.0,887.0,0.0,2958.0,0.0,365986.37,412.61,21.0,2.368,59.08,3.11,96.0,0.368,40.32,171.57,True,São José do Rio Claro,Centro Norte
2396424,510760,51013,2024,CASA DE SAUDE PAULO DE TARSO E CAPS PAULO DE TARSO,3999,PRIVADA_SEM_FINS_LUCRATIVOS,07,12.0,False,82.0,82.0,0.0,4.0,7.49,7.6,36.04,111.48,871.0,871.0,0.0,29008.0,0.0,2389253.6,2743.12,0.0,0.0,100.0,33.28,1.0,0.969,10.62,116.29,True,Rondonópolis,Sul Matogrossense
2396866,510760,51013,2024,SANTA CASA DE RONDONOPOLIS,3999,PRIVADA_SEM_FINS_LUCRATIVOS,05,12.0,False,220.0,290.0,46.0,522.83,104.47,149.84,479.73,1142.64,14564.0,12054.0,2510.0,36088.0,15604.0,33956443.5,2331.53,398.0,2.733,66.16,3.52,380.0,0.449,66.2,139.41,True,Rondonópolis,Sul Matogrossense
2604434,510760,51013,2024,HOSPITAL REG IRMA ELZA GIOVANELLA,1236,ESTADUAL,05,12.0,False,110.75,120.75,20.0,679.33,108.29,81.43,349.48,876.12,8754.0,8732.0,22.0,32508.0,7253.0,11655535.76,1331.45,438.0,5.003,84.19,4.32,376.0,0.804,79.04,80.84,True,Rondonópolis,Sul Matogrossense
2701626,510760,51013,2024,,2240,PRIVADA_EMPRESARIAL,05,12.0,False,23.0,33.5,0.0,106.5,7.54,1.0,7.42,17.96,,,,,,,,,,,,,,,,False,Rondonópolis,Sul Matogrossense
3028925,510760,51013,2024,HOSP DE REF SAUDE DA FAMILIA DR ANTONIO DOS S MUNIZ,1244,MUNICIPAL,05,11.0,False,73.0,86.0,0.0,81.0,53.9,52.83,144.31,315.03,3619.0,3619.0,0.0,20227.0,0.0,1530428.65,422.89,151.0,4.172,99.89,5.28,97.0,0.759,49.58,67.14,False,Rondonópolis,Sul Matogrossense
2655780,510770,51004,2024,HOSPITAL MUNICIPAL DE ROSARIO OESTE,1244,MUNICIPAL,05,12.0,False,82.08,82.08,0.0,23.0,10.2,9.92,18.12,42.39,939.0,939.0,0.0,3233.0,0.0,442614.65,471.37,27.0,2.875,85.09,3.09,82.0,0.108,11.44,92.06,True,Rosário Oeste,Centro Norte
2394189,510775,51011,2024,HOSPITAL MUNICIPAL DE SALTO DO CEU,1244,MUNICIPAL,05,12.0,False,14.0,14.0,0.0,7.0,3.52,2.0,4.83,30.07,92.0,92.0,0.0,331.0,0.0,36419.77,395.87,6.0,6.522,100.0,3.3,26.0,0.065,6.57,26.14,False,Salto do Céu,Oeste Matogrossense
2311607,510777,51003,2024,HOSPITAL MUNICIPAL DE SANTA TEREZINHA,1244,MUNICIPAL,05,12.0,False,21.58,21.58,0.0,4.0,1.5,1.21,16.42,36.53,563.0,563.0,0.0,1170.0,0.0,185675.94,329.8,7.0,1.243,99.47,1.74,63.0,0.149,26.09,375.33,True,Santa Terezinha,Araguaia Xingu
2391171,510780,51002,2024,,1244,MUNICIPAL,05,12.0,False,19.33,19.33,0.0,43.17,10.96,8.65,26.95,80.07,,,,,,,,,,,,,,,,False,Santo Antônio do Leverger,Baixada Cuiabana
2604426,510785,51009,2024,HOSPITAL MUNICIPAL PREFEITO JOAO ABREU LUZ,1210,PUBLICA_OUTRA,05,12.0,False,31.67,31.67,0.0,76.0,4.28,6.33,24.29,62.94,1812.0,1812.0,0.0,4983.0,0.0,813096.75,448.73,33.0,1.821,80.74,2.66,153.0,0.431,57.22,423.36,True,São Félix do Araguaia,Norte Araguaia Karajá
9659366,510787,51007,2024,HOSPITAL SANTA MARCELINA DE SAPEZAL,3999,PRIVADA_SEM_FINS_LUCRATIVOS,05,12.0,False,34.0,53.0,0.0,149.0,15.43,8.25,32.88,97.14,1750.0,1750.0,0.0,6287.0,0.0,805631.75,460.36,21.0,1.2,85.37,3.5,166.0,0.507,51.47,113.42,True,Sapezal,Médio Norte Matogrossense
0218669,510790,51014,2024,,1244,MUNICIPAL,05,12.0,False,40.0,40.0,0.0,38.0,18.01,13.16,13.81,46.94,,,,,,,,,,,,,,,,False,Sinop,Teles Pires
0405159,510790,51014,2024,,3999,PRIVADA_SEM_FINS_LUCRATIVOS,05,12.0,False,3.0,6.0,0.0,49.0,2.73,0.0,10.27,24.92,,,,,,,,,,,,,,,,False,Sinop,Teles Pires
2795671,510790,51014,2024,HOSPITAL SANTO ANTONIO,3069,PRIVADA_SEM_FINS_LUCRATIVOS,05,12.0,False,93.0,163.0,16.0,367.0,34.24,176.58,213.05,659.36,6046.0,4603.0,1443.0,16374.0,5232.0,10454742.69,1729.2,176.0,2.911,99.97,3.53,132.0,0.482,65.01,176.58,True,Sinop,Teles Pires
4804120,510790,51014,2024,,3999,PRIVADA_SEM_FINS_LUCRATIVOS,05,5.0,False,18.0,20.0,0.0,37.0,0.15,0.0,0.0,0.18,,,,,,,,,,,,,,,,False,Sinop,Teles Pires
6085423,510790,51014,2024,HOSPITAL REGIONAL JORGE DE ABREU,1236,ESTADUAL,05,12.0,False,128.0,148.0,0.0,530.75,118.8,107.03,178.24,621.46,3416.0,3325.0,91.0,19924.0,0.0,3656688.09,1070.46,99.0,2.898,79.71,5.6,290.0,0.426,26.69,28.75,True,Sinop,Teles Pires
2795655,510792,51014,2024,HOSPITAL REGIONAL DE SORRISO,1236,ESTADUAL,05,12.0,False,141.0,145.0,16.0,507.25,90.54,66.33,153.92,446.52,8873.0,8781.0,92.0,36917.0,4396.0,11076254.39,1248.31,321.0,3.618,88.41,4.48,408.0,0.717,62.93,98.0,True,Sorriso,Teles Pires
7210345,510792,51014,2024,,2062,PRIVADA_EMPRESARIAL,05,12.0,False,4.0,5.0,0.0,31.0,2.03,0.0,0.0,3.63,,,,,,,,,,,,,,,,False,Sorriso,Teles Pires
7901127,510792,51014,2024,HOSPITAL MATERNIDADE 13 DE MAIO VILA ROMANA,2054,PRIVADA_EMPRESARIAL,05,12.0,False,29.42,110.08,0.0,0.0,5.87,0.0,0.0,5.87,,,,,,,,,,,,,,,,False,Sorriso,Teles Pires
7943733,510792,51014,2024,IGHASMAT,3999,PRIVADA_SEM_FINS_LUCRATIVOS,05,12.0,False,70.0,90.0,0.0,1.0,10.08,3.17,7.05,32.02,174.0,174.0,0.0,346.0,0.0,178000.91,1022.99,0.0,0.0,0.0,1.99,17.0,0.014,2.49,17.26,True,Sorriso,Teles Pires
2392801,510794,51016,2024,HOSPITAL MUNICIPAL DE TABAPORA,1244,MUNICIPAL,05,12.0,False,15.33,15.33,0.0,21.5,2.55,4.25,9.58,25.58,332.0,332.0,0.0,933.0,0.0,131646.37,396.53,11.0,3.313,100.0,2.64,63.0,0.167,21.66,130.2,True,Tabaporã,Vale dos Arinos
2472139,510795,51007,2024,HOSPITAL DAS CLINICAS VIDA E SAUDE TANGARA DA SERRA,2062,PRIVADA_EMPRESARIAL,05,12.0,False,25.58,69.67,0.0,113.0,12.05,1.35,12.95,34.9,,,,,,,,,,,,,,,,False,Tangará da Serra,Médio Norte Matogrossense
2472414,510795,51007,2024,HOSPITAL E MATERNIDADE SANTA ANGELA TANGARA DA SERRA,2062,PRIVADA_EMPRESARIAL,05,12.0,False,36.5,134.0,0.0,264.0,6.13,6.02,7.88,25.18,4.0,4.0,0.0,4.0,0.0,1928.22,482.06,0.0,0.0,100.0,0.0,2.0,0.0,0.11,0.65,False,Tangará da Serra,Médio Norte Matogrossense
2767384,510795,51007,2024,HOSPITAL MUNICIPAL ARLETE DAISY CICHETTI DE BRITO,1244,MUNICIPAL,05,12.0,False,81.0,91.0,0.0,270.0,19.84,33.17,144.73,335.43,5673.0,5673.0,0.0,21286.0,0.0,2986646.67,526.47,164.0,2.891,99.89,3.6,244.0,0.72,70.04,285.94,True,Tangará da Serra,Médio Norte Matogrossense
2398400,510800,51014,2024,HOSPITAL MUNICIPAL DE TAPURAH,1244,MUNICIPAL,05,12.0,False,22.0,22.0,0.0,15.0,5.19,9.39,13.86,46.14,260.0,260.0,0.0,972.0,0.0,61589.32,236.88,4.0,1.538,99.62,3.48,49.0,0.121,11.82,50.1,True,Tapurah,Teles Pires
2391996,510805,51015,2024,HOSPITAL MUNICIPAL DE TERRA NOVA DO NORTE,1244,MUNICIPAL,05,12.0,False,38.0,38.0,0.0,23.0,8.67,5.17,21.46,65.12,466.0,452.0,14.0,1674.0,0.0,201717.85,432.87,14.0,3.004,66.52,3.47,67.0,0.121,12.26,53.75,True,Terra Nova do Norte,Vale do Peixoto
2397501,510810,51013,2024,HOSPITAL E MATERNIDADE SAO LUCAS,1244,MUNICIPAL,05,12.0,False,15.0,15.0,0.0,14.0,1.28,3.9,7.48,34.58,68.0,68.0,0.0,257.0,0.0,24708.25,363.36,4.0,5.882,100.0,3.32,19.0,0.047,4.53,53.13,False,Tesouro,Sul Matogrossense
2395584,510820,51005,2024,HOSPITAL MUNICIPAL SAO JOAO BOSCO,1244,MUNICIPAL,05,12.0,False,24.0,24.0,0.0,10.0,6.74,5.08,7.92,32.15,453.0,453.0,0.0,608.0,0.0,287076.32,633.72,3.0,0.662,2.65,1.26,59.0,0.069,18.88,67.21,True,Torixoréu,Garças Araguaia
2390868,510840,51002,2024,,3999,PRIVADA_SEM_FINS_LUCRATIVOS,05,12.0,False,20.58,44.17,0.0,12.25,3.06,2.33,1.75,11.52,,,,,,,,,,,,,,,,False,Várzea Grande,Baixada Cuiabana
2391635,510840,51002,2024,HOSPITAL E PRONTO SOCORRO MUNICIPAL DE VARZEA GRANDE,1244,MUNICIPAL,05,12.0,False,236.33,236.33,30.0,464.5,122.75,134.18,225.45,778.16,9943.0,9941.0,2.0,56250.0,9326.0,14681119.96,1476.53,493.0,4.958,98.64,6.41,355.0,0.652,42.07,81.0,True,Várzea Grande,Baixada Cuiabana
2928604,510840,51002,2024,,1244,MUNICIPAL,05,12.0,False,26.0,26.0,0.0,53.0,20.98,18.54,55.55,151.88,,,,,,,,,,,,,,,,False,Várzea Grande,Baixada Cuiabana
6853781,510840,51002,2024,METROPOLITANO HOSPITAL ESTADUAL LOUSITE FERREIRA DA SILVA,1236,ESTADUAL,05,12.0,False,198.0,208.0,40.0,866.75,174.53,220.09,491.23,1479.68,5179.0,4550.0,629.0,30990.0,10122.0,15204255.35,2935.75,345.0,6.662,0.23,7.77,305.0,0.429,26.16,29.67,True,Várzea Grande,Baixada Cuiabana
4196708,510850,51014,2024,,3069,PRIVADA_SEM_FINS_LUCRATIVOS,05,12.0,False,33.0,33.0,0.0,3.0,0.6,1.0,0.0,5.48,,,,,,,,,,,,,,,,False,Vera,Teles Pires
7914288,510860,51003,2024,HOSPITAL MUNICIPAL DE VILA RICA,1244,MUNICIPAL,05,12.0,False,21.0,21.0,0.0,14.33,7.69,4.0,22.17,57.65,1004.0,1001.0,3.0,3115.0,0.0,447854.53,446.07,38.0,3.785,89.74,2.95,102.0,0.406,47.81,130.56,True,Vila Rica,Araguaia Xingu
2473046,510020,51006,2025,HOSPITAL REGIONAL DE AGUA BOA,1210,PUBLICA_OUTRA,05,12.0,False,74.0,74.0,10.0,135.5,26.91,14.63,75.21,203.39,5901.0,5889.0,12.0,16443.0,3301.0,6155810.94,1043.18,213.0,3.61,70.82,3.16,320.0,0.609,79.74,219.29,True,Água Boa,Médio Araguaia
2471345,510025,51001,2025,HOSPITAL REGIONAL DE ALTA FLORESTA ALBERT SABIN,1023,ESTADUAL,05,12.0,False,69.17,84.83,0.0,582.5,74.46,59.41,123.21,321.12,5985.0,5985.0,0.0,20484.0,0.0,4125702.46,689.34,119.0,1.988,77.24,3.24,323.0,0.811,86.53,80.38,True,Alta Floresta,Alto Tapajós
2569531,510025,51001,2025,,2062,PRIVADA_EMPRESARIAL,05,12.0,False,0.0,16.0,0.0,7.75,0.76,0.9,0.0,2.41,,,,,,,,,,,,,,,,False,Alta Floresta,Alto Tapajós
3913880,510025,51001,2025,,2062,PRIVADA_EMPRESARIAL,05,2.0,False,0.0,5.0,0.0,7.0,3.1,0.0,0.0,3.48,,,,,,,,,,,,,,,,False,Alta Floresta,Alto Tapajós
3913899,510025,51001,2025,,2062,PRIVADA_EMPRESARIAL,05,1.0,False,86.0,144.0,0.0,363.0,0.0,0.0,0.0,0.0,,,,,,,,,,,,,,,,False,Alta Floresta,Alto Tapajós
2396998,510030,51013,2025,HOSPITAL MUNICIPAL DE ALTO ARAGUAIA,1244,MUNICIPAL,05,12.0,False,23.0,35.0,0.0,35.67,13.91,7.72,19.88,86.87,580.0,580.0,0.0,1228.0,0.0,199826.89,344.53,18.0,3.103,5.34,1.88,71.0,0.146,25.22,41.7,True,Alto Araguaia,Sul Matogrossense
2396335,510040,51013,2025,,1244,MUNICIPAL,05,12.0,False,20.92,20.92,0.0,75.42,10.31,9.7,17.85,58.72,,,,,,,,,,,,,,,,False,Alto Garças,Sul Matogrossense
2397056,510060,51013,2025,HOSPITAL E MATERNIDADE NOSSA SENHORA APARECIDA,1244,MUNICIPAL,05,12.0,False,20.67,20.67,0.0,29.67,6.52,7.92,11.5,47.17,291.0,290.0,1.0,620.0,0.0,172363.79,592.32,1.0,0.344,65.29,2.05,60.0,0.082,14.08,44.63,True,Alto Taquari,Sul Matogrossense
2471590,510080,51001,2025,HOSPITAL MUNICIPAL DE APIACAS,1244,MUNICIPAL,05,12.0,False,32.0,32.0,0.0,11.42,3.41,6.0,16.75,59.6,427.0,427.0,0.0,1469.0,0.0,155139.28,363.32,2.0,0.468,100.0,3.33,56.0,0.126,13.34,125.22,True,Apiacás,Alto Tapajós
2752611,510125,51011,2025,HOSPITAL GERAL E MATERNIDADE ARAPUTANGA,2062,PRIVADA_EMPRESARIAL,05,12.0,False,16.0,19.0,0.0,15.0,7.88,4.15,7.78,30.45,364.0,364.0,0.0,1107.0,0.0,105543.9,289.96,17.0,4.67,99.73,2.71,48.0,0.19,22.75,46.19,True,Araputanga,Oeste Matogrossense
8084807,510125,51011,2025,HOSPITAL MUNICIPAL DE ARAPUTANGA,1244,MUNICIPAL,05,1.0,False,19.0,19.0,0.0,15.0,1.0,11.9,18.0,31.15,,,,,,,,,,,,,,,,False,Araputanga,Oeste Matogrossense
2472244,510130,51007,2025,HOSPITAL MUNICIPAL DR MANUELA MACHADO BARBOSA GOMES,1244,MUNICIPAL,05,12.0,False,31.0,31.0,0.0,50.67,5.36,6.87,12.83,44.88,1247.0,1247.0,0.0,4000.0,0.0,514948.78,412.95,17.0,1.363,31.44,3.13,129.0,0.354,40.23,232.65,True,Arenápolis,Médio Norte Matogrossense
4069099,510140,51008,2025,HOSPITAL MUNICIPAL SANTO ANTONIO ARIPUANA,1244,MUNICIPAL,05,12.0,False,34.25,34.25,0.0,102.67,12.04,13.33,31.96,107.51,1901.0,1901.0,0.0,7498.0,0.0,771524.63,405.85,14.0,0.736,98.16,3.89,168.0,0.6,55.5,157.89,True,Aripuanã,Noroeste Matogrossense
2964759,510170,51007,2025,HOSPITAL MATERNIDADE MUNICIPAL DE BARRA DO BUGRES RENE BAR,1244,MUNICIPAL,05,12.0,False,32.0,32.0,0.0,64.33,11.67,9.86,32.25,76.36,1525.0,1525.0,0.0,4960.0,0.0,715004.29,468.86,49.0,3.213,97.25,3.01,150.0,0.425,47.66,130.68,True,Barra do Bugres,Médio Norte Matogrossense
2395886,510180,51005,2025,HOSPITAL MUNICIPAL MILTON PESSOA MORBECK,1244,MUNICIPAL,05,12.0,False,83.33,83.33,10.0,128.0,34.99,59.75,139.5,349.5,4881.0,4859.0,22.0,15261.0,3188.0,6052839.8,1240.08,147.0,3.012,82.09,3.55,317.0,0.502,58.57,139.5,True,Barra do Garças,Garças Araguaia
2471795,510190,51008,2025,HOSPITAL MUNICIPAL DE BRASNORTE BRASNORTE,1244,MUNICIPAL,05,12.0,False,40.0,40.0,0.0,168.42,16.85,12.68,38.73,129.51,1617.0,1617.0,0.0,6191.0,0.0,609054.55,376.66,23.0,1.422,99.81,3.71,175.0,0.424,40.43,95.96,True,Brasnorte,Noroeste Matogrossense
2395037,510250,51011,2025,HOSPITAL REGIONAL DE CACERES DR ANTONIO FONTES UNIDADE II,1023,ESTADUAL,05,12.0,False,110.0,130.0,10.0,551.67,9.84,62.91,167.48,362.65,5380.0,5380.0,0.0,20117.0,3664.0,5535191.3,1028.85,222.0,4.126,95.89,4.33,150.0,0.501,48.91,546.75,True,Cáceres,Oeste Matogrossense
2534460,510250,51011,2025,HOSPITAL REGIONAL DE CACERES DR ANTONIO FONTES UNIDADE I,1023,ESTADUAL,05,12.0,False,144.0,164.0,6.0,608.67,25.55,74.8,235.18,607.97,6543.0,6518.0,25.0,32678.0,2171.0,7063597.53,1079.57,311.0,4.753,95.35,5.18,326.0,0.622,45.44,256.09,True,Cáceres,Oeste Matogrossense
2998653,510250,51011,2025,HOSPITAL QUALITY,2062,PRIVADA_EMPRESARIAL,05,12.0,False,39.0,41.0,0.0,85.0,12.2,5.0,22.6,48.39,1027.0,1027.0,0.0,2674.0,0.0,838486.56,816.44,1.0,0.097,0.0,2.59,23.0,0.188,26.33,84.18,True,Cáceres,Oeste Matogrossense
3771393,510250,51011,2025,COC CENTRO OFTALMOLOGICO DE CACERES,2062,PRIVADA_EMPRESARIAL,05,12.0,False,4.0,6.0,0.0,62.0,4.2,0.03,1.1,23.23,40.0,2.0,38.0,40.0,0.0,184004.5,4600.11,0.0,0.0,0.0,0.0,2.0,0.027,10.0,9.52,False,Cáceres,Oeste Matogrossense
2395479,510260,51005,2025,HOSPITAL MUNICIPAL SEBASTIAO ANTONIO DA COSTA,1244,MUNICIPAL,05,12.0,False,22.5,22.5,0.0,9.58,4.05,5.98,18.31,46.26,738.0,738.0,0.0,2130.0,0.0,306808.11,415.73,9.0,1.22,100.0,2.69,41.0,0.259,32.8,182.22,True,Campinápolis,Garças Araguaia
2655802,510263,51007,2025,HOSPITAL MUNICIPAL EUCLIDES HORST,1244,MUNICIPAL,05,12.0,False,34.25,34.25,0.0,130.67,17.69,19.6,44.32,132.34,2843.0,2843.0,0.0,7970.0,0.0,1475003.52,518.82,45.0,1.583,77.07,2.62,233.0,0.638,83.01,160.71,True,Campo Novo do Parecis,Médio Norte Matogrossense
2396106,510267,51013,2025,HOSPITAL MUNICIPAL CORACAO DE JESUS,1244,MUNICIPAL,05,12.0,False,53.0,63.0,0.0,171.92,17.64,39.43,99.48,218.56,3160.0,3153.0,7.0,10650.0,0.0,2356386.26,745.69,102.0,3.228,69.62,3.11,230.0,0.551,59.62,179.14,True,Campo Verde,Sul Matogrossense
2396211,510267,51013,2025,,2062,PRIVADA_EMPRESARIAL,05,12.0,False,9.0,15.0,0.0,0.0,0.0,0.0,0.0,0.0,,,,,,,,,,,,,,,,False,Campo Verde,Sul Matogrossense
2394324,510268,51012,2025,HOSPITAL MUNICIPAL LEOCYR LAZARETE,1244,MUNICIPAL,05,12.0,False,17.0,17.0,0.0,42.67,4.01,5.59,11.73,56.42,622.0,622.0,0.0,1375.0,0.0,156251.13,251.21,9.0,1.447,100.0,1.66,55.0,0.222,36.59,155.11,True,Campos de Júlio,Sudoeste Matogrossense
7768400,510270,51006,2025,HOSPITAL MUNICIPAL LORENA PARODE,1244,MUNICIPAL,05,12.0,False,28.0,28.0,0.0,92.08,9.99,11.17,27.21,82.25,1295.0,1295.0,0.0,2972.0,0.0,564433.25,435.86,16.0,1.236,71.04,2.15,110.0,0.291,46.25,129.63,True,Canarana,Médio Araguaia
2398443,510305,51014,2025,HOSPITAL DONA NILZA DE OLIVEIRA PIPINO,3069,PRIVADA_SEM_FINS_LUCRATIVOS,05,12.0,False,21.75,21.75,0.0,4.67,7.48,4.93,7.5,37.88,624.0,624.0,0.0,1945.0,0.0,195531.64,313.35,20.0,3.205,100.0,2.65,66.0,0.245,28.69,83.42,True,Cláudia,Teles Pires
2472783,510310,51006,2025,HOSPITAL MUNICIPAL DE COCALINHO,1244,MUNICIPAL,05,12.0,False,17.0,17.0,0.0,9.67,2.51,4.52,9.31,44.01,334.0,334.0,0.0,968.0,0.0,101834.33,304.89,0.0,0.0,97.9,2.69,52.0,0.156,19.65,133.07,True,Cocalinho,Médio Araguaia
2392380,510320,51010,2025,,2062,PRIVADA_EMPRESARIAL,05,10.0,False,0.0,12.5,0.0,0.0,0.0,0.0,1.8,5.0,,,,,,,,,,,,,,,,False,Colíder,Norte Matogrossense
2392399,510320,51010,2025,,2062,PRIVADA_EMPRESARIAL,05,12.0,False,0.0,23.0,0.0,0.0,1.75,0.33,0.06,2.35,,,,,,,,,,,,,,,,False,Colíder,Norte Matogrossense
2392410,510320,51010,2025,HOSPITAL REGIONAL DE COLIDER,1023,ESTADUAL,05,12.0,False,58.5,70.5,8.0,596.67,78.23,45.17,132.08,418.55,3644.0,3643.0,1.0,13938.0,2842.0,4707803.45,1291.93,218.0,5.982,73.79,4.41,223.0,0.653,62.29,46.58,True,Colíder,Norte Matogrossense
3574261,510325,51008,2025,HOSPITAL MUNICIPAL ANDRE MAGGI COLNIZA,1244,MUNICIPAL,05,12.0,False,36.0,36.0,0.0,25.67,7.5,11.17,37.61,101.55,1821.0,1821.0,0.0,4763.0,0.0,764376.99,419.76,36.0,1.977,99.95,2.43,210.0,0.362,50.58,242.8,True,Colniza,Noroeste Matogrossense
2395274,510330,51012,2025,HOSPITAL DAS CLINICAS DE COMODORO,2062,PRIVADA_EMPRESARIAL,05,12.0,False,31.0,42.0,0.0,10.67,4.4,2.5,7.89,19.08,1071.0,1070.0,1.0,4433.0,0.0,519015.75,484.61,17.0,1.587,100.0,4.01,54.0,0.392,34.55,243.41,True,Comodoro,Sudoeste Matogrossense
2793636,510335,51003,2025,HOSPITAL E MATERNIDADE DR LAURO TARCISIO PRESTE DE OLIVEIRA,1244,MUNICIPAL,05,12.0,False,71.0,71.0,0.0,44.0,15.77,20.55,62.15,164.13,4726.0,4724.0,2.0,15512.0,0.0,2544832.7,538.47,108.0,2.285,70.19,3.14,246.0,0.599,66.56,299.68,True,Confresa,Araguaia Xingu
2392968,510337,51008,2025,HOSPITAL MUNICIPAL OLIRIO OLIVEIRA DOS SANTOS,1244,MUNICIPAL,05,12.0,False,34.0,34.0,0.0,40.67,3.48,5.08,13.5,42.55,417.0,417.0,0.0,1174.0,0.0,142820.34,342.49,6.0,1.439,95.2,2.62,65.0,0.095,12.26,119.83,True,Cotriguaçu,Noroeste Matogrossense
2311682,510340,51002,2025,HOSPITAL SANTA HELENA,3999,PRIVADA_SEM_FINS_LUCRATIVOS,05,12.0,False,129.0,153.42,28.0,289.58,33.78,34.43,175.59,288.79,11381.0,11379.0,2.0,30953.0,9315.0,14445504.99,1269.27,165.0,1.45,88.77,3.64,156.0,0.657,88.22,336.92,True,Cuiabá,Baixada Cuiabana
2393565,510340,51002,2025,,2062,PRIVADA_EMPRESARIAL,05,12.0,False,16.0,74.0,4.0,223.0,8.13,1.2,0.2,11.93,,,,,,,,,,,,,,,,False,Cuiabá,Baixada Cuiabana
2393581,510340,51002,2025,,2062,PRIVADA_EMPRESARIAL,07,12.0,False,2.0,2.0,0.0,13.5,1.45,1.1,2.17,9.76,,,,,,,,,,,,,,,,False,Cuiabá,Baixada Cuiabana
2473062,510340,51002,2025,HOSPITAL DE OLHOS DE CUIABA,2062,PRIVADA_EMPRESARIAL,07,1.0,False,9.0,10.0,0.0,24.0,3.85,2.4,12.1,64.55,53.0,10.0,43.0,53.0,0.0,219744.27,4146.12,0.0,0.0,0.0,0.0,7.0,0.016,5.89,13.77,False,Cuiabá,Baixada Cuiabana
2494523,510340,51002,2025,FEMINA HOSPITAL INFANTIL E MATERNIDADE,2062,PRIVADA_EMPRESARIAL,07,12.0,False,13.0,92.0,5.0,306.33,6.65,18.85,57.16,107.16,18.0,4.0,14.0,28.0,85.0,173734.93,9651.94,3.0,16.667,50.0,5.89,11.0,0.006,1.38,2.71,False,Cuiabá,Baixada Cuiabana
2495015,510340,51002,2025,HOSPITAL E PRONTO SOCORRO MUNICIPAL DE CUIABA,1031,MUNICIPAL,05,12.0,False,197.0,199.0,58.0,605.5,104.18,132.44,364.1,878.75,5217.0,5153.0,64.0,36869.0,16503.0,19252796.1,3690.4,511.0,9.795,85.6,9.83,208.0,0.513,26.48,50.08,True,Cuiabá,Baixada Cuiabana
2534444,510340,51002,2025,HOSPITAL DE CANCER DE MATO GROSSO,3999,PRIVADA_SEM_FINS_LUCRATIVOS,07,12.0,False,95.17,113.92,18.0,404.58,56.62,71.28,178.53,757.49,6808.0,3500.0,3308.0,25000.0,5525.0,18251026.37,2680.82,514.0,7.55,38.75,4.07,221.0,0.72,71.54,120.24,True,Cuiabá,Baixada Cuiabana
2604388,510340,51002,2025,,2054,PRIVADA_EMPRESARIAL,05,12.0,False,13.0,158.0,5.0,425.0,9.53,5.0,18.38,49.9,,,,,,,,,,,,,,,,False,Cuiabá,Baixada Cuiabana
2604396,510340,51002,2025,CIAPS HOSPITAL ADAUTO BOTELHO,1023,ESTADUAL,07,12.0,False,120.0,120.0,0.0,24.17,13.1,65.25,123.58,321.52,712.0,712.0,0.0,29666.0,0.0,1469563.98,2063.99,0.0,0.0,0.0,41.63,1.0,0.677,5.93,54.35,True,Cuiabá,Baixada Cuiabana
2655411,510340,51002,2025,HOSPITAL UNIVERSITARIO JULIO MULLER EBSERH,2011,EMPRESA_ESTATAL,05,12.0,False,108.0,108.0,18.0,541.5,143.05,125.95,264.29,1029.95,4348.0,4111.0,237.0,21437.0,4705.0,6400206.54,1471.99,98.0,2.254,85.03,5.96,226.0,0.544,40.26,30.39,True,Cuiabá,Baixada Cuiabana
2659107,510340,51002,2025,HOSPITAL GERAL E MATERNIDADE DE CUIABA,3999,PRIVADA_SEM_FINS_LUCRATIVOS,05,12.0,False,207.5,234.42,30.0,413.08,252.77,70.35,244.84,836.42,8983.0,6131.0,2852.0,45187.0,10522.0,38510786.91,4287.07,314.0,3.495,98.63,6.3,333.0,0.597,43.29,35.54,True,Cuiabá,Baixada Cuiabana
2803984,510340,51002,2025,,2062,PRIVADA_EMPRESARIAL,05,5.0,False,20.4,42.2,0.0,6.0,6.27,3.6,12.6,25.12,,,,,,,,,,,,,,,,False,Cuiabá,Baixada Cuiabana
3851249,510340,51002,2025,,3999,PRIVADA_SEM_FINS_LUCRATIVOS,05,12.0,False,15.0,46.0,0.0,40.75,6.99,1.81,2.55,40.5,,,,,,,,,,,,,,,,False,Cuiabá,Baixada Cuiabana
3953238,510340,51002,2025,HOSPITAL E MATERNIDADE SAO MATEUS,2062,PRIVADA_EMPRESARIAL,05,12.0,False,13.33,127.0,2.0,12.0,98.11,22.35,112.42,371.24,35.0,4.0,31.0,123.0,1.0,171812.23,4908.92,0.0,0.0,31.43,3.6,8.0,0.025,2.63,0.36,False,Cuiabá,Baixada Cuiabana
5558638,510340,51002,2025,HOSPITAL CENTRAL DE ALTA COMPLEXIDADE DE MATO GROSSO,1023,ESTADUAL,05,9.0,False,183.33,248.33,0.0,788.89,4.05,9.68,15.03,88.18,,,,,,,,,,,,,,,,False,Cuiabá,Baixada Cuiabana
6331378,510340,51002,2025,,2062,PRIVADA_EMPRESARIAL,07,12.0,False,1.0,2.0,0.0,78.67,3.65,1.1,2.9,24.45,,,,,,,,,,,,,,,,False,Cuiabá,Baixada Cuiabana
6923089,510340,51002,2025,HOSPITAL OTORRINO,2062,PRIVADA_EMPRESARIAL,05,12.0,False,47.0,64.0,0.0,137.67,12.61,2.0,20.32,47.99,331.0,331.0,0.0,337.0,0.0,512958.26,1549.72,0.0,0.0,0.0,1.02,7.0,0.02,7.04,26.25,True,Cuiabá,Baixada Cuiabana
7349270,510340,51002,2025,HOSPITAL MUNICIPAL SAO BENEDITO DE CUIABA,2011,EMPRESA_ESTATAL,05,12.0,False,102.0,112.0,20.0,410.75,137.4,65.11,162.83,486.86,1477.0,1476.0,1.0,11337.0,2980.0,3303835.38,2236.86,163.0,11.036,72.11,9.42,82.0,0.305,14.48,10.75,True,Cuiabá,Baixada Cuiabana
9209352,510340,51002,2025,HOSPITAL MUNICIPAL DE CUIABA E P S DR LEONY PALMA CARVALHO,1031,MUNICIPAL,05,12.0,False,309.0,315.0,60.0,1077.33,229.09,167.77,277.34,957.76,14211.0,13253.0,958.0,87958.0,19694.0,28351973.86,1995.07,723.0,5.088,99.32,7.36,519.0,0.78,45.99,62.03,True,Cuiabá,Baixada Cuiabana
9841903,510340,51002,2025,HOSPITAL ESTADUAL SANTA CASA,1023,ESTADUAL,05,12.0,False,136.17,186.67,0.0,1337.92,248.61,152.68,512.61,1119.82,5296.0,5235.0,61.0,25511.0,0.0,3142174.98,593.31,75.0,1.416,0.11,4.73,238.0,0.513,38.89,21.3,True,Cuiabá,Baixada Cuiabana
2398125,510350,51004,2025,HOSPITAL MUNICIPAL SAO JOAO BATISTA,1244,MUNICIPAL,05,12.0,False,30.0,30.0,0.0,51.17,6.74,7.04,18.7,65.4,1959.0,1959.0,0.0,5547.0,0.0,907136.8,463.06,33.0,1.685,79.68,2.75,158.0,0.507,65.3,290.65,True,Diamantino,Centro Norte
2396343,510360,51013,2025,HOSPITAL BOM JESUS,3999,PRIVADA_SEM_FINS_LUCRATIVOS,05,10.0,False,15.0,20.0,0.0,3.0,1.82,1.8,1.96,6.19,153.0,153.0,0.0,425.0,0.0,50425.79,329.58,3.0,1.961,100.0,2.61,38.0,0.078,10.2,84.07,False,Dom Aquino,Sul Matogrossense
5632323,510360,51013,2025,HOSPITAL MUNICIPAL DR LOURIVAL CANDIDO PORTUGUEZ,1244,MUNICIPAL,05,8.0,False,9.5,9.5,0.0,11.63,3.46,3.85,3.71,12.02,258.0,258.0,0.0,648.0,0.0,91012.15,352.76,9.0,3.488,96.9,2.02,49.0,0.187,27.16,74.57,False,Dom Aquino,Sul Matogrossense
2391163,510385,51006,2025,HOSPITAL MUNICIPAL DE GAUCHA DO NORTE,1244,MUNICIPAL,05,12.0,False,9.33,9.33,0.0,49.67,4.99,5.47,11.11,33.69,161.0,161.0,0.0,537.0,0.0,58660.05,364.35,0.0,0.0,93.17,3.15,34.0,0.158,17.26,32.26,True,Gaúcha do Norte,Médio Araguaia
2395398,510390,51005,2025,HOSPITAL MUNICIPAL DE GENERAL CARNEIRO,1244,MUNICIPAL,05,12.0,False,15.0,15.0,0.0,39.33,3.95,5.25,7.58,33.75,120.0,120.0,0.0,670.0,0.0,50716.27,422.64,5.0,4.167,82.5,5.38,37.0,0.122,8.0,30.38,True,General Carneiro,Garças Araguaia
2392046,510410,51015,2025,HOSPITAL MUNICIPAL NOSSA SENHORA DO ROSARIO,1244,MUNICIPAL,05,12.0,False,36.0,46.0,0.0,149.17,22.51,29.03,68.43,202.48,2411.0,2410.0,1.0,7772.0,0.0,1251743.31,519.18,64.0,2.655,75.99,3.09,189.0,0.591,66.97,107.11,True,Guarantã do Norte,Vale do Peixoto
3191737,510410,51015,2025,,2062,PRIVADA_EMPRESARIAL,05,12.0,False,1.0,15.0,0.0,15.67,0.77,0.1,0.0,2.24,,,,,,,,,,,,,,,,False,Guarantã do Norte,Vale do Peixoto
4590082,510420,51013,2025,HOSPITAL MUNICIPAL SANTA MARIA BERTILLA,1244,MUNICIPAL,05,12.0,False,5.0,5.0,0.0,16.0,7.33,2.2,5.64,18.33,355.0,355.0,0.0,1368.0,0.0,110242.33,310.54,16.0,4.507,99.44,3.42,50.0,0.75,71.0,48.43,True,Guiratinga,Sul Matogrossense
2534010,510455,51010,2025,,1244,MUNICIPAL,05,12.0,False,16.0,16.0,0.0,11.67,16.0,3.56,10.35,52.09,,,,,,,,,,,,,,,,False,Itaúba,Norte Matogrossense
2395916,510460,51013,2025,HOSPITAL MUNICIPAL OSNIR BORTOLINI,1244,MUNICIPAL,05,12.0,False,22.0,22.0,0.0,32.83,6.69,7.25,12.91,45.28,517.0,517.0,0.0,1485.0,0.0,191763.7,370.92,10.0,1.934,93.04,2.64,106.0,0.185,23.5,77.28,True,Itiquira,Sul Matogrossense
2397269,510480,51013,2025,,2062,PRIVADA_EMPRESARIAL,05,8.0,False,20.0,20.0,0.0,0.0,0.53,2.1,1.1,3.73,,,,,,,,,,,,,,,,False,Jaciara,Sul Matogrossense
3269728,510480,51013,2025,HOSPITAL MUNICIPAL DE JACIARA,1244,MUNICIPAL,05,12.0,False,38.0,38.0,0.0,123.0,26.75,11.23,41.56,139.67,1611.0,1611.0,0.0,4844.0,0.0,761681.33,472.8,22.0,1.366,94.23,2.72,133.0,0.349,42.39,60.22,True,Jaciara,Sul Matogrossense
2394723,510500,51012,2025,HOSPITAL DE JAURU,3999,PRIVADA_SEM_FINS_LUCRATIVOS,05,12.0,False,33.0,38.0,0.0,9.67,2.44,2.0,5.38,14.57,79.0,79.0,0.0,248.0,0.0,28109.06,355.81,1.0,1.266,100.0,3.04,21.0,0.021,2.39,32.38,False,Jauru,Sudoeste Matogrossense
2392704,510510,51016,2025,HOSPITAL MUNICIPAL DE JUARA ELIDIA MASCHIETTO SANTILLO,1244,MUNICIPAL,05,12.0,False,36.0,36.0,0.0,127.0,15.97,14.53,42.84,128.67,2396.0,2396.0,0.0,8376.0,0.0,1440633.84,601.27,93.0,3.881,89.73,3.31,213.0,0.637,66.56,150.03,True,Juara,Vale dos Arinos
2392887,510510,51016,2025,HOSPITAL E MATERNIDADE SAO LUCAS SOCIEDADE MEDICA SAO LUCAS,2062,PRIVADA_EMPRESARIAL,05,12.0,False,3.33,13.83,0.0,18.83,2.24,0.0,0.0,3.24,3.0,3.0,0.0,3.0,0.0,24525.13,8175.04,0.0,0.0,0.0,1.0,1.0,0.002,0.9,1.34,False,Juara,Vale dos Arinos
3430383,510510,51016,2025,,2062,PRIVADA_EMPRESARIAL,05,12.0,False,0.0,6.75,0.0,0.0,0.0,0.0,0.0,0.0,,,,,,,,,,,,,,,,False,Juara,Vale dos Arinos
2393395,510515,51008,2025,HOSPITAL SAO LUCAS JUINA,2062,PRIVADA_EMPRESARIAL,05,12.0,False,12.0,39.0,0.0,0.0,0.5,0.3,0.75,1.93,,,,,,,,,,,,,,,,False,Juína,Noroeste Matogrossense
4069803,510515,51008,2025,HOSPITAL MUNICIPAL DE JUINA DR HIDEO SAKUNO,1244,MUNICIPAL,05,12.0,False,75.0,76.5,0.0,123.17,16.13,29.98,63.36,193.36,4442.0,4436.0,6.0,19411.0,0.0,2256529.87,508.0,28.0,0.63,80.32,4.24,267.0,0.709,59.23,275.39,True,Juína,Noroeste Matogrossense
2392895,510517,51008,2025,HOSPITAL MUNICIPAL DE JURUENA RENILDA DE FATIMA DE MORAIS,1244,MUNICIPAL,05,12.0,False,20.5,20.5,0.0,34.92,2.74,6.11,14.5,56.71,560.0,560.0,0.0,2202.0,0.0,212985.72,380.33,16.0,2.857,18.39,3.67,66.0,0.294,27.32,204.38,True,Juruena,Noroeste Matogrossense
2396092,510520,51013,2025,HOSPITAL MUNICPAL PADRE JOHANNES BERTHOLD HENNING,1244,MUNICIPAL,05,12.0,False,15.0,15.0,0.0,76.08,2.45,7.63,9.53,49.27,837.0,837.0,0.0,2687.0,0.0,281892.16,336.79,13.0,1.553,100.0,2.78,65.0,0.491,55.8,341.63,True,Juscimeira,Sul Matogrossense
2767953,510525,51014,2025,HOSPITAL SAO LUCAS LUCAS DO RIO VERDE,3069,PRIVADA_SEM_FINS_LUCRATIVOS,05,12.0,False,108.33,155.5,0.0,277.58,48.14,68.22,240.6,625.21,7106.0,7083.0,23.0,31795.0,0.0,4209941.65,592.45,123.0,1.731,82.96,4.28,373.0,0.804,65.6,147.61,True,Lucas do Rio Verde,Teles Pires
2752603,510550,51012,2025,HOSPITAL EVANGELICO DE MATO GROSSO,3999,PRIVADA_SEM_FINS_LUCRATIVOS,05,12.0,False,55.0,61.0,0.0,62.33,13.99,13.46,22.92,90.99,1769.0,1769.0,0.0,5842.0,0.0,828645.31,468.43,22.0,1.244,76.37,3.21,111.0,0.291,32.16,126.45,True,Vila Bela da Santíssima Trindade,Sudoeste Matogrossense
8013926,510558,51010,2025,HOSPITAL MARIA ZELIA,1244,MUNICIPAL,05,12.0,False,22.0,22.0,0.0,17.67,4.98,4.15,15.18,53.14,343.0,343.0,0.0,1637.0,0.0,165178.24,481.57,5.0,1.458,97.96,4.62,39.0,0.204,15.59,68.88,True,Marcelândia,Norte Matogrossense
2391724,510560,51015,2025,HOSPITAL MUNICIPAL DE MATUPA,1244,MUNICIPAL,05,12.0,False,27.5,27.5,0.0,98.67,13.39,12.36,33.53,112.69,1253.0,1232.0,21.0,4018.0,0.0,880038.81,702.35,38.0,3.033,98.88,3.06,111.0,0.4,45.56,93.58,True,Matupá,Vale do Peixoto
2395266,510562,51011,2025,,2062,PRIVADA_EMPRESARIAL,05,12.0,False,30.0,41.0,0.0,0.0,1.75,0.95,4.65,8.0,,,,,,,,,,,,,,,,False,Mirassol d'Oeste,Oeste Matogrossense
7254628,510562,51011,2025,HOSPITAL SAMUEL GREVE,1244,MUNICIPAL,05,12.0,False,41.0,41.0,0.0,10.0,13.8,12.82,18.53,61.18,1078.0,1078.0,0.0,3677.0,0.0,492304.39,456.68,37.0,3.432,90.45,3.12,84.0,0.246,26.29,78.12,True,Mirassol d'Oeste,Oeste Matogrossense
2802473,510590,51004,2025,HOSPITAL E MATERNIDADE LAURA VICUNA,2062,PRIVADA_EMPRESARIAL,05,12.0,False,29.58,36.58,0.0,15.25,2.01,5.28,13.88,48.0,1122.0,1122.0,0.0,3223.0,0.0,523848.91,466.89,42.0,3.743,99.47,2.64,70.0,0.299,37.93,558.21,True,Nobres,Centro Norte
0071773,510600,51004,2025,,1244,MUNICIPAL,05,12.0,False,10.5,10.5,0.0,20.67,4.7,7.5,4.58,22.93,,,,,,,,,,,,,,,,False,Nortelândia,Centro Norte
4069870,510610,51002,2025,HOSPITAL MUNICIPAL PROFESSORA MARIA ARLINDA DA COSTA,1244,MUNICIPAL,05,12.0,False,16.0,16.0,0.0,10.33,4.98,5.7,7.5,34.85,91.0,91.0,0.0,419.0,0.0,37998.36,417.56,8.0,8.791,100.0,4.29,31.0,0.072,5.69,18.27,False,Nossa Senhora do Livramento,Baixada Cuiabana
2471604,510615,51001,2025,,1244,MUNICIPAL,05,12.0,False,14.0,14.0,0.0,16.75,2.17,3.42,14.58,32.07,,,,,,,,,,,,,,,,False,Nova Bandeirantes,Alto Tapajós
0901725,510622,51014,2025,HOSPITAL REGIONAL HILDA STRENGER RIBEIRO NOVA MUTUM,3999,PRIVADA_SEM_FINS_LUCRATIVOS,05,12.0,False,167.58,213.92,20.0,774.67,30.2,90.13,143.04,359.1,8602.0,8418.0,184.0,20287.0,7301.0,12596672.1,1464.39,165.0,1.918,71.3,3.07,363.0,0.332,51.33,284.83,True,Nova Mutum,Teles Pires
2472716,510623,51007,2025,HOSPITAL E MATERNIDADE NOVA OLIMPIA,2062,PRIVADA_EMPRESARIAL,05,12.0,False,16.0,36.0,0.0,13.67,3.85,3.33,6.0,23.27,631.0,631.0,0.0,1758.0,0.0,332766.74,527.36,6.0,0.951,100.0,2.73,36.0,0.301,39.44,163.9,True,Nova Olímpia,Médio Norte Matogrossense
5841186,510624,51014,2025,,1244,MUNICIPAL,05,5.0,False,10.0,10.0,0.0,0.0,0.0,0.8,0.0,1.4,,,,,,,,,,,,,,,,False,Nova Ubiratã,Teles Pires
2395428,510625,51005,2025,HOSPITAL MUNICIPAL DR DAERCIO OLIVEIRA MORAES,1244,MUNICIPAL,05,12.0,False,26.67,26.67,0.0,67.58,15.7,10.94,33.01,121.63,2172.0,2172.0,0.0,6986.0,0.0,1977613.3,910.5,53.0,2.44,18.74,3.12,189.0,0.718,81.44,138.34,True,Nova Xavantina,Garças Araguaia
4459733,510625,51005,2025,,2062,PRIVADA_EMPRESARIAL,05,9.0,False,13.0,28.0,0.0,0.0,0.17,0.0,0.0,1.63,,,,,,,,,,,,,,,,False,Nova Xavantina,Garças Araguaia
2392720,510627,51016,2025,HOSPITAL MUNICIPAL JOSE KARA JOSE,1244,MUNICIPAL,05,12.0,False,13.0,13.0,0.0,55.33,5.74,3.2,9.48,31.95,322.0,322.0,0.0,1635.0,0.0,132854.36,412.59,10.0,3.106,99.07,4.9,55.0,0.345,24.77,56.1,True,Novo Horizonte do Norte,Vale dos Arinos
2395509,510628,51005,2025,HOSP MUN MARIA DOLORES T JORDAO NOVO SAO JOAQUIM,1244,MUNICIPAL,05,12.0,False,32.17,32.17,0.0,74.33,6.02,5.25,14.91,63.29,657.0,640.0,17.0,1725.0,0.0,2339807.2,3561.35,11.0,1.674,3.5,2.56,82.0,0.147,20.42,109.14,True,Novo São Joaquim,Garças Araguaia
2471663,510629,51001,2025,HOSPITAL E MATERNIDADE ALIPIO CANDIDO DA SILVA,1244,MUNICIPAL,05,12.0,False,33.83,33.83,0.0,37.67,14.73,7.59,24.16,97.36,1913.0,1913.0,0.0,4817.0,0.0,2010143.52,1050.78,9.0,0.47,0.47,2.4,148.0,0.39,56.55,129.87,True,Paranaíta,Alto Tapajós
2390949,510630,51013,2025,HOSPITAL MUNICIPAL IRMA TEODORA,1244,MUNICIPAL,05,12.0,False,32.5,32.5,0.0,17.67,12.43,14.15,29.35,102.08,1062.0,1062.0,0.0,3280.0,0.0,501255.87,471.99,13.0,1.224,70.62,2.84,107.0,0.277,32.68,85.44,True,Paranatinga,Sul Matogrossense
2752638,510637,51013,2025,HOSPITAL PRONTO ATENDIMENTO MUNICIPAL LUCIANA MARTINS AMORIM,1244,MUNICIPAL,05,12.0,False,25.33,25.33,0.0,26.0,16.55,7.82,32.92,85.22,392.0,392.0,0.0,2031.0,0.0,144552.83,368.76,15.0,3.827,96.94,4.88,40.0,0.22,15.48,23.69,True,Pedra Preta,Sul Matogrossense
2699842,510642,51015,2025,HOSPITAL REGIONAL DE PEIXOTO DE AZEVEDO,1244,MUNICIPAL,05,12.0,False,65.5,65.5,0.0,87.92,16.11,22.14,68.99,182.08,3104.0,3103.0,1.0,12306.0,0.0,1544242.26,497.5,74.0,2.384,74.65,3.79,264.0,0.515,47.39,192.68,True,Peixoto de Azevedo,Vale do Peixoto
2391449,510650,51002,2025,HOSPITAL GERAL DE POCONE DR NICOLAU FONTANILAS FRAGELI,3999,PRIVADA_SEM_FINS_LUCRATIVOS,05,12.0,False,44.0,53.0,0.0,77.25,2.89,5.4,15.25,49.19,2256.0,2256.0,0.0,6225.0,0.0,996205.02,441.58,34.0,1.507,62.28,2.61,63.0,0.388,51.27,780.62,True,Poconé,Baixada Cuiabana
2395592,510670,51005,2025,HOSPITAL MUNICIPAL BOM JESUS,1244,MUNICIPAL,05,12.0,False,17.0,17.0,0.0,29.75,1.5,4.0,11.27,32.08,71.0,70.0,1.0,210.0,0.0,31969.34,450.27,0.0,0.0,85.92,2.92,27.0,0.034,4.18,47.33,False,Ponte Branca,Garças Araguaia
2752654,510675,51012,2025,HOSPITAL VALE DO GUAPORE,1244,MUNICIPAL,05,12.0,False,74.0,74.0,0.0,131.75,25.98,40.04,67.54,209.91,5124.0,5123.0,1.0,17739.0,0.0,2607012.45,508.78,99.0,1.932,94.42,3.28,233.0,0.657,69.24,197.23,True,Pontes e Lacerda,Sudoeste Matogrossense
2311615,510677,51003,2025,,1244,MUNICIPAL,05,12.0,False,18.0,18.0,0.0,7.75,3.24,7.08,13.38,36.93,,,,,,,,,,,,,,,,False,Porto Alegre do Norte,Araguaia Xingu
2752646,510680,51016,2025,HOSPITAL MUNICIPAL GUSTAV ADOLF ISERNHAGEN,1244,MUNICIPAL,05,12.0,False,20.0,20.0,0.0,57.75,4.49,4.47,11.8,47.35,706.0,706.0,0.0,2690.0,0.0,260104.02,368.42,8.0,1.133,73.94,3.71,72.0,0.368,35.3,157.24,True,Porto dos Gaúchos,Vale dos Arinos
2397684,510700,51013,2025,HOSPITAL E MATERNIDADE SAO JOAO BATISTA,3999,PRIVADA_SEM_FINS_LUCRATIVOS,05,12.0,False,66.0,78.0,0.0,64.33,8.99,5.03,14.33,58.35,1492.0,1492.0,0.0,4657.0,0.0,801832.72,537.42,30.0,2.011,99.93,2.97,98.0,0.193,22.61,165.96,True,Poxoréo,Sul Matogrossense
2397463,510704,51013,2025,HOSPITAL E MATERNIDADE SAO LUCAS PRIMAVERA DO LESTE,2062,PRIVADA_EMPRESARIAL,05,12.0,False,73.67,116.0,0.0,423.67,20.76,69.18,81.5,195.39,2604.0,2589.0,15.0,6076.0,0.0,2008439.1,771.29,2.0,0.077,75.58,2.22,231.0,0.226,35.35,125.43,True,Primavera do Leste,Sul Matogrossense
2397676,510704,51013,2025,HOSPITAL DAS CLINICAS PRIMAVERA PRIMAVERA DO LESTE,2062,PRIVADA_EMPRESARIAL,05,12.0,False,61.0,86.0,8.0,333.33,66.95,23.86,74.11,178.13,3842.0,3822.0,20.0,6395.0,2844.0,4635983.54,1206.66,63.0,1.64,70.8,2.22,277.0,0.287,62.98,57.39,True,Primavera do Leste,Sul Matogrossense
4070070,510706,51006,2025,HOSPITAL MUNICIPAL DE QUERENCIA,1244,MUNICIPAL,05,12.0,False,18.75,18.75,0.0,100.17,9.02,14.45,42.33,99.82,1824.0,1824.0,0.0,4356.0,0.0,926976.66,508.21,29.0,1.59,99.95,2.32,110.0,0.636,97.28,202.22,True,Querência,Médio Araguaia
2394316,510710,51011,2025,,2062,PRIVADA_EMPRESARIAL,05,12.0,False,13.33,52.0,0.0,21.67,1.6,2.4,2.57,10.45,,,,,,,,,,,,,,,,False,São José dos Quatro Marcos,Oeste Matogrossense
2472791,510718,51006,2025,HOSPITAL MUNICIPAL CRISTO REI,1244,MUNICIPAL,05,12.0,False,23.08,23.17,0.0,44.92,4.75,3.1,14.17,45.8,814.0,814.0,0.0,1761.0,0.0,317747.46,390.35,1.0,0.123,0.0,2.16,97.0,0.209,35.27,171.37,True,Ribeirão Cascalheira,Médio Araguaia
2395452,510719,51005,2025,HOSPITAL NOSSA SENHORA DA ABADIA,1244,MUNICIPAL,05,12.0,False,13.67,13.67,0.0,8.75,2.77,3.0,9.73,27.19,71.0,71.0,0.0,366.0,0.0,33256.7,468.4,3.0,4.225,81.69,5.0,24.0,0.073,5.19,25.63,False,Ribeirãozinho,Garças Araguaia
2394782,510720,51011,2025,HOSPITAL MUNICIPAL DE RIO BRANCO,1244,MUNICIPAL,05,12.0,False,18.0,18.0,0.0,7.0,2.34,4.75,8.17,27.45,230.0,230.0,0.0,594.0,0.0,85768.94,372.91,12.0,5.217,46.96,2.12,47.0,0.09,12.78,98.29,True,Rio Branco,Oeste Matogrossense
3142663,510730,51004,2025,HOSPITAL MUNICIPAL DE SAO JOSE DO RIO CLARO,1244,MUNICIPAL,05,12.0,False,22.0,22.0,0.0,14.0,4.94,6.23,11.92,46.11,817.0,817.0,0.0,2391.0,0.0,329190.95,402.93,19.0,2.326,44.43,2.67,70.0,0.298,37.14,165.38,True,São José do Rio Claro,Centro Norte
0171557,510760,51013,2025,,1244,MUNICIPAL,05,6.0,False,1.0,1.0,0.0,5.0,2.5,4.85,8.55,18.65,,,,,,,,,,,,,,,,False,Rondonópolis,Sul Matogrossense
2396424,510760,51013,2025,CASA DE SAUDE PAULO DE TARSO E CAPS PAULO DE TARSO,3999,PRIVADA_SEM_FINS_LUCRATIVOS,07,12.0,False,82.0,82.0,0.0,4.0,8.89,7.21,34.83,113.03,855.0,855.0,0.0,29174.0,0.0,2402602.74,2810.06,0.0,0.0,100.0,34.08,1.0,0.975,10.43,96.18,True,Rondonópolis,Sul Matogrossense
2396866,510760,51013,2025,SANTA CASA DE RONDONOPOLIS,3999,PRIVADA_SEM_FINS_LUCRATIVOS,05,12.0,False,218.67,283.33,46.0,608.33,131.13,142.21,448.41,1107.63,14691.0,12285.0,2406.0,37175.0,15890.0,35236655.4,2398.52,444.0,3.022,68.42,3.64,376.0,0.466,67.18,112.03,True,Rondonópolis,Sul Matogrossense
2604434,510760,51013,2025,HOSPITAL REG IRMA ELZA GIOVANELLA,1023,ESTADUAL,05,12.0,False,110.42,120.42,20.0,665.17,71.44,79.97,342.17,802.15,8910.0,8899.0,11.0,29158.0,7148.0,11187297.96,1255.59,452.0,5.073,87.61,3.81,355.0,0.723,80.69,124.72,True,Rondonópolis,Sul Matogrossense
2701626,510760,51013,2025,,2240,PRIVADA_EMPRESARIAL,05,12.0,False,19.0,30.0,0.0,104.42,7.78,1.0,7.0,17.78,,,,,,,,,,,,,,,,False,Rondonópolis,Sul Matogrossense
3028925,510760,51013,2025,HOSP DE REF SAUDE DA FAMILIA DR ANTONIO DOS S MUNIZ,1244,MUNICIPAL,05,12.0,False,73.0,86.0,0.0,80.33,61.25,40.01,87.35,289.05,4779.0,4779.0,0.0,25859.0,0.0,2106830.66,440.85,227.0,4.75,100.0,5.12,109.0,0.971,65.47,78.02,True,Rondonópolis,Sul Matogrossense
2655780,510770,51004,2025,HOSPITAL MUNICIPAL DE ROSARIO OESTE,1244,MUNICIPAL,05,12.0,False,85.0,85.0,0.0,22.75,7.84,11.15,19.23,44.0,766.0,766.0,0.0,2669.0,0.0,368626.37,481.24,23.0,3.003,87.34,3.07,80.0,0.086,9.01,97.7,True,Rosário Oeste,Centro Norte
2394189,510775,51011,2025,HOSPITAL MUNICIPAL DE SALTO DO CEU,1244,MUNICIPAL,05,12.0,False,14.0,14.0,0.0,7.0,3.16,2.0,5.69,29.18,68.0,68.0,0.0,363.0,0.0,20867.23,306.87,1.0,1.471,100.0,5.09,21.0,0.071,4.86,21.52,False,Salto do Céu,Oeste Matogrossense
2311607,510777,51003,2025,HOSPITAL MUNICIPAL DE SANTA TEREZINHA,1244,MUNICIPAL,05,12.0,False,14.33,14.33,0.0,3.75,1.26,4.13,18.77,42.03,597.0,597.0,0.0,1686.0,0.0,196931.92,329.87,4.0,0.67,99.83,2.51,71.0,0.322,41.66,473.81,True,Santa Terezinha,Araguaia Xingu
2391171,510780,51002,2025,,1244,MUNICIPAL,05,12.0,False,16.0,16.0,0.0,43.75,14.07,8.23,25.6,77.97,,,,,,,,,,,,,,,,False,Santo Antônio do Leverger,Baixada Cuiabana
2604426,510785,51009,2025,HOSPITAL MUNICIPAL PREFEITO JOAO ABREU LUZ,1210,PUBLICA_OUTRA,05,12.0,False,32.0,32.0,0.0,72.0,4.79,6.67,26.94,71.89,1906.0,1906.0,0.0,5745.0,0.0,852439.05,447.24,49.0,2.571,77.12,2.91,166.0,0.492,59.56,397.91,True,São Félix do Araguaia,Norte Araguaia Karajá
9659366,510787,51007,2025,HOSPITAL SANTA MARCELINA DE SAPEZAL,3999,PRIVADA_SEM_FINS_LUCRATIVOS,05,12.0,False,34.0,53.0,0.0,149.0,13.85,8.92,35.75,100.35,1685.0,1685.0,0.0,7819.0,0.0,859709.8,510.21,17.0,1.009,86.23,4.56,163.0,0.63,49.56,121.66,True,Sapezal,Médio Norte Matogrossense
0218669,510790,51014,2025,,1244,MUNICIPAL,05,12.0,False,40.0,40.0,0.0,38.0,31.0,11.63,12.43,56.85,,,,,,,,,,,,,,,,False,Sinop,Teles Pires
0405159,510790,51014,2025,,3999,PRIVADA_SEM_FINS_LUCRATIVOS,05,12.0,False,3.0,6.0,0.0,49.0,4.02,0.64,10.08,25.28,,,,,,,,,,,,,,,,False,Sinop,Teles Pires
2534231,510790,51014,2025,,2062,PRIVADA_EMPRESARIAL,05,12.0,False,25.5,33.92,0.0,39.83,5.31,5.46,7.13,20.14,,,,,,,,,,,,,,,,False,Sinop,Teles Pires
2795671,510790,51014,2025,HOSPITAL SANTO ANTONIO,3069,PRIVADA_SEM_FINS_LUCRATIVOS,05,12.0,False,93.0,163.0,16.0,365.75,42.37,186.45,195.99,584.08,6322.0,4975.0,1347.0,17042.0,5490.0,10699899.14,1692.49,177.0,2.8,99.87,3.51,138.0,0.502,67.98,149.21,True,Sinop,Teles Pires
4804120,510790,51014,2025,,3999,PRIVADA_SEM_FINS_LUCRATIVOS,05,12.0,False,21.33,23.33,0.0,35.83,1.73,0.03,0.0,1.81,,,,,,,,,,,,,,,,False,Sinop,Teles Pires
6085423,510790,51014,2025,HOSPITAL REGIONAL JORGE DE ABREU,1023,ESTADUAL,05,12.0,False,104.67,124.67,0.0,620.83,124.57,121.43,173.91,631.25,2214.0,2165.0,49.0,11299.0,0.0,1794702.23,810.62,55.0,2.484,80.62,4.83,216.0,0.296,21.15,17.77,True,Sinop,Teles Pires
8013977,510790,51014,2025,,2062,PRIVADA_EMPRESARIAL,05,1.0,False,4.0,22.0,0.0,0.0,0.5,0.0,0.0,0.75,,,,,,,,,,,,,,,,False,Sinop,Teles Pires
2795655,510792,51014,2025,HOSPITAL REGIONAL DE SORRISO,1023,ESTADUAL,05,12.0,False,130.17,134.17,16.0,592.42,105.77,61.42,132.96,430.84,6661.0,6571.0,90.0,30192.0,4403.0,9044325.04,1357.8,257.0,3.858,90.44,5.01,341.0,0.635,51.17,62.98,True,Sorriso,Teles Pires
7210345,510792,51014,2025,,2062,PRIVADA_EMPRESARIAL,05,12.0,False,4.0,5.0,0.0,31.0,2.49,0.0,0.0,4.09,,,,,,,,,,,,,,,,False,Sorriso,Teles Pires
7901127,510792,51014,2025,HOSPITAL MATERNIDADE 13 DE MAIO VILA ROMANA,2054,PRIVADA_EMPRESARIAL,05,12.0,False,43.58,117.42,0.0,252.58,7.97,0.0,0.0,8.02,23.0,23.0,0.0,57.0,0.0,22626.77,983.77,0.0,0.0,0.0,2.48,5.0,0.004,0.53,2.89,False,Sorriso,Teles Pires
7943733,510792,51014,2025,IGHASMAT,3999,PRIVADA_SEM_FINS_LUCRATIVOS,05,12.0,False,81.67,98.17,0.0,3.0,13.87,3.1,5.8,32.8,112.0,112.0,0.0,220.0,0.0,130405.53,1164.34,0.0,0.0,0.0,1.96,7.0,0.007,1.37,8.07,True,Sorriso,Teles Pires
2392801,510794,51016,2025,HOSPITAL MUNICIPAL DE TABAPORA,1244,MUNICIPAL,05,12.0,False,13.17,13.17,0.0,32.67,6.72,4.45,11.02,36.55,434.0,434.0,0.0,1220.0,0.0,192209.24,442.88,7.0,1.613,99.54,2.6,71.0,0.254,32.95,64.58,True,Tabaporã,Vale dos Arinos
2472139,510795,51007,2025,HOSPITAL DAS CLINICAS VIDA E SAUDE TANGARA DA SERRA,2062,PRIVADA_EMPRESARIAL,05,12.0,False,37.17,81.0,0.0,112.42,12.03,1.78,11.55,33.56,94.0,94.0,0.0,539.0,0.0,40850.5,434.58,0.0,0.0,97.87,5.67,38.0,0.04,2.53,7.81,False,Tangará da Serra,Médio Norte Matogrossense
2472414,510795,51007,2025,HOSPITAL E MATERNIDADE SANTA ANGELA TANGARA DA SERRA,2062,PRIVADA_EMPRESARIAL,05,12.0,False,49.0,142.0,0.0,264.0,11.78,5.1,5.92,26.11,,,,,,,,,,,,,,,,False,Tangará da Serra,Médio Norte Matogrossense
2767384,510795,51007,2025,HOSPITAL MUNICIPAL ARLETE DAISY CICHETTI DE BRITO,1244,MUNICIPAL,05,12.0,False,81.0,91.0,0.0,268.67,20.41,29.38,114.98,301.15,5928.0,5925.0,3.0,23067.0,0.0,3307541.7,557.95,141.0,2.379,96.52,3.72,233.0,0.78,73.19,290.45,True,Tangará da Serra,Médio Norte Matogrossense
3171353,510795,51007,2025,,2062,PRIVADA_EMPRESARIAL,05,2.0,False,1.0,106.0,0.0,0.0,0.25,0.0,0.0,0.25,,,,,,,,,,,,,,,,False,Tangará da Serra,Médio Norte Matogrossense
2398400,510800,51014,2025,HOSPITAL MUNICIPAL DE TAPURAH,1244,MUNICIPAL,05,12.0,False,19.08,19.08,0.0,14.33,7.88,10.18,14.53,64.59,344.0,344.0,0.0,1233.0,0.0,69483.39,201.99,7.0,2.035,96.8,3.31,52.0,0.177,18.03,43.65,True,Tapurah,Teles Pires
2391996,510805,51015,2025,HOSPITAL MUNICIPAL DE TERRA NOVA DO NORTE,1244,MUNICIPAL,05,12.0,False,30.83,30.83,0.0,22.67,8.73,6.72,22.83,74.52,548.0,548.0,0.0,2266.0,0.0,438842.41,800.81,18.0,3.285,82.3,3.99,75.0,0.201,17.77,62.77,True,Terra Nova do Norte,Vale do Peixoto
2397501,510810,51013,2025,HOSPITAL E MATERNIDADE SAO LUCAS,1244,MUNICIPAL,05,12.0,False,15.0,15.0,0.0,13.67,1.46,3.76,8.6,35.48,64.0,64.0,0.0,349.0,0.0,21433.45,334.9,5.0,7.813,100.0,5.09,21.0,0.064,4.27,43.84,False,Tesouro,Sul Matogrossense
2395584,510820,51005,2025,HOSPITAL MUNICIPAL SAO JOAO BOSCO,1244,MUNICIPAL,05,12.0,False,24.5,24.67,0.0,11.5,9.21,5.71,8.67,38.92,421.0,413.0,8.0,652.0,0.0,333518.91,792.21,8.0,1.9,10.69,1.42,67.0,0.073,17.18,45.71,True,Torixoréu,Garças Araguaia
2390868,510840,51002,2025,,2062,PRIVADA_EMPRESARIAL,05,6.0,False,31.33,43.0,0.0,17.5,4.53,3.58,2.5,16.9,,,,,,,,,,,,,,,,False,Várzea Grande,Baixada Cuiabana
2391635,510840,51002,2025,HOSPITAL E PRONTO SOCORRO MUNICIPAL DE VARZEA GRANDE,1244,MUNICIPAL,05,12.0,False,282.17,282.17,30.0,491.25,123.81,136.05,272.95,813.91,12893.0,12878.0,15.0,65747.0,9540.0,17819483.77,1382.11,561.0,4.351,98.18,5.65,374.0,0.638,45.69,104.14,True,Várzea Grande,Baixada Cuiabana
2928604,510840,51002,2025,,1244,MUNICIPAL,05,12.0,False,26.0,26.0,0.0,53.0,19.83,17.83,53.8,148.72,,,,,,,,,,,,,,,,False,Várzea Grande,Baixada Cuiabana
4200861,510840,51002,2025,,,,,,False,,,,,,,,,32.0,1.0,31.0,70.0,0.0,148424.33,4638.26,0.0,0.0,0.0,2.03,2.0,,,,False,Várzea Grande,Baixada Cuiabana
4293479,510840,51002,2025,,,,,,False,,,,,,,,,26.0,10.0,16.0,26.0,0.0,103246.34,3971.01,0.0,0.0,0.0,0.0,2.0,,,,False,Várzea Grande,Baixada Cuiabana
6853781,510840,51002,2025,METROPOLITANO HOSPITAL ESTADUAL LOUSITE FERREIRA DA SILVA,1023,ESTADUAL,05,12.0,False,225.5,235.5,40.0,828.0,169.11,169.33,437.53,1391.75,6156.0,5489.0,667.0,38125.0,12335.0,20408425.97,3315.21,356.0,5.783,0.0,8.03,306.0,0.463,27.3,36.4,True,Várzea Grande,Baixada Cuiabana
9516255,510840,51002,2025,HOSPITAL SANTA RITA,2062,PRIVADA_EMPRESARIAL,05,10.0,False,9.2,77.0,0.0,199.6,7.66,1.64,9.15,22.5,360.0,309.0,51.0,366.0,0.0,421734.04,1171.48,0.0,0.0,0.0,0.86,10.0,0.109,39.13,47.0,False,Várzea Grande,Baixada Cuiabana
4196708,510850,51014,2025,,3069,PRIVADA_SEM_FINS_LUCRATIVOS,05,10.0,False,33.0,33.0,0.0,2.4,0.6,1.0,0.0,5.48,,,,,,,,,,,,,,,,False,Vera,Teles Pires
7914288,510860,51003,2025,HOSPITAL MUNICIPAL DE VILA RICA,1244,MUNICIPAL,05,12.0,False,21.0,21.0,0.0,15.08,9.0,5.92,23.17,62.67,1176.0,1175.0,1.0,3430.0,0.0,633318.16,538.54,30.0,2.551,68.88,2.77,106.0,0.447,56.0,130.67,True,Vila Rica,Araguaia Xingu
