cod_mun6,municipio,co_regsaud,regiao_saude,co_macsaud,macrorregiao,ano,populacao,fonte_populacao,n_bimestres_disponiveis,n_meses_cnes,n_meses_sisab,ano_parcial,dmu_completa,desp_total_saude,desp_301_atencao_basica,desp_302_mac,desp_outras,desp_corrente,desp_capital,desp_recursos_proprios,fte_medicos_sus,fte_enfermeiros_sus,fte_tec_enfermagem_sus,fte_dentistas_sus,fte_acs,fte_total_sus,leitos_sus,leitos_uti_sus,equip_sus_uso,n_estab_sus,n_ubs,n_hospitais_sus,n_upa,n_equipes_esf,n_equipes_eap,n_equipes_esb,sisab_atend_individual,sisab_atend_odonto,sisab_procedimentos,sisab_visitas_domiciliares,sisab_atend_medico,sisab_atend_enfermeiro,sipni_doses_local,sipni_doses_menor1_local,sipni_doses_res,sia_qtd_ab_local,qtd_mc_local,valor_mc_local,qtd_mc_res,valor_mc_res,internacoes_mc_local,internacoes_mc_res,qtd_ac_local,valor_ac_local,qtd_ac_res,valor_ac_res,internacoes_ac_local,internacoes_ac_res,internacoes_local,internacoes_res,internacoes_res_fora,diarias_local,diarias_uti_local,valor_sih_local,valor_sih_res,obitos_hosp_local,internacoes_urgencia_local,sia_qtd_total_local,sia_valor_total_local,nascidos_vivos,obitos_residentes,obitos_menor1,taxa_mortalidade_infantil,taxa_mortalidade_geral,pct_prenatal_7mais,pct_baixo_peso,pct_cesarea,pct_mae_adolescente,desp_total_pc,desp_301_pc,desp_302_pc,fte_medicos_p1000,fte_enfermeiros_p1000,fte_acs_p1000,leitos_sus_p1000,equipes_esf_p1000,atend_individual_pc,procedimentos_ab_pc,visitas_pc,qtd_mc_local_pc,qtd_ac_local_pc,internacoes_local_p1000,internacoes_res_p1000,desp_ab_pc,desp_mac_pc,pct_recursos_proprios,pct_capital,fte_tec_enfermagem_p1000,fte_dentistas_p1000,equip_sus_p10000,equipes_esf_p10000,atend_odonto_pc,doses_menor1_por_nv,doses_pc,pct_urgencia,mortalidade_hosp_pct,permanencia_media,diarias_uti_p1000,valor_sih_local_pc,valor_sih_res_pc,pct_internacoes_fora_mun,pct_internacoes_fora_regiao,km_medio_internacao
510010,Acorizal,51002,Baixada Cuiabana,5105,Centro-Norte,2020,5334.0,IBGE estimativa,6.0,12.0,10.0,False,False,4570012.98,4204592.73,20888.31,123917.23,4463167.36,106845.62,4164135.8,2.58,6.77,14.28,1.0,22.69,68.21,0.0,0.0,5.0,9.0,4.0,0.0,0.0,2.0,0.0,1.0,933.0,694.0,624.0,2187.0,0.0,933.0,2253.0,639.0,2869.0,187.0,11958.0,39169.46,2283.0,16620.5,0.0,144.0,0.0,0.0,15666.0,154917.82,0.0,6.0,0.0,150.0,150.0,0.0,0.0,0.0,367863.89,0.0,0.0,12329.0,39169.46,58.0,43.0,2.0,34.48,8.06,75.86,10.34,56.9,13.79,856.77,788.26,3.92,0.484,1.269,4.254,0.0,0.375,0.175,0.117,0.41,2.242,0.0,0.0,28.121,788.2626,3.9161,91.1187,2.338,2.6772,0.1875,9.3738,3.7495,0.1301,11.0172,0.4224,,,,0.0,0.0,68.9659,100.0,0.7,57.4
510010,Acorizal,51002,Baixada Cuiabana,5105,Centro-Norte,2021,5309.0,IBGE estimativa,6.0,12.0,7.0,False,False,6039030.31,5587864.68,327732.67,0.0,5684998.19,354032.12,3284965.9,2.94,6.79,16.24,1.85,22.33,72.17,0.0,0.0,5.0,9.0,4.0,0.0,0.0,2.0,0.83,1.0,847.0,760.0,889.0,1030.0,119.0,728.0,1579.0,639.0,2024.0,4707.0,6367.0,19903.97,1999.0,12076.8,0.0,136.0,0.0,0.0,19429.0,235244.23,0.0,4.0,0.0,140.0,140.0,0.0,0.0,0.0,215793.32,0.0,0.0,11074.0,19903.97,44.0,44.0,0.0,0.0,8.29,75.0,2.27,45.45,15.91,1137.51,1052.53,61.73,0.554,1.279,4.206,0.0,0.3767,0.16,0.167,0.194,1.199,0.0,0.0,26.37,1052.5268,61.7315,54.3956,5.8624,3.059,0.3485,9.418,3.7672,0.1432,14.5227,0.2974,,,,0.0,0.0,40.6467,100.0,2.9,55.3
510010,Acorizal,51002,Baixada Cuiabana,5105,Centro-Norte,2022,5014.0,IBGE Censo 2022,6.0,12.0,12.0,False,True,8701304.9,3296075.85,3677499.0,1330752.18,7908800.95,792503.95,4653276.79,2.83,4.75,15.55,2.5,22.17,69.27,0.0,0.0,5.0,9.0,4.0,0.0,0.0,2.0,1.0,1.0,5501.0,825.0,2139.0,8687.0,627.0,4874.0,3148.0,1031.0,3798.0,222.0,20417.0,62426.71,3900.0,28873.4,0.0,143.0,0.0,0.0,23292.0,262154.64,0.0,4.0,0.0,147.0,147.0,0.0,0.0,0.0,150796.52,0.0,0.0,20639.0,62426.71,58.0,41.0,0.0,0.0,8.18,72.41,6.9,50.0,17.24,1735.4,657.37,733.45,0.564,0.947,4.422,0.0,0.3989,1.097,0.427,1.733,4.072,0.0,0.0,29.318,657.3745,733.4462,53.4779,9.1079,3.1013,0.4986,9.9721,3.9888,0.1645,17.7759,0.6278,,,,0.0,0.0,30.0751,100.0,1.4,55.2
510010,Acorizal,51002,Baixada Cuiabana,5105,Centro-Norte,2023,5002.0,interpolada (Censo 2022 x IBGE 2024),6.0,12.0,12.0,False,True,7362205.17,3559911.94,2050117.63,1299426.06,7352925.24,9279.93,5441231.18,3.57,4.21,14.95,1.75,22.92,74.68,0.0,0.0,5.0,9.0,4.0,0.0,0.0,2.0,1.0,1.0,12200.0,1235.0,3582.0,16165.0,1839.0,10361.0,3255.0,890.0,3923.0,197.0,19473.0,57451.89,3560.0,32810.57,0.0,126.0,0.0,0.0,23322.0,253759.9,0.0,10.0,0.0,136.0,136.0,0.0,0.0,0.0,260278.23,0.0,0.0,19670.0,57451.89,60.0,45.0,0.0,0.0,8.996,75.0,13.33,50.0,16.67,1471.85,711.7,409.86,0.714,0.842,4.582,0.0,0.3998,2.439,0.716,3.232,3.893,0.0,0.0,27.189,711.6977,409.8596,73.9076,0.126,2.9888,0.3499,9.996,3.9984,0.2469,14.8333,0.6507,,,,0.0,0.0,52.0348,100.0,2.9,53.0
510010,Acorizal,51002,Baixada Cuiabana,5105,Centro-Norte,2024,4990.0,IBGE estimativa,6.0,12.0,12.0,False,True,8699829.86,3159333.92,2865990.58,2098833.34,8347929.86,351900.0,6457567.11,4.38,7.33,16.12,1.75,22.08,91.77,0.0,0.0,5.0,9.0,4.0,0.0,0.0,2.0,1.0,1.0,16325.0,732.0,12726.0,22247.0,5922.0,10403.0,4318.0,866.0,4969.0,37.0,15334.0,46180.81,4114.0,44838.55,0.0,183.0,0.0,0.0,24527.0,426739.24,0.0,8.0,0.0,191.0,191.0,0.0,0.0,0.0,348385.99,0.0,0.0,15371.0,46180.81,44.0,49.0,0.0,0.0,9.82,88.64,9.09,47.73,13.64,1743.45,633.13,574.35,0.878,1.469,4.425,0.0,0.4008,3.272,2.55,4.458,3.073,0.0,0.0,38.277,633.1331,574.3468,74.2264,4.0449,3.2305,0.3507,10.02,4.008,0.1467,19.6818,0.8653,,,,0.0,0.0,69.8168,100.0,3.1,60.0
510010,Acorizal,51002,Baixada Cuiabana,5105,Centro-Norte,2025,4948.0,IBGE estimativa,5.0,12.0,12.0,False,False,15226934.28,3679994.24,2191169.08,8494959.77,15144252.78,82681.5,6776328.81,4.09,7.58,15.95,1.75,21.75,93.93,0.0,0.0,5.0,9.0,4.0,0.0,0.0,2.0,1.0,1.0,31511.0,887.0,32125.0,38270.0,14838.0,16673.0,5304.0,1008.0,5788.0,37.0,15458.0,46746.61,4524.0,61213.88,0.0,184.0,0.0,0.0,29445.0,430848.39,0.0,15.0,0.0,199.0,199.0,0.0,0.0,0.0,444089.88,0.0,0.0,15495.0,46746.61,,,,,,,,,,3077.39,743.73,442.84,0.827,1.532,4.396,0.0,0.4042,6.368,6.493,7.734,3.124,0.0,0.0,40.218,743.7337,442.8393,44.5023,0.543,3.2235,0.3537,10.1051,4.042,0.1793,,1.0719,,,,0.0,0.0,89.7514,100.0,1.0,56.9
510020,Água Boa,51006,Médio Araguaia,5104,Leste,2020,26204.0,IBGE estimativa,6.0,12.0,12.0,False,True,27154372.86,8742431.88,15355331.75,1862313.77,25741575.91,1412796.95,18647517.93,29.78,22.79,68.03,15.42,77.17,365.61,60.0,1.0,202.67,29.0,11.0,1.0,0.0,8.58,0.42,6.17,56347.0,5283.0,111762.0,86935.0,43408.0,10272.0,18872.0,6998.0,21450.0,18536.0,134733.0,965174.07,26935.0,188856.46,2473.0,1215.0,604.0,157100.4,44051.0,479584.39,0.0,16.0,2473.0,1231.0,136.0,7126.0,136.0,1704877.54,1181230.6,76.0,2462.0,200080.0,1396909.47,426.0,162.0,8.0,18.78,6.18,82.35,4.23,80.05,21.6,1036.27,333.63,585.99,1.136,0.87,2.945,2.29,0.3274,2.15,4.265,3.318,5.142,0.023,94.375,46.978,333.6297,585.9919,68.6722,5.2028,2.5962,0.5885,77.3432,3.2743,0.2016,16.4272,0.7202,99.5552,3.0732,2.8815,5.19,65.0617,45.0783,11.0479,9.3,36.6
510020,Água Boa,51006,Médio Araguaia,5104,Leste,2021,26679.0,IBGE estimativa,6.0,12.0,12.0,False,True,59816468.35,14787364.44,39259527.04,5059534.44,58352963.36,1463504.99,38320913.03,33.48,27.68,92.15,15.65,74.67,411.89,72.17,6.67,249.92,29.08,11.08,1.0,0.0,9.0,1.0,8.0,72196.0,7138.0,141859.0,83576.0,55264.0,13336.0,15260.0,6569.0,17825.0,20241.0,185271.0,1261579.57,69974.0,390531.33,4902.0,1922.0,566.0,147216.6,31595.0,515884.93,0.0,10.0,4902.0,1932.0,125.0,14440.0,1763.0,5943462.31,3184629.79,227.0,4740.0,278003.0,1892002.12,450.0,220.0,3.0,6.67,8.25,88.89,6.0,80.0,16.89,2242.08,554.27,1471.55,1.255,1.038,2.799,2.705,0.3373,2.706,5.317,3.133,6.944,0.021,183.74,72.417,554.2698,1471.5517,64.0642,2.4467,3.454,0.5866,93.6767,3.3734,0.2676,14.5978,0.572,96.6952,4.6308,2.9457,66.0819,222.7768,119.3684,6.47,5.5,23.9
510020,Água Boa,51006,Médio Araguaia,5104,Leste,2022,29219.0,IBGE Censo 2022,6.0,12.0,12.0,False,True,84706519.22,19716340.86,59401855.19,4803625.84,81586343.53,3120175.69,48117816.07,41.28,36.01,121.23,15.75,80.08,504.73,70.42,8.33,279.25,30.0,12.0,1.0,0.0,10.33,1.0,9.0,80990.0,9499.0,166510.0,122141.0,60446.0,17042.0,21204.0,7954.0,22880.0,61603.0,310193.0,1868038.36,131561.0,930143.95,5667.0,2144.0,311.0,82980.55,10959.0,355644.77,25.0,41.0,5692.0,2185.0,135.0,14620.0,2704.0,4358137.37,1648108.44,137.0,5335.0,479159.0,2606698.31,453.0,155.0,12.0,26.49,5.3,81.33,9.49,75.72,18.54,2899.02,674.78,2032.99,1.413,1.232,2.741,2.41,0.3535,2.772,5.699,4.18,10.616,0.011,194.805,74.78,674.7781,2032.9873,56.8053,3.6835,4.149,0.539,95.5714,3.5354,0.3251,17.5585,0.7257,93.728,2.4069,2.5685,92.5425,149.1542,56.4054,6.1785,5.6,22.3
510020,Água Boa,51006,Médio Araguaia,5104,Leste,2023,30248.0,interpolada (Censo 2022 x IBGE 2024),6.0,12.0,12.0,False,True,90240021.19,23758175.26,61286140.92,4397407.99,88845149.78,1394871.41,62992322.16,55.72,40.87,131.07,16.0,83.83,567.76,77.5,10.0,284.0,31.75,12.75,1.0,0.0,10.75,1.0,9.67,93304.0,11672.0,191248.0,115169.0,64439.0,23982.0,30495.0,9988.0,24250.0,61293.0,299260.0,1852718.2,183970.0,1207206.31,5415.0,1956.0,1100.0,134529.51,24948.0,391367.53,4.0,18.0,5419.0,1974.0,178.0,15716.0,3265.0,5151590.48,2046750.07,152.0,4253.0,491262.0,2674798.96,508.0,152.0,12.0,23.62,5.025,76.57,8.66,77.95,16.14,2983.34,785.45,2026.12,1.842,1.351,2.771,2.562,0.3554,3.085,6.323,3.807,9.894,0.036,179.152,65.261,785.4462,2026.1221,69.8053,1.5457,4.3332,0.529,93.8905,3.554,0.3859,19.6614,1.0082,78.4831,2.8049,2.9002,107.941,170.3118,67.6656,9.0172,8.8,33.0
510020,Água Boa,51006,Médio Araguaia,5104,Leste,2024,31314.0,IBGE estimativa,6.0,12.0,12.0,False,True,68830975.74,27967588.29,36062121.02,4152423.36,64818437.26,4012538.48,28375616.76,61.93,44.21,132.33,16.96,86.92,586.15,77.0,10.0,345.42,33.75,14.0,1.0,0.0,12.0,1.0,10.33,122238.0,14231.0,240844.0,126617.0,85678.0,31143.0,41961.0,11719.0,33103.0,41833.0,287053.0,1889027.65,193944.0,1180295.46,5819.0,2172.0,4496.0,600080.72,11605.0,803836.23,2.0,33.0,5821.0,2205.0,216.0,16930.0,3260.0,5661818.85,2557734.89,203.0,4158.0,453670.0,3155709.72,473.0,146.0,8.0,16.91,4.66,83.3,9.73,81.61,16.91,2198.09,893.13,1151.63,1.978,1.412,2.776,2.459,0.3832,3.904,7.691,4.043,9.167,0.144,185.891,70.416,893.1337,1151.6293,41.2251,5.8296,4.2259,0.5416,110.3085,3.8322,0.4545,24.7759,1.34,71.431,3.4874,2.9084,104.1068,180.8079,81.6802,9.7959,9.4,32.4
510020,Água Boa,51006,Médio Araguaia,5104,Leste,2025,32099.0,IBGE estimativa,6.0,12.0,12.0,False,True,100744214.44,31028148.27,61170300.82,5454070.95,97583236.17,3160978.27,66096681.01,60.69,46.78,137.63,17.64,89.2,606.74,74.0,10.0,372.42,34.75,14.33,1.0,0.0,12.33,0.75,11.08,131712.0,17591.0,267807.0,243322.0,90103.0,32435.0,41508.0,12151.0,32171.0,47121.0,289107.0,1872618.8,198564.0,1095160.23,5889.0,2310.0,8831.0,1755819.67,62443.0,1097524.28,12.0,66.0,5901.0,2376.0,330.0,16443.0,3301.0,6155810.94,3005043.67,213.0,4179.0,428328.0,4177660.02,,,,,,,,,,3138.55,966.64,1905.68,1.891,1.457,2.779,2.305,0.3841,4.103,8.343,7.58,9.007,0.275,183.838,74.021,966.6391,1905.6762,65.6084,3.1376,4.2877,0.5495,116.0223,3.8412,0.548,,1.2931,70.8185,3.6096,2.7865,102.8381,191.7758,93.618,13.8889,13.6,52.2
510025,Alta Floresta,51001,Alto Tapajós,5103,Norte,2020,51959.0,IBGE estimativa,6.0,12.0,12.0,False,True,37620042.95,19010194.45,8100523.03,5515674.35,36851326.96,768715.99,21024318.92,52.82,79.35,184.54,13.0,151.62,789.22,99.92,2.5,365.75,56.92,23.83,1.58,0.0,15.0,0.58,10.67,50530.0,7856.0,53127.0,73273.0,38938.0,11347.0,40833.0,11781.0,39704.0,103906.0,418316.0,2137983.16,41436.0,372346.99,4542.0,3007.0,3407.0,398227.73,143210.0,829100.97,0.0,52.0,4542.0,3059.0,271.0,16257.0,122.0,2889597.46,2638791.27,198.0,4189.0,602503.0,2755121.89,894.0,346.0,11.0,12.3,6.66,82.1,6.6,75.39,10.85,724.03,365.87,155.9,1.017,1.527,2.918,1.923,0.2887,0.972,1.022,1.41,8.051,0.066,87.415,58.873,365.8691,155.9022,55.886,2.0434,3.5516,0.2502,70.392,2.8869,0.1512,13.1779,0.7859,92.2281,4.3593,3.5793,2.348,55.613,50.786,8.8591,8.6,45.7
510025,Alta Floresta,51001,Alto Tapajós,5103,Norte,2021,52105.0,IBGE estimativa,6.0,12.0,12.0,False,True,57874123.48,20549891.8,24166616.82,5484159.03,55703365.32,2170758.16,24078137.46,68.09,110.25,223.26,12.33,154.03,909.73,155.75,18.0,702.92,62.0,24.0,2.0,0.58,15.0,1.0,11.5,75927.0,10512.0,123965.0,55915.0,48333.0,27594.0,30186.0,10895.0,30461.0,236157.0,445389.0,2507529.82,44340.0,513652.28,4834.0,3154.0,6013.0,767369.85,182024.0,982795.82,0.0,59.0,4834.0,3213.0,232.0,17889.0,3196.0,8917655.71,5388638.44,335.0,4512.0,749293.0,3641803.37,913.0,434.0,15.0,16.43,8.33,81.49,6.9,78.97,12.49,1110.72,394.39,463.81,1.307,2.116,2.956,2.989,0.2879,1.457,2.379,1.073,8.548,0.115,92.774,61.664,394.3939,463.8061,41.6043,3.7508,4.2848,0.2366,134.9045,2.8788,0.2017,11.9332,0.5793,93.3388,6.9301,3.7007,61.3377,171.1478,103.4188,7.2207,7.1,37.1
510025,Alta Floresta,51001,Alto Tapajós,5103,Norte,2022,58613.0,IBGE Censo 2022,6.0,12.0,12.0,False,True,51022553.65,24955240.95,12653908.38,6953856.19,49763386.63,1259167.02,29083394.38,71.82,102.82,216.9,13.29,159.08,910.98,124.17,1.67,902.33,64.75,24.0,2.25,0.75,15.0,1.0,13.33,85820.0,18426.0,174537.0,133337.0,58134.0,27686.0,37029.0,12871.0,36857.0,273064.0,486537.0,2785596.72,48867.0,557738.06,4380.0,3218.0,5497.0,752668.79,209644.0,1030098.3,0.0,60.0,4380.0,3278.0,607.0,16456.0,456.0,3528754.06,3041737.16,194.0,3732.0,890955.0,4475828.51,947.0,398.0,8.0,8.45,6.79,81.31,7.6,76.14,12.46,870.5,425.76,215.89,1.225,1.754,2.714,2.118,0.2559,1.464,2.978,2.275,8.301,0.094,74.727,55.926,425.7629,215.8891,57.0011,2.4679,3.7005,0.2267,153.9471,2.5592,0.3144,13.5913,0.6318,85.2055,4.4292,3.7571,7.7798,60.2043,51.8953,18.5174,8.9,52.9
510025,Alta Floresta,51001,Alto Tapajós,5103,Norte,2023,59937.0,interpolada (Censo 2022 x IBGE 2024),6.0,12.0,12.0,False,True,54195985.83,26780662.86,13811413.18,5428244.61,53102895.5,1093090.33,29255041.99,97.5,96.95,221.85,16.37,168.33,944.07,65.5,0.0,644.25,77.17,25.0,2.0,0.75,15.92,0.5,14.0,102430.0,25636.0,221231.0,388624.0,72110.0,30320.0,41867.0,14335.0,41323.0,274609.0,501078.0,2828192.66,53841.0,593285.55,4314.0,3080.0,3811.0,548344.5,250961.0,1242837.25,0.0,93.0,4314.0,3173.0,643.0,15646.0,0.0,2764314.85,2717498.66,131.0,3562.0,960606.0,5238858.66,996.0,362.0,9.0,9.04,6.04,85.14,6.53,80.12,11.45,904.22,446.81,230.43,1.627,1.618,2.808,1.093,0.2656,1.709,3.691,6.484,8.36,0.064,71.976,52.939,446.8135,230.4322,53.9801,2.0169,3.7014,0.2731,107.4879,2.6561,0.4277,14.3926,0.6985,82.5684,3.0366,3.6268,0.0,46.1203,45.3393,20.2647,14.7,75.6
510025,Alta Floresta,51001,Alto Tapajós,5103,Norte,2024,61291.0,IBGE estimativa,6.0,12.0,12.0,False,True,64897407.89,29130013.92,23721762.48,4940558.32,59229617.38,5667790.51,35607657.82,117.39,106.98,241.67,16.68,169.18,1010.4,140.67,0.0,1128.5,89.67,24.42,2.83,1.0,17.0,0.0,14.0,116007.0,27046.0,258369.0,262578.0,81123.0,34560.0,51888.0,13950.0,50073.0,219725.0,561610.0,3206237.07,55295.0,707793.79,5290.0,3900.0,4524.0,650834.3,329633.0,1662864.8,1.0,133.0,5291.0,4033.0,845.0,17091.0,0.0,4419212.22,4195769.76,110.0,3854.0,900059.0,5137632.57,906.0,363.0,13.0,14.35,5.92,83.77,7.84,86.31,10.6,1058.84,475.27,387.04,1.915,1.745,2.76,2.295,0.2774,1.893,4.215,4.284,9.163,0.074,86.326,65.801,475.2739,387.035,54.8676,8.7335,3.943,0.2721,184.1216,2.7737,0.4413,15.3974,0.8466,72.8407,2.079,3.2302,0.0,72.1021,68.4565,20.9521,13.0,65.6
510025,Alta Floresta,51001,Alto Tapajós,5103,Norte,2025,62158.0,IBGE estimativa,6.0,12.0,12.0,False,True,68918718.3,26895564.63,28120498.6,6486716.31,67102826.44,1815891.86,45316069.61,125.85,118.06,219.67,17.62,161.67,1016.5,76.33,0.0,935.25,94.5,24.0,2.25,1.0,17.0,0.0,14.0,135564.0,26377.0,293950.0,240266.0,98772.0,35865.0,57525.0,14586.0,53637.0,188110.0,648760.0,3939220.73,57507.0,701215.98,5985.0,4304.0,5974.0,858358.36,356808.0,1931833.72,0.0,157.0,5985.0,4461.0,864.0,20484.0,0.0,4125702.46,4466051.72,119.0,4623.0,984538.0,6092817.29,,,,,,,,,,1108.77,432.7,452.4,2.025,1.899,2.601,1.228,0.2735,2.181,4.729,3.865,10.437,0.096,96.287,71.769,432.6968,452.4035,65.7529,2.6348,3.5341,0.2835,150.4633,2.735,0.4244,,0.9255,77.2431,1.9883,3.4226,0.0,66.3744,71.85,19.3679,12.3,63.0
510030,Alto Araguaia,51013,Sul Matogrossense,5101,Sul,2020,19385.0,IBGE estimativa,6.0,12.0,12.0,False,True,21017408.26,6497022.69,10013285.32,333889.91,20163456.74,853951.52,15022303.28,16.8,17.65,36.92,7.75,35.83,196.06,34.0,0.0,37.0,19.17,6.58,1.0,0.0,6.0,0.0,6.0,25215.0,2120.0,36316.0,72463.0,19493.0,5158.0,9875.0,3330.0,9666.0,24660.0,99080.0,680432.2,7252.0,77786.79,523.0,855.0,0.0,0.0,19405.0,380082.75,0.0,37.0,523.0,892.0,411.0,1382.0,0.0,197640.77,902864.68,17.0,375.0,132843.0,737223.25,197.0,102.0,0.0,0.0,5.26,82.23,9.64,74.62,17.77,1084.21,335.16,516.55,0.867,0.91,1.848,1.754,0.3095,1.301,1.873,3.738,5.111,0.0,26.98,46.015,335.1572,516.5481,71.4755,4.0631,1.9046,0.3998,19.0869,3.0952,0.1094,16.9036,0.5094,71.7017,3.2505,2.6424,0.0,10.1956,46.5754,46.0762,2.9,87.0
510030,Alto Araguaia,51013,Sul Matogrossense,5101,Sul,2021,19714.0,IBGE estimativa,6.0,12.0,12.0,False,True,21728581.45,6376266.4,11188498.38,697555.03,21052367.05,676214.4,17441275.07,16.97,21.22,37.04,7.92,35.17,201.46,34.0,0.0,39.33,19.58,6.58,1.0,0.0,6.0,0.33,6.0,29518.0,2513.0,45909.0,65115.0,22692.0,5846.0,8374.0,3252.0,8373.0,32198.0,138970.0,933374.2,9080.0,89548.52,545.0,888.0,0.0,0.0,37532.0,362478.34,0.0,45.0,545.0,933.0,443.0,1234.0,0.0,224728.52,1461149.0,18.0,385.0,181789.0,1002112.0,182.0,136.0,2.0,10.99,6.9,84.07,8.24,77.47,18.68,1102.19,323.44,567.54,0.861,1.076,1.784,1.725,0.3044,1.497,2.329,3.303,7.049,0.0,27.645,47.327,323.4385,567.5408,80.2688,3.1121,1.8789,0.4017,19.9503,3.0435,0.1275,17.8681,0.4248,70.6422,3.3028,2.2642,0.0,11.3994,74.1173,47.4812,3.1,89.9
510030,Alto Araguaia,51013,Sul Matogrossense,5101,Sul,2022,17193.0,IBGE Censo 2022,6.0,12.0,12.0,False,True,30124071.29,9047863.6,14869726.82,1380778.19,28942887.83,1181183.46,22993952.67,17.5,21.47,38.72,7.89,35.0,211.56,32.58,0.0,42.58,20.0,7.0,1.0,0.0,6.0,1.0,6.58,40588.0,4298.0,63575.0,73051.0,27223.0,12461.0,8761.0,3465.0,9108.0,42896.0,169352.0,1160236.29,8422.0,99956.73,661.0,969.0,0.0,0.0,60952.0,429089.89,0.0,28.0,661.0,997.0,388.0,1419.0,0.0,273110.36,1039540.3,15.0,474.0,223854.0,1245097.44,191.0,110.0,4.0,20.94,6.4,83.77,10.99,82.72,12.04,1752.11,526.25,864.87,1.018,1.249,2.036,1.895,0.349,2.361,3.698,4.249,9.85,0.0,38.446,57.989,526.2528,864.871,76.3308,3.9211,2.2521,0.4589,24.7659,3.4898,0.25,18.1414,0.5096,71.7095,2.2693,2.1467,0.0,15.885,60.463,38.9168,2.5,75.0
510030,Alto Araguaia,51013,Sul Matogrossense,5101,Sul,2023,17423.0,interpolada (Censo 2022 x IBGE 2024),6.0,12.0,12.0,False,True,37596098.68,13409370.24,19883891.48,391663.17,36085780.02,1510318.66,22052552.49,19.36,22.03,41.15,8.98,35.23,257.48,23.0,0.0,64.25,20.0,7.0,1.0,0.0,6.0,1.0,7.0,43991.0,5856.0,71709.0,60893.0,31146.0,11762.0,8265.0,3498.0,8965.0,33439.0,159286.0,1018369.97,33634.0,187714.64,749.0,1075.0,1.0,97.44,97593.0,633907.73,1.0,42.0,750.0,1117.0,464.0,1423.0,0.0,343226.14,1487499.74,24.0,260.0,210247.0,1125170.66,189.0,114.0,0.0,0.0,6.543,89.89,7.41,91.01,15.87,2157.84,769.64,1141.24,1.111,1.264,2.022,1.32,0.3444,2.525,4.116,3.495,9.142,0.0,43.047,64.111,769.6361,1141.2438,58.6565,4.0172,2.3618,0.5154,36.8765,3.4437,0.3361,18.5079,0.4744,34.6667,3.2,1.8973,0.0,19.6996,85.3756,41.5398,4.8,84.0
510030,Alto Araguaia,51013,Sul Matogrossense,5101,Sul,2024,17657.0,IBGE estimativa,6.0,12.0,12.0,False,True,42621432.33,13392226.95,22666878.62,285394.69,42110925.36,510506.97,27829029.22,20.95,22.27,40.43,9.09,34.83,243.89,23.0,0.0,67.0,21.42,7.92,1.0,0.0,6.92,1.0,7.0,42440.0,6121.0,67111.0,105980.0,32344.0,9863.0,11818.0,2906.0,11968.0,63931.0,182775.0,1120519.96,41240.0,194157.47,651.0,979.0,0.0,0.0,131266.0,624668.39,0.0,57.0,651.0,1036.0,497.0,1401.0,0.0,253719.52,1349069.16,20.0,91.0,254960.0,1192371.01,158.0,127.0,0.0,0.0,7.19,89.74,6.33,77.22,14.56,2413.85,758.47,1283.73,1.186,1.261,1.973,1.303,0.3919,2.404,3.801,6.002,10.351,0.0,36.869,58.674,758.4656,1283.7333,65.2935,1.1978,2.2897,0.5148,37.9453,3.9191,0.3467,18.3924,0.6693,13.9785,3.0722,2.1521,0.0,14.3693,76.4042,47.973,3.2,90.2
510030,Alto Araguaia,51013,Sul Matogrossense,5101,Sul,2025,17751.0,IBGE estimativa,6.0,12.0,12.0,False,True,37565129.13,14841148.55,19975570.37,200611.17,36734829.94,830299.19,23784643.7,23.78,15.94,38.27,9.09,34.0,224.9,23.0,0.0,69.0,22.17,8.0,1.0,0.0,7.0,1.0,7.0,44144.0,7300.0,76071.0,137118.0,33019.0,8645.0,11791.0,2757.0,12703.0,60000.0,191798.0,1128923.02,24152.0,176531.79,580.0,940.0,0.0,0.0,145529.0,634846.16,0.0,75.0,580.0,1015.0,551.0,1228.0,0.0,199826.89,1530735.15,18.0,31.0,287921.0,1355801.77,,,,,,,,,,2116.23,836.07,1125.32,1.34,0.898,1.915,1.296,0.3943,2.487,4.285,7.725,10.805,0.0,32.674,57.18,836.0739,1125.3208,63.3158,2.2103,2.1559,0.5121,38.871,3.9434,0.4112,,0.6642,5.3448,3.1034,2.1172,0.0,11.2572,86.2337,54.2857,3.5,103.1
510035,Alto Boa Vista,51009,Norte Araguaia Karajá,5104,Leste,2020,6936.0,IBGE estimativa,6.0,12.0,12.0,False,True,7776259.86,2248646.56,516109.5,4685808.96,7249666.02,526593.84,4826542.96,4.03,6.95,8.42,2.33,18.92,70.4,0.0,0.0,47.5,5.67,2.0,0.0,0.0,2.0,0.0,2.0,16466.0,2132.0,23167.0,36222.0,9694.0,6189.0,4079.0,1247.0,3703.0,580.0,5256.0,19597.45,3192.0,24849.22,0.0,235.0,0.0,0.0,1599.0,31093.12,0.0,0.0,0.0,235.0,235.0,0.0,0.0,0.0,190196.76,0.0,0.0,7172.0,49958.5,91.0,25.0,2.0,21.98,3.6,63.74,4.4,49.45,30.77,1121.14,324.2,74.41,0.581,1.002,2.728,0.0,0.2884,2.374,3.34,5.222,0.758,0.0,0.0,33.881,324.1993,74.4103,62.0677,6.7718,1.214,0.3359,68.4833,2.8835,0.3074,13.7033,0.5881,,,,0.0,0.0,27.4217,100.0,10.2,111.9
510035,Alto Boa Vista,51009,Norte Araguaia Karajá,5104,Leste,2021,7092.0,IBGE estimativa,6.0,12.0,12.0,False,True,7591233.83,2311067.19,404051.31,4769001.88,7146918.83,444315.0,5079461.88,4.43,10.6,9.83,2.75,21.0,83.26,0.0,0.0,55.0,6.0,2.0,0.0,0.0,2.0,0.0,2.0,19618.0,2274.0,29366.0,42221.0,12725.0,5870.0,3657.0,1575.0,3059.0,720.0,10601.0,35344.99,3053.0,25164.21,0.0,291.0,0.0,0.0,1522.0,9006.4,0.0,1.0,0.0,292.0,292.0,0.0,0.0,0.0,447699.18,0.0,0.0,13145.0,70069.99,96.0,46.0,3.0,31.25,6.49,52.08,5.21,38.95,31.25,1070.39,325.87,56.97,0.625,1.495,2.961,0.0,0.282,2.766,4.141,5.953,1.495,0.0,0.0,41.173,325.8696,56.9728,66.9122,5.853,1.3861,0.3878,77.5522,2.8201,0.3206,16.4062,0.5157,,,,0.0,0.0,63.1274,100.0,17.5,152.5
510035,Alto Boa Vista,51009,Norte Araguaia Karajá,5104,Leste,2022,5715.0,IBGE Censo 2022,6.0,12.0,12.0,False,True,9858460.26,3126227.89,735641.97,5844434.52,9286086.18,572374.08,6043604.32,3.38,10.57,10.33,2.08,22.33,81.34,0.0,0.0,57.67,6.33,2.33,0.0,0.0,2.33,0.0,2.0,29390.0,3780.0,41793.0,61639.0,15976.0,12476.0,4736.0,1574.0,3905.0,1654.0,11023.0,45438.95,5104.0,46950.33,0.0,260.0,0.0,0.0,160.0,15794.94,0.0,7.0,0.0,267.0,267.0,0.0,0.0,0.0,179971.15,0.0,0.0,16390.0,93862.4,90.0,27.0,5.0,55.56,4.72,52.22,5.56,40.0,25.56,1725.01,547.02,128.72,0.591,1.85,3.907,0.0,0.4077,5.143,7.313,10.785,1.929,0.0,0.0,46.719,547.0215,128.7213,61.3037,5.8059,1.8075,0.364,100.9099,4.077,0.6614,17.4889,0.8287,,,,0.0,0.0,31.491,100.0,16.1,153.4
510035,Alto Boa Vista,51009,Norte Araguaia Karajá,5104,Leste,2023,5794.0,interpolada (Censo 2022 x IBGE 2024),6.0,12.0,12.0,False,True,10897571.18,3907370.98,705260.41,6152324.83,10271431.28,626139.9,6345906.2,3.73,10.0,10.92,2.25,23.75,86.21,0.0,0.0,63.0,7.0,3.0,0.0,0.0,3.0,0.0,2.08,35830.0,3423.0,54806.0,43536.0,16706.0,18191.0,7509.0,1813.0,5810.0,4440.0,13533.0,56271.4,5262.0,49634.39,0.0,313.0,0.0,0.0,6500.0,14151.85,0.0,4.0,0.0,317.0,317.0,0.0,0.0,0.0,187148.0,0.0,0.0,24658.0,121567.3,110.0,27.0,2.0,18.18,4.66,56.88,0.91,41.82,24.55,1880.84,674.38,121.72,0.644,1.726,4.099,0.0,0.5178,6.184,9.459,7.514,2.336,0.0,0.0,54.712,674.3823,121.7225,58.2323,5.7457,1.8847,0.3883,108.7332,5.1778,0.5908,16.4818,1.296,,,,0.0,0.0,32.3003,100.0,13.9,138.4
510035,Alto Boa Vista,51009,Norte Araguaia Karajá,5104,Leste,2024,5875.0,IBGE estimativa,6.0,12.0,12.0,False,True,12057510.23,3910291.05,1245462.88,6776659.69,11279498.33,778011.9,7706514.59,5.68,12.57,16.75,3.83,26.75,104.04,0.0,0.0,71.33,7.83,3.0,0.0,0.0,3.0,0.0,3.0,36610.0,4220.0,65461.0,47310.0,19088.0,16496.0,7253.0,1688.0,6386.0,554.0,14720.0,62668.2,6659.0,64674.37,0.0,361.0,0.0,0.0,1041.0,33938.37,0.0,7.0,0.0,368.0,368.0,0.0,0.0,0.0,288211.94,0.0,0.0,28943.0,153497.1,92.0,30.0,2.0,21.74,5.11,67.39,7.61,45.65,20.65,2052.34,665.58,211.99,0.967,2.14,4.553,0.0,0.5106,6.231,11.142,8.053,2.506,0.0,0.0,62.638,665.5815,211.9937,63.9146,6.4525,2.8511,0.6519,121.4128,5.1064,0.7183,18.3478,1.2346,,,,0.0,0.0,49.0574,100.0,21.5,160.1
510035,Alto Boa Vista,51009,Norte Araguaia Karajá,5104,Leste,2025,5920.0,IBGE estimativa,6.0,12.0,12.0,False,True,13790093.46,7830587.16,3038010.87,2444738.43,12594901.33,1195192.13,8186042.41,5.78,11.32,18.48,4.0,27.0,108.92,0.0,0.0,73.25,8.0,3.0,0.0,0.0,3.0,0.0,3.0,31703.0,3973.0,59814.0,52522.0,18103.0,12649.0,7925.0,1618.0,6888.0,493.0,19207.0,82839.76,7382.0,65803.31,0.0,394.0,0.0,0.0,9217.0,44759.47,0.0,12.0,0.0,406.0,406.0,0.0,0.0,0.0,380607.98,0.0,0.0,48244.0,302554.51,,,,,,,,,,2329.41,1322.73,513.18,0.976,1.912,4.561,0.0,0.5068,5.355,10.104,8.872,3.244,0.0,0.0,68.581,1322.7343,513.1775,59.3618,8.667,3.1216,0.6757,123.7331,5.0676,0.6711,,1.3387,,,,0.0,0.0,64.2919,100.0,20.0,154.8
510040,Alto Garças,51013,Sul Matogrossense,5101,Sul,2020,12151.0,IBGE estimativa,6.0,12.0,12.0,False,True,13507039.05,3083955.13,7426434.41,1425842.17,12639786.6,867252.45,10028031.13,7.04,6.29,23.5,3.58,29.83,89.25,0.0,0.0,50.0,8.58,3.0,0.0,1.0,3.0,0.0,3.0,15424.0,1630.0,16644.0,62007.0,11493.0,3931.0,9884.0,2230.0,10222.0,145065.0,41907.0,230777.3,5068.0,42310.89,0.0,296.0,0.0,0.0,37532.0,157063.6,0.0,18.0,0.0,314.0,314.0,0.0,0.0,0.0,550516.08,0.0,0.0,187831.0,231584.15,141.0,69.0,0.0,0.0,5.68,78.01,9.22,61.7,15.6,1111.6,253.8,611.18,0.579,0.518,2.455,0.0,0.2469,1.269,1.37,5.103,3.449,0.0,0.0,25.841,253.8026,611.1789,74.243,6.4207,1.934,0.2946,41.1489,2.4689,0.1341,15.8156,0.8134,,,,0.0,0.0,45.3062,100.0,5.1,137.6
510040,Alto Garças,51013,Sul Matogrossense,5101,Sul,2021,12323.0,IBGE estimativa,6.0,12.0,12.0,False,True,13682009.93,3334078.81,8381032.23,553954.9,13389473.43,292536.5,9837988.01,6.68,7.15,23.33,3.67,30.25,90.29,0.0,0.0,99.0,8.83,3.0,0.0,1.0,3.0,0.0,3.0,13918.0,2648.0,16876.0,65242.0,9740.0,4178.0,6613.0,2089.0,6913.0,150891.0,67963.0,407480.78,11227.0,97174.36,0.0,437.0,0.0,0.0,45644.0,237872.75,0.0,41.0,0.0,478.0,478.0,0.0,0.0,0.0,1314378.95,0.0,0.0,220271.0,410505.23,148.0,99.0,1.0,6.76,8.03,77.7,8.11,54.73,16.22,1110.28,270.56,680.11,0.542,0.58,2.455,0.0,0.2434,1.129,1.369,5.294,5.515,0.0,0.0,38.789,270.5574,680.113,71.9046,2.1381,1.8932,0.2978,80.3376,2.4345,0.2149,14.1149,0.5366,,,,0.0,0.0,106.6606,100.0,3.3,134.5
510040,Alto Garças,51013,Sul Matogrossense,5101,Sul,2022,13052.0,IBGE Censo 2022,6.0,12.0,12.0,False,True,17967726.32,4772019.96,9903659.97,1290192.46,17643009.41,324716.91,13095121.41,6.43,7.33,25.0,3.0,29.75,93.09,0.0,0.0,99.0,8.0,3.0,0.0,1.0,3.0,0.0,3.0,30968.0,3485.0,24644.0,70170.0,21007.0,9961.0,9051.0,2837.0,9191.0,194533.0,88469.0,548250.59,16852.0,112618.32,0.0,466.0,60.0,6370.05,61502.0,317279.02,0.0,63.0,0.0,529.0,529.0,0.0,0.0,0.0,937916.07,0.0,0.0,284966.0,560120.09,168.0,80.0,0.0,0.0,6.13,78.57,8.93,60.12,9.52,1376.63,365.62,758.78,0.493,0.562,2.279,0.0,0.2298,2.373,1.888,5.376,6.778,0.005,0.0,40.53,365.616,758.7849,72.8813,1.8072,1.9154,0.2298,75.8504,2.2985,0.267,16.8869,0.6935,,,,0.0,0.0,71.86,100.0,4.5,136.9
510040,Alto Garças,51013,Sul Matogrossense,5101,Sul,2023,13375.0,interpolada (Censo 2022 x IBGE 2024),6.0,12.0,12.0,False,True,24353555.36,6575197.48,12563456.66,2791630.63,22779261.94,1574293.42,13550938.24,6.35,8.8,28.23,3.0,30.67,105.22,0.0,0.0,99.33,8.0,3.0,0.0,1.0,3.0,0.0,3.0,29920.0,4248.0,21886.0,82978.0,19904.0,9989.0,8841.0,3044.0,9509.0,219371.0,108970.0,685593.99,16802.0,109797.29,0.0,534.0,191.0,0.0,62358.0,259488.19,0.0,56.0,0.0,590.0,590.0,0.0,0.0,0.0,1109690.22,0.0,0.0,330422.0,691058.79,177.0,70.0,1.0,5.65,5.234,73.45,7.91,55.93,12.5,1820.83,491.6,939.32,0.475,0.658,2.293,0.0,0.2243,2.237,1.636,6.204,8.147,0.014,0.0,44.112,491.6035,939.3239,55.6425,6.4643,2.1107,0.2243,74.2654,2.243,0.3176,17.1977,0.661,,,,0.0,0.0,82.9675,100.0,10.7,141.2
510040,Alto Garças,51013,Sul Matogrossense,5101,Sul,2024,13707.0,IBGE estimativa,6.0,12.0,12.0,False,True,21275826.53,3032515.44,14919377.56,1462843.29,17143340.55,4132485.98,18844907.33,12.13,14.23,30.39,3.0,33.25,148.98,7.33,0.0,113.25,9.17,3.92,0.33,0.67,3.92,0.0,3.0,32902.0,3878.0,22670.0,99403.0,24170.0,7837.0,10574.0,2652.0,11625.0,227630.0,150532.0,632203.8,16166.0,126475.79,0.0,631.0,16.0,136.41,93292.0,413052.83,0.0,54.0,0.0,685.0,685.0,0.0,0.0,0.0,1319160.45,0.0,0.0,379327.0,634934.01,151.0,83.0,2.0,13.25,6.06,84.77,5.96,58.94,12.58,1552.19,221.24,1088.45,0.885,1.038,2.426,0.535,0.286,2.4,1.654,7.252,10.982,0.001,0.0,49.974,221.2385,1088.4495,88.5743,19.4234,2.2171,0.2189,82.622,2.8599,0.2829,17.5629,0.7714,,,,0.0,0.0,96.2399,100.0,8.2,142.1
510040,Alto Garças,51013,Sul Matogrossense,5101,Sul,2025,13956.0,IBGE estimativa,6.0,12.0,12.0,False,True,32957384.72,6998186.66,21073216.75,1815890.25,32774976.39,182408.33,26405427.55,14.8,16.85,36.27,3.92,32.0,165.74,20.92,0.0,143.42,11.0,4.0,1.0,0.0,4.0,0.0,3.0,35165.0,3898.0,27449.0,102057.0,24770.0,9809.0,11036.0,2507.0,11857.0,284213.0,201789.0,1050986.69,13976.0,133116.06,0.0,560.0,500.0,19249.44,92569.0,609293.09,0.0,57.0,0.0,617.0,617.0,0.0,0.0,0.0,1603665.3,0.0,0.0,487868.0,1073196.23,,,,,,,,,,2361.52,501.45,1509.98,1.06,1.207,2.293,1.499,0.2866,2.52,1.967,7.313,14.459,0.036,0.0,44.21,501.4465,1509.9754,80.1199,0.5535,2.5989,0.2809,102.7658,2.8662,0.2793,,0.7908,,,,0.0,0.0,114.9087,100.0,6.3,142.2
510050,Alto Paraguai,51004,Centro Norte,5106,Centro-Noroeste,2020,11473.0,IBGE estimativa,6.0,12.0,12.0,False,True,7335413.93,2621037.17,3023416.82,1029549.75,6749498.88,585915.05,4515550.82,3.63,13.63,12.83,2.83,27.0,90.27,0.0,0.0,18.5,11.08,5.5,0.0,1.0,2.58,0.0,2.58,6500.0,549.0,6561.0,11586.0,4634.0,1866.0,719.0,180.0,1539.0,35164.0,7306.0,81068.06,1436.0,6463.59,0.0,188.0,0.0,0.0,10170.0,101747.62,0.0,4.0,0.0,192.0,192.0,0.0,0.0,0.0,402671.79,0.0,0.0,45633.0,81068.06,76.0,67.0,0.0,0.0,5.84,69.74,7.89,56.58,17.11,639.36,228.45,263.52,0.316,1.188,2.353,0.0,0.2249,0.567,0.572,1.01,0.637,0.0,0.0,16.735,228.4526,263.5245,61.5582,7.9875,1.1183,0.2467,16.1248,2.2488,0.0479,2.3684,0.0627,,,,0.0,0.0,35.0973,100.0,58.3,78.9
510050,Alto Paraguai,51004,Centro Norte,5106,Centro-Noroeste,2021,11587.0,IBGE estimativa,6.0,12.0,12.0,False,True,7912232.55,2573925.62,3106904.95,1705968.39,7559868.47,352364.08,5449866.11,5.83,14.77,11.5,3.25,25.5,91.81,0.0,0.0,20.0,11.92,6.0,0.0,1.0,3.0,0.0,3.0,10346.0,941.0,8186.0,19723.0,7031.0,3315.0,3928.0,966.0,3819.0,71921.0,7090.0,77627.92,1889.0,17485.77,0.0,297.0,0.0,0.0,7519.0,151730.09,0.0,7.0,0.0,304.0,304.0,0.0,0.0,0.0,526436.57,0.0,0.0,79993.0,77627.92,94.0,67.0,0.0,0.0,5.78,89.36,2.13,60.64,18.09,682.85,222.14,268.14,0.503,1.275,2.201,0.0,0.2589,0.893,0.706,1.702,0.612,0.0,0.0,26.236,222.1391,268.1371,68.879,4.4534,0.9925,0.2805,17.2607,2.5891,0.0812,10.2766,0.339,,,,0.0,0.0,45.4334,100.0,42.1,60.5
510050,Alto Paraguai,51004,Centro Norte,5106,Centro-Noroeste,2022,8009.0,IBGE Censo 2022,6.0,12.0,12.0,False,True,12133062.59,3195170.47,6518886.67,1870677.89,9734522.22,2398540.37,5073000.5,6.71,14.27,10.5,3.29,25.58,89.75,0.0,0.0,18.42,11.25,5.25,0.0,1.0,3.0,0.0,3.0,15811.0,1898.0,14419.0,33211.0,8144.0,7667.0,6576.0,1071.0,6178.0,57156.0,13118.0,126777.66,3259.0,28553.2,0.0,335.0,0.0,0.0,9679.0,172932.51,0.0,11.0,0.0,346.0,346.0,0.0,0.0,0.0,467991.21,0.0,0.0,70613.0,126777.66,92.0,77.0,1.0,10.87,9.61,86.96,8.7,56.52,16.3,1514.93,398.95,813.95,0.838,1.782,3.194,0.0,0.3746,1.974,1.8,4.147,1.638,0.0,0.0,43.201,398.9475,813.9451,41.8114,19.7686,1.311,0.4108,22.9991,3.7458,0.237,11.6413,0.8211,,,,0.0,0.0,58.4332,100.0,38.7,58.8
510050,Alto Paraguai,51004,Centro Norte,5106,Centro-Noroeste,2023,7862.0,interpolada (Censo 2022 x IBGE 2024),6.0,12.0,12.0,False,True,11641923.16,3782882.27,5313544.37,1614663.88,10578320.48,1063602.68,6746064.39,9.03,18.15,13.75,2.58,25.0,107.18,0.0,0.0,19.08,11.5,5.0,0.0,1.0,3.0,0.0,3.0,15200.0,3005.0,13358.0,35185.0,8854.0,6346.0,6571.0,1214.0,6373.0,138.0,16465.0,167653.98,2505.0,30136.66,0.0,349.0,0.0,0.0,10773.0,212721.58,0.0,13.0,0.0,362.0,362.0,0.0,0.0,0.0,438642.48,0.0,0.0,17384.0,167653.98,84.0,62.0,2.0,23.81,7.886,89.29,7.14,57.14,22.62,1480.78,481.16,675.85,1.149,2.309,3.18,0.0,0.3816,1.933,1.699,4.475,2.094,0.0,0.0,46.044,481.1603,675.8515,57.9463,9.136,1.7489,0.3282,24.2686,3.8158,0.3822,14.4524,0.8358,,,,0.0,0.0,55.7927,100.0,41.7,63.2
510050,Alto Paraguai,51004,Centro Norte,5106,Centro-Noroeste,2024,7717.0,IBGE estimativa,6.0,12.0,12.0,False,True,12662075.39,4647897.61,5123119.84,2000880.32,12436586.87,225488.52,7289669.27,11.9,23.0,18.0,2.92,26.67,127.96,0.0,0.0,22.92,11.0,5.5,0.0,1.0,3.75,0.33,3.0,24300.0,4112.0,20700.0,29647.0,13061.0,11239.0,5304.0,1272.0,5482.0,89877.0,40166.0,258565.72,3418.0,50231.31,0.0,339.0,0.0,0.0,17805.0,265920.9,0.0,19.0,0.0,358.0,358.0,0.0,0.0,0.0,545033.4,0.0,0.0,130832.0,259679.47,107.0,55.0,0.0,0.0,7.13,91.59,11.21,71.03,17.76,1640.8,602.29,663.87,1.542,2.98,3.456,0.0,0.4859,3.149,2.682,3.842,5.205,0.0,0.0,46.391,602.2933,663.8745,57.5709,1.7808,2.3325,0.3784,29.7007,4.8594,0.5328,11.8879,0.6873,,,,0.0,0.0,70.6276,100.0,45.5,65.6
510050,Alto Paraguai,51004,Centro Norte,5106,Centro-Noroeste,2025,7525.0,IBGE estimativa,6.0,12.0,12.0,False,True,14424755.33,6020588.13,5202381.36,1827334.51,13625506.89,799248.44,7493386.54,12.6,26.13,25.42,4.31,23.33,154.03,0.0,0.0,30.92,12.17,6.0,0.0,1.0,4.0,2.0,3.92,36295.0,5761.0,33966.0,31471.0,21537.0,14758.0,7451.0,1573.0,7309.0,189781.0,35645.0,179896.15,5030.0,59143.43,0.0,308.0,0.0,0.0,20082.0,190194.74,0.0,20.0,0.0,328.0,328.0,0.0,0.0,0.0,534567.1,0.0,0.0,226379.0,201452.8,,,,,,,,,,1916.91,800.08,691.35,1.674,3.472,3.1,0.0,0.5316,4.823,4.514,4.182,4.737,0.0,0.0,43.588,800.0782,691.3464,51.9481,5.5408,3.3781,0.5728,41.0897,5.3156,0.7656,,0.9902,,,,0.0,0.0,71.0388,100.0,47.3,68.7
510060,Alto Taquari,51013,Sul Matogrossense,5101,Sul,2020,11133.0,IBGE estimativa,6.0,12.0,12.0,False,True,16090847.19,4698186.35,6315929.21,4794236.7,14964906.46,1125940.73,12448372.74,8.51,12.92,16.3,4.83,33.25,104.48,25.0,0.0,44.0,8.0,3.0,1.0,0.0,3.0,0.0,3.0,15336.0,4284.0,24888.0,36272.0,8844.0,3906.0,8825.0,2698.0,8976.0,25651.0,67901.0,394520.72,3237.0,33282.78,115.0,213.0,0.0,0.0,11197.0,136843.41,0.0,6.0,115.0,219.0,109.0,288.0,0.0,69834.47,269550.74,0.0,30.0,97969.0,415978.37,146.0,51.0,1.0,6.85,4.58,62.33,10.27,89.04,23.29,1445.33,422.01,567.32,0.764,1.161,2.987,2.246,0.2695,1.378,2.236,3.258,6.099,0.0,10.33,19.671,422.0054,567.316,77.3631,6.9974,1.4641,0.4338,39.5221,2.6947,0.3848,18.4795,0.7927,26.087,0.0,2.5043,0.0,6.2727,24.2119,49.7717,2.7,109.2
510060,Alto Taquari,51013,Sul Matogrossense,5101,Sul,2021,11413.0,IBGE estimativa,6.0,12.0,12.0,False,True,21729646.77,6736497.86,9892203.95,4667483.11,20483809.87,1245836.9,15387483.4,10.41,17.42,17.36,4.42,36.58,119.14,21.17,0.0,44.0,7.92,3.0,1.0,0.0,3.0,0.0,3.0,37019.0,7018.0,52653.0,79642.0,16695.0,11780.0,7257.0,2601.0,7240.0,31070.0,88164.0,458227.5,3703.0,39069.1,149.0,261.0,0.0,0.0,20628.0,140836.21,0.0,6.0,149.0,267.0,120.0,377.0,0.0,92723.45,748518.99,0.0,36.0,125280.0,489049.8,151.0,56.0,1.0,6.62,4.91,58.28,6.62,88.67,18.54,1903.94,590.25,866.75,0.912,1.526,3.205,1.855,0.2629,3.244,4.613,6.978,7.725,0.0,13.055,23.394,590.2478,866.7488,70.8133,5.7334,1.5211,0.3873,38.5525,2.6286,0.6149,17.2252,0.6359,24.1611,0.0,2.5302,0.0,8.1244,65.5848,44.9438,1.1,96.9
510060,Alto Taquari,51013,Sul Matogrossense,5101,Sul,2022,10904.0,IBGE Censo 2022,6.0,12.0,12.0,False,True,18263912.84,6998138.47,7101467.19,3727617.12,17337684.32,926228.52,12873102.38,10.26,14.08,17.83,3.08,32.5,112.26,20.0,0.0,48.5,7.0,3.0,1.0,0.0,3.0,0.0,2.58,44748.0,10280.0,69512.0,105453.0,21889.0,8302.0,8186.0,3019.0,7752.0,44384.0,115619.0,686235.88,3281.0,42275.66,305.0,430.0,0.0,0.0,22619.0,159546.22,0.0,11.0,305.0,441.0,138.0,528.0,0.0,180655.06,491189.02,0.0,35.0,184249.0,802981.63,164.0,61.0,3.0,18.29,5.59,80.49,6.1,85.98,9.76,1674.97,641.8,651.27,0.941,1.291,2.981,1.834,0.2751,4.104,6.375,9.671,10.603,0.0,27.971,40.444,641.7955,651.2718,70.4838,5.0714,1.6352,0.2825,44.4791,2.7513,0.9428,18.4085,0.7507,11.4754,0.0,1.7311,0.0,16.5678,45.0467,31.2925,3.2,72.1
510060,Alto Taquari,51013,Sul Matogrossense,5101,Sul,2023,11233.0,interpolada (Censo 2022 x IBGE 2024),6.0,12.0,12.0,False,True,21529838.29,6752310.96,11205318.98,3017910.33,20855451.65,674386.64,16915743.23,11.54,15.58,20.5,3.0,31.58,147.04,20.0,0.0,53.08,7.0,3.0,1.0,0.0,3.0,0.0,2.67,37689.0,12447.0,59901.0,90992.0,20816.0,4424.0,8489.0,2771.0,8714.0,33694.0,89259.0,549532.46,4348.0,63692.69,421.0,593.0,0.0,0.0,45662.0,60790.01,0.0,11.0,421.0,604.0,191.0,938.0,0.0,251654.05,655908.76,4.0,248.0,163469.0,742721.06,156.0,49.0,0.0,0.0,4.362,83.97,7.05,85.26,10.26,1916.66,601.11,997.54,1.027,1.387,2.811,1.78,0.2671,3.355,5.333,8.1,7.946,0.0,37.479,53.77,601.1138,997.5357,78.5688,3.1323,1.825,0.2671,47.2536,2.6707,1.1081,17.7628,0.7557,58.9074,0.9501,2.228,0.0,22.4031,58.3912,31.6225,3.3,72.3
510060,Alto Taquari,51013,Sul Matogrossense,5101,Sul,2024,11571.0,IBGE estimativa,6.0,12.0,12.0,False,True,29093390.22,8064802.03,17657692.08,3003500.67,27520471.87,1572918.35,22393826.59,12.65,16.14,24.34,3.0,33.58,157.82,20.0,0.0,55.0,10.25,3.92,1.0,0.5,3.0,0.0,3.0,44708.0,11603.0,71024.0,88576.0,27585.0,5022.0,7254.0,2242.0,8402.0,36252.0,85963.0,567302.59,5585.0,65583.29,480.0,696.0,0.0,0.0,83215.0,150799.75,0.0,18.0,480.0,714.0,237.0,973.0,0.0,186284.43,845935.09,7.0,408.0,135846.0,631756.54,157.0,48.0,5.0,31.85,4.15,73.89,7.64,83.33,15.29,2514.34,696.98,1526.03,1.093,1.395,2.902,1.728,0.2593,3.864,6.138,7.655,7.429,0.0,41.483,61.706,696.984,1526.0299,76.9722,5.4064,2.1035,0.2593,47.5326,2.5927,1.0028,14.2803,0.6269,85.0,1.4583,2.0271,0.0,16.0993,73.1082,33.1933,2.5,73.6
510060,Alto Taquari,51013,Sul Matogrossense,5101,Sul,2025,11877.0,IBGE estimativa,6.0,12.0,12.0,False,True,29803091.58,9410250.88,16289066.97,2992734.39,27894916.82,1908174.76,25354625.19,12.25,14.46,24.42,3.14,31.75,143.11,20.67,0.0,53.67,10.0,4.0,1.0,0.0,3.0,0.0,3.0,40735.0,10169.0,67656.0,82820.0,22169.0,3470.0,7196.0,2097.0,8387.0,4978.0,110410.0,432780.58,15515.0,153211.93,290.0,563.0,0.0,0.0,67740.0,180954.22,1.0,18.0,291.0,581.0,291.0,620.0,0.0,172363.79,889311.98,1.0,190.0,152236.0,613767.43,,,,,,,,,,2509.31,792.31,1371.48,1.031,1.217,2.673,1.74,0.2526,3.43,5.696,6.973,9.296,0.0,24.501,48.918,792.3087,1371.4799,85.0738,6.4026,2.0561,0.2644,45.1882,2.5259,0.8562,,0.6059,65.2921,0.3436,2.1306,0.0,14.5124,74.8768,50.0861,1.5,108.1
510080,Apiacás,51001,Alto Tapajós,5103,Norte,2020,10283.0,IBGE estimativa,6.0,12.0,12.0,False,True,9430219.04,2274435.37,5970862.37,686916.46,7702422.49,1727796.55,3713028.34,4.68,9.42,14.75,2.0,20.08,97.69,31.33,0.0,24.0,8.0,3.0,1.0,0.0,3.0,0.0,2.0,15157.0,2045.0,6726.0,20130.0,9317.0,4929.0,7675.0,2138.0,7675.0,992533.0,244973.0,881066.32,10300.0,119201.18,328.0,593.0,48.0,8116.67,6979.0,140174.77,0.0,25.0,328.0,618.0,294.0,1075.0,0.0,119652.86,346226.1,0.0,328.0,1266803.0,1069954.59,122.0,41.0,3.0,24.59,3.99,89.34,5.74,53.28,20.49,917.07,221.18,580.65,0.455,0.916,1.953,3.047,0.2917,1.474,0.654,1.958,23.823,0.005,31.897,60.099,221.184,580.6537,39.3737,18.3219,1.4344,0.1945,23.3395,2.9174,0.1989,17.5246,0.7464,100.0,0.0,3.2774,0.0,11.636,33.6698,47.5728,8.1,96.7
510080,Apiacás,51001,Alto Tapajós,5103,Norte,2021,10431.0,IBGE estimativa,6.0,12.0,12.0,False,True,10403492.9,2364273.58,6245265.47,1112883.42,9827430.15,576062.75,6518172.54,6.85,11.42,18.75,2.0,18.25,105.84,32.0,0.0,24.0,8.83,3.83,1.0,0.0,3.0,0.0,2.0,14258.0,2161.0,9818.0,23740.0,9305.0,4237.0,7015.0,2439.0,7143.0,319370.0,341264.0,1448946.75,19993.0,168899.29,525.0,785.0,120.0,24609.02,9480.0,192380.46,0.0,18.0,525.0,803.0,278.0,1632.0,0.0,336613.41,897781.1,1.0,524.0,686973.0,1660065.47,130.0,55.0,1.0,7.69,5.27,91.54,10.77,53.08,22.31,997.36,226.66,598.72,0.657,1.095,1.75,3.068,0.2876,1.367,0.941,2.276,32.716,0.012,50.331,76.982,226.6584,598.7216,62.6537,5.5372,1.7975,0.1917,23.0083,2.876,0.2072,18.7615,0.6725,99.8095,0.1905,3.1086,0.0,32.2705,86.0686,34.6202,7.5,78.1
510080,Apiacás,51001,Alto Tapajós,5103,Norte,2022,8590.0,IBGE Censo 2022,6.0,12.0,12.0,False,True,11781664.85,2576711.25,7646177.42,1134795.13,11434074.21,347590.64,7722507.34,6.97,12.0,21.58,2.83,16.58,110.55,32.0,0.0,61.5,9.0,4.0,1.0,0.0,3.0,0.0,2.0,16394.0,3147.0,23052.0,22879.0,9445.0,6856.0,8131.0,2815.0,8219.0,324236.0,318367.0,1263665.62,22373.0,183452.47,471.0,742.0,122.0,24437.28,4608.0,190637.19,0.0,13.0,471.0,755.0,288.0,1266.0,0.0,219531.59,498476.4,2.0,471.0,679824.0,1538056.75,156.0,48.0,5.0,32.05,5.59,91.03,9.62,55.13,23.72,1371.56,299.97,890.13,0.811,1.397,1.93,3.725,0.3492,1.908,2.684,2.663,37.063,0.014,54.831,87.893,299.9664,890.1254,65.5468,2.9503,2.5122,0.3295,71.5949,3.4924,0.3664,18.0449,0.9466,100.0,0.4246,2.6879,0.0,25.5566,58.0298,38.1457,6.5,79.1
510080,Apiacás,51001,Alto Tapajós,5103,Norte,2023,8641.0,interpolada (Censo 2022 x IBGE 2024),6.0,12.0,12.0,False,True,14500398.05,3230556.54,9475731.86,899435.3,13487883.62,1012514.43,8724589.7,6.86,12.25,20.92,2.75,16.42,114.21,32.0,0.0,81.08,8.17,3.17,1.0,0.0,3.0,0.0,2.67,16626.0,3331.0,26934.0,18131.0,10880.0,5746.0,8746.0,2574.0,8922.0,327957.0,345644.0,1431007.34,8626.0,138635.48,517.0,808.0,75.0,15762.5,3949.0,103121.75,0.0,12.0,517.0,820.0,306.0,1771.0,0.0,205199.72,611287.11,1.0,517.0,706148.0,1635225.19,149.0,41.0,4.0,26.85,4.745,93.29,7.38,46.31,17.45,1678.09,373.86,1096.6,0.794,1.418,1.9,3.703,0.3472,1.924,3.117,2.098,40.0,0.009,59.831,94.896,373.8637,1096.6013,60.1679,6.9827,2.421,0.3183,93.8317,3.4718,0.3855,17.2752,1.0122,100.0,0.1934,3.4255,0.0,23.7472,70.7426,37.3171,9.6,86.4
510080,Apiacás,51001,Alto Tapajós,5103,Norte,2024,8692.0,IBGE estimativa,6.0,12.0,12.0,False,True,15696748.21,3364952.4,10277053.61,1229095.58,15220097.82,476650.39,9691271.03,6.83,12.58,20.67,3.0,18.0,122.82,32.0,0.0,83.83,9.67,3.0,1.0,0.0,3.0,0.0,3.0,17050.0,3425.0,28394.0,31151.0,12225.0,4825.0,8324.0,2242.0,8719.0,253831.0,367376.0,1441779.59,4716.0,110190.43,260.0,595.0,363.0,82467.52,8317.0,186160.64,0.0,24.0,260.0,619.0,363.0,867.0,0.0,108894.38,519094.88,3.0,259.0,661065.0,1775726.01,130.0,54.0,2.0,15.38,6.21,93.08,8.46,59.23,21.54,1805.88,387.13,1182.36,0.786,1.447,2.071,3.682,0.3451,1.962,3.267,3.584,42.266,0.042,29.913,71.215,387.1321,1182.3578,61.7406,3.0366,2.378,0.3451,96.445,3.4514,0.394,17.2462,0.9577,99.6154,1.1538,3.3346,0.0,12.5281,59.721,58.643,13.4,129.8
510080,Apiacás,51001,Alto Tapajós,5103,Norte,2025,8693.0,IBGE estimativa,6.0,12.0,12.0,False,True,17956706.4,3950253.43,11364560.24,1812985.19,17402031.99,554674.41,11492754.98,6.64,13.92,22.83,3.13,21.25,131.52,32.0,0.0,91.83,10.75,3.0,1.0,0.0,3.0,0.0,3.0,20393.0,3979.0,33279.0,39280.0,13167.0,6016.0,7747.0,2005.0,8210.0,287557.0,369366.0,1516148.24,4251.0,102171.36,427.0,867.0,514.0,107230.81,21161.0,307136.31,0.0,12.0,427.0,879.0,453.0,1469.0,0.0,155139.28,774891.98,2.0,427.0,710971.0,1954480.05,,,,,,,,,,2065.65,454.42,1307.32,0.764,1.601,2.444,3.681,0.3451,2.346,3.828,4.519,42.49,0.059,49.12,101.116,454.4177,1307.3232,64.0026,3.089,2.6263,0.3601,105.6367,3.4511,0.4577,,0.8912,100.0,0.4684,3.4403,0.0,17.8465,89.1398,51.5358,10.4,109.8
510100,Araguaiana,51005,Garças Araguaia,5104,Leste,2020,3109.0,IBGE estimativa,6.0,12.0,12.0,False,True,5701964.34,5475064.23,83943.27,16180.58,5364848.35,337115.99,3656940.05,2.67,9.0,11.5,1.0,16.0,86.58,12.0,0.0,11.0,6.5,1.5,0.0,0.0,1.0,0.0,1.0,3924.0,470.0,3848.0,2676.0,3067.0,421.0,2831.0,766.0,3031.0,9208.0,0.0,0.0,3642.0,24021.81,0.0,121.0,0.0,0.0,2478.0,107044.0,0.0,1.0,0.0,122.0,122.0,0.0,0.0,0.0,160937.88,0.0,0.0,9414.0,0.0,43.0,24.0,0.0,0.0,7.72,88.37,0.0,72.09,11.63,1834.02,1761.04,27.0,0.859,2.895,5.146,3.86,0.3216,1.262,1.238,0.861,0.0,0.0,0.0,39.241,1761.0371,27.0001,64.1347,5.9123,3.6989,0.3216,35.3812,3.2165,0.1512,17.814,0.9106,,,,0.0,0.0,51.7652,100.0,5.7,62.4
510100,Araguaiana,51005,Garças Araguaia,5104,Leste,2021,3064.0,IBGE estimativa,6.0,12.0,12.0,False,True,7003510.13,6685015.95,242030.21,0.0,6807379.97,196130.16,5315164.76,3.08,9.5,11.33,1.0,17.58,98.75,12.0,0.0,11.0,6.83,1.83,0.0,0.0,1.0,0.0,1.0,2630.0,983.0,5743.0,6398.0,1658.0,385.0,2207.0,969.0,2522.0,9044.0,0.0,0.0,2951.0,22695.34,0.0,110.0,0.0,0.0,2800.0,84761.21,0.0,2.0,0.0,112.0,112.0,0.0,0.0,0.0,222109.08,0.0,0.0,9250.0,0.0,47.0,36.0,0.0,0.0,11.75,82.98,10.64,76.6,12.77,2285.74,2181.79,78.99,1.005,3.101,5.738,3.916,0.3264,0.858,1.874,2.088,0.0,0.0,0.0,36.554,2181.7937,78.9916,75.8929,2.8005,3.6978,0.3264,35.9008,3.2637,0.3208,20.617,0.7203,,,,0.0,0.0,72.4899,100.0,12.5,86.3
510100,Araguaiana,51005,Garças Araguaia,5104,Leste,2022,3795.0,IBGE Censo 2022,6.0,12.0,12.0,False,True,8245495.2,8143181.43,80236.83,0.0,8180264.81,65230.39,6366324.2,2.83,9.58,12.0,1.38,18.75,107.27,12.0,0.0,12.25,7.75,1.0,0.0,0.42,1.0,0.0,1.0,1754.0,2425.0,5391.0,13256.0,79.0,724.0,3206.0,864.0,3547.0,13488.0,0.0,0.0,4831.0,34903.31,0.0,152.0,0.0,0.0,4097.0,104049.2,0.0,4.0,0.0,156.0,156.0,0.0,0.0,0.0,160892.54,0.0,0.0,13739.0,0.0,40.0,27.0,0.0,0.0,7.11,72.5,12.5,82.5,10.0,2172.73,2145.77,21.14,0.746,2.524,4.941,3.162,0.2635,0.462,1.421,3.493,0.0,0.0,0.0,41.107,2145.7659,21.1428,77.2097,0.7911,3.1621,0.3636,32.2793,2.635,0.639,21.6,0.8448,,,,0.0,0.0,42.3959,100.0,14.1,111.1
510100,Araguaiana,51005,Garças Araguaia,5104,Leste,2023,3872.0,interpolada (Censo 2022 x IBGE 2024),6.0,12.0,12.0,False,True,9221790.05,8470917.0,706540.72,0.0,8688214.08,533575.97,7144408.25,2.75,10.58,14.58,1.5,19.33,114.73,12.0,0.0,14.0,9.0,1.0,0.0,1.0,1.0,0.0,1.0,6702.0,2425.0,17198.0,19912.0,2946.0,1244.0,3624.0,863.0,3794.0,13695.0,0.0,0.0,6930.0,44557.26,0.0,148.0,0.0,0.0,4432.0,91070.39,0.0,5.0,0.0,153.0,153.0,0.0,0.0,0.0,162865.98,0.0,0.0,13935.0,0.0,28.0,21.0,0.0,0.0,5.424,71.43,25.0,71.43,10.71,2381.66,2187.74,182.47,0.71,2.732,4.992,3.099,0.2583,1.731,4.442,5.143,0.0,0.0,0.0,39.514,2187.7368,182.4744,77.4731,5.786,3.7655,0.3874,36.157,2.5826,0.6263,30.8214,0.936,,,,0.0,0.0,42.0625,100.0,16.3,124.4
510100,Araguaiana,51005,Garças Araguaia,5104,Leste,2024,3950.0,IBGE estimativa,6.0,12.0,12.0,False,True,9757199.38,9141256.64,485730.48,0.0,9576265.48,180933.9,7922146.07,2.75,11.0,15.67,2.0,20.0,115.83,12.0,0.0,14.0,9.0,1.0,0.0,1.0,1.0,0.0,1.0,7376.0,2688.0,23668.0,19225.0,4288.0,1534.0,2542.0,764.0,2772.0,7995.0,14344.0,76029.57,3815.0,28741.96,0.0,173.0,0.0,0.0,4571.0,38282.73,0.0,9.0,0.0,182.0,182.0,0.0,0.0,0.0,275094.16,0.0,0.0,22379.0,76029.57,28.0,26.0,0.0,0.0,6.58,82.14,7.14,85.71,7.14,2470.18,2314.24,122.97,0.696,2.785,5.063,3.038,0.2532,1.867,5.992,4.867,3.631,0.0,0.0,46.076,2314.2422,122.9697,81.1928,1.8544,3.9671,0.5063,35.443,2.5316,0.6805,27.2857,0.6435,,,,0.0,0.0,69.6441,100.0,18.7,136.7
510100,Araguaiana,51005,Garças Araguaia,5104,Leste,2025,4005.0,IBGE estimativa,6.0,12.0,12.0,False,True,10842557.68,10440143.43,286865.73,0.0,10814493.19,28064.49,8982859.89,8.18,11.0,18.33,2.0,19.0,124.16,7.08,0.0,14.33,9.0,1.0,0.0,1.0,1.0,0.0,1.0,8394.0,2591.0,24882.0,22959.0,5503.0,1067.0,2669.0,674.0,2939.0,20041.0,65108.0,323276.21,57574.0,293405.89,0.0,191.0,0.0,0.0,3269.0,108610.44,0.0,7.0,0.0,198.0,198.0,0.0,0.0,0.0,309769.02,0.0,0.0,86033.0,327949.01,,,,,,,,,,2707.26,2606.78,71.63,2.042,2.747,4.744,1.768,0.2497,2.096,6.213,5.733,16.257,0.0,0.0,49.438,2606.7774,71.6269,82.8482,0.2588,4.5768,0.4994,35.7803,2.4969,0.6469,,0.6664,,,,0.0,0.0,77.3456,100.0,10.6,103.3
510120,Araguainha,51013,Sul Matogrossense,5101,Sul,2020,946.0,IBGE estimativa,6.0,12.0,5.0,False,False,3110953.93,2568032.74,133398.3,0.0,3099047.63,11906.3,2527611.63,1.05,2.0,8.25,1.33,6.0,26.38,0.0,0.0,6.0,3.0,1.0,0.0,0.0,1.0,0.0,0.58,200.0,69.0,729.0,4.0,180.0,20.0,236.0,95.0,316.0,12918.0,2279.0,6942.38,490.0,3283.8,0.0,21.0,0.0,0.0,97.0,3339.09,0.0,2.0,0.0,23.0,23.0,0.0,0.0,0.0,39904.12,0.0,0.0,15597.0,6942.38,8.0,6.0,0.0,0.0,6.34,75.0,25.0,87.5,12.5,3288.53,2714.62,141.01,1.11,2.114,6.342,0.0,1.0571,0.211,0.771,0.004,2.409,0.0,0.0,24.313,2714.6223,141.013,81.2488,0.3827,8.7209,1.4059,63.4249,10.5708,0.0729,11.875,0.2495,,,,0.0,0.0,42.1819,100.0,8.7,149.1
510120,Araguainha,51013,Sul Matogrossense,5101,Sul,2021,909.0,IBGE estimativa,6.0,12.0,12.0,False,True,3291730.19,2836429.36,225339.74,0.0,3128181.74,163548.45,2661963.05,0.97,2.0,6.88,1.0,6.0,25.34,0.0,0.0,6.0,3.0,1.0,0.0,0.0,1.0,0.0,1.0,1316.0,96.0,1875.0,256.0,972.0,293.0,277.0,148.0,297.0,14926.0,6420.0,18420.51,768.0,4230.09,0.0,36.0,0.0,0.0,116.0,1833.75,0.0,0.0,0.0,36.0,36.0,0.0,0.0,0.0,87985.54,0.0,0.0,22471.0,18420.51,5.0,5.0,0.0,0.0,5.5,100.0,20.0,80.0,0.0,3621.27,3120.38,247.9,1.067,2.2,6.601,0.0,1.1001,1.448,2.063,0.282,7.063,0.0,0.0,39.604,3120.3843,247.8985,80.8682,4.9685,7.5688,1.1001,66.0066,11.0011,0.1056,29.6,0.3047,,,,0.0,0.0,96.7938,100.0,2.8,150.9
510120,Araguainha,51013,Sul Matogrossense,5101,Sul,2022,1010.0,IBGE Censo 2022,6.0,12.0,12.0,False,True,3781483.21,3487362.49,217012.15,0.0,3611332.57,170150.64,3417106.61,1.05,2.0,6.75,1.0,6.0,28.45,0.0,0.0,6.0,3.0,1.0,0.0,0.0,1.0,0.0,1.0,4555.0,563.0,6328.0,1130.0,3575.0,980.0,514.0,177.0,459.0,17659.0,6644.0,18955.36,486.0,4005.85,0.0,39.0,0.0,0.0,131.0,3955.19,0.0,0.0,0.0,39.0,39.0,0.0,0.0,0.0,21363.65,0.0,0.0,25283.0,18955.36,8.0,10.0,0.0,0.0,9.9,75.0,12.5,87.5,25.0,3744.04,3452.83,214.86,1.04,1.98,5.941,0.0,0.9901,4.51,6.265,1.119,6.578,0.0,0.0,38.614,3452.8341,214.8635,90.3642,4.4996,6.6832,0.9901,59.4059,9.901,0.5574,22.125,0.5089,,,,0.0,0.0,21.1521,100.0,5.1,162.0
510120,Araguainha,51013,Sul Matogrossense,5101,Sul,2023,1008.0,interpolada (Censo 2022 x IBGE 2024),6.0,12.0,12.0,False,True,4803589.61,4194077.83,157516.0,0.0,4514435.91,289153.7,3175010.87,1.05,2.0,7.5,1.83,6.0,29.86,0.0,0.0,6.0,3.75,1.0,0.0,0.0,1.0,0.0,1.0,5661.0,655.0,10493.0,1077.0,4393.0,1268.0,617.0,278.0,569.0,18478.0,4314.0,12129.24,430.0,3590.48,0.0,37.0,7.0,1538.63,304.0,5687.82,0.0,5.0,0.0,42.0,42.0,0.0,0.0,0.0,72551.69,0.0,0.0,23997.0,13667.87,13.0,3.0,0.0,0.0,2.976,84.62,7.69,84.62,15.38,4765.47,4160.79,156.27,1.042,1.984,5.952,0.0,0.9921,5.616,10.41,1.068,4.28,0.007,0.0,41.667,4160.7915,156.2659,66.0966,6.0195,7.4405,1.8155,59.5238,9.9206,0.6498,21.3846,0.6121,,,,0.0,0.0,71.9759,100.0,26.2,190.9
510120,Araguainha,51013,Sul Matogrossense,5101,Sul,2024,1006.0,IBGE estimativa,6.0,12.0,12.0,False,True,6465086.51,5247771.32,687863.96,0.0,6253207.71,211878.8,4058872.4,1.13,2.0,8.25,2.25,6.0,32.38,0.0,0.0,7.17,4.0,1.0,0.0,0.0,1.0,0.0,1.0,6252.0,696.0,12182.0,1558.0,4876.0,1376.0,786.0,235.0,761.0,14627.0,2566.0,8828.98,1428.0,11252.82,0.0,64.0,0.0,0.0,1005.0,39221.14,0.0,3.0,0.0,67.0,67.0,0.0,0.0,0.0,88924.17,0.0,0.0,18198.0,11333.68,6.0,10.0,0.0,0.0,9.94,100.0,0.0,66.67,0.0,6426.53,5216.47,683.76,1.123,1.988,5.964,0.0,0.994,6.215,12.109,1.549,2.551,0.0,0.0,66.6,5216.4725,683.7614,62.7814,3.2773,8.2008,2.2366,71.2724,9.9404,0.6918,39.1667,0.7813,,,,0.0,0.0,88.3938,100.0,25.4,172.5
510120,Araguainha,51013,Sul Matogrossense,5101,Sul,2025,997.0,IBGE estimativa,6.0,12.0,12.0,False,True,7725155.75,7176407.39,172774.07,0.0,7524124.61,201031.14,4886520.8,1.23,2.0,8.75,1.33,5.17,31.09,0.0,0.0,7.75,4.0,1.0,0.0,0.0,1.0,0.0,1.0,8376.0,924.0,15258.0,8959.0,5720.0,1495.0,979.0,227.0,949.0,3322.0,15470.0,70712.9,1724.0,16139.53,0.0,50.0,5.0,990.44,517.0,18268.42,0.0,2.0,0.0,52.0,52.0,0.0,0.0,0.0,73222.62,0.0,0.0,26953.0,107100.79,,,,,,,,,,7748.4,7198.0,173.29,1.234,2.006,5.186,0.0,1.003,8.401,15.304,8.986,15.517,0.005,0.0,52.156,7198.0014,173.294,63.2547,2.6023,8.7763,1.334,77.7332,10.0301,0.9268,,0.9819,,,,0.0,0.0,73.4429,100.0,15.4,166.6
510125,Araputanga,51011,Oeste Matogrossense,5102,Oeste,2020,16951.0,IBGE estimativa,6.0,12.0,12.0,False,True,15161381.1,5338256.63,6418402.38,1952500.0,15124705.48,36675.62,10150599.7,11.15,8.67,19.27,3.83,46.5,118.77,16.0,0.0,56.58,12.5,5.5,1.0,0.0,4.58,0.0,3.5,15737.0,2040.0,24816.0,15858.0,10742.0,4995.0,16558.0,4371.0,15374.0,54665.0,16340.0,94041.84,3310.0,42868.44,72.0,527.0,0.0,0.0,53684.0,433346.84,0.0,18.0,72.0,545.0,473.0,125.0,0.0,24914.77,715690.3,0.0,71.0,74625.0,100640.19,255.0,90.0,1.0,3.92,5.31,82.35,5.88,91.76,15.69,894.42,314.92,378.64,0.658,0.511,2.743,0.944,0.2702,0.928,1.464,0.936,0.964,0.0,4.248,32.151,314.9228,378.6445,66.9504,0.2419,1.1368,0.2259,33.3786,2.7019,0.1203,17.1412,0.9768,98.6111,0.0,1.7361,0.0,1.4698,42.2211,86.789,11.9,102.1
510125,Araputanga,51011,Oeste Matogrossense,5102,Oeste,2021,17078.0,IBGE estimativa,6.0,12.0,12.0,False,True,16636503.58,5836368.42,6840941.56,2391123.45,16342783.15,293720.43,11734501.73,11.59,9.42,20.77,4.0,42.58,123.25,16.0,0.0,60.0,12.0,5.0,1.0,0.0,5.0,0.0,4.0,17017.0,3363.0,29622.0,15027.0,11594.0,5423.0,15420.0,4532.0,14315.0,51178.0,35115.0,204361.98,4995.0,64711.26,96.0,637.0,0.0,0.0,83468.0,484709.72,0.0,19.0,96.0,656.0,560.0,132.0,0.0,37941.76,1113635.77,1.0,96.0,109922.0,312534.33,254.0,146.0,6.0,23.62,8.55,78.35,9.45,94.49,12.2,974.15,341.75,400.57,0.679,0.552,2.493,0.937,0.2928,0.996,1.735,0.88,2.056,0.0,5.621,38.412,341.7478,400.5704,70.5347,1.7655,1.2162,0.2342,35.1329,2.9277,0.1969,17.8425,0.9029,100.0,1.0417,1.375,0.0,2.2217,65.2088,85.3659,16.0,106.3
510125,Araputanga,51011,Oeste Matogrossense,5102,Oeste,2022,14786.0,IBGE Censo 2022,6.0,12.0,12.0,False,True,18883764.3,7246537.13,8075791.38,1726233.44,17420561.92,1463202.38,12855657.6,12.68,9.93,23.0,4.46,39.5,131.66,16.0,0.0,57.67,13.17,5.0,1.0,0.0,5.0,0.0,4.0,28497.0,5859.0,46256.0,25872.0,18946.0,9551.0,17477.0,4741.0,15877.0,54039.0,49950.0,281580.01,4807.0,73887.38,104.0,668.0,0.0,0.0,89460.0,649126.03,0.0,31.0,104.0,699.0,595.0,227.0,0.0,37363.18,923949.37,1.0,104.0,140104.0,454285.51,207.0,111.0,2.0,9.66,7.51,89.37,5.8,87.44,14.01,1277.14,490.09,546.18,0.858,0.672,2.671,1.082,0.3382,1.927,3.128,1.75,3.378,0.0,7.034,47.274,490.0945,546.1782,68.0778,7.7485,1.5555,0.3016,39.0031,3.3816,0.3963,22.9034,1.182,100.0,0.9615,2.1827,0.0,2.5269,62.4881,85.1216,16.5,109.1
510125,Araputanga,51011,Oeste Matogrossense,5102,Oeste,2023,14820.0,interpolada (Censo 2022 x IBGE 2024),6.0,12.0,12.0,False,True,20255997.18,9664928.21,7188671.18,1409864.2,19862029.02,393968.16,13941342.17,16.1,12.31,27.8,4.5,38.0,170.34,16.0,0.0,58.25,15.83,5.0,1.0,0.0,5.0,0.08,4.0,35141.0,8145.0,61318.0,30199.0,24850.0,10291.0,15033.0,3764.0,13882.0,55866.0,62999.0,368072.91,11705.0,138171.02,153.0,753.0,51.0,13706.25,80157.0,693057.21,0.0,26.0,153.0,779.0,627.0,452.0,0.0,56359.86,895866.66,1.0,153.0,184706.0,701771.91,232.0,109.0,8.0,34.48,7.355,85.34,6.47,90.95,10.78,1366.8,652.15,485.07,1.086,0.831,2.564,1.08,0.3374,2.371,4.138,2.038,4.251,0.003,10.324,52.564,652.1544,485.0655,68.8258,1.9449,1.8758,0.3036,39.305,3.3738,0.5496,16.2241,1.0144,100.0,0.6536,2.9542,0.0,3.803,60.4498,80.4878,14.9,103.9
510125,Araputanga,51011,Oeste Matogrossense,5102,Oeste,2024,14854.0,IBGE estimativa,6.0,12.0,12.0,False,True,22320612.22,10701118.16,8401956.91,1240773.89,21226110.22,1094502.0,14879474.02,17.86,13.81,27.64,4.5,38.0,178.71,16.0,0.0,124.75,15.25,5.0,1.0,0.0,5.0,0.0,4.0,37218.0,8432.0,67962.0,47659.0,25318.0,11900.0,13704.0,4174.0,12964.0,44958.0,70917.0,440827.18,21716.0,240436.13,348.0,1004.0,993.0,207923.89,106398.0,792080.61,0.0,46.0,348.0,1050.0,709.0,956.0,0.0,103068.79,1354923.47,7.0,347.0,186658.0,986865.77,241.0,122.0,3.0,12.45,8.21,86.31,7.88,89.63,12.86,1502.67,720.42,565.64,1.202,0.93,2.558,1.077,0.3366,2.506,4.575,3.208,4.774,0.067,23.428,70.688,720.42,565.636,66.6625,4.9035,1.8608,0.3029,83.9841,3.3661,0.5677,17.3195,0.9226,99.7126,2.0115,2.7471,0.0,6.9388,91.2161,67.5238,15.3,89.2
510125,Araputanga,51011,Oeste Matogrossense,5102,Oeste,2025,14805.0,IBGE estimativa,6.0,12.0,12.0,False,True,28044660.0,10185917.13,11975583.99,3699478.85,24272885.24,3771774.76,17314193.84,16.29,15.52,38.21,5.04,27.46,180.84,17.58,0.0,151.08,15.08,5.0,1.08,0.0,5.0,0.0,4.0,34413.0,8761.0,66524.0,61203.0,25454.0,8959.0,15628.0,3964.0,15054.0,48197.0,69662.0,449014.62,27302.0,284738.61,364.0,1105.0,410.0,86508.4,91483.0,754456.57,0.0,53.0,364.0,1158.0,803.0,1107.0,0.0,105543.9,1451469.85,17.0,363.0,191968.0,894284.17,,,,,,,,,,1894.27,688.01,808.89,1.1,1.048,1.855,1.187,0.3377,2.324,4.493,4.134,4.705,0.028,24.586,78.217,688.0052,808.8878,61.7379,13.4492,2.5809,0.3404,102.0466,3.3772,0.5918,,1.0556,99.7253,4.6703,3.0412,0.0,7.1289,98.0392,69.3437,17.4,94.6
510130,Arenápolis,51007,Médio Norte Matogrossense,5106,Centro-Noroeste,2020,9502.0,IBGE estimativa,6.0,12.0,12.0,False,True,8646412.49,3842800.75,3648722.31,457395.83,8380265.93,266146.56,3134219.24,6.21,15.17,18.13,3.0,32.33,128.03,23.17,0.0,37.33,13.5,4.0,0.5,0.0,4.0,0.0,3.0,21627.0,2275.0,37618.0,41609.0,12497.0,7518.0,7062.0,2224.0,7541.0,14113.0,64050.0,440079.24,4888.0,51777.57,121.0,312.0,68.0,10459.39,15278.0,272554.42,0.0,9.0,121.0,321.0,271.0,283.0,0.0,50842.78,348609.5,2.0,74.0,89303.0,508960.48,104.0,94.0,0.0,0.0,9.89,87.5,6.73,75.0,18.27,909.96,404.42,384.0,0.654,1.597,3.402,2.438,0.421,2.276,3.959,4.379,6.741,0.007,12.734,33.782,404.4202,383.9952,36.2488,3.0781,1.908,0.3157,39.2865,4.2096,0.2394,21.3846,0.7432,61.157,1.6529,2.3388,0.0,5.3507,36.688,84.4237,44.5,92.0
510130,Arenápolis,51007,Médio Norte Matogrossense,5106,Centro-Noroeste,2021,9399.0,IBGE estimativa,6.0,12.0,12.0,False,True,16823705.49,4631461.4,10112158.3,1118451.89,16520311.73,303393.76,7320449.92,10.29,21.63,33.08,3.0,31.08,166.56,42.83,0.0,52.17,14.0,4.0,1.0,0.0,4.0,0.0,3.0,24338.0,4394.0,43208.0,37472.0,12847.0,7980.0,5956.0,2063.0,6058.0,34919.0,88455.0,521319.46,6008.0,73974.45,1643.0,751.0,109.0,15102.53,8294.0,310513.81,0.0,19.0,1643.0,770.0,206.0,3235.0,0.0,749349.47,790355.92,15.0,712.0,147601.0,683843.49,189.0,102.0,1.0,5.29,10.85,84.66,5.29,87.83,19.05,1789.95,492.76,1075.88,1.095,2.301,3.307,4.557,0.4256,2.589,4.597,3.987,9.411,0.012,174.806,81.924,492.7611,1075.876,43.5127,1.8034,3.5195,0.3192,55.5059,4.2558,0.4675,10.9153,0.6337,43.3354,0.913,1.969,0.0,79.7265,84.0894,26.7532,24.4,39.6
510130,Arenápolis,51007,Médio Norte Matogrossense,5106,Centro-Noroeste,2022,10576.0,IBGE Censo 2022,6.0,12.0,12.0,False,True,24710168.87,6760823.9,15511682.39,1611298.57,20608629.74,4101539.13,6551305.12,11.36,22.58,34.38,3.0,31.75,180.17,41.0,0.0,89.17,15.0,4.0,1.0,0.0,4.0,0.0,3.0,27884.0,4999.0,50295.0,53911.0,16223.0,9227.0,7483.0,2842.0,7888.0,45857.0,104059.0,603865.35,6063.0,85863.61,1836.0,707.0,10.0,1730.55,3184.0,341444.72,0.0,27.0,1836.0,734.0,181.0,4154.0,0.0,826865.64,734500.21,5.0,908.0,183781.0,800386.5,168.0,91.0,3.0,17.86,8.6,83.93,5.36,72.02,15.48,2336.44,639.26,1466.69,1.074,2.135,3.002,3.877,0.3782,2.637,4.756,5.097,9.839,0.001,173.601,69.402,639.261,1466.6871,26.5126,16.5986,3.2508,0.2837,84.3135,3.7821,0.4727,16.9167,0.7075,49.4553,0.2723,2.2625,0.0,78.1832,69.4497,24.6594,23.7,35.9
510130,Arenápolis,51007,Médio Norte Matogrossense,5106,Centro-Noroeste,2023,10661.0,interpolada (Censo 2022 x IBGE 2024),6.0,12.0,12.0,False,True,20811462.32,7104848.97,11123098.76,1387829.98,20470965.96,340496.36,8683532.69,10.84,20.74,29.08,3.08,31.0,172.7,41.0,0.0,91.58,16.0,4.0,1.0,0.0,4.0,0.0,3.0,31129.0,5404.0,58028.0,42676.0,19045.0,10417.0,8383.0,2654.0,8386.0,52659.0,103469.0,577625.79,6804.0,93827.7,1347.0,845.0,10.0,1400.84,6641.0,354800.83,0.0,20.0,1347.0,865.0,232.0,3568.0,0.0,607699.25,757188.15,9.0,683.0,190887.0,775725.63,163.0,62.0,1.0,6.13,5.816,84.05,4.29,84.05,16.56,1952.11,666.43,1043.34,1.017,1.945,2.908,3.846,0.3752,2.92,5.443,4.003,9.705,0.001,126.348,81.137,666.4336,1043.3448,41.7248,1.6361,2.7277,0.2889,85.9019,3.752,0.5069,16.2822,0.7863,50.7053,0.6682,2.6488,0.0,57.0021,71.0241,26.8208,25.7,41.1
510130,Arenápolis,51007,Médio Norte Matogrossense,5106,Centro-Noroeste,2024,10747.0,IBGE estimativa,6.0,12.0,12.0,False,True,23554700.47,7906730.2,12481985.34,1646922.67,23407156.47,147544.0,10501245.57,10.76,19.02,28.19,3.67,31.0,174.04,41.0,0.0,98.0,16.0,4.0,1.0,0.0,4.0,0.0,3.0,30681.0,5679.0,58210.0,48905.0,20759.0,8491.0,9735.0,2543.0,9911.0,82085.0,131384.0,843612.44,9463.0,231664.07,1357.0,977.0,187.0,31675.57,5857.0,406314.12,0.0,37.0,1357.0,1014.0,266.0,3964.0,0.0,578090.88,1099192.39,2.0,883.0,248210.0,1088468.41,166.0,71.0,5.0,30.12,6.61,84.34,10.84,80.72,16.27,2191.75,735.72,1161.44,1.001,1.77,2.885,3.815,0.3722,2.855,5.416,4.551,12.225,0.017,126.268,94.352,735.7151,1161.439,44.5824,0.6264,2.6231,0.3415,91.1882,3.722,0.5284,15.3193,0.9058,65.07,0.1474,2.9211,0.0,53.7909,102.279,26.2327,25.8,39.4
510130,Arenápolis,51007,Médio Norte Matogrossense,5106,Centro-Noroeste,2025,10769.0,IBGE estimativa,6.0,12.0,12.0,False,True,29603111.04,10793431.71,14880352.44,2328352.84,29261379.04,341732.0,12748584.88,13.23,19.26,29.25,3.33,31.0,180.94,41.0,0.0,94.92,16.0,4.0,1.0,0.0,4.0,0.0,3.0,33277.0,4439.0,62558.0,51939.0,22138.0,9423.0,9863.0,2483.0,10187.0,69387.0,116728.0,773891.05,11405.0,199359.9,1247.0,988.0,88.0,48289.65,12921.0,531557.02,0.0,46.0,1247.0,1034.0,305.0,4000.0,0.0,514948.78,1033615.62,17.0,392.0,220022.0,1038659.2,,,,,,,,,,2748.92,1002.27,1381.78,1.229,1.788,2.879,3.807,0.3714,3.09,5.809,4.823,10.839,0.008,115.795,96.016,1002.2687,1381.7766,43.065,1.1544,2.7161,0.3092,88.1419,3.7144,0.4122,,0.9159,31.4354,1.3633,3.2077,0.0,47.8177,95.9807,29.4971,28.8,45.2
510140,Aripuanã,51008,Noroeste Matogrossense,5106,Centro-Noroeste,2020,22714.0,IBGE estimativa,6.0,12.0,12.0,False,True,19976785.49,4967742.94,10475445.72,3247491.81,18763991.61,1212793.88,15428714.52,10.54,18.96,65.75,3.75,86.67,258.93,33.0,0.0,72.42,22.0,4.0,1.0,0.0,4.0,0.0,2.0,16241.0,894.0,32337.0,41896.0,12565.0,3676.0,19967.0,5139.0,19539.0,71512.0,32688.0,210398.42,3884.0,23870.2,695.0,950.0,0.0,0.0,6914.0,88637.71,0.0,7.0,695.0,957.0,277.0,2040.0,0.0,277009.22,601439.62,4.0,695.0,105365.0,210398.42,389.0,131.0,2.0,5.14,5.77,66.84,6.94,55.27,19.28,879.49,218.71,461.19,0.464,0.835,3.816,1.453,0.1761,0.715,1.424,1.845,1.439,0.0,30.598,42.133,218.7084,461.1889,77.2332,6.071,2.8947,0.1651,31.8834,1.761,0.0394,13.2108,0.8791,100.0,0.5755,2.9353,0.0,12.1955,26.4788,28.9446,12.5,111.7
510140,Aripuanã,51008,Noroeste Matogrossense,5106,Centro-Noroeste,2021,23067.0,IBGE estimativa,6.0,12.0,12.0,False,True,22027601.5,5023045.35,11289546.65,4494430.71,21847199.29,180402.21,17680374.86,12.52,22.17,69.0,5.17,90.08,272.37,31.0,0.0,88.75,22.0,4.0,1.0,0.0,4.0,0.0,2.0,17134.0,387.0,32547.0,36519.0,12478.0,4656.0,19190.0,5238.0,19162.0,45055.0,40376.0,262615.42,5655.0,31573.78,654.0,901.0,0.0,0.0,7726.0,213109.74,0.0,10.0,654.0,911.0,269.0,2536.0,0.0,304322.15,817481.77,20.0,654.0,87106.0,262615.42,403.0,135.0,6.0,14.89,5.85,72.21,6.2,58.56,20.35,954.94,217.76,489.42,0.543,0.961,3.905,1.344,0.1734,0.743,1.411,1.583,1.75,0.0,28.352,39.494,217.7589,489.4241,80.2646,0.819,2.9913,0.2241,38.4749,1.7341,0.0168,12.9975,0.8319,100.0,3.0581,3.8777,0.0,13.193,35.4394,29.528,6.5,80.1
510140,Aripuanã,51008,Noroeste Matogrossense,5106,Centro-Noroeste,2022,24626.0,IBGE Censo 2022,6.0,12.0,12.0,False,True,32965740.6,9461368.96,19824721.55,1689355.6,31415519.98,1550220.62,26483460.39,13.88,19.75,63.67,4.67,86.08,259.08,30.5,0.0,101.0,22.0,4.0,1.0,0.0,4.0,0.0,2.0,20687.0,1202.0,41795.0,30204.0,15582.0,5105.0,17905.0,5589.0,16608.0,88705.0,49268.0,311057.47,4292.0,47905.43,1174.0,1543.0,0.0,0.0,8150.0,290917.97,0.0,18.0,1174.0,1561.0,390.0,4438.0,0.0,456846.05,1181730.58,11.0,1174.0,138303.0,311057.47,407.0,140.0,4.0,9.83,5.69,64.53,5.9,63.88,18.67,1338.66,384.2,805.03,0.564,0.802,3.495,1.239,0.1624,0.84,1.697,1.227,2.001,0.0,47.673,63.388,384.2024,805.0321,80.3363,4.7025,2.5855,0.1896,41.0136,1.6243,0.0488,13.7322,0.7271,100.0,0.937,3.7802,0.0,18.5514,47.9871,24.984,10.1,93.9
510140,Aripuanã,51008,Noroeste Matogrossense,5106,Centro-Noroeste,2023,25309.0,interpolada (Censo 2022 x IBGE 2024),6.0,12.0,12.0,False,True,38908254.85,11858346.3,21413198.96,3156575.18,36568723.77,2339531.08,29152533.93,16.36,20.69,66.83,3.92,86.0,271.41,33.0,0.0,138.75,22.0,5.17,1.0,0.0,5.0,0.0,2.17,36765.0,2903.0,78244.0,43639.0,29353.0,6984.0,17878.0,5845.0,17192.0,24082.0,75914.0,428955.87,9264.0,90401.34,1078.0,1483.0,2.0,0.0,12907.0,285627.3,0.0,44.0,1078.0,1527.0,450.0,3879.0,0.0,384684.12,1197663.8,11.0,1073.0,109095.0,469347.87,417.0,122.0,0.0,0.0,4.82,70.26,5.76,70.26,22.3,1537.33,468.54,846.07,0.646,0.817,3.398,1.304,0.1976,1.453,3.092,1.724,2.999,0.0,42.594,60.334,468.5427,846.0705,74.9263,6.0129,2.6406,0.1549,54.8224,1.9756,0.1147,14.0168,0.7064,99.5362,1.0204,3.5983,0.0,15.1995,47.3217,29.4695,20.4,156.7
510140,Aripuanã,51008,Noroeste Matogrossense,5106,Centro-Noroeste,2024,26010.0,IBGE estimativa,6.0,12.0,12.0,False,True,44504567.21,12855015.67,25728643.32,2558885.61,39931387.43,4573179.78,30181730.8,22.06,22.98,76.0,4.71,89.42,324.68,33.0,0.0,224.58,28.17,6.0,1.0,0.0,6.0,0.0,1.83,51757.0,3224.0,112715.0,71179.0,42782.0,7927.0,23217.0,6073.0,24391.0,62524.0,166534.0,1053493.23,15924.0,169163.19,1354.0,1801.0,7.0,885.81,25879.0,333913.72,0.0,33.0,1354.0,1834.0,496.0,6030.0,0.0,517129.58,1418148.74,18.0,1323.0,264222.0,1224312.54,406.0,134.0,7.0,17.24,5.15,85.96,7.39,72.17,17.0,1711.06,494.23,989.18,0.848,0.884,3.438,1.269,0.2307,1.99,4.334,2.737,6.403,0.0,52.057,70.511,494.2336,989.1827,67.8172,10.2758,2.922,0.1811,86.3437,2.3068,0.124,14.9581,0.8926,97.7105,1.3294,4.4535,0.0,19.882,54.5232,27.0447,20.4,152.8
510140,Aripuanã,51008,Noroeste Matogrossense,5106,Centro-Noroeste,2025,26558.0,IBGE estimativa,6.0,12.0,12.0,False,True,54436107.18,18222527.56,31937230.9,54578.19,51166361.8,3269745.38,34271373.41,25.96,26.25,80.92,4.92,96.42,371.63,34.25,0.0,224.17,31.5,6.0,1.0,0.0,6.0,0.0,3.25,55034.0,4332.0,120234.0,136368.0,47092.0,7151.0,22380.0,6467.0,23503.0,80379.0,299692.0,1653103.07,89129.0,521103.18,1901.0,2337.0,386.0,76351.31,34861.0,543044.81,0.0,59.0,1901.0,2396.0,513.0,7498.0,0.0,771524.63,2059915.62,14.0,1866.0,467302.0,2241244.78,,,,,,,,,,2049.71,686.14,1202.55,0.977,0.988,3.631,1.29,0.2259,2.072,4.527,5.135,11.284,0.015,71.579,90.218,686.1408,1202.5465,62.9571,6.0066,3.0469,0.1853,84.4077,2.2592,0.1631,,0.8427,98.1589,0.7365,3.9442,0.0,29.0506,77.5629,21.4107,16.5,123.3
510160,Barão de Melgaço,51002,Baixada Cuiabana,5105,Centro-Norte,2020,8164.0,IBGE estimativa,6.0,12.0,12.0,False,True,7189889.16,4485259.28,1226640.24,1210772.35,6591293.91,598595.25,4526291.53,4.36,6.0,11.0,3.0,27.38,70.7,12.0,0.0,44.67,11.75,4.75,0.25,0.75,2.75,0.0,2.0,5490.0,220.0,11519.0,30470.0,3543.0,1867.0,7294.0,1146.0,6906.0,55626.0,17435.0,120238.92,2087.0,21066.34,0.0,143.0,0.0,0.0,3785.0,85490.73,0.0,12.0,0.0,155.0,155.0,0.0,0.0,0.0,358061.65,0.0,0.0,76000.0,129025.17,56.0,40.0,1.0,17.86,4.9,66.07,7.14,51.79,17.86,880.68,549.39,150.25,0.534,0.735,3.354,1.47,0.3368,0.672,1.411,3.732,2.136,0.0,0.0,18.986,549.3948,150.2499,62.9536,8.3255,1.3474,0.3675,54.7158,3.3684,0.0269,20.4643,0.8934,,,,0.0,0.0,43.8586,100.0,0.0,68.7
510160,Barão de Melgaço,51002,Baixada Cuiabana,5105,Centro-Norte,2021,8165.0,IBGE estimativa,6.0,12.0,12.0,False,True,7136746.29,3811111.38,1395249.47,1663606.7,7119166.29,17580.0,5101639.35,5.28,7.96,12.33,2.33,28.21,86.72,12.0,0.0,47.0,11.75,4.75,0.0,1.0,3.0,0.0,2.0,5039.0,414.0,9222.0,38139.0,3705.0,1334.0,4994.0,1051.0,4640.0,56402.0,24022.0,157243.04,3231.0,22637.82,0.0,159.0,0.0,0.0,4419.0,187816.29,0.0,8.0,0.0,167.0,167.0,0.0,0.0,0.0,385823.82,0.0,0.0,85601.0,177473.69,58.0,67.0,0.0,0.0,8.21,63.79,10.34,50.0,24.14,874.07,466.76,170.88,0.647,0.975,3.455,1.47,0.3674,0.617,1.129,4.671,2.942,0.0,0.0,20.453,466.762,170.8817,71.4841,0.2463,1.5101,0.2854,57.5628,3.6742,0.0507,18.1207,0.6116,,,,0.0,0.0,47.2534,100.0,1.8,71.2
510160,Barão de Melgaço,51002,Baixada Cuiabana,5105,Centro-Norte,2022,7253.0,IBGE Censo 2022,6.0,12.0,12.0,False,True,9532127.41,5785211.29,3259438.43,0.0,9003334.09,528793.32,3998170.98,6.4,7.73,12.5,3.08,32.17,93.5,12.0,0.0,47.0,11.58,4.58,0.0,1.0,3.0,0.0,2.0,7000.0,546.0,13241.0,40586.0,4552.0,2448.0,6683.0,1033.0,6402.0,29800.0,23380.0,157055.65,3460.0,32267.2,0.0,181.0,0.0,0.0,5443.0,266633.27,0.0,17.0,0.0,198.0,198.0,0.0,0.0,0.0,439935.23,0.0,0.0,56601.0,168311.95,46.0,45.0,0.0,0.0,6.2,52.17,2.17,39.13,19.57,1314.23,797.63,449.39,0.882,1.066,4.435,1.654,0.4136,0.965,1.826,5.596,3.223,0.0,0.0,27.299,797.6301,449.3918,41.9442,5.5475,1.7234,0.4247,64.8008,4.1362,0.0753,22.4565,0.9214,,,,0.0,0.0,60.6556,100.0,1.0,72.1
510160,Barão de Melgaço,51002,Baixada Cuiabana,5105,Centro-Norte,2023,7228.0,interpolada (Censo 2022 x IBGE 2024),6.0,12.0,12.0,False,True,10467159.64,6228223.38,3256459.83,689778.86,9768108.24,699051.4,5155649.31,4.58,7.92,12.19,4.08,32.25,93.16,12.0,0.0,47.25,12.08,5.0,0.0,1.0,3.0,0.0,2.0,10854.0,1233.0,20454.0,44730.0,6270.0,4547.0,7707.0,1112.0,7244.0,8849.0,25227.0,188156.97,3659.0,40217.2,0.0,214.0,0.0,0.0,7140.0,361614.19,0.0,19.0,0.0,233.0,233.0,0.0,0.0,0.0,345507.77,0.0,0.0,38222.0,203021.82,55.0,43.0,0.0,0.0,5.949,70.91,0.0,49.09,16.36,1448.14,861.68,450.53,0.634,1.096,4.462,1.66,0.4151,1.502,2.83,6.188,3.49,0.0,0.0,32.236,861.68,450.534,49.2555,6.6785,1.6865,0.5645,65.3708,4.1505,0.1706,20.2182,1.0663,,,,0.0,0.0,47.8013,100.0,2.6,71.6
510160,Barão de Melgaço,51002,Baixada Cuiabana,5105,Centro-Norte,2024,7204.0,IBGE estimativa,6.0,12.0,12.0,False,True,11717469.51,7016074.28,4348403.16,0.0,11296399.07,421070.44,4199461.22,3.89,7.68,12.5,2.92,29.0,88.3,12.0,0.0,49.5,10.5,3.5,0.0,1.0,3.0,0.0,2.0,10995.0,1041.0,18460.0,37703.0,5776.0,4097.0,5535.0,1068.0,5427.0,9476.0,27791.0,143261.82,5680.0,58265.51,0.0,243.0,0.0,0.0,12527.0,364982.22,0.0,23.0,0.0,266.0,266.0,0.0,0.0,0.0,466723.76,0.0,0.0,39059.0,146895.12,64.0,50.0,1.0,15.63,6.94,82.81,12.5,48.44,17.19,1626.52,973.91,603.61,0.54,1.066,4.026,1.666,0.4164,1.526,2.562,5.234,3.858,0.0,0.0,36.924,973.9137,603.6095,35.8393,3.5935,1.7351,0.4053,68.7118,4.1644,0.1445,16.6875,0.7683,,,,0.0,0.0,64.7868,100.0,1.9,70.6
510160,Barão de Melgaço,51002,Baixada Cuiabana,5105,Centro-Norte,2025,7137.0,IBGE estimativa,6.0,12.0,12.0,False,True,10910046.24,5728533.43,4826076.19,0.0,10899656.24,10390.0,4973186.35,4.55,7.89,11.75,3.0,25.83,83.37,12.0,0.0,47.0,10.0,3.0,0.0,1.0,3.0,0.0,2.0,8690.0,2043.0,13610.0,38144.0,4798.0,2609.0,5172.0,1128.0,5087.0,9429.0,28285.0,127322.08,3313.0,37500.54,0.0,265.0,0.0,0.0,17976.0,319727.49,0.0,25.0,0.0,290.0,290.0,0.0,0.0,0.0,645993.72,0.0,0.0,41099.0,138113.08,,,,,,,,,,1528.66,802.65,676.21,0.638,1.106,3.619,1.681,0.4203,1.218,1.907,5.345,3.963,0.0,0.0,40.633,802.6529,676.2052,45.5835,0.0952,1.6464,0.4203,65.854,4.2034,0.2863,,0.7247,,,,0.0,0.0,90.5133,100.0,0.7,68.1
510170,Barra do Bugres,51007,Médio Norte Matogrossense,5106,Centro-Noroeste,2020,35307.0,IBGE estimativa,6.0,12.0,12.0,False,True,30754981.24,6674336.29,15455877.59,6707190.9,25888926.83,4866054.41,15090416.62,28.89,23.98,84.1,4.04,57.67,310.1,38.5,0.0,73.83,25.17,12.5,0.58,1.0,7.0,0.0,3.83,39198.0,3112.0,71232.0,41838.0,27517.0,11506.0,27603.0,7506.0,26557.0,52561.0,267327.0,1766496.48,22831.0,244082.55,1265.0,1057.0,37.0,0.0,63863.0,799707.89,0.0,34.0,1265.0,1091.0,312.0,3864.0,0.0,569422.18,1222571.29,20.0,1264.0,353160.0,1945414.53,453.0,201.0,2.0,4.42,5.69,69.32,8.83,55.63,18.76,871.07,189.04,437.76,0.818,0.679,1.633,1.09,0.1983,1.11,2.018,1.185,7.572,0.001,35.829,30.9,189.0372,437.7568,49.0666,15.822,2.382,0.1144,20.9109,1.9826,0.0881,16.5695,0.7818,99.9209,1.581,3.0545,0.0,16.1277,34.6269,28.5976,26.8,36.8
510170,Barra do Bugres,51007,Médio Norte Matogrossense,5106,Centro-Noroeste,2021,35642.0,IBGE estimativa,6.0,12.0,12.0,False,True,32518027.3,6803340.26,18212580.2,5360583.26,30494329.47,2023697.83,25852891.59,22.28,23.56,71.97,5.04,44.17,264.87,0.0,0.0,53.0,25.25,13.25,0.0,1.0,7.5,0.0,4.0,47364.0,5122.0,89220.0,34802.0,33418.0,13668.0,24612.0,7473.0,24295.0,73936.0,465600.0,2480062.09,33747.0,333802.72,0.0,711.0,104.0,250.79,52267.0,827735.57,0.0,50.0,0.0,761.0,761.0,0.0,0.0,0.0,1644322.4,0.0,0.0,570537.0,2631284.88,450.0,209.0,6.0,13.33,5.86,70.22,8.22,68.44,17.56,912.35,190.88,510.99,0.625,0.661,1.239,0.0,0.2104,1.329,2.503,0.976,13.063,0.003,0.0,21.351,190.8799,510.9865,79.5033,6.2233,2.0192,0.1414,14.8701,2.1043,0.1437,16.6067,0.6905,,,,0.0,0.0,46.1344,100.0,42.0,105.3
510170,Barra do Bugres,51007,Médio Norte Matogrossense,5106,Centro-Noroeste,2022,29403.0,IBGE Censo 2022,6.0,12.0,12.0,False,True,41484788.77,7934719.64,22113511.63,8859910.87,39437333.88,2047454.89,33134244.46,24.0,27.6,83.82,5.82,42.06,298.59,9.58,0.0,73.0,24.33,11.42,0.5,1.0,8.0,0.33,4.0,55267.0,7030.0,102400.0,42817.0,39603.0,15023.0,24676.0,7642.0,25403.0,100194.0,673127.0,3046330.39,48450.0,490927.42,73.0,1016.0,68.0,550.12,14897.0,853295.33,0.0,58.0,73.0,1074.0,1001.0,133.0,0.0,33363.42,1380176.07,0.0,5.0,795198.0,3168693.56,425.0,183.0,5.0,11.76,6.22,78.12,7.29,56.94,17.65,1410.9,269.86,752.08,0.816,0.939,1.43,0.326,0.2721,1.88,3.483,1.456,22.893,0.002,2.483,36.527,269.8609,752.0835,79.8708,4.9354,2.8507,0.1979,24.8274,2.7208,0.2391,17.9812,0.8392,6.8493,0.0,1.8219,0.0,1.1347,46.94,93.203,36.9,93.4
510170,Barra do Bugres,51007,Médio Norte Matogrossense,5106,Centro-Noroeste,2023,29489.0,interpolada (Censo 2022 x IBGE 2024),6.0,12.0,12.0,False,True,54989246.01,10309434.85,35653080.72,6950585.28,50831945.83,4157300.18,36233658.56,44.21,37.01,114.8,6.33,41.47,398.1,38.0,0.0,125.75,25.08,10.5,1.0,1.0,7.92,1.0,4.0,47099.0,7794.0,96158.0,41087.0,34800.0,12125.0,18843.0,7425.0,20647.0,50705.0,652777.0,2893114.84,31800.0,357498.45,1083.0,1442.0,0.0,0.0,39359.0,1019944.92,0.0,70.0,1083.0,1512.0,505.0,3268.0,0.0,494920.5,1767553.71,18.0,537.0,738502.0,3076431.49,447.0,215.0,4.0,8.95,7.291,80.27,6.49,64.13,17.23,1864.74,349.6,1209.03,1.499,1.255,1.406,1.289,0.2686,1.597,3.261,1.393,22.136,0.0,36.726,51.273,349.6027,1209.0298,65.8923,7.5602,3.893,0.2147,42.643,2.6857,0.2643,16.6107,0.639,49.5845,1.662,3.0175,0.0,16.7832,59.9394,33.3995,32.0,45.0
510170,Barra do Bugres,51007,Médio Norte Matogrossense,5106,Centro-Noroeste,2024,29576.0,IBGE estimativa,6.0,12.0,12.0,False,True,89730392.15,13564735.13,67105537.32,6646717.55,57524882.98,32205509.17,32526210.85,44.25,38.01,127.59,6.31,40.8,425.08,32.0,0.0,146.92,26.75,11.0,1.0,1.0,8.17,1.0,4.0,48898.0,7018.0,103411.0,41582.0,36661.0,11985.0,26095.0,6495.0,27803.0,60976.0,572867.0,3096577.52,33362.0,460440.46,1309.0,1621.0,0.0,0.0,20123.0,1194856.0,0.0,58.0,1309.0,1679.0,503.0,4482.0,0.0,611992.86,2230182.71,45.0,1189.0,706962.0,3461512.22,427.0,250.0,8.0,18.74,8.45,82.67,9.13,60.66,16.39,3033.89,458.64,2268.92,1.496,1.285,1.379,1.082,0.2762,1.653,3.496,1.406,19.369,0.0,44.259,56.769,458.6399,2268.9186,36.2488,35.8914,4.314,0.2133,49.6754,2.7624,0.2373,15.2108,0.8823,90.8327,3.4377,3.424,0.0,20.6922,75.4051,29.9583,29.2,42.6
510170,Barra do Bugres,51007,Médio Norte Matogrossense,5106,Centro-Noroeste,2025,29406.0,IBGE estimativa,6.0,12.0,12.0,False,True,73172902.05,21933956.79,40716118.94,8199961.76,63621428.3,9551473.75,37244311.91,46.95,40.45,129.46,7.2,41.97,443.32,32.0,0.0,152.83,28.0,11.0,1.0,1.0,8.17,1.0,4.0,51105.0,8291.0,105869.0,51561.0,38474.0,12139.0,26456.0,6767.0,28185.0,78319.0,648140.0,3399519.75,33268.0,460288.07,1525.0,1777.0,244.0,27857.8,78534.0,1297325.36,0.0,93.0,1525.0,1870.0,484.0,4960.0,0.0,715004.29,2236107.8,49.0,1483.0,788562.0,3767272.9,,,,,,,,,,2488.37,745.9,1384.62,1.597,1.376,1.427,1.088,0.2778,1.738,3.6,1.753,22.041,0.008,51.86,63.592,745.9007,1384.6194,50.899,13.0533,4.4025,0.2448,51.9724,2.7783,0.2819,,0.8997,97.2459,3.2131,3.2525,0.0,24.3149,76.0426,25.8824,24.8,34.2
510180,Barra do Garças,51005,Garças Araguaia,5104,Leste,2020,61135.0,IBGE estimativa,6.0,12.0,12.0,False,True,94002752.3,16241626.4,68051744.59,6102658.3,92666545.52,1336206.78,27945278.46,113.69,130.74,255.19,32.09,230.92,1317.84,96.08,14.42,222.08,84.67,25.92,1.0,1.0,18.83,0.0,17.08,69050.0,7400.0,120167.0,134036.0,48876.0,19993.0,42572.0,12898.0,42703.0,382328.0,549281.0,3214349.08,368492.0,2300570.77,3657.0,2979.0,21410.0,3964217.42,135098.0,2664674.69,0.0,28.0,3657.0,3007.0,231.0,11138.0,3540.0,5571129.78,4004783.54,279.0,3252.0,988977.0,7394555.36,1087.0,532.0,16.0,14.72,8.7,65.87,6.99,69.73,14.17,1537.63,265.67,1113.14,1.86,2.139,3.777,1.572,0.308,1.129,1.966,2.192,8.985,0.35,59.818,49.186,265.6682,1113.1389,29.7281,1.4215,4.1742,0.5249,36.3262,3.0801,0.121,11.8657,0.6964,88.9253,7.6292,3.0457,57.9046,91.1283,65.5072,7.6821,6.8,28.0
510180,Barra do Garças,51005,Garças Araguaia,5104,Leste,2021,61702.0,IBGE estimativa,6.0,12.0,12.0,False,True,98274529.16,14405254.68,71608840.9,8128049.09,96657501.71,1617027.45,47009022.68,113.84,158.05,256.22,41.83,217.42,1344.58,97.5,17.5,249.0,86.58,25.5,1.0,1.0,19.0,0.0,19.0,95601.0,8771.0,165044.0,111875.0,67241.0,28360.0,46995.0,13797.0,45620.0,316106.0,515814.0,3185214.42,397894.0,2496439.84,3919.0,3160.0,21825.0,3820330.59,144678.0,2687847.98,1.0,24.0,3920.0,3184.0,168.0,11531.0,4325.0,6886832.09,6126272.8,323.0,3872.0,895791.0,7263971.4,1144.0,703.0,25.0,21.85,11.39,59.97,6.29,70.49,16.17,1592.73,233.46,1160.56,1.845,2.562,3.524,1.58,0.3079,1.549,2.675,1.813,8.36,0.354,63.531,51.603,233.465,1160.5595,47.8344,1.6454,4.1525,0.6779,40.3553,3.0793,0.1422,12.0603,0.7616,98.7755,8.2398,2.9416,70.095,111.6144,99.2881,5.2764,4.8,18.8
510180,Barra do Garças,51005,Garças Araguaia,5104,Leste,2022,69210.0,IBGE Censo 2022,6.0,12.0,12.0,False,True,114182700.61,19519279.86,77981647.42,10431970.74,112387214.02,1795486.59,53869113.07,114.18,160.43,260.2,43.53,204.08,1360.48,91.5,11.5,286.25,88.58,25.08,1.0,1.0,19.0,0.0,19.0,126309.0,20770.0,212519.0,146075.0,87225.0,38803.0,50863.0,14734.0,50174.0,366062.0,698724.0,3916183.74,591958.0,3260113.8,3559.0,2830.0,25431.0,5153938.22,91819.0,3459212.74,0.0,25.0,3559.0,2855.0,183.0,11151.0,1262.0,3081110.48,2592254.84,118.0,3424.0,1154266.0,9434936.64,1061.0,467.0,17.0,16.02,6.75,61.17,7.82,70.59,15.65,1649.8,282.03,1126.74,1.65,2.318,2.949,1.322,0.2745,1.825,3.071,2.111,10.096,0.367,51.423,41.251,282.0298,1126.7396,47.178,1.5725,3.7596,0.629,41.3596,2.7453,0.3001,13.8869,0.7349,96.2068,3.3155,3.1332,18.2344,44.5183,37.4549,6.4098,5.7,22.8
510180,Barra do Garças,51005,Garças Araguaia,5104,Leste,2023,70931.0,interpolada (Censo 2022 x IBGE 2024),6.0,12.0,12.0,False,True,133044147.32,28697754.23,84103525.46,12567654.4,127628109.14,5416038.18,52747541.92,119.33,157.89,270.78,42.84,205.92,1357.97,78.08,10.0,319.25,90.42,25.83,1.0,1.0,19.0,0.0,19.0,135443.0,23062.0,236608.0,209046.0,94429.0,40283.0,48665.0,16682.0,49158.0,366979.0,882841.0,4668398.17,734827.0,3832311.24,4113.0,3386.0,28093.0,5356999.07,87142.0,3589013.17,6.0,47.0,4119.0,3433.0,354.0,13237.0,857.0,3367492.96,3245364.36,100.0,3239.0,1388448.0,10623757.89,1095.0,513.0,28.0,25.57,7.232,69.22,6.21,73.42,15.07,1875.68,404.59,1185.71,1.682,2.226,2.903,1.101,0.2679,1.91,3.336,2.947,12.446,0.396,58.071,48.399,404.5869,1185.709,39.6466,4.0709,3.8175,0.604,45.0085,2.6787,0.3251,15.2347,0.6861,78.6356,2.4278,3.2136,12.0822,47.4756,45.7538,10.3117,9.5,37.4
510180,Barra do Garças,51005,Garças Araguaia,5104,Leste,2024,72694.0,IBGE estimativa,6.0,12.0,12.0,False,True,148936175.88,29151564.7,95938107.84,14963025.59,144910629.4,4025546.48,58413180.55,123.03,162.71,316.53,42.88,207.08,1397.43,81.25,10.0,357.75,91.5,26.33,1.0,1.0,19.58,0.0,19.08,151800.0,23199.0,253212.0,334008.0,103962.0,46332.0,58920.0,17217.0,59886.0,249268.0,641942.0,3583508.31,529058.0,2909264.53,4611.0,3798.0,30913.0,6557821.61,125722.0,4402444.62,2.0,52.0,4613.0,3850.0,535.0,14348.0,2884.0,5041224.85,4557673.01,141.0,3803.0,1042965.0,10808011.85,1048.0,544.0,23.0,21.95,7.48,69.56,6.3,74.33,14.41,2048.81,401.02,1319.75,1.692,2.238,2.849,1.118,0.2693,2.088,3.483,4.595,8.831,0.425,63.458,52.962,401.0175,1319.7528,39.2203,2.7029,4.3543,0.5899,49.2131,2.6935,0.3191,16.4284,0.8105,82.4409,3.0566,3.1103,39.6732,69.3486,62.6967,13.8961,11.0,46.9
510180,Barra do Garças,51005,Garças Araguaia,5104,Leste,2025,73878.0,IBGE estimativa,6.0,12.0,12.0,False,True,159275595.9,29272022.49,102623105.09,18916941.51,155222286.76,4053309.14,62093480.0,112.93,165.88,310.68,41.36,222.33,1381.13,83.33,10.0,358.75,93.75,25.17,1.0,1.0,20.0,0.0,20.0,165003.0,19649.0,271455.0,385902.0,115676.0,46559.0,58997.0,15384.0,59214.0,146915.0,577147.0,3331535.53,489776.0,2847492.77,4859.0,3945.0,30877.0,6493623.98,165525.0,3944503.43,22.0,56.0,4881.0,4001.0,495.0,15261.0,3188.0,6052839.8,5070852.7,147.0,4007.0,859775.0,10379924.4,,,,,,,,,,2155.93,396.22,1389.09,1.529,2.245,3.009,1.128,0.2707,2.233,3.674,5.224,7.812,0.418,66.068,54.157,396.2211,1389.0888,38.9849,2.5448,4.2053,0.5598,48.5598,2.7072,0.266,,0.7986,82.0938,3.0117,3.1266,43.1522,81.9302,68.6382,12.3719,9.3,40.3
510183,Boa Esperança do Norte,51014,Teles Pires,5103,Norte,2020,,,,,,True,False,,,,,,,,,,,,,,,,,,,,,,,,,,,,,,,,,,,,,,,,,,,,,,,,,,,,,,,,,,,,,,,,,,,,,,,,,,,,,,,,,,,,,,,,,,,,,,,,,,,,
510183,Boa Esperança do Norte,51014,Teles Pires,5103,Norte,2021,,,,,,True,False,,,,,,,,,,,,,,,,,,,,,,,,,,,,,,,,,,,,,,,,,,,,,,,,,,,,,,,,,,,,,,,,,,,,,,,,,,,,,,,,,,,,,,,,,,,,,,,,,,,,
510183,Boa Esperança do Norte,51014,Teles Pires,5103,Norte,2022,,,,,,True,False,,,,,,,,,,,,,,,,,,,,,,,,,,,,,,,,,,,,,,,,,,,,,,,,,,,,,,,,,,,,,,,,,,,,,,,,,,,,,,,,,,,,,,,,,,,,,,,,,,,,
510183,Boa Esperança do Norte,51014,Teles Pires,5103,Norte,2023,,,,,,True,False,,,,,,,,,,,,,,,,,,,,,,,,,,,,,,,,,,,,,,,,,,,,,,,,,,,,,,,,,,,,,,,,,,,,,,,,,,,,,,,,,,,,,,,,,,,,,,,,,,,,
510183,Boa Esperança do Norte,51014,Teles Pires,5103,Norte,2024,,,,,,True,False,,,,,,,,,,,,,,,,,,,,,,,,,,,,,,,,,,,,,,,,,,,,,,,,,,,,,,,,,,,,,,,,,,,,,,,,,,,,,,,,,,,,,,,,,,,,,,,,,,,,
510183,Boa Esperança do Norte,51014,Teles Pires,5103,Norte,2025,5877.0,IBGE estimativa,6.0,12.0,4.0,False,False,9525604.92,1890770.93,4228611.94,2741123.36,9501626.52,23978.4,9522965.02,4.31,8.36,8.49,2.25,4.08,58.36,0.0,0.0,26.25,5.92,2.25,0.0,0.17,0.75,1.33,2.0,2697.0,523.0,4472.0,3071.0,881.0,1816.0,1732.0,512.0,973.0,89177.0,39891.0,262628.73,36100.0,244267.13,0.0,0.0,263.0,50105.67,446.0,51065.68,0.0,0.0,0.0,0.0,0.0,0.0,0.0,0.0,0.0,0.0,0.0,139192.0,358930.65,,,,,,,,,,1620.83,321.72,719.52,0.733,1.422,0.694,0.0,0.1276,0.459,0.761,0.523,6.788,0.045,0.0,0.0,321.7238,719.5188,99.9723,0.2517,1.4446,0.3828,44.6656,1.2762,0.089,,0.2947,,,,0.0,0.0,0.0,,,
510185,Bom Jesus do Araguaia,51006,Médio Araguaia,5104,Leste,2020,6706.0,IBGE estimativa,6.0,12.0,12.0,False,True,7639765.52,4650310.17,2891839.18,0.0,6917726.19,722039.33,7613265.52,6.88,6.92,17.58,2.58,29.75,78.94,0.0,0.0,8.58,8.25,3.92,0.0,0.0,2.0,0.0,2.0,6867.0,502.0,14376.0,16358.0,6146.0,719.0,6380.0,1916.0,5460.0,0.0,1217.0,6462.91,1759.0,11607.64,0.0,135.0,0.0,0.0,1575.0,13633.44,0.0,1.0,0.0,136.0,136.0,0.0,0.0,0.0,158521.55,0.0,0.0,4217.0,6462.91,92.0,32.0,5.0,54.35,4.77,79.35,4.35,77.17,31.52,1139.24,693.46,431.23,1.026,1.032,4.436,0.0,0.2982,1.024,2.144,2.439,0.181,0.0,0.0,20.28,693.4551,431.2316,99.6531,9.4511,2.6215,0.3847,12.7945,2.9824,0.0749,20.8261,0.9514,,,,0.0,0.0,23.6388,100.0,11.0,235.8
510185,Bom Jesus do Araguaia,51006,Médio Araguaia,5104,Leste,2021,6830.0,IBGE estimativa,6.0,12.0,12.0,False,True,7793941.05,6684740.92,984644.67,0.0,7384665.09,409275.96,7516988.45,5.85,3.94,18.54,2.0,28.17,87.35,0.0,0.0,9.0,10.67,4.75,0.0,0.0,2.83,0.75,2.0,11214.0,1336.0,18853.0,22353.0,8308.0,2906.0,4367.0,1786.0,4062.0,714.0,11137.0,47635.37,2303.0,16333.99,0.0,296.0,0.0,0.0,3095.0,5582.58,0.0,1.0,0.0,297.0,297.0,0.0,0.0,0.0,365298.63,0.0,0.0,15011.0,55594.97,118.0,47.0,4.0,33.9,6.88,53.39,7.63,68.64,31.36,1141.13,978.73,144.16,0.857,0.577,4.124,0.0,0.4143,1.642,2.76,3.273,1.631,0.0,0.0,43.485,978.7322,144.1647,96.4466,5.2512,2.7145,0.2928,13.1772,4.1435,0.1956,15.1356,0.6394,,,,0.0,0.0,53.4844,100.0,3.7,228.4
510185,Bom Jesus do Araguaia,51006,Médio Araguaia,5104,Leste,2022,7280.0,IBGE Censo 2022,6.0,12.0,12.0,False,True,11106740.45,10190878.83,799114.12,0.0,9632249.51,1474490.94,9760076.93,6.06,5.23,19.7,2.0,30.83,97.09,0.0,0.0,11.92,11.92,4.42,0.0,0.0,3.0,0.83,2.0,14272.0,2612.0,24479.0,34295.0,12194.0,2070.0,7574.0,2223.0,6140.0,1212.0,14637.0,72887.16,4539.0,39435.35,0.0,344.0,0.0,0.0,257.0,33346.45,0.0,2.0,0.0,346.0,346.0,0.0,0.0,0.0,336862.05,0.0,0.0,16120.0,72887.16,101.0,35.0,5.0,49.5,4.81,65.31,4.95,75.25,17.82,1525.65,1399.85,109.77,0.832,0.718,4.235,0.0,0.4121,1.96,3.363,4.711,2.011,0.0,0.0,47.527,1399.846,109.7684,87.8753,13.2756,2.706,0.2747,16.3736,4.1209,0.3588,22.0099,1.0404,,,,0.0,0.0,46.2723,100.0,8.1,240.1
510185,Bom Jesus do Araguaia,51006,Médio Araguaia,5104,Leste,2023,7502.0,interpolada (Censo 2022 x IBGE 2024),6.0,12.0,12.0,False,True,11349528.63,10957870.24,203106.96,20000.0,10692176.08,657352.55,7645580.06,5.72,5.1,21.72,2.17,23.0,87.9,0.0,0.0,10.25,11.58,4.0,0.0,0.0,3.0,1.0,2.0,19839.0,3679.0,33670.0,23168.0,14827.0,4414.0,6489.0,1793.0,5825.0,4655.0,80329.0,491280.74,7975.0,86232.05,0.0,289.0,0.0,0.0,385.0,117889.35,0.0,2.0,0.0,291.0,291.0,0.0,0.0,0.0,341994.13,0.0,0.0,103376.0,601902.89,85.0,21.0,3.0,35.29,2.799,72.94,7.06,74.12,15.29,1512.87,1460.66,27.07,0.762,0.68,3.066,0.0,0.3999,2.644,4.488,3.088,10.708,0.0,0.0,38.79,1460.6599,27.0737,67.3647,5.7919,2.8952,0.2893,13.663,3.9989,0.4904,21.0941,0.865,,,,0.0,0.0,45.5871,100.0,5.8,228.3
510185,Bom Jesus do Araguaia,51006,Médio Araguaia,5104,Leste,2024,7731.0,IBGE estimativa,2.0,12.0,12.0,False,False,14554245.24,13552591.76,815847.51,0.0,11877121.55,2677123.69,8550478.27,6.6,5.31,22.17,2.29,22.75,91.3,0.0,0.0,13.0,12.0,3.5,0.0,0.5,3.0,0.5,2.0,18214.0,2013.0,34543.0,25358.0,15411.0,2307.0,6248.0,1753.0,6311.0,1120.0,56540.0,312260.6,9286.0,94476.25,0.0,354.0,0.0,0.0,1387.0,227673.59,0.0,9.0,0.0,363.0,363.0,0.0,0.0,0.0,372755.84,0.0,0.0,74741.0,445042.25,105.0,30.0,1.0,9.52,3.88,78.1,3.81,81.9,24.76,1882.58,1753.02,105.53,0.854,0.687,2.943,0.0,0.388,2.356,4.468,3.28,7.313,0.0,0.0,46.954,1753.0192,105.5294,58.749,18.3941,2.8677,0.2962,16.8154,3.8805,0.2604,16.6952,0.8082,,,,0.0,0.0,48.2157,100.0,13.5,255.5
510185,Bom Jesus do Araguaia,51006,Médio Araguaia,5104,Leste,2025,7912.0,IBGE estimativa,6.0,12.0,12.0,False,True,18504920.15,15768102.14,1884831.49,815613.28,14854767.41,3650152.74,12125746.67,5.99,4.5,26.08,2.13,25.33,102.63,0.0,0.0,12.5,10.5,3.0,0.0,1.0,3.0,0.0,2.0,19909.0,3335.0,38073.0,32851.0,16437.0,2147.0,6060.0,1803.0,6429.0,996.0,73538.0,397390.71,11847.0,100969.99,0.0,403.0,0.0,0.0,2331.0,355357.44,0.0,7.0,0.0,410.0,410.0,0.0,0.0,0.0,518479.57,0.0,0.0,95935.0,593366.16,,,,,,,,,,2338.84,1992.94,238.22,0.757,0.569,3.201,0.0,0.3792,2.516,4.812,4.152,9.294,0.0,0.0,51.82,1992.9351,238.2244,65.5271,19.7253,3.2963,0.2692,15.7988,3.7917,0.4215,,0.7659,,,,0.0,0.0,65.5308,100.0,19.0,243.2
510190,Brasnorte,51008,Noroeste Matogrossense,5106,Centro-Noroeste,2020,20140.0,IBGE estimativa,6.0,12.0,12.0,False,True,24879494.61,6116433.51,16952775.5,983287.39,23809945.97,1069548.64,12367674.42,16.0,18.52,67.33,5.0,60.54,274.09,31.0,0.0,144.33,33.92,9.0,1.0,0.0,5.0,0.0,3.0,22987.0,2156.0,52339.0,42995.0,17631.0,5356.0,12182.0,4942.0,13227.0,41081.0,72621.0,429136.81,3624.0,30154.06,1081.0,1380.0,568.0,0.0,33765.0,265223.78,0.0,17.0,1081.0,1397.0,317.0,3475.0,0.0,373774.93,810128.16,16.0,1081.0,115241.0,429136.81,342.0,97.0,4.0,11.7,4.82,63.16,9.06,69.3,21.93,1235.33,303.7,841.75,0.794,0.92,3.006,1.539,0.2483,1.141,2.599,2.135,3.606,0.028,53.674,69.364,303.6958,841.7465,49.7103,4.2989,3.3431,0.2483,71.6634,2.4826,0.1071,14.4503,0.6049,100.0,1.4801,3.2146,0.0,18.5588,40.2248,22.6915,11.5,59.4
510190,Brasnorte,51008,Noroeste Matogrossense,5106,Centro-Noroeste,2021,20571.0,IBGE estimativa,6.0,12.0,12.0,False,True,30066936.26,5526128.88,23098462.04,567408.43,29313133.27,753802.99,24179274.1,17.16,20.6,71.42,3.83,59.5,301.71,31.0,0.0,198.92,34.17,9.0,1.0,0.0,5.0,0.0,3.0,25200.0,1783.0,52953.0,43401.0,18017.0,7183.0,10943.0,4064.0,11769.0,30926.0,104224.0,570024.06,5063.0,40771.72,949.0,1305.0,475.0,0.0,27153.0,393031.61,0.0,18.0,949.0,1323.0,381.0,3176.0,0.0,444307.75,1648302.35,34.0,948.0,137065.0,570024.06,307.0,127.0,3.0,9.77,6.17,72.55,15.31,76.55,14.01,1461.62,268.64,1122.87,0.834,1.001,2.892,1.507,0.2431,1.225,2.574,2.11,5.067,0.023,46.133,64.314,268.6369,1122.8653,80.4182,2.5071,3.4719,0.1862,96.6992,2.4306,0.0867,13.2378,0.532,99.8946,3.5827,3.3467,0.0,21.5987,80.1275,28.7982,14.0,76.2
510190,Brasnorte,51008,Noroeste Matogrossense,5106,Centro-Noroeste,2022,17004.0,IBGE Censo 2022,6.0,12.0,12.0,False,True,37056067.27,6562645.14,24783255.67,3666013.01,35308004.73,1748062.54,28163569.52,21.83,21.73,74.58,3.21,57.79,326.14,31.0,0.0,199.0,33.33,9.5,1.0,0.0,5.0,0.0,3.0,38869.0,2905.0,74284.0,53613.0,27133.0,11736.0,15124.0,4621.0,14500.0,34475.0,171145.0,951959.06,10541.0,135255.85,1393.0,1697.0,196.0,0.0,9252.0,425404.29,0.0,32.0,1393.0,1729.0,345.0,4817.0,0.0,559094.26,1193499.3,11.0,1348.0,240891.0,1120328.36,329.0,81.0,6.0,18.24,4.76,75.99,12.46,82.07,19.76,2179.26,385.95,1457.5,1.284,1.278,3.399,1.823,0.294,2.286,4.369,3.153,10.065,0.012,81.922,101.682,385.9471,1457.4956,76.0026,4.7173,4.386,0.1888,117.0313,2.9405,0.1708,14.0456,0.8894,96.7696,0.7897,3.458,0.0,32.8802,70.1893,19.9537,12.6,61.3
510190,Brasnorte,51008,Noroeste Matogrossense,5106,Centro-Noroeste,2023,17248.0,interpolada (Censo 2022 x IBGE 2024),6.0,12.0,12.0,False,True,42450030.83,7967800.17,27249682.18,4921175.61,41045329.21,1404701.62,31153592.7,24.01,23.88,80.3,4.75,57.0,358.1,37.0,0.0,200.17,33.58,10.58,1.0,0.0,5.0,0.0,3.58,40307.0,4113.0,80629.0,73561.0,28326.0,11639.0,17657.0,5139.0,16117.0,36470.0,185372.0,1064126.15,14962.0,205210.4,1822.0,2121.0,27.0,6870.85,13592.0,362254.17,0.0,42.0,1822.0,2163.0,364.0,5590.0,0.0,695281.25,1355165.28,14.0,1820.0,270529.0,1302864.9,317.0,83.0,3.0,9.46,4.812,85.13,8.52,83.6,14.83,2461.16,461.96,1579.87,1.392,1.385,3.305,2.145,0.2899,2.337,4.675,4.265,10.747,0.002,105.635,125.406,461.955,1579.8749,73.3889,3.3091,4.6556,0.2754,116.054,2.8989,0.2385,16.2114,1.0237,99.8902,0.7684,3.0681,0.0,40.3108,78.5694,16.8285,10.7,52.6
510190,Brasnorte,51008,Noroeste Matogrossense,5106,Centro-Noroeste,2024,17496.0,IBGE estimativa,6.0,12.0,12.0,False,True,46007300.01,8703688.01,27034436.7,7159713.95,43571906.17,2435393.84,32780933.75,23.05,27.77,91.99,4.85,54.92,375.97,40.0,0.0,210.17,35.42,11.58,1.0,0.0,5.0,0.0,4.08,38577.0,4654.0,82712.0,69561.0,28442.0,9234.0,16322.0,4324.0,17365.0,40153.0,193988.0,1234150.15,19878.0,287492.31,1490.0,1766.0,99.0,29850.0,8965.0,553230.91,3.0,49.0,1493.0,1815.0,327.0,5333.0,0.0,594520.45,1267437.17,13.0,1492.0,301791.0,1589700.25,310.0,91.0,4.0,12.9,5.2,82.26,10.65,78.06,20.32,2629.59,497.47,1545.18,1.317,1.587,3.139,2.286,0.2858,2.205,4.727,3.976,11.088,0.006,85.334,103.738,497.4673,1545.1781,71.2516,5.2935,5.2578,0.2772,120.1246,2.8578,0.266,13.9484,0.9329,99.933,0.8707,3.572,0.0,33.9804,72.4415,18.0165,13.6,62.2
510190,Brasnorte,51008,Noroeste Matogrossense,5106,Centro-Noroeste,2025,17645.0,IBGE estimativa,6.0,12.0,12.0,False,True,50739637.56,10236639.18,30755553.42,6549582.44,49511249.04,1228388.52,38720799.47,26.08,28.18,106.35,4.67,47.61,397.46,40.0,0.0,215.42,36.0,11.0,1.0,0.0,5.0,0.0,4.0,35502.0,3187.0,44297.0,20665.0,25744.0,7938.0,14603.0,4163.0,18091.0,48018.0,215658.0,1365516.81,17355.0,274288.13,1617.0,1871.0,1297.0,252006.02,16805.0,947959.57,0.0,53.0,1617.0,1924.0,325.0,6191.0,0.0,609054.55,1359941.12,23.0,1614.0,321587.0,2002677.38,,,,,,,,,,2875.58,580.14,1743.02,1.478,1.597,2.698,2.267,0.2834,2.012,2.51,1.171,12.222,0.074,91.641,109.039,580.1439,1743.018,76.3127,2.421,6.0272,0.2647,122.0856,2.8337,0.1806,,0.8276,99.8145,1.4224,3.8287,0.0,34.5171,77.0723,16.8919,13.8,61.2
510250,Cáceres,51011,Oeste Matogrossense,5102,Oeste,2020,94861.0,IBGE estimativa,6.0,12.0,12.0,False,True,49115687.79,14723712.85,16154389.2,14810935.28,45663487.7,3452200.09,36413195.94,109.76,131.09,487.05,19.12,79.5,1203.22,223.42,21.0,809.92,50.25,20.58,2.0,1.17,12.33,0.0,6.92,43943.0,2619.0,50121.0,46695.0,34682.0,9261.0,26704.0,6331.0,27799.0,206031.0,451568.0,3155958.26,36864.0,284636.88,9843.0,5550.0,42300.0,8025896.19,288093.0,4607490.19,14.0,78.0,9857.0,5628.0,263.0,41662.0,5746.0,10438060.91,6439027.09,716.0,9475.0,715969.0,11278861.14,1517.0,788.0,19.0,12.52,8.31,55.37,7.59,63.09,19.13,517.76,155.21,170.3,1.157,1.382,0.838,2.355,0.13,0.463,0.528,0.492,4.76,0.446,103.91,59.329,155.2136,170.2954,74.1376,7.0287,5.1344,0.2016,85.3797,1.2998,0.0276,4.1734,0.2815,96.1246,7.2639,4.2266,60.5728,110.0353,67.8785,4.6731,4.6,9.0
510250,Cáceres,51011,Oeste Matogrossense,5102,Oeste,2021,95339.0,IBGE estimativa,6.0,12.0,12.0,False,True,52098644.03,17473344.57,21524913.69,8370973.91,50984490.12,1114153.91,39430126.76,121.34,159.08,463.14,22.12,80.42,1241.25,231.25,24.75,945.83,58.58,21.83,2.0,2.0,13.0,0.08,6.83,69056.0,6820.0,81973.0,55418.0,54508.0,14548.0,34226.0,7633.0,34842.0,86020.0,344597.0,2510097.8,50676.0,438687.02,10449.0,6025.0,43134.0,8019235.2,304487.0,4495810.51,11.0,94.0,10460.0,6119.0,391.0,39045.0,6985.0,13366184.56,10412249.02,574.0,9944.0,481146.0,10578161.87,1484.0,914.0,21.0,14.15,9.59,58.34,6.81,65.9,18.94,546.46,183.28,225.77,1.273,1.669,0.844,2.426,0.1364,0.724,0.86,0.581,3.614,0.452,109.714,64.181,183.2759,225.7724,75.6836,2.1385,4.8578,0.232,99.207,1.3636,0.0715,5.1435,0.359,95.0669,5.4876,3.7328,73.2649,140.1964,109.2129,6.3899,6.4,12.0
510250,Cáceres,51011,Oeste Matogrossense,5102,Oeste,2022,89681.0,IBGE Censo 2022,6.0,12.0,12.0,False,True,59585928.83,20109270.27,25913604.8,7904845.64,57870545.75,1715383.08,43039650.66,134.9,187.66,452.53,23.44,83.16,1342.14,251.92,31.83,933.5,57.17,23.0,1.92,1.33,14.92,5.58,10.17,87939.0,9734.0,151318.0,69075.0,66495.0,19306.0,45929.0,13272.0,47187.0,139567.0,505607.0,3579707.17,160501.0,1008812.76,10251.0,5691.0,40429.0,8447377.08,101274.0,4943725.1,22.0,80.0,10273.0,5771.0,267.0,37956.0,5013.0,10273630.63,5799714.6,426.0,8649.0,688299.0,12052706.56,1403.0,742.0,22.0,15.68,8.27,61.37,8.92,65.15,18.6,664.42,224.23,288.95,1.504,2.093,0.927,2.809,0.1664,0.981,1.687,0.77,5.638,0.451,114.55,64.35,224.2311,288.9531,72.2312,2.8788,5.046,0.2614,104.0912,1.6637,0.1085,9.4597,0.5121,84.1916,4.1468,3.6947,55.8981,114.5575,64.6705,4.6266,4.6,8.8
510250,Cáceres,51011,Oeste Matogrossense,5102,Oeste,2023,90648.0,interpolada (Censo 2022 x IBGE 2024),6.0,12.0,12.0,False,True,71069951.09,26101534.21,29913858.08,8513725.95,69152624.82,1917326.27,53598250.3,168.65,208.81,467.2,23.87,91.08,1468.78,290.83,16.0,983.17,69.25,23.58,2.17,1.0,15.83,7.67,11.08,109933.0,13604.0,189025.0,84184.0,80380.0,27567.0,50367.0,16994.0,51662.0,159794.0,663375.0,5210994.49,200786.0,1818594.01,12459.0,7239.0,47899.0,9686631.09,188545.0,6222393.71,16.0,71.0,12475.0,7310.0,418.0,49557.0,5769.0,12451975.78,7726081.71,488.0,11003.0,884153.0,15000238.01,1368.0,722.0,28.0,20.47,7.965,66.81,8.34,66.62,16.74,784.02,287.94,330.0,1.86,2.304,1.005,3.208,0.1746,1.213,2.085,0.929,7.318,0.528,137.62,80.642,287.9439,330.0002,75.4162,2.6978,5.154,0.2633,108.4602,1.7463,0.1501,12.4225,0.5556,88.2004,3.9118,3.9725,63.6418,137.3662,85.2317,5.7182,5.7,11.1
510250,Cáceres,51011,Oeste Matogrossense,5102,Oeste,2024,91626.0,IBGE estimativa,6.0,12.0,12.0,False,True,78777985.33,28891549.94,33465241.9,8633346.01,76751824.49,2026160.84,48737116.01,149.36,225.93,554.58,22.98,87.75,1689.73,313.25,16.0,1276.92,81.67,24.33,3.33,1.0,16.67,11.83,11.92,134325.0,13723.0,225412.0,70250.0,93992.0,40333.0,66447.0,17204.0,67022.0,183050.0,689034.0,5035664.35,244695.0,1832655.84,13352.0,7767.0,48635.0,10021871.06,47188.0,5987740.22,52.0,104.0,13404.0,7871.0,445.0,54827.0,5860.0,13588461.15,8811879.8,536.0,11370.0,922266.0,15116781.87,1254.0,727.0,25.0,19.94,7.93,72.97,7.1,71.85,16.59,859.78,315.32,365.24,1.63,2.466,0.958,3.419,0.1819,1.466,2.46,0.767,7.52,0.531,146.29,85.904,315.3204,365.2374,61.8664,2.572,6.0526,0.2508,139.3622,1.8194,0.1498,13.7193,0.7252,84.8254,3.9988,4.0903,63.9556,148.3036,96.1723,5.6537,5.7,10.7
510250,Cáceres,51011,Oeste Matogrossense,5102,Oeste,2025,91767.0,IBGE estimativa,6.0,12.0,12.0,False,True,82681901.64,29577109.78,35032195.65,9413372.09,78628126.01,4053775.63,54680668.21,136.97,233.97,589.68,25.65,95.42,1910.24,297.0,16.0,1691.83,88.08,25.0,4.0,1.0,18.5,11.5,12.0,125918.0,15827.0,226006.0,86757.0,91842.0,34076.0,90743.0,18252.0,87696.0,282569.0,567725.0,4461939.49,252399.0,2049692.83,12927.0,7435.0,47300.0,10069359.28,390856.0,6079360.86,63.0,154.0,12990.0,7589.0,536.0,55509.0,5835.0,13621279.89,8694895.56,534.0,11398.0,950868.0,14880403.79,,,,,,,,,,901.0,322.31,381.75,1.493,2.55,1.04,3.236,0.2016,1.372,2.463,0.945,6.187,0.515,141.554,82.699,322.3066,381.7516,66.1338,4.9029,6.4258,0.2795,184.3615,2.016,0.1725,,0.9888,87.7444,4.1109,4.2732,63.5849,148.4333,94.7497,7.0629,7.0,13.8
510260,Campinápolis,51005,Garças Araguaia,5104,Leste,2020,16919.0,IBGE estimativa,6.0,12.0,11.0,False,False,14434593.07,3499414.6,6807422.11,3500659.34,13084616.31,1349976.76,8737665.01,8.11,10.48,24.42,3.85,44.0,141.98,21.5,0.0,15.58,8.75,2.75,0.92,0.0,3.17,0.0,2.58,7658.0,952.0,14465.0,19791.0,6512.0,1091.0,9383.0,2271.0,8604.0,21207.0,29191.0,125538.56,2403.0,15242.28,373.0,696.0,0.0,0.0,23628.0,58317.52,0.0,5.0,373.0,701.0,329.0,1242.0,0.0,199926.52,744091.8,3.0,373.0,50505.0,125538.56,435.0,111.0,15.0,34.48,6.56,21.86,5.98,29.43,35.86,853.16,206.83,402.35,0.479,0.619,2.601,1.271,0.1874,0.453,0.855,1.17,1.725,0.0,22.046,41.433,206.8334,402.3537,60.5328,9.3524,1.4433,0.2276,9.2086,1.8736,0.0563,5.2207,0.5546,100.0,0.8043,3.3298,0.0,11.8167,43.9797,46.933,43.8,65.3
510260,Campinápolis,51005,Garças Araguaia,5104,Leste,2021,16223.0,IBGE estimativa,6.0,12.0,12.0,False,True,18546500.96,3864475.89,11591545.84,2278983.46,16264768.51,2281732.45,18051751.24,12.26,26.4,51.96,6.5,96.08,264.68,24.0,0.0,21.5,15.0,3.0,1.0,0.0,4.0,0.0,3.0,7344.0,414.0,12317.0,22608.0,4997.0,2283.0,9067.0,3867.0,8853.0,25098.0,69139.0,238077.32,2785.0,24099.12,602.0,1131.0,0.0,0.0,22314.0,143796.46,0.0,12.0,602.0,1143.0,543.0,1581.0,0.0,311523.75,1327105.42,6.0,602.0,94265.0,238215.92,490.0,123.0,24.0,48.98,7.58,15.5,4.69,27.96,34.29,1143.22,238.21,714.51,0.756,1.627,5.922,1.479,0.2466,0.453,0.759,1.394,4.262,0.0,37.108,70.456,238.2097,714.5131,97.3324,12.3028,3.2029,0.4007,13.2528,2.4656,0.0255,7.8918,0.5589,100.0,0.9967,2.6262,0.0,19.2026,81.8039,47.5066,45.6,57.6
510260,Campinápolis,51005,Garças Araguaia,5104,Leste,2022,15347.0,IBGE Censo 2022,6.0,12.0,12.0,False,True,18403137.45,7571298.98,8812549.0,1425195.07,17957140.8,445996.65,13998037.47,11.57,23.73,53.74,7.4,150.0,318.29,24.67,0.0,23.67,16.0,3.0,1.0,0.0,3.83,0.0,3.0,15562.0,1550.0,23189.0,17153.0,9157.0,4728.0,13045.0,4930.0,12225.0,24719.0,142615.0,634358.29,6359.0,63387.05,650.0,1190.0,105.0,11343.46,4927.0,166772.02,0.0,3.0,650.0,1193.0,544.0,2085.0,0.0,280975.02,957757.84,11.0,650.0,190029.0,790852.85,433.0,128.0,28.0,64.67,8.34,34.37,4.62,31.48,29.1,1199.14,493.34,574.22,0.754,1.546,9.774,1.607,0.2496,1.014,1.511,1.118,9.293,0.007,42.354,77.735,493.3407,574.2197,76.0633,2.4235,3.5017,0.4822,15.4232,2.4956,0.101,11.3857,0.85,100.0,1.6923,3.2077,0.0,18.3081,62.4068,45.5993,44.0,55.0
510260,Campinápolis,51005,Garças Araguaia,5104,Leste,2023,15529.0,interpolada (Censo 2022 x IBGE 2024),6.0,12.0,12.0,False,True,21250143.6,6502652.94,11506228.59,2062819.12,20765335.6,484808.0,14023512.77,11.78,27.15,60.08,8.25,150.08,336.03,25.33,0.0,25.5,16.17,3.0,1.0,0.0,3.0,0.0,3.0,15693.0,1980.0,26857.0,20267.0,10601.0,2968.0,20069.0,6241.0,17736.0,18393.0,289564.0,1128734.88,13066.0,102579.27,606.0,1256.0,200.0,20537.59,10404.0,297487.41,0.0,6.0,606.0,1262.0,656.0,2165.0,0.0,269692.45,997844.36,5.0,606.0,390441.0,1567443.07,483.0,114.0,20.0,41.41,7.341,18.54,5.38,30.08,29.67,1368.42,418.74,740.95,0.759,1.748,9.664,1.631,0.1932,1.011,1.729,1.305,18.647,0.013,39.024,81.267,418.7425,740.951,65.9926,2.2814,3.8689,0.5313,16.4209,1.9319,0.1275,12.9213,1.2924,100.0,0.8251,3.5726,0.0,17.367,64.2568,51.981,49.4,60.8
510260,Campinápolis,51005,Garças Araguaia,5104,Leste,2024,15713.0,IBGE estimativa,6.0,12.0,12.0,False,True,29040635.35,9231951.47,16460852.03,2674612.45,27771118.02,1269517.33,20097956.25,16.85,30.27,62.9,8.67,183.0,392.38,25.0,0.0,27.92,18.33,3.0,1.0,0.0,3.0,0.0,3.0,14820.0,1408.0,27749.0,26751.0,11975.0,2094.0,23766.0,6507.0,22407.0,780.0,102254.0,342367.53,14094.0,144833.66,580.0,1264.0,0.0,0.0,6740.0,346664.24,0.0,9.0,580.0,1273.0,693.0,1762.0,0.0,255037.45,1132586.62,3.0,580.0,210216.0,861523.53,451.0,113.0,14.0,31.04,7.19,40.09,4.21,29.49,27.72,1848.19,587.54,1047.59,1.072,1.926,11.646,1.591,0.1909,0.943,1.766,1.702,6.508,0.0,36.912,81.016,587.5359,1047.5945,69.2063,4.3715,4.0031,0.5518,17.7687,1.9092,0.0896,14.4279,1.5125,100.0,0.5172,3.0379,0.0,16.231,72.0796,54.4383,48.9,63.9
510260,Campinápolis,51005,Garças Araguaia,5104,Leste,2025,15808.0,IBGE estimativa,6.0,12.0,12.0,False,True,32010855.3,8751991.51,19429047.6,3488505.89,30936635.04,1074220.26,23490923.97,17.84,29.75,62.9,8.59,189.42,399.16,22.5,0.0,26.5,18.75,3.0,1.0,0.0,3.0,0.0,3.0,24751.0,1867.0,40488.0,47346.0,19200.0,4902.0,25518.0,7545.0,24463.0,66.0,97075.0,575936.52,15687.0,135182.45,738.0,1415.0,500.0,52738.91,7871.0,414885.73,0.0,26.0,738.0,1441.0,704.0,2130.0,0.0,306808.11,1441841.68,9.0,738.0,219997.0,1232481.38,,,,,,,,,,2024.98,553.64,1229.06,1.129,1.882,11.983,1.423,0.1898,1.566,2.561,2.995,6.141,0.032,46.685,91.156,553.6432,1229.0642,73.3842,3.3558,3.979,0.5434,16.7637,1.8978,0.1181,,1.6142,100.0,1.2195,2.8862,0.0,19.4084,91.2096,48.855,44.7,67.6
510263,Campo Novo do Parecis,51007,Médio Norte Matogrossense,5106,Centro-Noroeste,2020,36143.0,IBGE estimativa,6.0,12.0,12.0,False,True,39685466.84,12504010.96,18285185.85,5426835.46,38634335.57,1051131.27,30128999.11,26.5,25.45,81.6,9.15,74.75,301.54,28.0,0.0,124.25,23.92,10.0,0.92,0.0,9.67,0.0,7.08,49979.0,3373.0,78173.0,15621.0,40270.0,9709.0,39547.0,11089.0,50710.0,259487.0,148410.0,912760.07,35796.0,254418.48,847.0,1175.0,648.0,77630.37,42476.0,688680.08,0.0,32.0,847.0,1207.0,395.0,2149.0,0.0,381949.82,1288741.56,18.0,774.0,450860.0,1194627.44,790.0,172.0,13.0,16.46,4.76,73.54,6.08,74.56,15.44,1098.01,345.96,505.91,0.733,0.704,2.068,0.775,0.2675,1.383,2.163,0.432,4.106,0.018,23.435,33.395,345.9594,505.9122,75.9195,2.6487,2.2577,0.2532,34.3773,2.6755,0.0933,14.0367,1.0942,91.3813,2.1251,2.5372,0.0,10.5677,35.6567,32.7258,28.7,90.8
510263,Campo Novo do Parecis,51007,Médio Norte Matogrossense,5106,Centro-Noroeste,2021,36917.0,IBGE estimativa,6.0,12.0,11.0,False,False,48757127.13,14625500.58,21447485.14,8428769.41,46431421.34,2325705.79,36274453.08,30.01,30.34,89.1,9.64,67.42,363.91,40.08,0.0,226.75,23.67,9.58,1.0,0.0,10.0,0.0,7.33,55357.0,5534.0,149123.0,4069.0,44399.0,10958.0,38559.0,11030.0,48235.0,135978.0,206008.0,1359943.06,34313.0,346986.04,2232.0,2577.0,3817.0,480712.73,62250.0,1303854.65,0.0,58.0,2232.0,2635.0,455.0,5946.0,0.0,1236762.47,2895368.41,57.0,1924.0,401722.0,2100278.34,821.0,212.0,11.0,13.4,5.74,79.05,8.4,65.65,16.44,1320.72,396.17,580.97,0.813,0.822,1.826,1.086,0.2709,1.499,4.039,0.11,5.58,0.103,60.46,71.376,396.1725,580.965,74.3983,4.77,2.4135,0.2611,61.4216,2.7088,0.1499,13.4348,1.0445,86.2007,2.5538,2.664,0.0,33.5012,78.4291,17.2676,16.7,50.6
510263,Campo Novo do Parecis,51007,Médio Norte Matogrossense,5106,Centro-Noroeste,2022,45899.0,IBGE Censo 2022,2.0,12.0,12.0,False,False,68473934.16,20547304.6,37919920.46,4511113.18,63979831.46,4494102.7,60033184.73,33.35,38.55,95.03,11.8,71.08,420.27,36.42,0.0,438.5,27.42,9.67,1.0,0.0,9.42,1.17,9.67,72301.0,10982.0,194349.0,40917.0,55558.0,16743.0,39771.0,11493.0,49184.0,122184.0,299768.0,2079626.28,32677.0,433665.45,2539.0,2814.0,3630.0,386002.41,66279.0,1311563.56,1.0,44.0,2540.0,2858.0,371.0,6421.0,0.0,1286534.34,2278637.84,52.0,1993.0,501714.0,2840071.29,812.0,173.0,10.0,12.32,3.77,78.94,8.99,79.31,13.18,1491.84,447.66,826.16,0.727,0.84,1.549,0.793,0.2052,1.575,4.234,0.891,6.531,0.079,55.339,62.267,447.6634,826.1601,87.673,6.5632,2.0704,0.2571,95.5359,2.0523,0.2393,14.1539,0.8665,78.4646,2.0472,2.528,0.0,28.0297,49.6446,12.9811,12.2,37.3
510263,Campo Novo do Parecis,51007,Médio Norte Matogrossense,5106,Centro-Noroeste,2023,47921.0,interpolada (Censo 2022 x IBGE 2024),1.0,12.0,12.0,False,False,81242182.68,26145905.53,44014159.72,3960211.42,77809156.87,3433025.81,69687717.15,37.11,42.51,97.8,12.78,87.02,467.24,34.0,0.0,484.08,29.92,11.0,1.0,0.0,10.0,2.0,11.0,86015.0,13861.0,272635.0,109082.0,67082.0,18933.0,36822.0,12897.0,46039.0,147827.0,451395.0,2649962.65,30646.0,420117.39,2685.0,2968.0,6107.0,709592.2,93951.0,1590871.05,0.0,85.0,2685.0,3053.0,450.0,6451.0,0.0,1454560.92,2638811.2,46.0,1876.0,687806.0,3784772.6,947.0,164.0,10.0,10.56,3.422,81.2,8.34,84.48,11.62,1695.34,545.6,918.47,0.774,0.887,1.816,0.71,0.2087,1.795,5.689,2.276,9.42,0.127,56.03,63.709,545.6043,918.4733,85.7778,4.2257,2.0409,0.2667,101.0163,2.0868,0.2892,13.6188,0.7684,69.8696,1.7132,2.4026,0.0,30.3533,55.0659,14.7396,14.3,42.8
510263,Campo Novo do Parecis,51007,Médio Norte Matogrossense,5106,Centro-Noroeste,2024,50033.0,IBGE estimativa,6.0,12.0,12.0,False,True,84486905.54,27781475.66,45470303.34,3820906.87,83789916.11,696989.43,70002632.21,39.44,42.58,103.12,13.73,89.88,488.5,33.0,0.0,523.67,36.5,11.5,1.0,0.0,10.5,2.5,12.25,83628.0,13977.0,216825.0,110724.0,64713.0,18915.0,43317.0,12566.0,53048.0,146154.0,479342.0,2657393.91,58260.0,588797.54,2456.0,2750.0,9899.0,1209448.62,125791.0,2172419.94,2.0,86.0,2458.0,2836.0,456.0,6259.0,0.0,1328281.55,2550169.35,48.0,1812.0,708276.0,4253793.03,823.0,196.0,12.0,14.58,3.92,79.34,9.36,89.91,11.91,1688.62,555.26,908.81,0.788,0.851,1.796,0.66,0.2099,1.671,4.334,2.213,9.581,0.198,49.128,56.683,555.263,908.8063,82.8562,0.825,2.061,0.2744,104.6649,2.0986,0.2794,15.2685,0.8658,73.7185,1.9528,2.5464,0.0,26.5481,50.9697,16.079,15.8,46.3
510263,Campo Novo do Parecis,51007,Médio Norte Matogrossense,5106,Centro-Noroeste,2025,51722.0,IBGE estimativa,6.0,12.0,12.0,False,True,76563189.09,22522704.21,41533285.5,5177735.98,76083194.82,479994.27,62344165.31,46.56,46.35,113.92,14.9,81.09,518.92,34.25,0.0,555.67,39.08,12.0,1.0,0.0,11.25,2.92,13.0,93132.0,15929.0,215609.0,106100.0,74611.0,18521.0,47345.0,12971.0,55160.0,136855.0,499398.0,2750370.13,48781.0,578215.62,2843.0,3183.0,8539.0,1066155.18,133228.0,2197515.94,0.0,120.0,2843.0,3303.0,568.0,7970.0,0.0,1475003.52,3212577.22,45.0,2191.0,787075.0,4563518.56,,,,,,,,,,1480.28,435.46,803.01,0.9,0.896,1.568,0.662,0.2175,1.801,4.169,2.051,9.655,0.165,54.967,63.861,435.4569,803.01,81.4284,0.6269,2.2025,0.2881,107.434,2.1751,0.308,,0.9154,77.0665,1.5828,2.8034,0.0,28.5179,62.1124,17.1965,16.7,49.2
510267,Campo Verde,51013,Sul Matogrossense,5101,Sul,2020,45740.0,IBGE estimativa,6.0,12.0,12.0,False,True,61764237.78,18548313.1,27728480.83,12419580.77,60119920.89,1644316.89,43062818.26,44.56,38.42,115.23,16.75,129.42,480.34,39.33,1.67,178.33,51.58,15.67,1.0,0.0,14.67,0.0,14.0,66232.0,11514.0,89715.0,206926.0,49992.0,14872.0,46330.0,13639.0,48156.0,276166.0,359157.0,2165213.05,50895.0,381869.86,1950.0,2445.0,50.0,561.41,54109.0,792703.72,0.0,77.0,1950.0,2522.0,655.0,5206.0,256.0,1492736.36,3350331.54,52.0,1164.0,676035.0,2390410.86,784.0,232.0,3.0,3.83,5.07,90.94,7.4,84.06,14.03,1350.33,405.52,606.22,0.974,0.84,2.829,0.86,0.3207,1.448,1.961,4.524,7.852,0.001,42.632,55.138,405.5162,606.2195,69.7213,2.6622,2.5192,0.3662,38.9878,3.2073,0.2517,17.3967,1.0129,59.6923,2.6667,2.6697,5.5969,32.6353,73.2473,25.9715,5.1,30.6
510267,Campo Verde,51013,Sul Matogrossense,5101,Sul,2021,44033.0,IBGE estimativa,6.0,12.0,12.0,False,True,69751214.7,20763059.46,37638054.13,7994849.35,68722209.77,1029004.93,46279233.49,43.71,47.04,129.4,16.04,135.83,525.01,54.17,10.83,243.67,53.67,16.33,1.0,0.0,14.67,0.83,13.92,87576.0,12954.0,158963.0,249129.0,69420.0,17641.0,37271.0,13432.0,39075.0,95050.0,384159.0,2331600.41,191159.0,1156530.98,2128.0,2546.0,373.0,57212.89,79929.0,1052316.59,0.0,73.0,2128.0,2619.0,679.0,6478.0,2016.0,4739076.78,6107466.74,129.0,1563.0,537847.0,2672791.2,825.0,286.0,8.0,9.7,6.5,88.48,9.33,82.79,15.64,1584.07,471.53,854.77,0.993,1.068,3.085,1.23,0.3332,1.989,3.61,5.658,8.724,0.008,48.327,59.478,471.5341,854.7692,66.349,1.4753,2.9387,0.3643,55.338,3.3316,0.2942,16.2812,0.8464,73.4492,6.062,3.0442,45.7838,107.6256,138.702,25.9259,5.2,30.3
510267,Campo Verde,51013,Sul Matogrossense,5101,Sul,2022,44585.0,IBGE Censo 2022,6.0,12.0,12.0,False,True,84004320.89,24351293.43,44705055.99,10699090.62,82845697.52,1158623.37,60680558.57,44.81,54.23,137.59,15.02,145.3,573.52,52.5,0.0,257.0,53.42,16.33,1.0,0.0,14.0,2.0,14.0,117815.0,17664.0,203150.0,309412.0,90021.0,27580.0,56594.0,14775.0,55993.0,88741.0,442618.0,2476820.01,93867.0,791796.73,2704.0,3188.0,3597.0,586234.81,120345.0,1871880.89,0.0,110.0,2704.0,3298.0,770.0,9172.0,0.0,1381620.0,3517047.07,98.0,1844.0,610499.0,3448307.92,783.0,204.0,0.0,0.0,4.58,89.27,7.54,79.18,14.56,1884.14,546.18,1002.69,1.005,1.216,3.259,1.178,0.314,2.642,4.556,6.94,9.928,0.081,60.648,73.971,546.1768,1002.6927,72.235,1.3792,3.086,0.3369,57.6427,3.1401,0.3962,18.8697,1.2694,68.1953,3.6243,3.392,0.0,30.9884,78.8841,23.3475,5.2,27.7
510267,Campo Verde,51013,Sul Matogrossense,5101,Sul,2023,46179.0,interpolada (Censo 2022 x IBGE 2024),6.0,12.0,12.0,False,True,99775890.15,25551862.4,57944181.38,10082997.16,96248446.42,3527443.73,70718454.85,49.55,60.69,162.2,14.82,150.85,622.93,55.25,0.0,250.58,50.92,16.0,1.25,0.0,14.0,2.0,14.0,130700.0,22370.0,228809.0,325595.0,98029.0,32221.0,46948.0,12972.0,48137.0,115674.0,566637.0,3057421.9,155617.0,1225643.09,3218.0,3562.0,5667.0,662895.93,173040.0,1940436.63,0.0,108.0,3218.0,3670.0,780.0,10807.0,0.0,1686355.76,3747633.57,99.0,2606.0,772783.0,4154064.43,740.0,224.0,7.0,9.46,4.851,90.41,10.27,84.59,14.73,2160.63,553.32,1254.77,1.073,1.314,3.267,1.196,0.3032,2.83,4.955,7.051,12.27,0.123,69.685,79.473,553.3221,1254.7734,70.8773,3.5354,3.5124,0.3209,54.2628,3.0317,0.4844,17.5297,1.0167,80.982,3.0764,3.3583,0.0,36.5178,81.1545,21.2534,5.9,25.7
510267,Campo Verde,51013,Sul Matogrossense,5101,Sul,2024,47831.0,IBGE estimativa,6.0,12.0,12.0,False,True,116729482.35,28443809.36,68744482.75,11841334.43,115412267.64,1317214.71,76652892.79,54.42,64.39,177.88,15.03,152.75,665.64,62.0,0.0,257.42,50.67,16.08,2.0,0.0,14.0,2.0,14.0,133843.0,29537.0,240890.0,391077.0,96597.0,36399.0,44908.0,11135.0,47417.0,157692.0,624173.0,3627707.47,189844.0,1568312.24,3563.0,3992.0,6256.0,924723.87,265630.0,2846584.23,1.0,164.0,3564.0,4156.0,1011.0,12375.0,0.0,1737020.44,4338563.23,142.0,3217.0,886535.0,5095181.84,720.0,216.0,4.0,5.56,4.52,92.78,8.33,80.97,12.08,2440.46,594.67,1437.24,1.138,1.346,3.194,1.296,0.2927,2.798,5.036,8.176,13.05,0.131,74.512,86.889,594.6731,1437.237,65.6671,1.1284,3.7189,0.3142,53.8187,2.927,0.6175,15.4653,0.9389,90.2637,3.9843,3.4722,0.0,36.3158,90.7061,24.3263,5.9,29.0
510267,Campo Verde,51013,Sul Matogrossense,5101,Sul,2025,49053.0,IBGE estimativa,6.0,12.0,12.0,False,True,123615419.75,30936965.24,71548254.1,12282589.51,122442364.04,1173055.71,82832617.8,55.25,70.61,183.8,15.68,154.0,697.45,62.0,0.0,251.0,50.83,17.0,2.0,0.0,14.0,2.0,14.0,135798.0,27137.0,240513.0,415329.0,98604.0,35459.0,43663.0,11151.0,46448.0,152844.0,592151.0,3585035.02,215400.0,1763059.06,3153.0,3603.0,4984.0,809453.74,318779.0,2496828.72,7.0,177.0,3160.0,3780.0,951.0,10650.0,0.0,2356386.26,4717174.45,102.0,2200.0,860253.0,4987826.46,,,,,,,,,,2520.04,630.68,1458.59,1.126,1.439,3.139,1.264,0.2854,2.768,4.903,8.467,12.072,0.102,64.42,77.06,630.6845,1458.5908,67.0083,0.949,3.747,0.3197,51.1691,2.8541,0.5532,,0.8901,69.6203,3.2278,3.3703,0.0,48.0376,96.1649,25.1587,8.1,29.0
510268,Campos de Júlio,51012,Sudoeste Matogrossense,5102,Oeste,2020,7070.0,IBGE estimativa,6.0,12.0,12.0,False,True,12131790.14,1026265.74,8183561.88,2515527.93,11529679.15,602110.99,9502426.17,8.56,9.71,21.79,2.0,25.17,130.72,17.0,0.0,104.0,11.0,2.0,1.0,0.0,2.0,0.0,2.0,10835.0,0.0,14882.0,10457.0,7384.0,3451.0,7904.0,2838.0,7369.0,72005.0,49746.0,247454.34,14452.0,94521.36,324.0,569.0,0.0,0.0,16855.0,60581.33,0.0,6.0,324.0,575.0,261.0,1208.0,0.0,192632.98,484577.35,2.0,324.0,147505.0,396097.89,120.0,28.0,0.0,0.0,3.96,83.76,7.5,73.33,13.33,1715.95,145.16,1157.51,1.211,1.373,3.56,2.405,0.2829,1.533,2.105,1.479,7.036,0.0,45.827,81.33,145.1578,1157.5052,78.3267,4.9631,3.082,0.2829,147.1004,2.8289,0.0,23.65,1.118,100.0,0.6173,3.7284,0.0,27.2465,68.5399,45.3913,23.0,114.5
510268,Campos de Júlio,51012,Sudoeste Matogrossense,5102,Oeste,2021,7245.0,IBGE estimativa,6.0,12.0,12.0,False,True,13035383.57,3194168.34,7283559.0,2086106.82,12605448.56,429935.01,10578214.94,10.43,7.78,22.34,2.0,24.67,136.25,17.0,0.0,104.17,11.42,2.25,1.0,0.0,2.17,0.0,2.0,12221.0,2151.0,21613.0,15893.0,9516.0,2705.0,5577.0,2228.0,5499.0,33193.0,20025.0,113712.51,11245.0,74703.17,263.0,428.0,0.0,0.0,25162.0,115203.78,0.0,5.0,263.0,433.0,170.0,881.0,0.0,196752.12,344125.98,4.0,259.0,65587.0,178819.86,134.0,27.0,3.0,22.39,3.73,88.81,8.21,69.4,20.9,1799.22,440.88,1005.32,1.44,1.074,3.405,2.346,0.2995,1.687,2.983,2.194,2.764,0.0,36.301,59.765,440.879,1005.3222,81.15,3.2982,3.0835,0.2761,143.7819,2.9952,0.2969,16.6269,0.7698,98.4791,1.5209,3.3498,0.0,27.157,47.4984,39.261,16.4,92.2
510268,Campos de Júlio,51012,Sudoeste Matogrossense,5102,Oeste,2022,8822.0,IBGE Censo 2022,6.0,12.0,12.0,False,True,18289115.37,4020667.53,11156006.58,2275798.14,16377482.96,1911632.41,13646160.35,11.71,9.58,23.56,2.17,26.25,146.09,17.0,0.0,103.0,13.0,3.0,1.0,0.0,3.0,0.0,2.17,15047.0,3931.0,20027.0,19669.0,12530.0,2517.0,7227.0,2862.0,6729.0,48304.0,83197.0,430625.94,21299.0,106904.02,350.0,648.0,0.0,0.0,23263.0,59020.31,0.0,1.0,350.0,649.0,302.0,1018.0,0.0,145308.82,384929.36,9.0,347.0,184864.0,715112.34,154.0,41.0,6.0,38.96,4.65,82.47,7.14,72.08,16.23,2073.13,455.75,1264.57,1.327,1.086,2.976,1.927,0.3401,1.706,2.27,2.23,9.431,0.0,39.674,73.566,455.7547,1264.5666,74.6136,10.4523,2.6706,0.246,116.7536,3.4006,0.4456,18.5844,0.8192,99.1429,2.5714,2.9086,0.0,16.4712,43.6329,46.5331,14.5,100.4
510268,Campos de Júlio,51012,Sudoeste Matogrossense,5102,Oeste,2023,9207.0,interpolada (Censo 2022 x IBGE 2024),6.0,12.0,12.0,False,True,19672122.05,4675092.15,11747536.58,2307637.51,18524109.45,1148012.6,15939103.67,12.13,11.69,22.19,3.33,26.58,155.58,17.0,0.0,108.08,13.0,3.0,1.0,0.0,3.0,0.0,3.0,16592.0,5246.0,28365.0,23528.0,12884.0,3708.0,7033.0,2399.0,6922.0,98253.0,130378.0,713316.76,42488.0,236325.9,408.0,717.0,85.0,22843.75,20770.0,129159.18,1.0,3.0,409.0,720.0,312.0,1012.0,0.0,165371.52,420191.63,5.0,409.0,291598.0,1083375.26,147.0,35.0,3.0,20.41,3.801,82.99,8.16,82.31,18.37,2136.65,507.78,1275.94,1.317,1.27,2.887,1.846,0.3258,1.802,3.081,2.555,14.161,0.009,44.423,78.201,507.7758,1275.9353,81.0238,5.8357,2.4101,0.3617,117.3889,3.2584,0.5698,16.3197,0.7639,100.0,1.2225,2.4743,0.0,17.9615,45.6383,43.3333,12.9,93.6
510268,Campos de Júlio,51012,Sudoeste Matogrossense,5102,Oeste,2024,9608.0,IBGE estimativa,6.0,12.0,12.0,False,True,23069372.58,5043176.88,13314502.19,3605447.12,21705539.57,1363833.01,18292901.93,13.24,12.0,22.75,3.23,27.58,162.8,17.0,0.0,109.0,13.0,3.0,1.0,0.0,3.0,0.0,3.0,22583.0,5796.0,37344.0,25588.0,15204.0,7379.0,9237.0,2375.0,9713.0,83492.0,126015.0,631931.22,90781.0,523284.39,595.0,904.0,83.0,20710.17,28202.0,207751.06,0.0,2.0,595.0,906.0,317.0,1102.0,0.0,159571.56,430084.28,4.0,570.0,275216.0,1008680.04,139.0,40.0,5.0,35.97,4.16,90.65,12.95,82.73,15.83,2401.06,524.89,1385.77,1.378,1.249,2.871,1.769,0.3122,2.35,3.887,2.663,13.116,0.009,61.928,94.296,524.8935,1385.7725,79.2952,5.9119,2.3678,0.3362,113.4471,3.1224,0.6032,17.0863,0.9614,95.7983,0.6723,1.8521,0.0,16.6082,44.7631,34.989,13.4,80.6
510268,Campos de Júlio,51012,Sudoeste Matogrossense,5102,Oeste,2025,9946.0,IBGE estimativa,6.0,12.0,12.0,False,True,26831621.47,5815685.88,14241643.36,5726680.42,23691343.99,3140277.48,20295763.03,11.9,11.17,22.27,3.29,27.67,165.93,17.0,0.0,119.17,14.33,3.0,1.0,0.0,3.0,0.0,3.0,27043.0,5834.0,43417.0,36448.0,17793.0,9250.0,8531.0,2074.0,9902.0,42063.0,153888.0,900576.39,134621.0,844224.59,622.0,973.0,246.0,52638.37,36688.0,245312.57,0.0,3.0,622.0,976.0,364.0,1375.0,0.0,156251.13,465704.01,9.0,622.0,260573.0,1321197.76,,,,,,,,,,2697.73,584.73,1431.9,1.196,1.123,2.782,1.709,0.3016,2.719,4.365,3.665,15.472,0.025,62.538,98.13,584.7261,1431.8966,75.6412,11.7036,2.2391,0.3308,119.817,3.0163,0.5866,,0.8577,100.0,1.4469,2.2106,0.0,15.7099,46.8232,37.2951,15.6,88.0
510269,Canabrava do Norte,51003,Araguaia Xingu,5104,Leste,2020,4728.0,IBGE estimativa,6.0,12.0,12.0,False,True,5673231.38,764807.25,463517.93,4276795.99,5472726.95,200504.43,3561755.67,3.27,8.24,9.83,2.08,18.0,72.51,4.5,0.0,11.0,10.83,2.0,0.0,0.0,2.67,0.0,2.0,6297.0,323.0,8810.0,10301.0,4442.0,1484.0,4744.0,1019.0,4619.0,21076.0,10706.0,34792.69,1234.0,7593.31,0.0,186.0,0.0,0.0,957.0,23836.83,0.0,0.0,0.0,186.0,186.0,0.0,0.0,0.0,133283.59,0.0,0.0,44315.0,79570.39,65.0,27.0,1.0,15.38,5.71,73.85,10.77,72.31,20.0,1199.92,161.76,98.04,0.692,1.743,3.807,0.952,0.5647,1.332,1.863,2.179,2.264,0.0,0.0,39.34,161.7613,98.0368,62.7818,3.5342,2.0791,0.4399,23.2657,5.6472,0.0683,15.6769,1.0034,,,,0.0,0.0,28.1903,100.0,12.4,126.5
510269,Canabrava do Norte,51003,Araguaia Xingu,5104,Leste,2021,4711.0,IBGE estimativa,6.0,12.0,12.0,False,True,6039857.2,2234917.39,1067047.66,2679559.56,5932860.64,106996.56,3142686.12,3.44,8.13,11.33,2.58,18.08,75.4,3.75,0.0,11.0,11.0,2.0,0.0,0.0,3.0,0.0,2.0,8222.0,649.0,13159.0,17186.0,6410.0,1335.0,3457.0,927.0,3441.0,4479.0,21003.0,105702.41,1893.0,10601.93,0.0,171.0,0.0,0.0,988.0,32535.76,0.0,2.0,0.0,173.0,173.0,0.0,0.0,0.0,193676.25,0.0,0.0,40958.0,155058.86,66.0,29.0,0.0,0.0,6.16,68.18,19.7,68.18,27.27,1282.08,474.4,226.5,0.73,1.726,3.838,0.796,0.6368,1.745,2.793,3.648,4.458,0.0,0.0,36.723,474.404,226.5013,52.0325,1.7715,2.405,0.5477,23.3496,6.3681,0.1378,14.0455,0.7338,,,,0.0,0.0,41.1115,100.0,13.9,126.5
510269,Canabrava do Norte,51003,Araguaia Xingu,5104,Leste,2022,4485.0,IBGE Censo 2022,6.0,12.0,12.0,False,True,8101971.84,3592244.47,2865300.99,1570911.66,7070688.69,1031283.15,4518222.17,3.18,7.49,11.2,2.48,19.42,78.51,5.0,0.0,11.83,11.75,2.0,0.0,0.0,3.0,0.0,2.0,10530.0,1491.0,16765.0,15988.0,7670.0,2067.0,3289.0,1201.0,3409.0,10792.0,22046.0,109628.51,1743.0,11010.89,0.0,231.0,0.0,0.0,239.0,53408.45,0.0,1.0,0.0,232.0,232.0,0.0,0.0,0.0,211554.73,0.0,0.0,42509.0,148283.06,92.0,27.0,2.0,21.74,6.02,73.91,7.61,75.0,20.65,1806.46,800.95,638.86,0.709,1.67,4.33,1.115,0.6689,2.348,3.738,3.565,4.915,0.0,0.0,51.728,800.9464,638.8631,55.7669,12.7288,2.4972,0.553,26.3768,6.689,0.3324,13.0543,0.7333,,,,0.0,0.0,47.1694,100.0,11.2,105.8
510269,Canabrava do Norte,51003,Araguaia Xingu,5104,Leste,2023,4482.0,interpolada (Censo 2022 x IBGE 2024),6.0,12.0,12.0,False,True,9580000.85,4729193.91,2956512.76,1418002.83,9371870.85,208130.0,6466404.16,3.37,8.08,14.65,2.21,22.5,88.25,5.0,0.0,12.0,12.67,2.0,0.0,0.5,3.0,0.0,2.0,11271.0,1319.0,21981.0,14404.0,8128.0,2491.0,3025.0,1107.0,3296.0,13824.0,27035.0,128894.85,1525.0,12577.0,0.0,267.0,129.0,15892.55,540.0,59777.1,0.0,2.0,0.0,269.0,269.0,0.0,0.0,0.0,263553.88,0.0,0.0,48210.0,185208.2,63.0,28.0,0.0,0.0,6.247,77.78,6.35,76.19,19.05,2137.44,1055.15,659.64,0.752,1.803,5.02,1.116,0.6693,2.515,4.904,3.214,6.032,0.029,0.0,60.018,1055.1526,659.6414,67.499,2.1725,3.2686,0.4931,26.7738,6.6934,0.2943,17.5714,0.6749,,,,0.0,0.0,58.8027,100.0,14.9,139.0
510269,Canabrava do Norte,51003,Araguaia Xingu,5104,Leste,2024,4480.0,IBGE estimativa,6.0,12.0,12.0,False,True,11538010.18,5761662.04,4660630.46,457095.34,11367193.99,170816.19,8285954.06,4.08,8.63,13.5,2.29,22.0,91.34,5.0,0.0,12.0,13.0,2.0,0.0,1.0,3.0,0.0,2.58,12347.0,539.0,22604.0,15316.0,8834.0,2236.0,3657.0,999.0,3749.0,6987.0,26166.0,129923.34,2011.0,17046.21,0.0,275.0,102.0,14161.92,378.0,86876.98,0.0,7.0,0.0,282.0,282.0,0.0,0.0,0.0,250965.71,0.0,0.0,37993.0,166083.06,57.0,30.0,0.0,0.0,6.7,91.23,3.51,77.19,19.3,2575.45,1286.09,1040.32,0.911,1.926,4.911,1.116,0.6696,2.756,5.046,3.419,5.841,0.023,0.0,62.946,1286.0853,1040.3193,71.8144,1.4805,3.0134,0.5112,26.7857,6.6964,0.1203,17.5263,0.8163,,,,0.0,0.0,56.0191,100.0,16.0,139.8
510269,Canabrava do Norte,51003,Araguaia Xingu,5104,Leste,2025,4451.0,IBGE estimativa,6.0,12.0,12.0,False,True,14291460.75,6762774.64,5755127.73,870420.51,13918800.23,372660.52,10004979.67,4.49,10.29,14.67,2.54,21.42,104.51,0.42,0.0,12.67,13.0,2.0,0.0,1.0,2.17,0.0,2.08,10272.0,343.0,18134.0,15065.0,7009.0,2389.0,3427.0,902.0,3653.0,38797.0,32346.0,161775.85,6861.0,49698.1,0.0,317.0,247.0,8200.24,1119.0,122194.84,0.0,13.0,0.0,330.0,330.0,0.0,0.0,0.0,353708.56,0.0,0.0,82393.0,222891.59,,,,,,,,,,3210.84,1519.38,1293.0,1.009,2.312,4.812,0.094,0.4875,2.308,4.074,3.385,7.267,0.055,0.0,74.141,1519.3832,1292.9966,70.0067,2.6076,3.2959,0.5707,28.4655,4.8753,0.0771,,0.7699,,,,0.0,0.0,79.4672,100.0,22.7,173.6
510270,Canarana,51006,Médio Araguaia,5104,Leste,2020,21842.0,IBGE estimativa,6.0,12.0,12.0,False,True,23016852.66,6961400.77,11472534.56,1765596.44,22844747.39,172105.27,15461114.0,22.28,29.1,66.79,8.58,70.92,356.29,36.5,0.0,126.67,27.58,10.33,1.0,0.33,6.0,0.0,6.0,40686.0,2355.0,73140.0,17276.0,31153.0,9380.0,8180.0,3393.0,10023.0,222343.0,176233.0,912071.54,7471.0,63439.35,855.0,1010.0,16.0,129.44,39843.0,263036.94,0.0,4.0,855.0,1014.0,320.0,1827.0,0.0,359620.3,724216.14,10.0,635.0,423918.0,1028996.23,436.0,120.0,10.0,22.94,5.49,69.5,5.28,61.47,21.56,1053.79,318.72,525.25,1.02,1.332,3.247,1.671,0.2747,1.863,3.349,0.791,8.069,0.001,39.145,46.424,318.7163,525.2511,67.173,0.7477,3.0579,0.3928,57.9938,2.747,0.1078,7.7821,0.3745,74.269,1.1696,2.1368,0.0,16.4646,33.157,31.5582,5.7,40.1
510270,Canarana,51006,Médio Araguaia,5104,Leste,2021,22101.0,IBGE estimativa,6.0,12.0,12.0,False,True,36698490.39,9456875.82,17095195.54,6910699.65,35865609.59,832880.8,26201615.94,26.55,37.53,72.06,8.42,71.58,376.6,46.0,0.0,144.92,28.83,10.0,1.0,0.0,6.0,0.0,6.0,26902.0,5398.0,66337.0,12495.0,18558.0,8223.0,12424.0,5273.0,13292.0,208880.0,155847.0,680624.87,85071.0,332887.31,1037.0,1562.0,3.0,24.27,66377.0,241089.45,0.0,14.0,1037.0,1576.0,638.0,2515.0,0.0,719420.79,2012985.29,16.0,782.0,402264.0,869654.99,470.0,181.0,5.0,10.64,8.19,66.81,4.89,56.81,18.94,1660.49,427.89,773.5,1.201,1.698,3.239,2.081,0.2715,1.217,3.002,0.565,7.052,0.0,46.921,71.309,427.8936,773.5033,71.397,2.2695,3.2605,0.381,65.5717,2.7148,0.2442,11.2191,0.5621,75.4098,1.5429,2.4253,0.0,32.5515,91.0812,40.4822,6.0,47.3
510270,Canarana,51006,Médio Araguaia,5104,Leste,2022,25858.0,IBGE Censo 2022,6.0,12.0,12.0,False,True,42854677.8,12238194.09,23679335.79,3997138.07,42135923.56,718754.24,40048797.1,24.94,38.51,77.32,8.33,70.0,378.46,44.33,0.0,148.83,29.75,10.0,1.0,0.0,6.67,0.0,6.0,51176.0,7389.0,102258.0,20805.0,33319.0,17855.0,15769.0,7151.0,15496.0,401750.0,156762.0,582364.75,98231.0,439867.58,1123.0,1724.0,14.0,113.26,81648.0,276859.27,0.0,11.0,1123.0,1735.0,677.0,2338.0,0.0,474922.03,1272053.3,12.0,871.0,566916.0,640148.66,467.0,138.0,10.0,21.41,5.34,69.68,6.64,60.39,16.92,1657.31,473.28,915.75,0.964,1.489,2.707,1.714,0.2579,1.979,3.955,0.805,6.062,0.001,43.429,67.097,473.2846,915.7451,93.4526,1.6772,2.9902,0.3221,57.5567,2.5795,0.2858,15.3126,0.6098,77.5601,1.0686,2.0819,0.0,18.3665,49.1938,39.0202,2.8,33.2
510270,Canarana,51006,Médio Araguaia,5104,Leste,2023,26742.0,interpolada (Censo 2022 x IBGE 2024),4.0,12.0,12.0,False,False,46247804.9,14921190.34,24812166.19,3482076.84,44408716.1,1839088.8,32989313.4,25.26,37.9,76.82,10.58,73.23,399.12,31.0,0.0,157.08,26.5,8.0,1.0,0.0,8.0,0.0,6.75,69017.0,8836.0,133187.0,32304.0,45344.0,23673.0,16703.0,7723.0,19656.0,214119.0,159252.0,660816.71,76569.0,440385.37,1099.0,1617.0,23.0,2181.5,82735.0,245359.16,0.0,18.0,1099.0,1635.0,665.0,2407.0,0.0,466481.99,1318628.43,22.0,807.0,378838.0,700904.71,485.0,136.0,10.0,20.62,5.086,75.67,5.15,63.3,14.64,1729.41,557.97,927.84,0.945,1.417,2.738,1.159,0.2992,2.581,4.98,1.208,5.955,0.001,41.096,61.14,557.9684,927.8351,71.3316,3.9766,2.8726,0.3956,58.7391,2.9915,0.3304,15.9237,0.6246,73.4304,2.0018,2.1902,0.0,17.4438,49.3093,40.6728,5.4,42.7
510270,Canarana,51006,Médio Araguaia,5104,Leste,2024,27657.0,IBGE estimativa,6.0,12.0,12.0,False,True,75357498.28,12456171.08,56077174.0,3380403.22,74226700.8,1130797.48,35995228.84,29.51,39.89,77.55,10.58,74.5,413.43,31.0,0.0,243.5,28.08,8.42,1.0,0.0,8.0,0.0,7.0,65527.0,8113.0,124859.0,39754.0,49180.0,16347.0,18862.0,6508.0,23797.0,85701.0,183071.0,944706.62,34376.0,244266.59,1236.0,1755.0,24.0,2328.0,118928.0,321352.97,0.0,16.0,1236.0,1771.0,673.0,2528.0,0.0,521327.89,1255105.17,27.0,858.0,271106.0,958469.12,485.0,147.0,14.0,28.87,5.32,74.23,9.69,76.08,18.56,2724.72,450.38,2027.59,1.067,1.442,2.694,1.121,0.2893,2.369,4.515,1.437,6.619,0.001,44.69,64.034,450.3804,2027.5942,47.766,1.5006,2.804,0.3825,88.0428,2.8926,0.2933,13.4186,0.682,69.4175,2.1845,2.0453,0.0,18.8498,45.3811,38.0011,5.4,41.7
510270,Canarana,51006,Médio Araguaia,5104,Leste,2025,28324.0,IBGE estimativa,6.0,12.0,12.0,False,True,51900740.48,13285658.18,31621757.49,2825991.84,51687368.56,213371.92,36857426.93,31.1,41.55,72.93,10.33,77.58,423.72,28.0,0.0,272.25,28.75,8.5,1.0,0.0,8.0,0.0,7.0,71968.0,9687.0,134833.0,104446.0,51491.0,18828.0,21795.0,6810.0,27185.0,215203.0,359527.0,2040020.32,21628.0,264963.97,1295.0,1978.0,151.0,8122.72,121563.0,549866.17,0.0,24.0,1295.0,2002.0,803.0,2972.0,0.0,564433.25,2155977.38,16.0,920.0,656845.0,2602247.84,,,,,,,,,,1832.39,469.06,1116.43,1.098,1.467,2.739,0.989,0.2824,2.541,4.76,3.688,12.693,0.005,45.721,70.682,469.0601,1116.4298,71.0152,0.4111,2.5748,0.3647,96.1199,2.8245,0.342,,0.7695,71.0425,1.2355,2.295,0.0,19.9277,76.1184,40.1099,8.0,50.7
510279,Carlinda,51001,Alto Tapajós,5103,Norte,2020,10199.0,IBGE estimativa,6.0,12.0,12.0,False,True,8616776.99,5909380.08,1549519.3,681352.61,8173920.82,442856.17,4678463.83,4.4,5.94,7.96,2.75,33.33,109.83,1.0,0.0,58.0,13.33,6.33,0.0,0.0,3.67,0.0,3.0,11528.0,4215.0,7910.0,16974.0,10277.0,323.0,5951.0,1616.0,6950.0,379931.0,63753.0,281152.63,5276.0,60947.2,0.0,430.0,580.0,5700.99,14492.0,138784.21,0.0,21.0,0.0,451.0,451.0,0.0,0.0,0.0,408711.86,0.0,0.0,477996.0,544244.62,129.0,85.0,0.0,0.0,8.33,78.29,6.2,73.64,19.38,844.86,579.41,151.93,0.431,0.582,3.268,0.098,0.3598,1.13,0.776,1.664,6.251,0.057,0.0,44.22,579.4078,151.9286,54.2948,5.1395,0.7805,0.2696,56.8683,3.5984,0.4133,12.5271,0.5835,,,,0.0,0.0,40.0737,100.0,12.2,83.1
510279,Carlinda,51001,Alto Tapajós,5103,Norte,2021,10094.0,IBGE estimativa,6.0,12.0,12.0,False,True,11541778.08,8220783.14,1697757.93,927944.92,10335134.55,1206643.53,8397259.85,5.04,5.0,8.88,2.52,29.0,107.48,1.0,0.0,58.0,12.83,6.0,0.0,0.58,4.0,0.0,2.67,11863.0,4089.0,6154.0,19620.0,10795.0,65.0,5908.0,1969.0,6849.0,142809.0,78204.0,424032.53,5747.0,68060.89,0.0,542.0,1048.0,3084.54,18424.0,167401.04,0.0,13.0,0.0,555.0,555.0,0.0,0.0,0.0,1022941.73,0.0,0.0,268942.0,667925.27,142.0,85.0,0.0,0.0,8.42,89.44,4.23,73.24,19.72,1143.43,814.42,168.19,0.499,0.495,2.873,0.099,0.3963,1.175,0.61,1.944,7.748,0.104,0.0,54.983,814.4227,168.1948,72.7553,10.4546,0.8797,0.2497,57.4599,3.9628,0.4051,13.8662,0.5853,,,,0.0,0.0,101.3416,100.0,9.7,77.5
510279,Carlinda,51001,Alto Tapajós,5103,Norte,2022,10332.0,IBGE Censo 2022,6.0,12.0,12.0,False,True,14558859.45,11505336.95,2330899.66,254007.95,11392436.93,3166422.52,9402669.05,5.77,6.29,9.38,1.42,28.83,105.29,1.0,0.0,58.0,14.25,5.92,0.0,0.0,3.92,0.0,1.58,18471.0,1889.0,31607.0,59764.0,13841.0,3233.0,6856.0,2610.0,7929.0,255662.0,117221.0,527380.89,10835.0,167024.88,0.0,553.0,997.0,44436.86,17585.0,249793.46,0.0,36.0,0.0,589.0,589.0,0.0,0.0,0.0,628370.56,0.0,0.0,402123.0,808338.95,138.0,86.0,3.0,21.74,8.32,90.58,8.7,78.26,13.77,1409.1,1113.56,225.6,0.558,0.609,2.79,0.097,0.3794,1.788,3.059,5.784,11.345,0.096,0.0,57.007,1113.5634,225.6,64.5838,21.7491,0.9079,0.1374,56.1363,3.794,0.1828,18.913,0.6636,,,,0.0,0.0,60.8179,100.0,17.8,111.2
510279,Carlinda,51001,Alto Tapajós,5103,Norte,2023,10328.0,interpolada (Censo 2022 x IBGE 2024),6.0,12.0,12.0,False,True,16216687.28,13462075.26,1875170.9,208770.42,12664712.63,3551974.65,8765364.05,5.24,6.88,9.85,1.33,27.83,100.33,0.25,0.0,125.92,14.0,5.17,0.0,0.0,3.0,0.0,1.33,17211.0,1282.0,29936.0,61254.0,12302.0,3830.0,6413.0,2169.0,7167.0,594571.0,120467.0,475145.46,10714.0,163283.66,0.0,505.0,691.0,71461.98,30536.0,343113.76,0.0,31.0,0.0,536.0,536.0,0.0,0.0,0.0,510684.12,0.0,0.0,749842.0,821463.39,136.0,86.0,5.0,36.76,8.327,86.76,9.56,77.21,12.5,1570.17,1303.45,181.56,0.507,0.666,2.695,0.024,0.2905,1.666,2.899,5.931,11.664,0.067,0.0,51.898,1303.4542,181.5619,54.0515,21.9032,0.9537,0.1288,121.921,2.9047,0.1241,15.9485,0.6209,,,,0.0,0.0,49.4466,100.0,20.1,115.3
510279,Carlinda,51001,Alto Tapajós,5103,Norte,2024,10324.0,IBGE estimativa,6.0,12.0,12.0,False,True,17702389.17,4231027.27,3852183.78,7923153.54,16816297.84,886091.33,13902521.16,7.59,7.93,11.54,3.08,29.83,114.46,0.0,0.0,126.0,15.25,6.25,0.0,0.0,4.17,0.0,3.0,18632.0,3228.0,35334.0,50174.0,14164.0,2859.0,9232.0,2030.0,9861.0,55539.0,61063.0,393862.45,10619.0,170662.17,0.0,552.0,685.0,122847.2,48865.0,459983.34,0.0,54.0,0.0,606.0,606.0,0.0,0.0,0.0,791676.09,0.0,0.0,150305.0,822262.35,105.0,76.0,1.0,9.52,7.36,88.57,4.76,80.0,9.52,1714.68,409.82,373.13,0.735,0.768,2.889,0.0,0.4039,1.805,3.423,4.86,5.915,0.066,0.0,58.698,409.8244,373.129,78.5347,5.0055,1.1178,0.2983,122.0457,4.0391,0.3127,19.3333,0.8942,,,,0.0,0.0,76.6831,100.0,20.3,111.3
510279,Carlinda,51001,Alto Tapajós,5103,Norte,2025,10260.0,IBGE estimativa,6.0,12.0,12.0,False,True,17677687.08,4565583.2,3625941.37,7806487.93,17364286.05,313401.03,12022279.6,7.48,9.23,17.32,3.08,17.67,112.65,0.0,0.0,126.0,16.25,7.42,0.0,0.0,5.0,0.0,3.0,28428.0,4070.0,60180.0,26872.0,21903.0,4837.0,8591.0,1951.0,9381.0,16133.0,115236.0,490298.92,77237.0,396841.18,0.0,668.0,971.0,172265.58,52773.0,522935.09,0.0,34.0,0.0,702.0,702.0,0.0,0.0,0.0,800820.42,0.0,0.0,153968.0,887879.95,,,,,,,,,,1722.97,444.99,353.41,0.729,0.9,1.722,0.0,0.4873,2.771,5.865,2.619,11.232,0.095,0.0,68.421,444.9886,353.4056,68.0082,1.7729,1.6881,0.3002,122.807,4.8733,0.3967,,0.8373,,,,0.0,0.0,78.0527,100.0,13.7,92.0
510285,Castanheira,51008,Noroeste Matogrossense,5106,Centro-Noroeste,2020,8749.0,IBGE estimativa,1.0,12.0,12.0,False,False,7991860.04,2361723.96,3547385.65,1359834.63,6504442.69,1487417.35,4355752.63,4.65,7.94,11.58,4.13,20.08,82.04,0.0,0.0,34.0,12.0,4.0,0.0,1.0,3.0,0.0,2.0,10228.0,1038.0,17453.0,20880.0,6802.0,3426.0,5127.0,1989.0,4414.0,22361.0,18860.0,113552.95,1716.0,12560.69,0.0,214.0,0.0,0.0,8879.0,94638.11,0.0,3.0,0.0,217.0,217.0,0.0,0.0,0.0,212753.45,0.0,0.0,41694.0,113914.3,110.0,40.0,0.0,0.0,4.57,73.64,6.36,85.45,18.18,913.46,269.94,405.46,0.531,0.908,2.295,0.0,0.3429,1.169,1.995,2.387,2.156,0.0,0.0,24.803,269.9422,405.4618,54.5024,18.6117,1.3236,0.4721,38.8616,3.429,0.1186,18.0818,0.586,,,,0.0,0.0,24.3175,100.0,11.1,94.3
510285,Castanheira,51008,Noroeste Matogrossense,5106,Centro-Noroeste,2021,8782.0,IBGE estimativa,3.0,12.0,12.0,False,False,8730309.06,2430942.71,4165531.36,1814358.67,7768502.23,961806.83,4806301.54,4.9,8.63,13.08,4.25,19.17,89.28,0.0,0.0,36.25,12.0,4.0,0.0,1.0,3.0,0.0,2.0,16388.0,1064.0,29179.0,27657.0,12666.0,3722.0,3409.0,1711.0,3150.0,14553.0,24243.0,120310.58,1992.0,15468.74,0.0,205.0,0.0,0.0,10130.0,105452.17,0.0,9.0,0.0,214.0,214.0,0.0,0.0,0.0,723072.45,0.0,0.0,39404.0,121137.23,110.0,62.0,1.0,9.09,7.06,70.0,11.82,92.73,18.18,994.11,276.81,474.33,0.558,0.983,2.183,0.0,0.3416,1.866,3.323,3.149,2.761,0.0,0.0,24.368,276.8097,474.326,55.0531,11.0169,1.4894,0.4839,41.2776,3.4161,0.1212,15.5545,0.3882,,,,0.0,0.0,82.3357,100.0,15.0,118.3
510285,Castanheira,51008,Noroeste Matogrossense,5106,Centro-Noroeste,2022,7506.0,IBGE Censo 2022,6.0,12.0,12.0,False,True,10639879.54,3030650.74,6390545.21,798266.4,9626855.82,1013023.72,6142188.07,4.88,8.24,13.5,4.25,16.67,86.54,0.0,0.0,36.08,11.08,4.0,0.0,1.0,3.0,0.0,2.0,17943.0,1519.0,31565.0,20752.0,12477.0,5406.0,4359.0,1700.0,4054.0,33462.0,35260.0,186710.48,2825.0,26480.46,0.0,201.0,0.0,0.0,10090.0,165831.02,0.0,9.0,0.0,210.0,210.0,0.0,0.0,0.0,310220.13,0.0,0.0,69284.0,187814.33,91.0,49.0,2.0,21.98,6.53,72.53,10.99,96.7,17.58,1417.52,403.76,851.39,0.65,1.098,2.221,0.0,0.3997,2.39,4.205,2.765,4.698,0.0,0.0,27.978,403.7638,851.3916,57.728,9.521,1.7986,0.5662,48.0682,3.9968,0.2024,18.6813,0.5807,,,,0.0,0.0,41.3296,100.0,21.9,146.7
510285,Castanheira,51008,Noroeste Matogrossense,5106,Centro-Noroeste,2023,7482.0,interpolada (Censo 2022 x IBGE 2024),6.0,12.0,12.0,False,True,11631766.98,2947871.46,7508964.13,764538.49,11493341.98,138425.0,6956907.14,5.01,7.2,15.67,4.25,16.0,84.79,0.0,0.0,55.58,11.0,4.0,0.0,1.0,3.0,0.0,2.0,22269.0,1090.0,40778.0,14817.0,13897.0,8162.0,5813.0,1966.0,5137.0,59206.0,44080.0,272965.86,6813.0,57876.84,0.0,270.0,0.0,0.0,20923.0,257525.61,0.0,12.0,0.0,282.0,282.0,0.0,0.0,0.0,281788.24,0.0,0.0,103843.0,273728.16,105.0,39.0,0.0,0.0,5.213,80.0,8.57,90.48,18.1,1554.63,394.0,1003.6,0.67,0.962,2.138,0.0,0.401,2.976,5.45,1.98,5.891,0.0,0.0,37.69,393.9951,1003.6039,59.8095,1.1901,2.0944,0.568,74.285,4.0096,0.1457,18.7238,0.7769,,,,0.0,0.0,37.6622,100.0,24.1,161.5
510285,Castanheira,51008,Noroeste Matogrossense,5106,Centro-Noroeste,2024,7459.0,IBGE estimativa,6.0,12.0,12.0,False,True,12614382.27,3479276.0,7723340.53,819371.64,12188483.0,425899.27,8602972.57,4.85,7.1,20.08,4.25,17.5,88.03,0.0,0.0,76.33,11.0,4.0,0.0,1.0,3.0,0.0,2.0,21008.0,1683.0,43486.0,15844.0,14142.0,6733.0,7007.0,1646.0,6407.0,76634.0,50656.0,343129.88,6461.0,65686.14,0.0,226.0,0.0,0.0,21919.0,212917.83,0.0,14.0,0.0,240.0,240.0,0.0,0.0,0.0,285942.39,0.0,0.0,129445.0,352079.48,92.0,52.0,2.0,21.74,6.97,76.09,11.96,89.13,17.39,1691.16,466.45,1035.44,0.65,0.952,2.346,0.0,0.4022,2.816,5.83,2.124,6.791,0.0,0.0,32.176,466.4534,1035.4391,68.1997,3.3763,2.692,0.5698,102.3328,4.022,0.2256,17.8913,0.9394,,,,0.0,0.0,38.3352,100.0,22.5,154.0
510285,Castanheira,51008,Noroeste Matogrossense,5106,Centro-Noroeste,2025,7392.0,IBGE estimativa,6.0,12.0,12.0,False,True,15240619.32,4377729.48,9370334.89,897758.1,13800195.14,1440424.18,11000223.99,5.02,9.18,20.5,4.67,24.17,103.7,0.0,0.0,79.92,11.0,4.0,0.0,1.0,3.0,0.0,2.0,20813.0,1944.0,45296.0,27363.0,15118.0,5572.0,7932.0,1552.0,7117.0,6343.0,29174.0,151372.85,3452.0,34645.8,0.0,249.0,311.0,0.0,33920.0,266106.08,0.0,23.0,0.0,272.0,272.0,0.0,0.0,0.0,305600.01,0.0,0.0,36266.0,153501.35,,,,,,,,,,2061.77,592.23,1267.63,0.679,1.242,3.27,0.0,0.4058,2.816,6.128,3.702,3.947,0.042,0.0,36.797,592.2253,1267.6319,72.177,9.4512,2.7733,0.6318,108.1169,4.0584,0.263,,1.0731,,,,0.0,0.0,41.342,100.0,29.0,187.3
510300,Chapada dos Guimarães,51002,Baixada Cuiabana,5105,Centro-Norte,2020,19453.0,IBGE estimativa,6.0,12.0,12.0,False,True,25064382.08,5655505.93,13012770.62,6291764.78,24841969.45,222412.63,11417476.21,19.84,19.45,39.91,2.92,58.0,179.72,0.67,0.0,120.83,21.33,12.0,0.33,1.0,8.33,0.0,0.42,20221.0,2096.0,42869.0,99395.0,14503.0,5718.0,11519.0,4057.0,13005.0,29713.0,146504.0,710078.0,6971.0,84472.37,0.0,562.0,0.0,0.0,36264.0,516824.56,0.0,20.0,0.0,582.0,582.0,0.0,0.0,0.0,692024.83,0.0,0.0,176802.0,710078.0,263.0,132.0,5.0,19.01,6.79,71.48,8.37,41.22,12.93,1288.46,290.73,668.93,1.02,1.0,2.982,0.034,0.4282,1.039,2.204,5.109,7.531,0.0,0.0,29.918,290.7267,668.9339,45.5526,0.8874,2.0516,0.1501,62.1138,4.2821,0.1077,15.4259,0.5921,,,,0.0,0.0,35.5742,100.0,3.6,41.3
510300,Chapada dos Guimarães,51002,Baixada Cuiabana,5105,Centro-Norte,2021,22521.0,IBGE estimativa,6.0,12.0,12.0,False,True,25552589.59,7741711.52,9735922.85,7241616.8,24754628.39,797961.2,15050059.81,17.04,19.55,40.65,3.33,57.5,175.99,0.0,0.0,126.0,23.17,12.83,0.0,1.0,9.0,0.0,3.0,24615.0,1623.0,52804.0,110687.0,15942.0,8667.0,10727.0,4402.0,11996.0,43037.0,169937.0,899423.38,45191.0,274162.39,0.0,623.0,0.0,0.0,38389.0,711596.15,0.0,34.0,0.0,657.0,657.0,0.0,0.0,0.0,1642694.57,0.0,0.0,214881.0,899423.38,272.0,188.0,3.0,11.03,8.35,73.53,8.82,46.69,13.6,1134.61,343.76,432.3,0.757,0.868,2.553,0.0,0.3996,1.093,2.345,4.915,7.546,0.0,0.0,29.173,343.7552,432.3042,58.8984,3.1228,1.805,0.1479,55.9478,3.9963,0.0721,16.1838,0.4763,,,,0.0,0.0,72.9406,100.0,5.5,44.0
510300,Chapada dos Guimarães,51002,Baixada Cuiabana,5105,Centro-Norte,2022,18990.0,IBGE Censo 2022,6.0,12.0,12.0,False,True,26064102.1,8446924.63,13363413.07,3970767.17,25537833.76,526268.34,19958391.11,17.86,19.06,44.83,3.58,60.0,187.39,0.0,0.0,125.5,22.42,12.42,0.0,1.0,9.0,0.0,3.0,35802.0,3311.0,74239.0,142337.0,23701.0,12058.0,12656.0,4784.0,14061.0,41187.0,243028.0,1345292.43,74364.0,538794.45,0.0,703.0,0.0,0.0,42635.0,787475.5,0.0,45.0,0.0,748.0,748.0,0.0,0.0,0.0,1526882.09,0.0,0.0,288674.0,1361246.28,244.0,125.0,3.0,12.3,6.58,79.92,9.84,47.54,17.21,1372.52,444.81,703.71,0.94,1.004,3.16,0.0,0.4739,1.885,3.909,7.495,12.798,0.0,0.0,39.389,444.8091,703.7079,76.5743,2.0191,2.3607,0.1885,66.0874,4.7393,0.1744,19.6066,0.6665,,,,0.0,0.0,80.4045,100.0,3.1,42.7
510300,Chapada dos Guimarães,51002,Baixada Cuiabana,5105,Centro-Norte,2023,19181.0,interpolada (Censo 2022 x IBGE 2024),6.0,12.0,12.0,False,True,28377901.69,8082161.13,15588079.56,4033017.98,28372575.59,5326.1,23307058.35,17.98,21.34,49.76,3.42,58.92,201.92,0.0,0.0,120.5,23.0,12.0,0.0,1.0,9.0,0.0,3.0,35785.0,3902.0,75159.0,97662.0,25879.0,9906.0,11379.0,3692.0,12837.0,31119.0,265446.0,1521031.01,94757.0,738971.43,0.0,909.0,103.0,14438.34,48033.0,1027976.7,0.0,58.0,0.0,967.0,967.0,0.0,0.0,0.0,1517238.03,0.0,0.0,306818.0,1585711.85,230.0,130.0,2.0,8.7,6.778,79.13,7.83,38.7,14.78,1479.48,421.36,812.68,0.937,1.113,3.072,0.0,0.4692,1.866,3.918,5.092,13.839,0.005,0.0,50.414,421.3629,812.6834,82.131,0.0188,2.5942,0.1783,62.8226,4.6921,0.2034,16.0522,0.5932,,,,0.0,0.0,79.1011,100.0,3.1,42.1
510300,Chapada dos Guimarães,51002,Baixada Cuiabana,5105,Centro-Norte,2024,19374.0,IBGE estimativa,6.0,12.0,12.0,False,True,39577516.57,10753543.87,23892368.18,4717548.92,36789674.57,2787842.0,16403069.27,22.07,21.79,53.8,3.75,56.67,216.1,0.0,0.0,119.0,23.0,12.0,0.0,1.0,8.92,0.0,3.0,35300.0,3133.0,72026.0,115528.0,25897.0,9281.0,14879.0,3749.0,16807.0,35819.0,329271.0,1819451.91,121709.0,901897.26,0.0,969.0,372.0,60180.14,51649.0,1343504.02,0.0,68.0,0.0,1037.0,1037.0,0.0,0.0,0.0,1982515.76,0.0,0.0,382825.0,1965578.9,227.0,140.0,1.0,4.41,7.23,87.67,11.45,42.73,19.38,2042.82,555.05,1233.22,1.139,1.125,2.925,0.0,0.4604,1.822,3.718,5.963,16.996,0.019,0.0,53.525,555.0503,1233.2181,41.4454,7.044,2.7769,0.1936,61.4225,4.6041,0.1617,16.5154,0.768,,,,0.0,0.0,102.3287,100.0,4.2,42.8
510300,Chapada dos Guimarães,51002,Baixada Cuiabana,5105,Centro-Norte,2025,19458.0,IBGE estimativa,6.0,12.0,12.0,False,True,43477797.22,14831174.13,20630040.31,7993560.19,42683011.72,794785.5,23187123.9,24.54,24.95,57.16,5.53,56.67,231.03,0.0,0.0,125.08,23.0,12.0,0.0,1.17,9.0,0.0,3.5,39741.0,3639.0,80937.0,139555.0,31341.0,7937.0,14597.0,3485.0,17089.0,47524.0,346074.0,1855842.34,140452.0,1046645.48,0.0,1232.0,870.0,186162.7,55117.0,1519119.21,0.0,102.0,0.0,1334.0,1334.0,0.0,0.0,0.0,2691669.27,0.0,0.0,412418.0,2130857.54,,,,,,,,,,2234.44,762.21,1060.23,1.261,1.282,2.912,0.0,0.4625,2.042,4.16,7.172,17.786,0.045,0.0,68.558,762.2147,1060.2344,53.331,1.828,2.9376,0.2842,64.282,4.6253,0.187,,0.7502,,,,0.0,0.0,138.3323,100.0,2.7,52.1
510305,Cláudia,51014,Teles Pires,5103,Norte,2020,12245.0,IBGE estimativa,6.0,12.0,12.0,False,True,12650906.79,5087185.6,3618745.59,3194900.29,11894488.29,756418.5,6559862.52,16.91,11.61,19.22,4.67,20.5,120.2,20.33,0.0,13.92,13.58,4.0,1.0,0.0,3.92,0.0,3.92,30441.0,3401.0,66282.0,34548.0,19309.0,10580.0,6345.0,1870.0,7862.0,25099.0,62504.0,385843.07,50197.0,328642.15,546.0,902.0,187.0,29303.73,23245.0,304853.25,0.0,17.0,546.0,919.0,395.0,1200.0,0.0,197806.07,693917.46,10.0,546.0,174337.0,941358.8,135.0,66.0,2.0,14.81,5.39,80.74,4.44,58.52,12.59,1033.15,415.45,295.53,1.381,0.948,1.674,1.66,0.3201,2.486,5.413,2.821,5.104,0.015,44.59,75.051,415.45,295.5284,51.8529,5.9792,1.5696,0.3814,11.3679,3.2013,0.2777,13.8519,0.5182,100.0,1.8315,2.1978,0.0,16.154,56.6695,42.9815,2.0,46.8
510305,Cláudia,51014,Teles Pires,5103,Norte,2021,12338.0,IBGE estimativa,6.0,12.0,12.0,False,True,13375153.09,6013527.57,4123292.45,2475224.69,12742863.67,632289.42,7523971.88,17.03,12.1,24.35,4.13,20.42,136.28,33.0,0.0,13.0,14.08,4.58,1.0,0.0,4.0,0.0,4.0,38250.0,6573.0,67230.0,46553.0,21112.0,16816.0,5690.0,1703.0,6642.0,204928.0,83285.0,557335.75,78351.0,538932.92,707.0,1138.0,306.0,47113.98,39929.0,360121.37,0.0,28.0,707.0,1166.0,462.0,1495.0,0.0,329646.43,1447963.95,33.0,707.0,344109.0,988401.28,138.0,90.0,3.0,21.74,7.29,89.86,10.87,56.52,15.94,1084.06,487.4,334.19,1.38,0.981,1.655,2.675,0.3242,3.1,5.449,3.773,6.75,0.025,57.303,94.505,487.3989,334.1946,56.2534,4.7273,1.9736,0.3347,10.5366,3.242,0.5327,12.3406,0.4612,100.0,4.6676,2.1146,0.0,26.718,117.3581,39.6226,2.1,45.4
510305,Cláudia,51014,Teles Pires,5103,Norte,2022,9593.0,IBGE Censo 2022,6.0,12.0,12.0,False,True,15276980.78,6658990.52,6880539.73,742268.92,14273233.93,1003746.85,9198581.49,14.62,11.38,22.95,4.21,20.0,138.99,33.0,0.0,32.83,15.42,4.0,1.0,0.0,4.0,0.0,4.0,42300.0,6767.0,67784.0,43041.0,22700.0,19432.0,6144.0,1981.0,7111.0,124269.0,91491.0,608097.29,87757.0,607069.23,333.0,840.0,460.0,87848.25,54798.0,373890.4,0.0,51.0,333.0,891.0,560.0,955.0,0.0,112513.89,809177.33,18.0,333.0,256941.0,945624.87,148.0,77.0,1.0,6.76,8.03,83.78,12.16,59.46,10.81,1592.51,694.15,717.25,1.524,1.186,2.085,3.44,0.417,4.409,7.066,4.487,9.537,0.048,34.713,92.88,694.151,717.2459,60.212,6.5703,2.3924,0.4389,34.2229,4.1697,0.7054,13.3851,0.6405,100.0,5.4054,2.8679,0.0,11.7287,84.3508,62.8507,2.9,86.7
510305,Cláudia,51014,Teles Pires,5103,Norte,2023,9514.0,interpolada (Censo 2022 x IBGE 2024),6.0,12.0,12.0,False,True,13487483.53,4561480.98,6869843.44,735180.84,12617375.61,870107.92,10753294.8,12.64,12.86,21.65,4.58,27.33,145.4,33.0,0.0,39.17,15.08,4.0,1.0,0.0,4.0,0.0,4.0,41187.0,7878.0,71845.0,64858.0,23891.0,17161.0,6679.0,2327.0,7811.0,2707.0,102716.0,587030.8,92447.0,554968.09,544.0,1078.0,476.0,81084.05,58724.0,391310.41,0.0,55.0,544.0,1133.0,592.0,1574.0,0.0,177144.4,909083.85,14.0,544.0,165533.0,993306.45,164.0,67.0,1.0,6.1,7.042,84.15,11.59,56.71,10.98,1417.65,479.45,722.08,1.329,1.352,2.873,3.469,0.4204,4.329,7.552,6.817,10.796,0.05,57.179,119.088,479.4493,722.0773,79.728,6.4512,2.2756,0.4814,41.1709,4.2043,0.828,14.189,0.702,100.0,2.5735,2.8934,0.0,18.6193,95.5522,52.2507,4.1,68.4
510305,Cláudia,51014,Teles Pires,5103,Norte,2024,9436.0,IBGE estimativa,6.0,12.0,12.0,False,True,19492938.58,7729372.08,9335751.05,778587.1,19065010.31,427928.27,13363864.08,16.07,12.54,24.51,5.88,28.0,159.05,33.0,0.0,41.17,15.0,4.0,1.0,0.0,4.0,0.0,4.0,45035.0,6903.0,77129.0,67212.0,26767.0,16402.0,7699.0,1949.0,9263.0,3276.0,120545.0,748395.94,106800.0,698315.42,628.0,1175.0,926.0,167460.74,94630.0,573903.77,0.0,66.0,628.0,1241.0,626.0,1781.0,0.0,188167.06,1247487.6,23.0,628.0,184429.0,1234657.38,145.0,71.0,1.0,6.9,7.52,91.72,11.72,61.38,13.79,2065.81,819.14,989.38,1.703,1.329,2.967,3.497,0.4239,4.773,8.174,7.123,12.775,0.098,66.554,131.518,819.1365,989.3759,68.5575,2.1953,2.5975,0.6231,43.6308,4.2391,0.7316,13.4414,0.8159,100.0,3.6624,2.836,0.0,19.9414,132.2051,50.4432,4.0,69.0
510305,Cláudia,51014,Teles Pires,5103,Norte,2025,9301.0,IBGE estimativa,6.0,12.0,12.0,False,True,20697758.22,8557862.62,9544629.51,972115.27,20372044.06,325714.16,14682124.69,18.85,12.68,26.81,5.21,27.08,165.47,21.75,0.0,42.0,15.0,4.0,1.0,0.0,4.0,0.0,4.0,45197.0,7605.0,75941.0,59917.0,30789.0,13320.0,8415.0,2245.0,9993.0,2840.0,124801.0,773388.09,118442.0,758482.27,624.0,1041.0,868.0,146719.5,103820.0,710572.25,0.0,92.0,624.0,1133.0,519.0,1945.0,0.0,195531.64,921510.23,20.0,624.0,185458.0,1226832.09,,,,,,,,,,2225.33,920.1,1026.19,2.027,1.363,2.912,2.338,0.4301,4.859,8.165,6.442,13.418,0.093,67.09,121.815,920.1013,1026.1939,70.9358,1.5737,2.8825,0.5602,45.1564,4.3006,0.8177,,0.9047,100.0,3.2051,3.117,0.0,21.0226,99.0765,45.8076,3.5,61.4
510310,Cocalinho,51006,Médio Araguaia,5104,Leste,2020,5681.0,IBGE estimativa,6.0,12.0,12.0,False,True,7912725.64,2267286.13,4571996.21,800877.75,7779701.43,133024.21,3987266.99,4.6,8.75,11.25,3.0,23.58,88.6,16.0,0.0,20.0,9.0,3.0,1.0,0.0,3.0,0.0,2.33,13878.0,915.0,24924.0,11452.0,11858.0,1993.0,6186.0,1785.0,5072.0,5210.0,12752.0,50841.87,1487.0,7843.19,246.0,200.0,0.0,0.0,373.0,97.44,0.0,0.0,246.0,200.0,86.0,694.0,0.0,70224.86,100301.59,0.0,192.0,19329.0,50841.87,69.0,37.0,1.0,14.49,6.51,75.36,7.25,73.91,33.33,1392.84,399.1,804.79,0.81,1.54,4.151,2.816,0.5281,2.443,4.387,2.016,2.245,0.0,43.302,35.205,399.0998,804.7872,50.3906,1.6811,1.9803,0.5281,35.2051,5.2808,0.1611,25.8696,1.0889,78.0488,0.0,2.8211,0.0,12.3614,17.6556,43.0,2.5,63.5
510310,Cocalinho,51006,Médio Araguaia,5104,Leste,2021,5716.0,IBGE estimativa,6.0,12.0,12.0,False,True,10517416.53,2480743.82,7709884.96,231472.34,8959380.27,1558036.26,9709475.62,8.07,8.38,13.42,3.0,22.42,112.73,16.58,0.0,23.5,9.5,3.0,1.0,0.0,3.0,0.0,2.5,14248.0,1459.0,29308.0,13893.0,11585.0,2623.0,5655.0,1593.0,4945.0,159724.0,49776.0,285298.7,3951.0,55075.95,289.0,434.0,0.0,0.0,3.0,887.54,0.0,1.0,289.0,435.0,240.0,929.0,0.0,130171.81,443147.07,0.0,0.0,211949.0,285298.7,72.0,43.0,1.0,13.89,7.52,52.78,5.56,79.17,12.5,1840.0,434.0,1348.83,1.412,1.466,3.922,2.901,0.5248,2.493,5.127,2.431,8.708,0.0,50.56,76.102,434.0,1348.8252,92.3181,14.8139,2.3478,0.5248,41.1127,5.2484,0.2552,22.125,0.9893,0.0,0.0,3.2145,0.0,22.7732,77.5275,55.1724,1.1,77.6
510310,Cocalinho,51006,Médio Araguaia,5104,Leste,2022,6220.0,IBGE Censo 2022,6.0,12.0,12.0,False,True,14361930.48,4662330.94,9001909.58,0.0,13528092.29,833838.19,11613931.84,7.89,8.65,17.58,3.0,22.0,124.51,17.0,0.0,26.0,10.0,3.0,1.0,0.0,3.0,0.0,3.0,21133.0,1746.0,39233.0,18250.0,17259.0,3729.0,6315.0,1721.0,5071.0,23145.0,65595.0,349143.76,6722.0,83145.52,289.0,541.0,0.0,0.0,9.0,2127.87,0.0,1.0,289.0,542.0,285.0,974.0,0.0,94384.39,296747.44,0.0,82.0,152602.0,367161.76,66.0,44.0,0.0,0.0,7.07,80.3,7.58,68.18,21.21,2308.99,749.57,1447.25,1.268,1.391,3.537,2.733,0.4823,3.398,6.308,2.934,10.546,0.0,46.463,87.138,749.5709,1447.2523,80.8661,5.8059,2.8264,0.4823,41.8006,4.8232,0.2807,26.0758,1.0153,28.3737,0.0,3.3702,0.0,15.1743,47.7086,52.583,0.7,72.1
510310,Cocalinho,51006,Médio Araguaia,5104,Leste,2023,6323.0,interpolada (Censo 2022 x IBGE 2024),6.0,12.0,12.0,False,True,13665717.24,3180871.46,9958687.8,0.0,12701634.24,964083.0,10760971.16,5.8,9.15,18.14,3.0,21.08,127.23,17.0,0.0,26.17,10.0,3.0,1.0,0.0,3.0,0.0,3.0,22666.0,2114.0,40442.0,30146.0,18978.0,3201.0,5840.0,1600.0,4719.0,42224.0,110258.0,581661.68,5612.0,71123.08,285.0,523.0,0.0,0.0,1358.0,26351.52,0.0,1.0,285.0,524.0,245.0,810.0,0.0,73425.36,333433.75,4.0,163.0,156195.0,602052.53,70.0,37.0,1.0,14.29,5.852,78.26,8.57,68.57,28.57,2161.27,503.06,1574.99,0.917,1.447,3.334,2.689,0.4745,3.585,6.396,4.768,17.438,0.0,45.074,82.872,503.0637,1574.9941,78.7443,7.0548,2.8689,0.4745,41.3886,4.7446,0.3343,22.8571,0.9236,57.193,1.4035,2.8421,0.0,11.6124,52.7335,46.7557,1.7,67.6
510310,Cocalinho,51006,Médio Araguaia,5104,Leste,2024,6428.0,IBGE estimativa,6.0,12.0,12.0,False,True,14909430.77,4416708.38,9937537.28,0.0,14095942.76,813488.01,8837740.28,6.12,10.14,18.0,3.0,20.08,133.7,17.0,0.0,32.17,11.83,3.0,1.0,0.0,3.0,0.0,3.0,22681.0,2539.0,39539.0,28508.0,18800.0,3554.0,4864.0,1329.0,4248.0,58691.0,144970.0,803899.42,4931.0,68469.46,574.0,815.0,0.0,0.0,166.0,46701.83,0.0,5.0,574.0,820.0,259.0,1560.0,0.0,148440.03,474249.12,6.0,463.0,204345.0,830049.82,72.0,32.0,0.0,0.0,4.98,77.78,9.86,77.78,16.67,2319.45,687.1,1545.98,0.952,1.577,3.124,2.645,0.4667,3.528,6.151,4.435,22.553,0.0,89.297,127.567,687.1046,1545.9766,59.2762,5.4562,2.8002,0.4667,50.0467,4.6671,0.395,18.4583,0.7567,80.662,1.0453,2.7178,0.0,23.0927,73.7786,31.5854,1.5,45.7
510310,Cocalinho,51006,Médio Araguaia,5104,Leste,2025,6495.0,IBGE estimativa,6.0,12.0,12.0,False,True,20587381.54,5578458.01,14473613.38,0.0,20002867.39,584514.15,14300566.53,6.49,8.68,19.04,3.0,20.25,130.82,17.0,0.0,33.67,12.83,3.0,1.0,0.0,3.0,0.0,3.0,21518.0,2690.0,39808.0,25892.0,16817.0,4311.0,6303.0,1206.0,5525.0,40778.0,174036.0,876945.45,6062.0,77703.69,334.0,618.0,0.0,0.0,610.0,89117.72,0.0,6.0,334.0,624.0,298.0,968.0,0.0,101834.33,556924.18,0.0,327.0,215401.0,927795.45,,,,,,,,,,3169.73,858.88,2228.42,0.999,1.336,3.118,2.617,0.4619,3.313,6.129,3.986,26.795,0.0,51.424,96.074,858.885,2228.4239,69.4628,2.8392,2.9315,0.4619,51.8399,4.6189,0.4142,,0.9704,97.9042,0.0,2.8982,0.0,15.6789,85.7466,47.7564,5.4,79.6
510320,Colíder,51010,Norte Matogrossense,5103,Norte,2020,33649.0,IBGE estimativa,6.0,12.0,12.0,False,True,25009640.28,15085699.41,7275397.24,1298534.43,24151215.04,858425.24,11944175.66,65.79,65.4,214.78,10.92,94.42,778.13,96.33,8.0,235.75,32.0,14.0,2.0,1.0,8.0,0.0,7.5,76877.0,4030.0,95360.0,105651.0,40211.0,17850.0,18778.0,6427.0,18728.0,342752.0,261726.0,1665185.48,19137.0,171873.0,2594.0,1613.0,4032.0,495916.79,79354.0,819694.46,0.0,58.0,2594.0,1671.0,205.0,10108.0,1683.0,2687664.82,1856659.49,173.0,2225.0,675219.0,2579803.27,493.0,258.0,9.0,18.26,7.67,75.61,9.13,83.77,13.18,743.25,448.33,216.21,1.955,1.944,2.806,2.863,0.2377,2.285,2.834,3.14,7.778,0.12,77.09,49.66,448.3253,216.2144,47.7583,3.4324,6.383,0.3245,70.0615,2.3775,0.1198,13.0365,0.5581,85.7749,6.6692,3.8967,50.0163,79.8735,55.1773,12.2681,12.3,40.5
510320,Colíder,51010,Norte Matogrossense,5103,Norte,2021,33855.0,IBGE estimativa,6.0,12.0,12.0,False,True,32093932.81,18222445.95,7866200.57,4068254.12,30062787.12,2031145.69,17718449.39,74.18,72.16,216.96,10.0,93.25,814.07,102.83,8.0,249.92,32.0,14.42,2.0,1.0,8.0,0.0,8.0,61873.0,6544.0,83293.0,97486.0,35452.0,19422.0,15438.0,5861.0,15992.0,412174.0,339495.0,2045501.98,48240.0,546317.22,2633.0,1729.0,3272.0,411724.75,89983.0,949220.85,1.0,81.0,2634.0,1810.0,306.0,9427.0,1688.0,3027477.52,3600935.49,200.0,2300.0,833437.0,2993611.58,456.0,319.0,11.0,24.12,9.42,79.47,10.75,83.33,13.82,947.98,538.25,232.35,2.191,2.131,2.754,3.037,0.2363,1.828,2.46,2.88,10.028,0.097,77.802,53.463,538.2498,232.3497,55.2081,6.3288,6.4085,0.2954,73.8207,2.363,0.1933,12.8531,0.456,87.3197,7.593,3.579,49.8597,89.4248,106.3635,16.9061,16.9,55.9
510320,Colíder,51010,Norte Matogrossense,5103,Norte,2022,31370.0,IBGE Censo 2022,6.0,12.0,12.0,False,True,31683199.67,17065634.21,11236281.02,0.0,30975948.64,707251.03,18069616.05,79.28,71.53,214.47,11.17,94.63,805.46,100.5,8.0,389.83,33.67,15.0,2.0,1.0,8.0,0.0,8.0,78889.0,8004.0,113222.0,131702.0,48971.0,29554.0,20896.0,6759.0,20941.0,549273.0,406773.0,2485559.61,48919.0,608481.58,3132.0,1804.0,5527.0,662583.51,98945.0,1341384.88,0.0,117.0,3132.0,1921.0,328.0,10868.0,2095.0,3758737.61,2822575.41,197.0,3040.0,1061814.0,3841169.22,520.0,245.0,6.0,11.54,7.81,83.46,11.15,89.42,15.19,1009.98,544.01,358.19,2.527,2.28,3.017,3.204,0.255,2.515,3.609,4.198,12.967,0.176,99.841,61.237,544.0113,358.1856,57.0322,2.2323,6.8368,0.3561,124.2684,2.5502,0.2551,12.9981,0.6661,97.0626,6.2899,3.47,66.7836,119.8195,89.9769,17.0744,17.0,58.5
510320,Colíder,51010,Norte Matogrossense,5103,Norte,2023,31688.0,interpolada (Censo 2022 x IBGE 2024),6.0,12.0,12.0,False,True,35335918.64,19570128.26,12045682.63,0.0,34029280.11,1306638.53,25141349.55,105.98,86.99,214.81,13.92,93.67,836.18,80.92,8.0,410.42,36.25,11.92,2.25,1.0,8.0,0.0,8.0,82525.0,8817.0,113487.0,142379.0,49159.0,33110.0,24302.0,7725.0,22832.0,567739.0,382797.0,2291124.43,93694.0,902056.7,3236.0,1924.0,7519.0,886368.49,120160.0,1555648.83,1.0,105.0,3237.0,2029.0,390.0,14054.0,2530.0,4125093.96,2697850.95,193.0,2832.0,1061768.0,3882204.77,498.0,230.0,11.0,22.09,7.258,80.32,12.25,87.55,14.46,1115.12,617.59,380.13,3.344,2.745,2.956,2.554,0.2525,2.604,3.581,4.493,12.08,0.237,102.152,64.031,617.588,380.1339,71.1496,3.6978,6.7789,0.4393,129.5191,2.5246,0.2782,15.512,0.7669,87.4884,5.9623,4.3417,79.8409,130.1784,85.1379,19.2213,19.2,66.8
510320,Colíder,51010,Norte Matogrossense,5103,Norte,2024,32010.0,IBGE estimativa,6.0,12.0,12.0,False,True,41778741.93,20202750.63,17607840.74,0.0,40913230.95,865510.98,25848880.44,118.43,79.56,209.85,13.79,97.0,835.62,72.25,8.0,647.67,33.42,8.0,2.0,1.0,8.0,0.0,8.0,81608.0,8495.0,108695.0,155197.0,50930.0,30580.0,37925.0,8472.0,31884.0,536895.0,441643.0,2616133.16,210077.0,1498398.87,3540.0,2112.0,8162.0,987854.43,154992.0,1572085.89,1.0,84.0,3541.0,2196.0,428.0,13482.0,2761.0,5056733.77,3298598.01,219.0,2627.0,1101941.0,4448477.39,458.0,252.0,10.0,21.83,7.87,86.21,11.14,86.24,14.85,1305.18,631.14,550.07,3.7,2.485,3.03,2.257,0.2499,2.549,3.396,4.848,13.797,0.255,110.622,68.604,631.1387,550.0731,61.8709,2.0717,6.5558,0.4308,202.3336,2.4992,0.2654,18.4978,1.1848,74.1881,6.1847,3.8074,86.2543,157.9736,103.049,19.49,19.4,70.7
510320,Colíder,51010,Norte Matogrossense,5103,Norte,2025,32054.0,IBGE estimativa,6.0,12.0,12.0,False,True,46277681.92,22017414.59,18554663.69,1741590.88,43432113.02,2845568.9,29823723.08,114.99,85.64,196.71,13.96,90.67,850.67,60.17,8.0,721.17,37.08,8.0,2.83,1.0,8.0,0.0,8.0,90001.0,9331.0,125935.0,139622.0,54638.0,34900.0,33711.0,8477.0,28960.0,616300.0,568961.0,3480430.66,455975.0,2818769.11,3643.0,2176.0,12042.0,1764561.36,172320.0,2333772.24,1.0,114.0,3644.0,2290.0,541.0,13938.0,2842.0,4707803.45,3468760.9,218.0,2689.0,1349035.0,6191304.37,,,,,,,,,,1443.74,686.89,578.86,3.587,2.672,2.829,1.877,0.2496,2.808,3.929,4.356,17.75,0.376,113.683,71.442,686.8851,578.8564,64.4452,6.1489,6.1368,0.4355,224.986,2.4958,0.2911,,1.0517,73.7925,5.9824,3.8249,88.6629,146.871,108.2162,23.6245,23.6,91.5
510325,Colniza,51008,Noroeste Matogrossense,5106,Centro-Noroeste,2020,39861.0,IBGE estimativa,6.0,12.0,12.0,False,True,17833349.4,5437569.18,10680170.41,0.0,17689844.4,143505.0,15271242.87,11.15,12.9,30.5,1.0,84.92,232.58,28.0,0.0,12.0,12.0,6.0,1.0,0.0,5.67,0.0,0.0,22308.0,158.0,43577.0,29934.0,15531.0,6777.0,19962.0,6138.0,20683.0,24817.0,10523.0,37218.99,840.0,10729.19,991.0,1249.0,0.0,0.0,15570.0,102840.36,1.0,16.0,992.0,1265.0,313.0,2028.0,0.0,359202.35,799771.1,11.0,991.0,36631.0,37218.99,471.0,132.0,7.0,14.86,3.31,78.98,5.94,70.49,22.72,447.39,136.41,267.94,0.28,0.324,2.13,0.702,0.1422,0.56,1.093,0.751,0.264,0.0,24.886,31.735,136.4133,267.9353,85.6331,0.8047,0.7652,0.0251,3.0105,1.4224,0.004,13.0318,0.5008,99.8992,1.1089,2.0444,0.0,9.0114,20.064,24.7431,7.5,94.1
510325,Colniza,51008,Noroeste Matogrossense,5106,Centro-Noroeste,2021,41117.0,IBGE estimativa,6.0,12.0,12.0,False,True,16722722.77,4096628.08,9926250.27,0.0,16566196.92,156525.85,13743892.42,12.63,18.54,42.42,1.0,74.17,253.14,28.0,0.0,19.83,13.25,7.25,1.0,0.0,6.0,0.0,1.0,32799.0,116.0,58925.0,27286.0,23357.0,9442.0,16370.0,6985.0,17578.0,39599.0,14561.0,64066.56,898.0,11788.78,1217.0,1385.0,0.0,0.0,18092.0,173521.12,0.0,15.0,1217.0,1400.0,278.0,2865.0,0.0,682552.1,1643909.27,51.0,1216.0,54982.0,64066.56,522.0,182.0,7.0,13.41,4.43,78.54,5.56,77.01,21.46,406.71,99.63,241.41,0.307,0.451,1.804,0.681,0.1459,0.798,1.433,0.664,0.354,0.0,29.598,34.049,99.6334,241.4147,82.1869,0.936,1.0317,0.0243,4.8228,1.4593,0.0028,13.3812,0.3981,99.9178,4.1906,2.3541,0.0,16.6002,39.9813,19.8571,7.2,81.7
510325,Colniza,51008,Noroeste Matogrossense,5106,Centro-Noroeste,2022,25766.0,IBGE Censo 2022,6.0,12.0,12.0,False,True,28513467.99,10713143.46,15630660.82,0.0,27180112.75,1333355.24,18425731.49,11.83,19.58,45.92,0.33,70.0,257.38,28.0,0.0,21.0,14.0,8.0,1.0,0.0,6.0,0.0,0.25,38126.0,4.0,57304.0,10854.0,25200.0,12926.0,23599.0,7138.0,23288.0,58188.0,10540.0,33324.25,1449.0,16655.07,1386.0,1676.0,0.0,0.0,26268.0,144885.68,0.0,27.0,1386.0,1703.0,398.0,3720.0,0.0,541039.56,1277251.18,27.0,1385.0,69484.0,33324.25,426.0,134.0,10.0,23.47,5.2,73.71,7.75,72.3,24.18,1106.63,415.79,606.64,0.459,0.76,2.717,1.087,0.2329,1.48,2.224,0.421,0.409,0.0,53.792,66.095,415.7861,606.639,64.6212,4.6762,1.7822,0.0128,8.1503,2.3287,0.0002,16.7559,0.9159,99.9278,1.9481,2.684,0.0,20.9982,49.5712,23.3705,9.7,102.6
510325,Colniza,51008,Noroeste Matogrossense,5106,Centro-Noroeste,2023,25927.0,interpolada (Censo 2022 x IBGE 2024),6.0,12.0,12.0,False,True,33755777.43,11524860.49,20044539.79,0.0,32201452.64,1554324.79,22767913.99,12.97,19.71,50.75,0.67,65.67,266.45,32.5,0.0,22.25,14.25,7.92,1.0,0.0,6.42,0.0,0.25,35212.0,476.0,70571.0,35363.0,24677.0,10535.0,25451.0,7343.0,24775.0,2217905.0,16281.0,83091.65,5519.0,47124.18,1338.0,1597.0,0.0,0.0,40724.0,195580.32,0.0,43.0,1338.0,1640.0,359.0,3586.0,0.0,500960.69,1091304.3,21.0,1338.0,2235152.0,83091.65,407.0,103.0,6.0,14.74,3.973,86.24,3.93,69.53,18.92,1301.95,444.51,773.11,0.5,0.76,2.533,1.254,0.2476,1.358,2.722,1.364,0.628,0.0,51.606,63.255,444.5119,773.1145,67.4489,4.6046,1.9574,0.0258,8.5818,2.4762,0.0184,18.0418,0.9816,100.0,1.5695,2.6801,0.0,19.322,42.0914,21.8902,12.3,113.3
510325,Colniza,51008,Noroeste Matogrossense,5106,Centro-Noroeste,2024,26090.0,IBGE estimativa,6.0,12.0,12.0,False,True,29385314.95,10097206.25,17040963.35,0.0,28791416.95,593898.0,21196328.53,15.73,24.77,57.43,1.25,64.42,291.7,34.67,0.0,41.0,15.0,8.0,1.0,0.0,7.0,0.0,1.0,43326.0,1192.0,94004.0,34432.0,31124.0,12202.0,22661.0,6377.0,23094.0,2729165.0,86851.0,423742.29,60639.0,362481.57,1478.0,1774.0,236.0,63425.0,53473.0,392718.1,1.0,51.0,1479.0,1825.0,410.0,4073.0,0.0,600431.31,1363123.9,37.0,1478.0,2849281.0,646900.49,382.0,139.0,6.0,15.71,5.33,84.03,8.38,81.15,17.8,1126.31,387.01,653.16,0.603,0.949,2.469,1.329,0.2683,1.661,3.603,1.32,3.329,0.009,56.688,69.95,387.0144,653.1607,72.1324,2.0211,2.2012,0.0479,15.7148,2.683,0.0457,16.6937,0.8686,99.9324,2.5017,2.7539,0.0,23.0138,52.247,22.4658,15.8,133.5
510325,Colniza,51008,Noroeste Matogrossense,5106,Centro-Noroeste,2025,26026.0,IBGE estimativa,6.0,12.0,12.0,False,True,39901876.76,12782035.97,24970995.65,0.0,38253823.68,1648053.08,26224435.42,17.46,24.5,62.92,1.0,64.75,306.85,36.0,0.0,45.33,15.83,8.0,1.0,0.0,7.0,0.0,1.0,46915.0,1113.0,103091.0,49866.0,33486.0,13429.0,19892.0,6064.0,21073.0,755112.0,149756.0,751562.67,91392.0,639962.89,1821.0,2277.0,488.0,131150.0,82568.0,650208.4,0.0,73.0,1821.0,2350.0,612.0,4763.0,0.0,764376.99,1993156.48,36.0,1820.0,1132411.0,1999026.77,,,,,,,,,,1533.15,491.13,959.46,0.671,0.941,2.488,1.383,0.269,1.803,3.961,1.916,5.754,0.019,69.968,90.294,491.1256,959.4634,65.7223,4.1303,2.4176,0.0384,17.4172,2.6896,0.0428,,0.7643,99.9451,1.9769,2.6156,0.0,29.3697,76.5833,26.0426,20.0,164.1
510330,Comodoro,51012,Sudoeste Matogrossense,5102,Oeste,2020,21008.0,IBGE estimativa,6.0,12.0,12.0,False,True,21383614.83,9773627.14,7252456.74,2836804.42,20233776.89,1149837.94,12322194.62,7.81,10.1,34.12,4.0,68.75,185.56,31.0,0.0,25.0,22.0,12.0,1.0,0.0,6.58,0.0,2.75,33388.0,360.0,57182.0,59349.0,27393.0,5995.0,16297.0,5171.0,14219.0,4395.0,36508.0,161575.06,2794.0,19424.63,1208.0,1506.0,0.0,0.0,27936.0,257292.6,0.0,7.0,1208.0,1513.0,312.0,4217.0,0.0,599851.38,971183.68,13.0,1207.0,41727.0,161575.06,363.0,92.0,11.0,30.3,4.38,64.64,7.16,60.5,26.72,1017.88,465.23,345.22,0.372,0.481,3.273,1.476,0.3132,1.589,2.722,2.825,1.738,0.0,57.502,72.02,465.2336,345.2236,57.6245,5.3772,1.6241,0.1904,11.9002,3.1321,0.0171,14.2452,0.7758,99.9172,1.0762,3.4909,0.0,28.5535,46.2292,20.6213,10.4,59.2
510330,Comodoro,51012,Sudoeste Matogrossense,5102,Oeste,2021,21249.0,IBGE estimativa,6.0,12.0,12.0,False,True,22722248.3,8990275.71,8617664.31,3482534.28,21524295.47,1197952.83,14446090.23,7.78,12.06,36.85,3.08,70.67,187.94,31.0,0.0,25.0,26.75,15.33,1.0,0.0,6.83,0.0,4.0,36894.0,1458.0,69228.0,88997.0,29580.0,7314.0,15955.0,4749.0,13764.0,22580.0,50649.0,225658.25,6005.0,47216.9,1321.0,1711.0,0.0,0.0,23940.0,228305.69,2.0,25.0,1323.0,1736.0,416.0,5111.0,0.0,791641.17,1571690.37,28.0,1322.0,74721.0,225658.25,323.0,156.0,7.0,21.67,7.34,71.83,6.83,60.75,26.32,1069.33,423.09,405.56,0.366,0.568,3.326,1.459,0.3214,1.736,3.258,4.188,2.384,0.0,62.262,81.698,423.0917,405.5562,63.5769,5.2722,1.7342,0.1449,11.7653,3.2143,0.0686,14.7028,0.7509,99.9244,2.1164,3.8632,0.0,37.2555,73.9654,23.9631,14.5,73.7
510330,Comodoro,51012,Sudoeste Matogrossense,5102,Oeste,2022,18238.0,IBGE Censo 2022,6.0,12.0,12.0,False,True,28509628.72,11125586.77,9775833.72,5339937.28,26825111.22,1684517.5,21213103.8,8.13,15.47,46.96,3.83,77.67,222.83,41.0,0.0,24.75,29.5,16.33,1.0,0.0,6.0,0.0,3.92,44693.0,3068.0,81815.0,125061.0,30990.0,13703.0,18988.0,5461.0,16483.0,9637.0,100837.0,525513.76,14542.0,269098.7,1286.0,1751.0,0.0,0.0,39168.0,308473.01,0.0,30.0,1286.0,1781.0,501.0,5064.0,0.0,667716.74,1268515.14,27.0,1286.0,124537.0,587928.31,337.0,124.0,7.0,20.77,6.8,70.92,10.98,67.95,25.22,1563.2,610.02,536.01,0.446,0.848,4.259,2.248,0.329,2.451,4.486,6.857,5.529,0.0,70.512,97.653,610.0223,536.0146,74.4068,5.9086,2.5748,0.21,13.5706,3.2898,0.1682,16.2047,1.0411,100.0,2.0995,3.9378,0.0,36.6113,69.5534,28.1303,14.9,82.8
510330,Comodoro,51012,Sudoeste Matogrossense,5102,Oeste,2023,18349.0,interpolada (Censo 2022 x IBGE 2024),6.0,12.0,12.0,False,True,29500535.1,11762330.19,9498091.44,5992191.9,29011586.56,488948.54,21965013.79,9.99,17.02,47.8,4.88,92.58,263.13,39.33,0.0,25.25,31.0,14.0,1.0,0.0,6.0,0.0,4.0,48479.0,3028.0,84866.0,128811.0,34579.0,13900.0,15269.0,5027.0,14090.0,1883.0,171429.0,874828.02,25409.0,481228.31,1244.0,1829.0,0.0,0.0,47330.0,338364.74,1.0,45.0,1245.0,1874.0,635.0,4825.0,0.0,570378.73,1335593.49,13.0,1245.0,211664.0,1069685.22,298.0,106.0,11.0,36.91,5.777,78.79,8.39,65.77,24.5,1607.75,641.03,517.64,0.544,0.928,5.046,2.143,0.327,2.642,4.625,7.02,9.343,0.0,67.851,102.131,641.0339,517.6354,74.4563,1.6574,2.605,0.266,13.761,3.2699,0.165,16.8691,0.8321,100.0,1.0442,3.8755,0.0,31.085,72.7884,33.8847,16.6,98.1
510330,Comodoro,51012,Sudoeste Matogrossense,5102,Oeste,2024,18461.0,IBGE estimativa,6.0,12.0,12.0,False,True,35917721.65,13791084.37,12487999.37,6776761.67,34685782.14,1231939.51,24827276.07,10.08,18.18,50.9,5.5,98.17,277.68,31.0,0.0,28.0,31.42,12.0,1.0,0.0,6.0,0.0,4.0,56120.0,4788.0,103504.0,123973.0,39716.0,14277.0,15588.0,4720.0,16461.0,3059.0,158065.0,898080.13,29276.0,584932.64,1070.0,1718.0,31.0,8331.25,68195.0,362396.46,0.0,39.0,1070.0,1757.0,690.0,4270.0,0.0,504577.42,1537577.82,17.0,1070.0,263715.0,1608633.83,277.0,122.0,6.0,21.66,6.61,76.17,6.14,72.73,22.02,1945.6,747.04,676.45,0.546,0.985,5.318,1.679,0.325,3.04,5.607,6.715,8.562,0.002,57.96,95.174,747.0389,676.453,69.1226,3.4299,2.7572,0.2979,15.1671,3.2501,0.2594,17.0397,0.8444,100.0,1.5888,3.9907,0.0,27.3321,83.2879,39.2715,20.6,118.4
510330,Comodoro,51012,Sudoeste Matogrossense,5102,Oeste,2025,18469.0,IBGE estimativa,6.0,12.0,12.0,False,True,42926422.01,16164370.54,15636502.13,8353204.5,39516530.15,3409891.86,32204545.42,15.72,18.03,80.78,7.0,70.83,290.74,31.0,0.0,28.5,32.67,12.0,1.0,0.0,6.0,0.0,4.17,60662.0,4966.0,110829.0,161629.0,43510.0,14927.0,16473.0,4603.0,16650.0,8295.0,180509.0,1051384.22,32093.0,670999.52,1070.0,1734.0,648.0,152542.59,59551.0,599565.04,1.0,71.0,1071.0,1805.0,737.0,4433.0,0.0,519015.75,1519347.42,17.0,1071.0,322014.0,2065547.06,,,,,,,,,,2324.24,875.22,846.64,0.851,0.976,3.835,1.678,0.3249,3.285,6.001,8.751,9.774,0.035,57.989,97.731,875.2163,846.635,75.0227,7.9436,4.3738,0.379,15.4313,3.2487,0.2689,,0.8919,100.0,1.5873,4.1391,0.0,28.102,82.2647,40.831,19.9,116.0
510335,Confresa,51003,Araguaia Xingu,5104,Leste,2020,31510.0,IBGE estimativa,6.0,12.0,12.0,False,True,32207790.58,10567241.82,18517465.82,1519114.78,28895673.81,3312116.77,10971108.18,17.07,27.92,48.83,7.25,110.58,343.59,52.67,0.0,71.67,23.5,8.33,1.0,0.0,8.33,0.0,5.67,30700.0,663.0,24360.0,28211.0,17400.0,12725.0,14004.0,5191.0,12932.0,9436.0,206777.0,955918.16,10103.0,68297.17,3172.0,1980.0,0.0,0.0,7885.0,40936.65,0.0,6.0,3172.0,1986.0,158.0,8600.0,0.0,1547102.02,1528941.41,63.0,2964.0,218653.0,955918.16,621.0,163.0,8.0,12.88,5.17,58.13,8.37,75.04,19.48,1022.15,335.36,587.67,0.542,0.886,3.509,1.672,0.2644,0.974,0.773,0.895,6.562,0.0,100.666,63.028,335.3615,587.6695,34.0635,10.2836,1.5497,0.2301,22.7452,2.6436,0.021,8.3591,0.4444,93.4426,1.9861,2.7112,0.0,49.0988,48.5224,7.9557,7.3,47.8
510335,Confresa,51003,Araguaia Xingu,5104,Leste,2021,32076.0,IBGE estimativa,6.0,12.0,12.0,False,True,42898938.71,16339403.24,22512065.06,2677030.78,38673674.58,4225264.13,22314826.76,22.57,33.98,65.17,8.0,109.5,379.55,58.33,0.0,78.33,24.42,8.0,1.0,0.0,9.0,0.0,6.0,40564.0,2118.0,44525.0,57887.0,26938.0,12405.0,17279.0,7180.0,14950.0,24191.0,216361.0,1093334.64,32902.0,215695.65,3550.0,2366.0,318.0,0.0,14036.0,24494.21,1.0,7.0,3551.0,2373.0,184.0,9566.0,0.0,1753534.97,2318590.16,58.0,3247.0,243704.0,1093334.64,689.0,235.0,10.0,14.51,7.33,64.68,6.1,75.47,21.63,1337.42,509.4,701.84,0.704,1.059,3.414,1.818,0.2806,1.265,1.388,1.805,6.745,0.01,110.706,73.981,509.3965,701.8352,52.0172,9.8493,2.0317,0.2494,24.4201,2.8058,0.066,10.4209,0.5387,91.439,1.6333,2.6939,0.0,54.6681,72.2843,7.7539,7.4,47.3
510335,Confresa,51003,Araguaia Xingu,5104,Leste,2022,35075.0,IBGE Censo 2022,6.0,12.0,12.0,False,True,40199020.36,10379640.72,21774552.24,7252389.75,37707970.92,2491049.44,19243779.09,31.0,37.92,85.83,7.42,101.17,414.16,49.67,0.0,100.25,27.75,8.0,1.0,0.0,9.0,0.0,6.0,53874.0,4541.0,116632.0,142159.0,33110.0,19588.0,21680.0,8906.0,19500.0,85773.0,205786.0,1225531.05,25943.0,171049.11,4019.0,2612.0,1083.0,446.33,7394.0,93261.2,0.0,14.0,4019.0,2626.0,143.0,11283.0,0.0,2087615.34,2025374.31,63.0,3992.0,294410.0,1225977.38,729.0,165.0,9.0,12.35,4.7,67.86,8.09,75.65,17.01,1146.09,295.93,620.8,0.884,1.081,2.884,1.416,0.2566,1.536,3.325,4.053,5.867,0.031,114.583,74.868,295.927,620.7998,47.8713,6.1968,2.447,0.2115,28.5816,2.5659,0.1295,12.2167,0.6181,99.3282,1.5676,2.8074,0.0,59.5186,57.7441,5.4455,5.4,33.5
510335,Confresa,51003,Araguaia Xingu,5104,Leste,2023,36287.0,interpolada (Censo 2022 x IBGE 2024),6.0,12.0,12.0,False,True,49315917.31,13849354.6,26979873.04,7324934.51,46192371.93,3123545.38,21977898.03,30.36,36.58,82.58,8.23,86.64,394.78,63.33,0.0,114.25,30.83,8.0,1.0,0.0,9.0,0.92,6.0,64437.0,3817.0,81662.0,104400.0,44146.0,18481.0,23791.0,10088.0,21399.0,101249.0,264500.0,1384346.64,50467.0,266661.44,4311.0,2791.0,1114.0,79355.92,7120.0,188995.76,2.0,24.0,4313.0,2815.0,207.0,13218.0,0.0,2318097.01,2143511.1,69.0,4250.0,372847.0,1468870.36,729.0,137.0,11.0,15.09,3.775,73.8,8.92,71.33,19.48,1359.05,381.66,743.51,0.837,1.008,2.388,1.745,0.248,1.776,2.25,2.877,7.289,0.031,118.858,77.576,381.6616,743.5135,44.5655,6.3337,2.2757,0.2268,31.4851,2.4802,0.1052,13.8381,0.6556,98.5393,1.5998,3.0647,0.0,63.8823,59.071,7.3535,7.3,50.2
510335,Confresa,51003,Araguaia Xingu,5104,Leste,2024,37541.0,IBGE estimativa,6.0,12.0,12.0,False,True,59862477.18,19318106.71,32746381.62,6477633.06,57374518.68,2487958.5,26584057.96,36.14,39.54,97.71,8.3,125.6,483.18,71.0,0.0,132.17,31.42,8.0,1.0,0.0,9.0,1.75,6.0,68825.0,4629.0,96440.0,160813.0,47817.0,19218.0,30583.0,10336.0,28705.0,102346.0,277131.0,1444371.95,83472.0,431178.23,4518.0,3069.0,1112.0,136360.53,23117.0,371582.1,2.0,31.0,4520.0,3100.0,368.0,15068.0,0.0,2456520.11,2794738.87,90.0,3573.0,382740.0,1583771.78,709.0,206.0,12.0,16.93,5.49,73.77,7.19,75.71,16.36,1594.59,514.59,872.28,0.963,1.053,3.346,1.891,0.2397,1.833,2.569,4.284,7.382,0.03,120.402,82.576,514.5869,872.2831,44.4085,4.1561,2.6028,0.2211,35.2068,2.3974,0.1233,14.5783,0.8147,79.0487,1.9912,3.3336,0.0,65.4357,74.445,11.871,11.8,82.5
510335,Confresa,51003,Araguaia Xingu,5104,Leste,2025,38460.0,IBGE estimativa,6.0,12.0,12.0,False,True,63974580.79,22953222.74,32834379.39,6219016.25,61639636.9,2334943.89,37862582.34,39.75,43.97,110.66,7.08,146.77,537.61,71.0,0.0,132.92,31.0,8.0,1.0,0.0,9.0,2.0,6.0,68573.0,5326.0,112521.0,218160.0,45061.0,21561.0,33986.0,11414.0,32370.0,95502.0,314997.0,1651831.53,191503.0,990767.65,4724.0,3134.0,6821.0,760583.41,31718.0,757710.17,2.0,38.0,4726.0,3172.0,372.0,15512.0,0.0,2544832.7,2896318.55,108.0,3317.0,419381.0,2414602.84,,,,,,,,,,1663.41,596.81,853.73,1.034,1.143,3.816,1.846,0.234,1.783,2.926,5.672,8.19,0.177,122.881,82.475,596.8077,853.728,59.1838,3.6498,2.8773,0.1841,34.5606,2.3401,0.1385,,0.8837,70.1862,2.2852,3.2823,0.0,66.1683,75.3073,11.7276,11.6,80.2
510336,Conquista D'Oeste,51012,Sudoeste Matogrossense,5102,Oeste,2020,4101.0,IBGE estimativa,6.0,12.0,12.0,False,True,6160654.6,1907482.19,3417450.19,291111.9,5387865.5,772789.1,4530987.28,3.48,6.4,17.0,1.0,13.0,66.04,0.0,0.0,25.0,9.0,2.0,0.0,1.0,2.0,0.0,1.0,6119.0,321.0,11844.0,8669.0,3671.0,2448.0,3330.0,1012.0,3597.0,6550.0,20695.0,80309.37,1898.0,11363.59,0.0,169.0,0.0,0.0,9369.0,36387.65,0.0,4.0,0.0,173.0,173.0,0.0,0.0,0.0,148481.97,0.0,0.0,44455.0,181665.57,63.0,16.0,1.0,15.87,3.9,77.78,7.94,76.19,23.81,1502.23,465.13,833.32,0.849,1.561,3.17,0.0,0.4877,1.492,2.888,2.114,5.046,0.0,0.0,42.185,465.1261,833.3212,73.5472,12.5439,4.1453,0.2438,60.9607,4.8769,0.0783,16.0635,0.812,,,,0.0,0.0,36.2063,100.0,37.0,156.2
510336,Conquista D'Oeste,51012,Sudoeste Matogrossense,5102,Oeste,2021,4163.0,IBGE estimativa,6.0,12.0,12.0,False,True,7041083.24,2371270.44,3325634.78,705984.57,6848079.44,193003.8,5189369.49,3.64,6.5,17.96,1.0,13.67,70.33,0.0,0.0,25.0,10.17,3.17,0.0,1.0,2.0,0.0,1.0,6386.0,245.0,14384.0,6118.0,3545.0,2841.0,2751.0,982.0,2857.0,15525.0,38752.0,168741.6,2680.0,17229.94,0.0,200.0,0.0,0.0,8038.0,39456.7,0.0,5.0,0.0,205.0,205.0,0.0,0.0,0.0,254039.69,0.0,0.0,76283.0,296204.1,49.0,41.0,1.0,20.41,9.85,64.58,14.29,73.47,16.33,1691.35,569.61,798.86,0.874,1.561,3.284,0.0,0.4804,1.534,3.455,1.47,9.309,0.0,0.0,49.243,569.6062,798.8553,73.7013,2.7411,4.3142,0.2402,60.0528,4.8042,0.0589,20.0408,0.6608,,,,0.0,0.0,61.0232,100.0,47.8,178.6
510336,Conquista D'Oeste,51012,Sudoeste Matogrossense,5102,Oeste,2022,3760.0,IBGE Censo 2022,6.0,12.0,12.0,False,True,7624892.28,2441258.92,4310319.77,219311.92,7272389.37,352502.91,6092405.78,4.43,6.34,16.54,1.13,14.0,69.15,0.0,0.0,25.0,11.25,3.42,0.0,1.0,2.0,0.0,1.0,9491.0,668.0,23138.0,12231.0,5783.0,3708.0,2719.0,1020.0,2923.0,8191.0,38376.0,184228.76,4659.0,30831.84,0.0,196.0,0.0,0.0,1250.0,36438.53,0.0,7.0,0.0,203.0,203.0,0.0,0.0,0.0,185733.16,0.0,0.0,74093.0,333738.56,61.0,18.0,1.0,16.39,4.79,90.16,9.84,73.77,22.95,2027.9,649.27,1146.36,1.178,1.686,3.723,0.0,0.5319,2.524,6.154,3.253,10.206,0.0,0.0,53.989,649.271,1146.3616,79.9015,4.6231,4.3989,0.3005,66.4894,5.3191,0.1777,16.7213,0.7231,,,,0.0,0.0,49.3971,100.0,30.0,150.0
510336,Conquista D'Oeste,51012,Sudoeste Matogrossense,5102,Oeste,2023,3817.0,interpolada (Censo 2022 x IBGE 2024),6.0,12.0,12.0,False,True,9239996.82,2721489.77,5536530.14,231269.43,8429896.82,810100.0,7068885.19,4.62,7.22,22.77,2.0,28.33,103.18,0.0,0.0,25.0,12.0,2.0,0.0,1.0,2.0,0.0,1.0,11456.0,759.0,24693.0,12334.0,6579.0,4877.0,2928.0,1090.0,3308.0,9782.0,43802.0,203700.15,5167.0,39824.45,0.0,250.0,0.0,0.0,1312.0,32470.32,0.0,7.0,0.0,257.0,257.0,0.0,0.0,0.0,224800.8,0.0,0.0,85515.0,360793.35,56.0,30.0,1.0,17.86,7.86,75.0,14.29,82.14,17.86,2420.75,712.99,1450.49,1.21,1.892,7.422,0.0,0.524,3.001,6.469,3.231,11.476,0.0,0.0,67.33,712.9918,1450.4926,76.5031,8.7673,5.9654,0.524,65.4965,5.2397,0.1988,19.4643,0.7671,,,,0.0,0.0,58.8946,100.0,29.2,145.3
510336,Conquista D'Oeste,51012,Sudoeste Matogrossense,5102,Oeste,2024,3874.0,IBGE estimativa,6.0,12.0,12.0,False,True,10059431.44,2868236.07,5747093.4,319587.58,9652493.44,406938.0,6834131.86,4.07,6.42,21.92,1.63,19.92,88.37,0.0,0.0,25.0,10.92,2.0,0.0,1.0,2.0,0.0,1.0,14736.0,670.0,30655.0,9038.0,7806.0,6930.0,3582.0,1071.0,3920.0,12619.0,52458.0,235945.24,4497.0,43269.21,0.0,316.0,3.0,374.7,734.0,44018.01,0.0,3.0,0.0,319.0,319.0,0.0,0.0,0.0,275235.06,0.0,0.0,107327.0,444660.49,56.0,27.0,0.0,0.0,6.97,89.09,14.29,80.36,19.64,2596.65,740.38,1483.5,1.051,1.657,5.142,0.0,0.5163,3.804,7.913,2.333,13.541,0.001,0.0,82.344,740.381,1483.5037,67.9376,4.0453,5.6582,0.4208,64.5328,5.1626,0.1729,19.125,0.9246,,,,0.0,0.0,71.0467,100.0,32.6,158.1
510336,Conquista D'Oeste,51012,Sudoeste Matogrossense,5102,Oeste,2025,3908.0,IBGE estimativa,6.0,12.0,12.0,False,True,11986753.03,3203981.52,7697761.76,354469.63,11760935.06,225817.97,7615603.02,5.11,6.4,31.83,1.5,8.0,91.59,0.0,0.0,25.08,10.0,2.0,0.0,1.0,2.0,0.0,1.0,12089.0,425.0,26718.0,19314.0,7450.0,4639.0,3781.0,1064.0,3919.0,35441.0,57686.0,287178.2,6065.0,59772.74,0.0,445.0,223.0,42164.56,3602.0,144787.95,0.0,11.0,0.0,456.0,456.0,0.0,0.0,0.0,388893.06,0.0,0.0,137781.0,549107.91,,,,,,,,,,3067.23,819.85,1969.74,1.308,1.638,2.047,0.0,0.5118,3.093,6.837,4.942,14.761,0.057,0.0,116.684,819.852,1969.7446,63.5335,1.8839,8.1448,0.3838,64.176,5.1177,0.1088,,0.9675,,,,0.0,0.0,99.512,100.0,26.5,140.9
510337,Cotriguaçu,51008,Noroeste Matogrossense,5106,Centro-Noroeste,2020,20238.0,IBGE estimativa,6.0,12.0,12.0,False,True,13266762.34,6267608.48,1489430.83,4810080.38,12199101.14,1067661.2,6970422.96,7.53,14.25,23.83,3.67,45.0,165.78,33.92,0.0,98.0,14.5,5.0,1.0,0.0,4.58,0.0,4.0,15411.0,804.0,26842.0,38028.0,10993.0,4408.0,9869.0,2552.0,9948.0,1497.0,21205.0,102985.9,3092.0,43780.14,493.0,591.0,0.0,0.0,11762.0,75619.23,0.0,8.0,493.0,599.0,140.0,1581.0,0.0,182117.02,301398.46,4.0,491.0,30452.0,249982.75,158.0,54.0,2.0,12.66,2.67,87.34,2.53,78.48,15.19,655.54,309.7,73.6,0.372,0.704,2.224,1.676,0.2263,0.761,1.326,1.879,1.048,0.0,24.36,29.598,309.6951,73.5958,52.5405,8.0476,1.1775,0.1813,48.4238,2.2631,0.0397,16.1519,0.4876,99.5943,0.8114,3.2069,0.0,8.9988,14.8927,23.3723,7.3,71.9
510337,Cotriguaçu,51008,Noroeste Matogrossense,5106,Centro-Noroeste,2021,20717.0,IBGE estimativa,6.0,12.0,12.0,False,True,14134572.76,4675747.26,3965974.1,4693404.06,13778042.53,356530.23,7813760.47,7.84,17.63,26.52,3.5,43.83,179.61,34.0,0.0,109.0,14.83,5.67,1.0,0.0,5.0,0.0,3.5,19843.0,1929.0,41522.0,45051.0,13741.0,6102.0,2568.0,836.0,3317.0,8380.0,22545.0,112685.06,15433.0,85505.36,384.0,532.0,0.0,0.0,12085.0,35319.54,0.0,11.0,384.0,543.0,193.0,1329.0,0.0,257282.24,863590.56,15.0,384.0,37547.0,208234.91,153.0,89.0,0.0,0.0,4.3,86.27,5.23,75.82,17.65,682.27,225.7,191.44,0.378,0.851,2.116,1.641,0.2413,0.958,2.004,2.175,1.088,0.0,18.536,26.21,225.6962,191.4357,55.2812,2.5224,1.2801,0.1689,52.6138,2.4135,0.0931,5.4641,0.124,100.0,3.9062,3.4609,0.0,12.4189,41.6851,35.5433,13.1,120.5
510337,Cotriguaçu,51008,Noroeste Matogrossense,5106,Centro-Noroeste,2022,11011.0,IBGE Censo 2022,2.0,12.0,12.0,False,False,17498089.49,6484259.5,7805546.52,2718963.92,17182715.89,315373.6,12120153.66,8.39,13.63,24.13,4.0,37.83,172.61,34.0,0.0,114.83,14.58,5.58,1.0,0.0,5.0,0.75,4.0,25454.0,3249.0,38117.0,47897.0,18163.0,6945.0,4081.0,1476.0,4863.0,1437.0,32209.0,172292.58,4778.0,53335.32,397.0,596.0,0.0,0.0,16877.0,68086.04,0.0,9.0,397.0,605.0,216.0,1240.0,0.0,145713.55,347093.59,8.0,381.0,40120.0,218822.58,171.0,45.0,1.0,5.85,4.09,83.63,8.77,80.12,15.2,1589.15,588.89,708.89,0.762,1.238,3.436,3.088,0.4541,2.312,3.462,4.35,2.925,0.0,36.055,54.945,588.8892,708.8863,69.2656,1.8023,2.1914,0.3633,104.2866,4.5409,0.2951,8.6316,0.3706,95.9698,2.0151,3.1234,0.0,13.2335,31.5224,35.7025,10.6,111.6
510337,Cotriguaçu,51008,Noroeste Matogrossense,5106,Centro-Noroeste,2023,10700.0,interpolada (Censo 2022 x IBGE 2024),5.0,12.0,12.0,False,False,19816671.4,7414239.59,8779447.34,2946588.01,18782142.84,1034528.56,13535314.04,8.41,12.33,25.35,4.0,35.25,168.12,34.0,0.0,120.83,14.0,5.0,1.0,0.0,5.0,1.0,4.0,30654.0,3201.0,38285.0,60745.0,20599.0,9362.0,6137.0,2464.0,6975.0,1709.0,38719.0,224360.51,4943.0,72904.96,548.0,779.0,0.0,0.0,16809.0,127115.54,0.0,16.0,548.0,795.0,255.0,1536.0,0.0,203334.27,557148.86,6.0,501.0,100230.0,531865.76,180.0,48.0,2.0,11.11,4.486,82.78,9.44,89.44,12.22,1852.03,692.92,820.51,0.786,1.152,3.294,3.178,0.4673,2.865,3.578,5.677,3.619,0.0,51.215,74.299,692.9196,820.5091,68.3027,5.2205,2.3692,0.3738,112.9252,4.6729,0.2992,13.6889,0.5736,91.4234,1.0949,2.8029,0.0,19.0032,52.07,32.0755,16.7,137.8
510337,Cotriguaçu,51008,Noroeste Matogrossense,5106,Centro-Noroeste,2024,10398.0,IBGE estimativa,6.0,12.0,12.0,False,True,23633364.26,7952761.88,10545731.77,4569949.54,22145559.76,1487804.5,16318002.87,8.8,12.02,25.54,4.0,35.0,168.76,34.0,0.0,126.67,14.0,5.0,1.0,0.0,5.0,1.0,4.0,29461.0,3393.0,37391.0,56362.0,20771.0,8502.0,7438.0,2258.0,8389.0,12442.0,36941.0,206343.35,7069.0,80910.69,566.0,859.0,2.0,0.0,26162.0,194365.88,0.0,17.0,566.0,876.0,320.0,1656.0,0.0,225523.82,714679.71,1.0,562.0,128776.0,642512.6,142.0,38.0,0.0,0.0,3.65,86.62,4.23,83.1,15.49,2272.88,764.84,1014.21,0.846,1.156,3.366,3.27,0.4809,2.833,3.596,5.42,3.553,0.0,54.434,84.247,764.8357,1014.2077,69.0465,6.2954,2.4562,0.3847,121.8215,4.8086,0.3263,15.9014,0.7153,99.2933,0.1767,2.9258,0.0,21.6892,68.7324,36.5297,20.9,164.4
510337,Cotriguaçu,51008,Noroeste Matogrossense,5106,Centro-Noroeste,2025,10030.0,IBGE estimativa,6.0,12.0,12.0,False,True,23725924.14,8041318.37,11560110.27,3638065.02,23171795.02,554129.12,17266778.4,9.93,13.06,26.01,4.0,34.09,171.5,34.0,0.0,130.5,14.0,5.0,1.0,0.0,5.0,1.0,3.83,27480.0,3233.0,48173.0,51842.0,21654.0,5696.0,7802.0,2230.0,8155.0,13966.0,13535.0,124056.8,13027.0,124631.41,417.0,779.0,229.0,61543.75,35385.0,259107.53,0.0,25.0,417.0,804.0,399.0,1174.0,0.0,142820.34,738258.69,6.0,397.0,75019.0,464349.9,,,,,,,,,,2365.5,801.73,1152.55,0.99,1.302,3.399,3.39,0.4985,2.74,4.803,5.169,1.349,0.023,41.575,80.16,801.7267,1152.5534,72.776,2.3355,2.5932,0.3988,130.1097,4.985,0.3223,,0.7779,95.2038,1.4388,2.8153,0.0,14.2393,73.6051,49.6269,24.0,203.3
510340,Cuiabá,51002,Baixada Cuiabana,5105,Centro-Norte,2020,618124.0,IBGE estimativa,6.0,12.0,12.0,False,True,1004102290.75,62580888.5,549740741.39,385428629.26,986405124.86,17697165.89,460393379.62,1183.07,1292.09,2946.43,224.4,903.43,10316.53,1518.83,217.83,6697.42,231.42,89.5,16.58,4.0,92.0,4.08,42.58,295167.0,15013.0,571454.0,359796.0,203045.0,90558.0,424159.0,127936.0,398823.0,2233373.0,7241610.0,49514318.15,352324.0,2880614.24,33914.0,20835.0,7581037.0,52270649.75,2515715.0,27313007.24,3191.0,1155.0,37105.0,21990.0,1319.0,189154.0,39424.0,71596590.94,40021870.35,1783.0,30383.0,17289530.0,106783772.5,9828.0,4879.0,127.0,12.92,7.89,69.53,8.44,56.21,11.16,1624.44,101.24,889.37,1.914,2.09,1.462,2.457,0.1488,0.478,0.924,0.582,11.715,12.265,60.028,35.575,101.2433,889.3697,45.8512,1.7625,4.7667,0.363,108.3508,1.4884,0.0243,13.0175,0.6862,81.8838,4.8053,5.0978,63.7801,115.8288,64.7473,5.9982,0.5,2.2
510340,Cuiabá,51002,Baixada Cuiabana,5105,Centro-Norte,2021,623614.0,IBGE estimativa,6.0,12.0,12.0,False,True,1156319785.01,68949520.24,653734447.71,420774590.1,1152010950.2,4308834.81,522464604.22,1310.55,1574.89,3330.53,217.3,911.35,12147.88,1517.67,316.08,6971.92,241.75,90.42,16.0,4.0,105.67,8.0,47.67,447061.0,31890.0,838762.0,439146.0,296747.0,148702.0,402384.0,118502.0,382772.0,1978351.0,8532438.0,53926595.34,626283.0,4505300.99,34510.0,22900.0,8174482.0,60444554.82,2688247.0,31967126.36,3665.0,1304.0,38175.0,24204.0,1857.0,205682.0,50662.0,97252967.1,61263210.34,2682.0,30273.0,18938101.0,119999255.07,9501.0,5763.0,108.0,11.37,9.24,71.69,8.78,55.97,11.8,1854.22,110.56,1048.3,2.102,2.525,1.461,2.434,0.1694,0.717,1.345,0.704,13.682,13.108,61.216,38.812,110.5644,1048.2998,45.1834,0.3726,5.3407,0.3485,111.7986,1.6945,0.0511,12.4726,0.6452,79.3006,7.0255,5.3879,81.2394,155.9506,98.239,7.6723,0.7,2.8
510340,Cuiabá,51002,Baixada Cuiabana,5105,Centro-Norte,2022,650877.0,IBGE Censo 2022,6.0,12.0,12.0,False,True,1188157188.76,57655904.47,676918850.03,441854015.85,1181114579.91,7042608.85,539282379.76,1390.34,1674.11,3598.05,221.95,957.2,13232.77,1494.5,231.67,7530.08,252.67,91.0,16.75,4.0,108.0,2.75,51.42,510065.0,68700.0,1011585.0,861485.0,291727.0,215586.0,461467.0,121708.0,436386.0,1173866.0,8428515.0,59313313.53,1433124.0,8324488.36,39307.0,24909.0,8354993.0,76751123.42,3085233.0,44018769.23,3975.0,1492.0,43282.0,26401.0,983.0,243618.0,47659.0,85584982.94,45870277.89,1750.0,34627.0,18166927.0,142278457.04,9535.0,3960.0,130.0,13.63,6.08,70.31,8.8,53.56,10.93,1825.47,88.58,1040.01,2.136,2.572,1.471,2.296,0.1659,0.784,1.554,1.324,12.949,12.837,66.498,40.562,88.5819,1040.0104,45.3881,0.5927,5.528,0.341,115.6913,1.6593,0.1055,12.7643,0.709,80.0032,4.0433,5.6286,73.2227,131.4918,70.4746,3.7233,0.6,1.9
510340,Cuiabá,51002,Baixada Cuiabana,5105,Centro-Norte,2023,666712.0,interpolada (Censo 2022 x IBGE 2024),6.0,12.0,12.0,False,True,1249490336.73,63305364.06,685148891.4,489037288.83,1244088487.22,5401849.51,536464870.45,1516.82,1748.08,3835.0,225.19,884.7,13508.11,1509.58,238.17,8029.92,261.25,90.67,17.67,4.0,109.42,1.83,58.25,540672.0,76166.0,1103506.0,880158.0,345399.0,191399.0,463355.0,125620.0,430732.0,1177198.0,8068368.0,56713356.4,847191.0,6721696.77,45538.0,29265.0,10241944.0,84018161.26,3459394.0,46779991.06,4812.0,1831.0,50350.0,31096.0,1268.0,257993.0,52135.0,98720197.1,53662676.73,1878.0,34781.0,19743598.0,150000011.11,9325.0,4019.0,109.0,11.69,6.028,72.83,8.61,53.09,10.72,1874.11,94.95,1027.65,2.275,2.622,1.327,2.264,0.1641,0.811,1.655,1.32,12.102,15.362,75.52,46.641,94.9516,1027.6535,42.9347,0.4323,5.7521,0.3378,120.4406,1.6412,0.1142,13.4713,0.695,69.0785,3.7299,5.124,78.1972,148.0702,80.4885,4.0777,0.7,2.2
510340,Cuiabá,51002,Baixada Cuiabana,5105,Centro-Norte,2024,682932.0,IBGE estimativa,6.0,12.0,12.0,False,True,1209274623.42,50205415.95,613579674.13,536272294.77,1206073579.66,3201043.76,505449278.54,1760.08,1805.16,3759.89,238.58,877.16,13881.51,1595.92,248.0,8754.83,265.92,90.08,18.25,4.0,128.33,1.33,64.83,676565.0,90317.0,1363487.0,806062.0,413795.0,246228.0,505688.0,128094.0,472123.0,915892.0,10349411.0,74189406.08,591212.0,7304732.89,48470.0,30722.0,12866908.0,99467647.17,4273098.0,52523746.32,6255.0,2498.0,54725.0,33220.0,1560.0,293938.0,68559.0,126291839.73,65304151.84,2431.0,41043.0,24463716.0,185462339.68,9056.0,4181.0,140.0,15.46,6.12,78.67,8.94,55.98,10.79,1770.71,73.51,898.45,2.577,2.643,1.284,2.337,0.1879,0.991,1.997,1.18,15.154,18.841,80.132,48.643,73.5145,898.4491,41.7977,0.2647,5.5055,0.3493,128.1948,1.8791,0.1322,14.1447,0.7405,74.9986,4.4422,5.3712,100.3892,184.9259,95.6232,4.696,0.8,2.6
510340,Cuiabá,51002,Baixada Cuiabana,5105,Centro-Norte,2025,691875.0,IBGE estimativa,6.0,12.0,12.0,False,True,1363818268.63,59559543.47,686842645.79,607476048.79,1360900428.2,2917840.43,596814770.8,1966.49,1804.33,3788.85,254.39,1059.63,14403.29,1680.25,248.0,9533.83,278.58,91.92,18.25,4.0,141.83,0.0,68.0,844288.0,89418.0,1695177.0,905004.0,506071.0,310040.0,555338.0,135036.0,511215.0,1215800.0,11644067.0,82874992.76,644912.0,8264696.54,51299.0,32837.0,14899729.0,106394220.94,4673270.0,55169713.53,7571.0,2811.0,58870.0,35648.0,1819.0,314459.0,69330.0,134206118.8,71707980.47,2566.0,44969.0,28142737.0,205273198.44,,,,,,,,,,1971.19,86.08,992.73,2.842,2.608,1.532,2.429,0.205,1.22,2.45,1.308,16.83,21.535,85.088,51.524,86.0843,992.7265,43.7606,0.2139,5.4762,0.3677,137.797,2.0499,0.1292,,0.8027,76.387,4.3588,5.3416,100.206,193.9745,103.643,5.1027,0.8,2.7
510343,Curvelândia,51011,Oeste Matogrossense,5102,Oeste,2020,5241.0,IBGE estimativa,6.0,12.0,12.0,False,True,3462303.48,2740227.49,564327.91,0.0,2817946.64,644356.84,1788687.59,6.5,6.25,7.0,1.67,15.17,62.92,0.0,0.0,3.0,7.0,2.0,0.0,0.0,2.0,0.0,1.0,18960.0,340.0,34367.0,13277.0,12756.0,6204.0,3725.0,1333.0,3601.0,17.0,4879.0,16947.4,1872.0,13669.67,0.0,272.0,0.0,0.0,23752.0,120765.29,0.0,4.0,0.0,276.0,276.0,0.0,0.0,0.0,370297.68,0.0,0.0,115176.0,16947.4,67.0,39.0,0.0,0.0,7.44,70.15,4.48,73.13,35.82,660.62,522.84,107.68,1.24,1.193,2.894,0.0,0.3816,3.618,6.557,2.533,0.931,0.0,0.0,52.662,522.8444,107.6756,51.6618,18.6106,1.3356,0.3186,5.7241,3.8161,0.0649,19.8955,0.7107,,,,0.0,0.0,70.654,100.0,5.8,66.9
510343,Curvelândia,51011,Oeste Matogrossense,5102,Oeste,2021,5267.0,IBGE estimativa,6.0,12.0,12.0,False,True,5265836.93,3346377.4,1724474.35,0.0,4866448.45,399388.48,2852508.11,3.48,5.25,9.5,1.08,14.08,58.08,0.0,0.0,3.42,7.5,2.5,0.0,0.0,2.0,0.0,1.08,17816.0,1331.0,33717.0,11450.0,13935.0,3881.0,5317.0,1146.0,5131.0,0.0,1078.0,4904.74,2455.0,23517.7,0.0,248.0,0.0,0.0,32624.0,135160.42,0.0,6.0,0.0,254.0,254.0,0.0,0.0,0.0,436278.07,0.0,0.0,1527.0,4904.74,57.0,52.0,2.0,35.09,9.87,70.18,5.26,75.44,17.54,999.78,635.35,327.41,0.661,0.997,2.673,0.0,0.3797,3.383,6.402,2.174,0.205,0.0,0.0,48.225,635.3479,327.4111,54.1701,7.5845,1.8037,0.2051,6.4933,3.7972,0.2527,20.1053,1.0095,,,,0.0,0.0,82.8324,100.0,9.1,70.5
510343,Curvelândia,51011,Oeste Matogrossense,5102,Oeste,2022,4903.0,IBGE Censo 2022,6.0,12.0,12.0,False,True,7690769.9,6935631.03,449557.58,143522.67,7009605.62,681164.28,5749999.53,4.58,4.5,12.46,2.0,14.67,62.21,0.0,0.0,9.0,9.0,4.0,0.0,0.0,2.0,0.0,2.0,26755.0,2356.0,51329.0,11249.0,20549.0,6206.0,5965.0,1362.0,5881.0,745.0,7767.0,27605.99,3985.0,39671.47,0.0,274.0,0.0,0.0,28571.0,155421.44,0.0,5.0,0.0,279.0,279.0,0.0,0.0,0.0,350562.7,0.0,0.0,8614.0,27605.99,57.0,39.0,1.0,17.54,7.95,66.67,10.53,77.19,15.79,1568.58,1414.57,91.69,0.934,0.918,2.992,0.0,0.4079,5.457,10.469,2.294,1.584,0.0,0.0,56.904,1414.5688,91.6903,74.7649,8.8569,2.5413,0.4079,18.3561,4.0791,0.4805,23.8947,1.2166,,,,0.0,0.0,71.4996,100.0,10.4,71.9
510343,Curvelândia,51011,Oeste Matogrossense,5102,Oeste,2023,4935.0,interpolada (Censo 2022 x IBGE 2024),6.0,12.0,12.0,False,True,6836097.05,6317519.96,75882.05,72005.86,6744602.77,91494.28,4074021.81,3.25,6.01,10.79,2.25,18.0,62.72,0.0,0.0,12.0,9.0,4.0,0.0,0.0,2.0,0.0,2.0,26817.0,1139.0,51182.0,39741.0,19740.0,7077.0,5359.0,1242.0,5186.0,334.0,7581.0,29407.52,5276.0,54135.6,0.0,347.0,0.0,0.0,34746.0,194974.85,0.0,10.0,0.0,357.0,357.0,0.0,0.0,0.0,521090.38,0.0,0.0,8428.0,31862.72,59.0,42.0,1.0,16.95,8.511,71.19,11.86,66.1,16.95,1385.23,1280.15,15.38,0.659,1.218,3.647,0.0,0.4053,5.434,10.371,8.053,1.536,0.0,0.0,72.34,1280.1459,15.3763,59.5957,1.3384,2.1864,0.4559,24.3161,4.0527,0.2308,21.0508,1.0859,,,,0.0,0.0,105.5908,100.0,14.8,78.0
510343,Curvelândia,51011,Oeste Matogrossense,5102,Oeste,2024,4967.0,IBGE estimativa,6.0,12.0,12.0,False,True,8475420.55,7595669.38,228255.65,74851.91,7816442.0,658978.55,5133575.94,3.72,6.23,12.0,2.0,19.42,66.23,0.0,0.0,36.08,7.25,2.33,0.0,0.0,2.0,0.0,2.0,31377.0,1246.0,57725.0,40744.0,24223.0,7154.0,5053.0,1326.0,5082.0,224.0,7902.0,31309.96,5532.0,64825.15,0.0,390.0,0.0,0.0,55360.0,203777.56,0.0,13.0,0.0,403.0,403.0,0.0,0.0,0.0,589861.31,0.0,0.0,11000.0,44481.91,62.0,49.0,0.0,0.0,9.87,83.87,17.74,83.87,9.68,1706.35,1529.23,45.95,0.749,1.254,3.91,0.0,0.4027,6.317,11.622,8.203,1.591,0.0,0.0,81.135,1529.2268,45.9544,60.5702,7.7752,2.4159,0.4027,72.6394,4.0266,0.2509,21.3871,1.0173,,,,0.0,0.0,118.7561,100.0,14.4,79.2
510343,Curvelândia,51011,Oeste Matogrossense,5102,Oeste,2025,4970.0,IBGE estimativa,6.0,12.0,12.0,False,True,7838536.88,6979058.27,267849.82,71839.53,7367206.34,471330.54,5780522.17,5.71,7.53,12.79,2.0,19.17,71.15,0.0,0.0,39.0,8.83,3.83,0.0,0.0,2.0,0.0,2.0,30030.0,1675.0,50979.0,41320.0,23412.0,6618.0,5617.0,1282.0,5801.0,320.0,6423.0,38340.92,6142.0,78651.67,0.0,365.0,139.0,26622.95,65255.0,293540.96,0.0,16.0,0.0,381.0,381.0,0.0,0.0,0.0,567267.93,0.0,0.0,8614.0,87638.92,,,,,,,,,,1577.17,1404.24,53.89,1.149,1.515,3.857,0.0,0.4024,6.042,10.257,8.314,1.292,0.028,0.0,76.66,1404.2371,53.8933,73.7449,6.013,2.5734,0.4024,78.4708,4.0241,0.337,,1.1302,,,,0.0,0.0,114.1384,100.0,15.0,80.3
510345,Denise,51007,Médio Norte Matogrossense,5106,Centro-Noroeste,2020,9544.0,IBGE estimativa,6.0,12.0,12.0,False,True,7021449.55,2893825.18,1605621.83,1909122.05,6485480.96,535968.59,3867195.6,3.46,3.9,7.45,2.0,22.0,63.03,0.0,0.0,34.0,11.0,4.0,0.0,1.0,3.0,0.0,2.0,7336.0,1250.0,5497.0,11907.0,5689.0,1277.0,5580.0,1687.0,5473.0,135701.0,0.0,0.0,1149.0,11430.32,0.0,166.0,0.0,0.0,22952.0,196573.61,0.0,7.0,0.0,173.0,173.0,0.0,0.0,0.0,164116.59,0.0,0.0,135845.0,0.0,98.0,37.0,1.0,10.2,3.88,60.2,7.14,67.35,17.35,735.69,303.21,168.23,0.363,0.409,2.305,0.0,0.3143,0.769,0.576,1.248,0.0,0.0,0.0,18.127,303.2088,168.2336,55.0769,7.6333,0.7806,0.2096,35.6245,3.1433,0.131,17.2143,0.5847,,,,0.0,0.0,17.1958,100.0,29.5,76.4
510345,Denise,51007,Médio Norte Matogrossense,5106,Centro-Noroeste,2021,9626.0,IBGE estimativa,6.0,12.0,12.0,False,True,8855762.39,4038875.49,1694110.67,2519858.59,8521596.47,334165.92,5353578.95,3.76,4.25,8.68,2.0,19.25,60.52,0.0,0.0,34.08,11.0,4.0,0.0,1.0,3.0,0.0,2.0,13321.0,1375.0,21702.0,11821.0,10125.0,2199.0,5326.0,1721.0,5184.0,42080.0,52043.0,214645.01,3509.0,24316.67,0.0,317.0,0.0,0.0,12147.0,183101.42,0.0,6.0,0.0,323.0,323.0,0.0,0.0,0.0,345792.5,0.0,0.0,96679.0,226841.81,103.0,52.0,1.0,9.71,5.4,66.02,12.62,74.76,19.42,919.98,419.58,175.99,0.391,0.442,2.0,0.0,0.3117,1.384,2.255,1.228,5.407,0.0,0.0,33.555,419.5798,175.9932,60.4531,3.7734,0.9017,0.2078,35.4041,3.1166,0.1428,16.7087,0.5533,,,,0.0,0.0,35.9228,100.0,18.9,60.2
510345,Denise,51007,Médio Norte Matogrossense,5106,Centro-Noroeste,2022,7014.0,IBGE Censo 2022,6.0,12.0,12.0,False,True,10144846.24,3947129.06,2699412.06,2669908.44,9670283.77,474562.47,5287065.93,4.65,6.77,12.72,2.0,20.75,68.98,0.0,0.0,35.08,10.5,4.0,0.0,1.0,3.0,0.0,2.0,20943.0,3079.0,29383.0,24399.0,12806.0,8137.0,6630.0,1673.0,6126.0,72764.0,156985.0,699329.89,4664.0,32919.99,0.0,241.0,0.0,0.0,3501.0,200958.67,0.0,7.0,0.0,248.0,248.0,0.0,0.0,0.0,332494.87,0.0,0.0,236399.0,748882.69,84.0,54.0,2.0,23.81,7.7,84.52,5.95,71.43,10.71,1446.37,562.75,384.86,0.663,0.965,2.958,0.0,0.4277,2.986,4.189,3.479,22.382,0.0,0.0,35.358,562.7501,384.8606,52.1158,4.6779,1.8135,0.2851,50.0143,4.2772,0.439,19.9167,0.9453,,,,0.0,0.0,47.4045,100.0,26.6,71.6
510345,Denise,51007,Médio Norte Matogrossense,5106,Centro-Noroeste,2023,6914.0,interpolada (Censo 2022 x IBGE 2024),6.0,12.0,12.0,False,True,11339607.64,5091141.41,3857888.19,1509858.46,10316043.05,1023564.59,6570361.08,6.1,7.65,15.19,2.67,25.0,78.69,0.0,0.0,40.75,10.0,4.0,0.0,1.0,3.0,0.0,2.67,24198.0,3434.0,32372.0,28594.0,15888.0,8310.0,5993.0,1563.0,5583.0,113218.0,175340.0,716292.63,3537.0,29416.16,0.0,275.0,0.0,0.0,9869.0,252406.15,0.0,12.0,0.0,287.0,287.0,0.0,0.0,0.0,284980.77,0.0,0.0,299912.0,771678.18,95.0,31.0,0.0,0.0,4.484,76.84,6.32,82.11,13.68,1640.09,736.35,557.98,0.882,1.106,3.616,0.0,0.4339,3.5,4.682,4.136,25.36,0.0,0.0,41.51,736.3525,557.9821,57.9417,9.0265,2.197,0.3862,58.9384,4.339,0.4967,16.4526,0.8668,,,,0.0,0.0,41.2179,100.0,33.1,73.4
510345,Denise,51007,Médio Norte Matogrossense,5106,Centro-Noroeste,2024,6815.0,IBGE estimativa,6.0,12.0,12.0,False,True,12195286.34,4780387.62,4110566.96,2392004.12,11651782.78,543503.56,6765936.03,8.42,8.8,15.33,3.0,25.0,85.22,0.0,0.0,44.0,10.0,4.0,0.0,1.0,2.92,0.0,3.0,26420.0,3250.0,34182.0,32115.0,17042.0,9378.0,6508.0,1744.0,6170.0,119670.0,183046.0,806555.11,6713.0,51647.42,0.0,298.0,75.0,20156.25,5512.0,319225.34,0.0,16.0,0.0,314.0,314.0,0.0,0.0,0.0,397079.64,0.0,0.0,321352.0,917662.66,99.0,37.0,1.0,10.1,5.43,83.84,9.09,78.79,17.17,1789.48,701.45,603.16,1.236,1.291,3.668,0.0,0.4285,3.877,5.016,4.712,26.859,0.011,0.0,46.075,701.4509,603.1646,55.4799,4.4567,2.2494,0.4402,64.5635,4.2847,0.4769,17.6162,0.955,,,,0.0,0.0,58.2655,100.0,34.7,78.5
510345,Denise,51007,Médio Norte Matogrossense,5106,Centro-Noroeste,2025,6675.0,IBGE estimativa,6.0,12.0,12.0,False,True,14934767.51,4897187.11,4816909.42,4355695.51,14493637.71,441129.8,7110539.18,6.53,8.95,16.08,2.83,25.75,84.42,0.0,0.0,43.67,10.0,4.0,0.0,1.0,3.0,0.0,2.83,25000.0,2924.0,31093.0,32339.0,16636.0,8364.0,5107.0,1336.0,5056.0,110825.0,221583.0,716549.36,5491.0,51645.86,0.0,322.0,0.0,0.0,5389.0,219057.72,0.0,34.0,0.0,356.0,356.0,0.0,0.0,0.0,686412.79,0.0,0.0,349933.0,802822.91,,,,,,,,,,2237.42,733.66,721.63,0.978,1.341,3.858,0.0,0.4494,3.745,4.658,4.845,33.196,0.0,0.0,53.333,733.661,721.6344,47.6106,2.9537,2.409,0.424,65.4232,4.4944,0.4381,,0.7651,,,,0.0,0.0,102.8334,100.0,46.1,88.3
510350,Diamantino,51004,Centro Norte,5106,Centro-Noroeste,2020,22178.0,IBGE estimativa,6.0,12.0,12.0,False,True,38633915.49,13255972.19,19078053.1,3925088.35,37601310.91,1032604.58,18690053.12,21.83,27.13,58.38,11.75,56.67,333.76,38.0,0.0,109.75,36.25,11.0,1.0,0.33,9.0,0.0,7.42,28909.0,3378.0,33706.0,96330.0,17509.0,10351.0,21707.0,5315.0,23128.0,361707.0,177703.0,971184.37,11288.0,54691.48,1104.0,1096.0,895.0,80.9,27598.0,465693.64,0.0,25.0,1104.0,1121.0,267.0,2324.0,0.0,635364.41,1219483.83,10.0,1104.0,566994.0,1122591.27,388.0,150.0,3.0,7.73,6.76,88.14,7.47,67.01,12.11,1741.99,597.71,860.22,0.984,1.223,2.555,1.713,0.4058,1.303,1.52,4.343,8.013,0.04,49.779,50.546,597.7082,860.2242,48.3773,2.6728,2.6323,0.5298,49.486,4.0581,0.1523,13.6985,0.9788,100.0,0.9058,2.1051,0.0,28.6484,54.9862,23.818,23.7,33.6
510350,Diamantino,51004,Centro Norte,5106,Centro-Noroeste,2021,22311.0,IBGE estimativa,6.0,12.0,12.0,False,True,40507138.27,12798683.05,18905718.65,6047172.39,39408891.78,1098246.49,29907401.36,25.57,35.39,70.14,11.25,55.83,376.08,35.33,0.0,138.25,36.42,11.0,1.0,0.75,9.0,0.0,8.0,25580.0,3468.0,42263.0,72861.0,15247.0,9117.0,16639.0,5096.0,18700.0,336028.0,188257.0,1043770.42,14933.0,94303.66,1305.0,1252.0,471.0,7913.67,20755.0,535992.94,0.0,30.0,1305.0,1282.0,288.0,3310.0,0.0,658959.61,1666378.07,31.0,1034.0,547353.0,1187629.54,364.0,172.0,5.0,13.74,7.71,89.23,8.24,66.48,13.19,1815.57,573.65,847.37,1.146,1.586,2.502,1.584,0.4034,1.147,1.894,3.266,8.438,0.021,58.491,57.46,573.649,847.3721,73.8324,2.7112,3.1437,0.5042,61.965,4.0339,0.1554,14.0,0.7458,79.2337,2.3755,2.5364,0.0,29.5352,74.6886,22.4649,22.3,31.6
510350,Diamantino,51004,Centro Norte,5106,Centro-Noroeste,2022,21941.0,IBGE Censo 2022,6.0,12.0,12.0,False,True,53571389.24,17913279.74,22752993.45,9179135.76,52487490.22,1083899.02,31137747.8,31.15,37.18,78.54,12.08,57.67,409.01,39.0,0.0,162.83,41.17,11.75,1.0,1.0,9.0,0.0,8.0,46755.0,7013.0,80477.0,101554.0,30336.0,14166.0,25345.0,6936.0,27235.0,211522.0,254010.0,1309439.15,21499.0,191065.27,1733.0,1563.0,1054.0,136833.52,10577.0,644732.71,0.0,22.0,1733.0,1585.0,344.0,4740.0,0.0,865251.47,1502291.15,18.0,1317.0,501291.0,1642367.07,367.0,142.0,2.0,5.45,6.47,88.28,4.9,62.13,11.72,2441.61,816.43,1037.01,1.42,1.695,2.628,1.777,0.4102,2.131,3.668,4.629,11.577,0.048,78.985,72.239,816.4295,1037.008,58.1238,2.0233,3.5796,0.5506,74.2127,4.1019,0.3196,18.8992,1.1551,75.9954,1.0387,2.7351,0.0,39.4354,68.4696,21.7035,21.7,30.3
510350,Diamantino,51004,Centro Norte,5106,Centro-Noroeste,2023,22208.0,interpolada (Censo 2022 x IBGE 2024),6.0,12.0,12.0,False,True,58634090.59,22361192.64,24361794.69,7772068.4,57898295.39,735795.2,33807763.89,32.92,38.31,82.87,11.81,61.86,445.4,33.75,0.0,175.83,51.75,12.0,1.0,1.0,9.0,0.58,8.58,52257.0,9271.0,96631.0,136569.0,34963.0,15100.0,19412.0,7757.0,21837.0,97024.0,284456.0,1386687.92,29350.0,338017.96,1852.0,1585.0,1000.0,118845.13,15208.0,810068.97,0.0,60.0,1852.0,1645.0,420.0,4954.0,0.0,952998.53,1805726.56,20.0,1465.0,433567.0,1780900.65,379.0,124.0,7.0,18.47,5.584,85.49,5.54,74.41,13.46,2640.22,1006.9,1096.98,1.482,1.725,2.785,1.52,0.4053,2.353,4.351,6.15,12.809,0.045,83.393,74.072,1006.8981,1096.9828,57.6589,1.2549,3.7315,0.5318,79.1742,4.0526,0.4175,20.467,0.8741,79.1037,1.0799,2.6749,0.0,42.9124,81.3097,25.5319,25.4,36.1
510350,Diamantino,51004,Centro Norte,5106,Centro-Noroeste,2024,22479.0,IBGE estimativa,6.0,12.0,12.0,False,True,64638760.46,20849856.47,31465560.17,7468827.42,63363058.5,1275701.96,43910440.33,36.78,40.85,90.3,11.66,63.27,472.53,30.0,0.0,208.08,55.67,12.75,1.0,1.0,9.75,1.0,9.0,57054.0,8176.0,106535.0,157530.0,41213.0,14085.0,21072.0,5772.0,23680.0,97551.0,298250.0,1447055.71,33965.0,373531.44,1688.0,1391.0,1491.0,248218.97,17426.0,1215948.47,0.0,64.0,1688.0,1455.0,392.0,4060.0,0.0,789966.07,1704048.9,12.0,1371.0,467712.0,2082336.78,350.0,131.0,3.0,8.57,5.83,91.14,8.0,79.71,13.43,2875.52,927.53,1399.78,1.636,1.817,2.815,1.335,0.4337,2.538,4.739,7.008,13.268,0.066,75.092,64.727,927.526,1399.7758,67.9321,1.9736,4.0171,0.5187,92.5664,4.3374,0.3637,16.4914,0.9374,81.2204,0.7109,2.4052,0.0,35.1424,75.8063,26.9416,26.9,36.9
510350,Diamantino,51004,Centro Norte,5106,Centro-Noroeste,2025,22623.0,IBGE estimativa,6.0,12.0,12.0,False,True,63613435.49,20809805.57,29830341.88,9167077.18,62400174.2,1213261.29,47545169.45,35.66,37.14,89.15,11.8,61.27,461.0,30.0,0.0,231.92,60.42,13.0,1.0,1.0,10.0,1.0,9.0,62426.0,9456.0,124522.0,163011.0,42461.0,15848.0,19700.0,5425.0,22114.0,114712.0,327871.0,1573112.94,51224.0,441705.17,1959.0,1787.0,2417.0,417377.87,23705.0,1529300.98,0.0,86.0,1959.0,1873.0,500.0,5547.0,0.0,907136.8,2078998.12,33.0,1561.0,523410.0,2422804.46,,,,,,,,,,2811.89,919.85,1318.58,1.576,1.642,2.708,1.326,0.442,2.759,5.504,7.206,14.493,0.107,86.593,82.792,919.8517,1318.5847,74.7408,1.9072,3.9407,0.5216,102.5151,4.4203,0.418,,0.8708,79.6835,1.6845,2.8315,0.0,40.098,91.8975,26.6951,26.7,35.5
510360,Dom Aquino,51013,Sul Matogrossense,5101,Sul,2020,8159.0,IBGE estimativa,6.0,12.0,12.0,False,True,7243974.66,2944738.98,1113836.54,2572680.34,7108038.16,135936.5,3397195.2,4.71,5.4,14.05,3.33,25.58,72.5,15.0,0.0,28.5,8.0,4.0,1.0,0.0,3.0,0.0,3.0,12525.0,3325.0,6139.0,65025.0,7567.0,3370.0,5249.0,1797.0,5034.0,763.0,5664.0,27126.99,2412.0,23719.22,270.0,441.0,0.0,0.0,9432.0,363439.56,0.0,24.0,270.0,465.0,195.0,556.0,0.0,121675.36,526116.85,1.0,270.0,6923.0,27126.99,77.0,61.0,1.0,12.99,7.48,61.04,10.39,59.74,18.18,887.85,360.92,136.52,0.577,0.662,3.135,1.838,0.3677,1.535,0.752,7.97,0.694,0.0,33.092,56.992,360.9191,136.5163,46.8968,1.8765,1.722,0.4081,34.9308,3.6769,0.4075,23.3377,0.6433,100.0,0.3704,2.0593,0.0,14.913,64.483,41.9355,9.0,34.8
510360,Dom Aquino,51013,Sul Matogrossense,5101,Sul,2021,8087.0,IBGE estimativa,6.0,12.0,12.0,False,True,8735299.92,2980732.93,943402.48,4537549.42,8105830.94,629468.98,5099778.6,4.38,5.53,14.9,3.5,25.5,77.82,15.0,0.0,29.0,8.0,4.0,1.0,0.0,3.0,0.0,3.0,12272.0,2795.0,14575.0,72669.0,7271.0,3610.0,3910.0,1640.0,3776.0,1455.0,10883.0,43257.54,3722.0,27661.84,382.0,601.0,0.0,0.0,9386.0,352419.23,0.0,22.0,382.0,623.0,241.0,810.0,0.0,163245.17,719913.58,8.0,382.0,12857.0,43257.54,70.0,79.0,2.0,28.57,9.77,65.71,2.86,60.0,24.29,1080.17,368.58,116.66,0.542,0.684,3.153,1.855,0.371,1.517,1.802,8.986,1.346,0.0,47.236,77.037,368.5833,116.6567,58.3813,7.206,1.8425,0.4328,35.86,3.7097,0.3456,23.4286,0.4835,100.0,2.0942,2.1204,0.0,20.1861,89.0211,38.6838,6.1,29.2
510360,Dom Aquino,51013,Sul Matogrossense,5101,Sul,2022,7872.0,IBGE Censo 2022,6.0,12.0,12.0,False,True,10826829.08,3863581.91,1610560.37,4973366.06,10188347.5,638481.58,6168885.71,4.44,6.58,15.22,4.0,27.33,83.92,15.0,0.0,30.0,8.17,4.17,1.0,0.0,3.17,0.0,3.0,19246.0,1819.0,32296.0,62610.0,11794.0,6207.0,4220.0,1841.0,4062.0,4180.0,24205.0,102583.83,3890.0,34279.98,481.0,771.0,0.0,0.0,11210.0,282208.21,0.0,18.0,481.0,789.0,310.0,1055.0,0.0,207359.2,689072.47,5.0,481.0,28863.0,102583.83,73.0,71.0,0.0,0.0,9.02,69.86,5.48,59.72,19.18,1375.36,490.8,204.59,0.564,0.836,3.472,1.905,0.4027,2.445,4.103,7.954,3.075,0.0,61.103,100.229,490.8005,204.5935,56.9778,5.8972,1.9334,0.5081,38.1098,4.0269,0.2311,25.2192,0.5361,100.0,1.0395,2.1933,0.0,26.3414,87.5346,39.2902,3.7,28.1
510360,Dom Aquino,51013,Sul Matogrossense,5101,Sul,2023,7893.0,interpolada (Censo 2022 x IBGE 2024),6.0,12.0,12.0,False,True,14992632.14,6853543.27,2102890.02,5474189.55,13292396.71,1700235.43,7191337.75,5.29,7.4,23.79,5.25,28.0,98.89,15.0,0.0,35.83,10.25,5.5,1.0,0.0,4.0,0.0,3.75,25642.0,2954.0,45936.0,54463.0,16537.0,8037.0,4117.0,1381.0,4254.0,3886.0,34950.0,148055.18,5862.0,46137.67,509.0,853.0,0.0,0.0,7818.0,237849.21,0.0,31.0,509.0,884.0,375.0,1059.0,0.0,216736.21,868688.14,7.0,509.0,43798.0,170434.13,83.0,75.0,0.0,0.0,9.502,78.05,16.87,60.24,21.69,1899.48,868.31,266.42,0.67,0.938,3.547,1.9,0.5068,3.249,5.82,6.9,4.428,0.0,64.488,111.998,868.3065,266.4247,47.9658,11.3405,3.0141,0.6651,45.3947,5.0678,0.3743,16.6386,0.5216,100.0,1.3752,2.0806,0.0,27.4593,110.058,42.4208,6.1,35.3
510360,Dom Aquino,51013,Sul Matogrossense,5101,Sul,2024,7915.0,IBGE estimativa,6.0,12.0,12.0,False,True,19529733.96,6436137.95,7452137.34,5110675.14,16496538.36,3033195.6,8093931.73,5.33,8.32,32.95,6.08,28.0,112.57,15.0,0.0,37.0,11.0,6.0,1.0,0.0,4.0,0.0,4.0,27129.0,2992.0,49566.0,55532.0,18618.0,7423.0,4861.0,1320.0,5140.0,8347.0,33992.0,158324.49,8715.0,76880.65,377.0,702.0,0.0,0.0,18991.0,512188.3,0.0,38.0,377.0,740.0,363.0,813.0,0.0,160186.63,1204842.59,3.0,377.0,45278.0,170308.44,67.0,70.0,0.0,0.0,8.84,74.63,8.96,73.13,16.42,2467.43,813.16,941.52,0.673,1.051,3.538,1.895,0.5054,3.428,6.262,7.016,4.295,0.0,47.631,93.493,813.157,941.5208,41.4441,15.5312,4.163,0.7682,46.7467,5.0537,0.378,19.7015,0.6142,100.0,0.7958,2.1565,0.0,20.2384,152.2227,49.0541,6.4,38.4
510360,Dom Aquino,51013,Sul Matogrossense,5101,Sul,2025,7890.0,IBGE estimativa,6.0,12.0,12.0,False,True,17754028.94,6823322.66,3378612.73,6811961.47,17066303.91,687725.03,12831337.92,8.58,11.1,33.67,5.0,28.75,130.48,18.83,0.0,45.5,11.5,6.0,1.5,0.0,4.0,0.0,4.0,29233.0,3044.0,55172.0,73359.0,20994.0,5370.0,4815.0,1227.0,5067.0,10760.0,47062.0,203170.65,26070.0,164309.76,411.0,829.0,17.0,4111.69,23721.0,597984.07,0.0,47.0,411.0,876.0,466.0,1073.0,0.0,141437.94,1264073.04,12.0,403.0,62081.0,226275.49,,,,,,,,,,2250.19,864.81,428.21,1.087,1.407,3.644,2.387,0.507,3.705,6.993,9.298,5.965,0.002,52.091,111.027,864.8064,428.2145,72.2728,3.8736,4.2674,0.6337,57.6679,5.0697,0.3858,,0.6103,98.0535,2.9197,2.6107,0.0,17.9262,160.212,53.1963,9.8,46.0
510370,Feliz Natal,51014,Teles Pires,5103,Norte,2020,14522.0,IBGE estimativa,6.0,12.0,12.0,False,True,12205616.18,8567529.06,1710325.05,1019303.86,11089195.36,1116420.82,7563122.96,8.09,15.13,14.67,3.5,46.58,150.74,0.0,0.0,22.33,13.83,3.5,0.0,1.0,2.33,0.0,2.33,9287.0,694.0,15569.0,25716.0,6250.0,3037.0,6101.0,2589.0,7628.0,78497.0,14125.0,94628.3,9154.0,51757.16,0.0,413.0,0.0,0.0,10917.0,135965.8,0.0,13.0,0.0,426.0,426.0,0.0,0.0,0.0,486460.1,0.0,0.0,96275.0,113948.15,207.0,53.0,2.0,9.66,3.65,64.73,5.8,42.03,21.74,840.49,589.97,117.77,0.557,1.042,3.208,0.0,0.1604,0.64,1.072,1.771,0.973,0.0,0.0,29.335,589.9689,117.7748,61.9643,9.1468,1.0102,0.241,15.3767,1.6045,0.0478,12.5072,0.4201,,,,0.0,0.0,33.4981,100.0,3.5,98.0
510370,Feliz Natal,51014,Teles Pires,5103,Norte,2021,14847.0,IBGE estimativa,6.0,12.0,12.0,False,True,12382612.17,7738507.96,2496942.77,1368793.94,11015998.31,1366613.86,9480454.99,6.85,15.75,16.25,3.0,38.5,144.91,0.0,0.0,22.0,14.0,4.0,0.0,1.0,3.0,0.0,3.0,20807.0,1993.0,33115.0,55524.0,14711.0,6096.0,8083.0,3310.0,9131.0,161437.0,19554.0,119802.17,12692.0,94951.72,0.0,444.0,0.0,0.0,20431.0,249013.54,0.0,30.0,0.0,474.0,474.0,0.0,0.0,0.0,855090.91,0.0,0.0,183139.0,133196.87,232.0,69.0,3.0,12.93,4.65,66.38,12.07,47.84,26.29,834.01,521.22,168.18,0.461,1.061,2.593,0.0,0.2021,1.401,2.23,3.74,1.317,0.0,0.0,31.926,521.2169,168.1783,76.5626,11.0366,1.0945,0.2021,14.8178,2.0206,0.1342,14.2672,0.5444,,,,0.0,0.0,57.5935,100.0,4.2,101.0
510370,Feliz Natal,51014,Teles Pires,5103,Norte,2022,10521.0,IBGE Censo 2022,6.0,12.0,12.0,False,True,15535567.43,10953874.04,2293378.56,1705810.19,14613956.65,921610.78,11864429.06,6.74,16.25,18.33,2.33,38.92,149.77,0.0,0.0,22.0,14.0,4.42,0.0,1.0,3.0,0.0,2.83,28003.0,2244.0,37424.0,50854.0,19126.0,8877.0,9310.0,3488.0,10035.0,132559.0,50329.0,299164.1,28511.0,201392.43,0.0,490.0,73.0,14813.77,21391.0,233872.88,0.0,34.0,0.0,524.0,524.0,0.0,0.0,0.0,750444.99,0.0,0.0,205036.0,429001.02,190.0,44.0,1.0,5.26,4.18,71.05,6.84,47.09,21.58,1476.62,1041.14,217.98,0.641,1.545,3.699,0.0,0.2851,2.662,3.557,4.834,4.784,0.007,0.0,49.805,1041.1438,217.981,76.3695,5.9323,1.7422,0.2215,20.9106,2.8514,0.2133,18.3579,0.8849,,,,0.0,0.0,71.3283,100.0,6.9,114.2
510370,Feliz Natal,51014,Teles Pires,5103,Norte,2023,10542.0,interpolada (Censo 2022 x IBGE 2024),6.0,12.0,12.0,False,True,17354279.77,10979139.01,3439427.39,2242943.44,16678773.28,675506.49,12118491.96,8.83,15.6,16.85,3.67,32.42,140.84,0.0,0.0,23.42,12.0,4.83,0.0,1.0,3.0,0.0,3.0,34338.0,3017.0,46168.0,57119.0,20447.0,13891.0,9384.0,3330.0,10170.0,43573.0,104350.0,580864.28,109001.0,632132.7,0.0,500.0,391.0,72017.1,29254.0,386982.73,0.0,59.0,0.0,559.0,559.0,0.0,0.0,0.0,760714.23,0.0,0.0,180215.0,804905.78,215.0,52.0,5.0,23.26,4.933,77.21,8.37,47.44,22.33,1646.2,1041.47,326.26,0.838,1.48,3.075,0.0,0.2846,3.257,4.379,5.418,9.899,0.037,0.0,53.026,1041.4664,326.2595,69.83,3.8924,1.5984,0.3481,22.2159,2.8458,0.2862,15.4884,0.8902,,,,0.0,0.0,72.1603,100.0,12.7,123.2
510370,Feliz Natal,51014,Teles Pires,5103,Norte,2024,10564.0,IBGE estimativa,6.0,12.0,12.0,False,True,19950591.37,9415359.39,6443939.71,3055528.52,18553756.5,1396834.87,13615043.15,10.43,17.27,24.21,4.96,48.33,177.38,0.0,0.0,27.58,13.58,5.0,0.0,1.0,3.0,0.0,3.0,31958.0,3540.0,41034.0,76962.0,19597.0,12360.0,13136.0,3240.0,14433.0,35190.0,116463.0,611154.23,122982.0,697782.7,0.0,504.0,435.0,80101.08,29639.0,455101.91,0.0,72.0,0.0,576.0,576.0,0.0,0.0,0.0,705867.34,0.0,0.0,193559.0,890695.76,171.0,57.0,4.0,23.39,5.4,77.78,5.85,42.69,23.39,1888.55,891.27,609.99,0.987,1.635,4.575,0.0,0.284,3.025,3.884,7.285,11.025,0.041,0.0,54.525,891.2684,609.9905,68.2438,7.0015,2.2917,0.4695,26.1075,2.8398,0.3351,18.9474,1.2435,,,,0.0,0.0,66.8182,100.0,9.7,123.0
510370,Feliz Natal,51014,Teles Pires,5103,Norte,2025,10523.0,IBGE estimativa,6.0,12.0,12.0,False,True,23090979.5,12155079.46,7718877.69,2929310.26,20815350.82,2275628.68,15301063.81,8.49,18.29,38.71,3.83,48.0,191.84,0.0,0.0,27.0,14.0,5.0,0.0,1.0,3.0,0.0,3.0,29113.0,4066.0,42393.0,81296.0,17550.0,11284.0,11293.0,2447.0,11809.0,40592.0,153855.0,908302.48,159822.0,972238.51,0.0,399.0,668.0,134930.92,33220.0,454910.1,0.0,44.0,0.0,443.0,443.0,0.0,0.0,0.0,726528.95,0.0,0.0,238533.0,1280450.45,,,,,,,,,,2194.33,1155.1,733.52,0.807,1.738,4.561,0.0,0.2851,2.767,4.029,7.726,14.621,0.063,0.0,42.098,1155.0964,733.5244,66.2642,9.8551,3.6786,0.364,25.6581,2.8509,0.3864,,1.0732,,,,0.0,0.0,69.042,100.0,12.6,135.8
510380,Figueirópolis D'Oeste,51012,Sudoeste Matogrossense,5102,Oeste,2020,3452.0,IBGE estimativa,6.0,12.0,12.0,False,True,4376368.72,2052852.02,759060.46,1298369.01,4194204.64,182164.08,2539570.47,2.75,2.5,13.25,1.0,12.83,45.92,0.0,0.0,9.0,8.0,1.0,0.0,0.0,1.0,0.0,1.0,4502.0,344.0,7691.0,3850.0,3508.0,605.0,3150.0,695.0,2616.0,11604.0,9648.0,38001.92,1419.0,10410.86,0.0,93.0,0.0,0.0,7166.0,107023.78,0.0,2.0,0.0,95.0,95.0,0.0,0.0,0.0,108360.52,0.0,0.0,28871.0,74523.02,44.0,20.0,0.0,0.0,5.79,47.73,6.82,77.27,13.64,1267.78,594.68,219.89,0.797,0.724,3.717,0.0,0.2897,1.304,2.228,1.115,2.795,0.0,0.0,27.52,594.6848,219.8901,58.0292,4.1624,3.8384,0.2897,26.0718,2.8969,0.0997,15.7955,0.9125,,,,0.0,0.0,31.3906,100.0,92.6,145.0
510380,Figueirópolis D'Oeste,51012,Sudoeste Matogrossense,5102,Oeste,2021,3411.0,IBGE estimativa,6.0,12.0,12.0,False,True,5177121.12,2270494.35,1015035.57,1521268.69,4855298.67,321822.45,2982172.53,2.75,3.0,15.08,1.0,12.08,46.25,0.0,0.0,9.0,7.5,1.0,0.0,0.0,1.0,0.0,1.0,3479.0,331.0,8608.0,4356.0,3098.0,381.0,2551.0,863.0,2309.0,11020.0,9672.0,44728.77,5655.0,34879.87,0.0,103.0,0.0,0.0,8838.0,113230.13,0.0,4.0,0.0,107.0,107.0,0.0,0.0,0.0,254305.15,0.0,0.0,37663.0,122384.37,32.0,29.0,0.0,0.0,8.5,37.5,6.25,87.5,6.25,1517.77,665.64,297.58,0.806,0.88,3.541,0.0,0.2932,1.02,2.524,1.277,2.836,0.0,0.0,31.369,665.6389,297.5771,57.6029,6.2162,4.421,0.2932,26.3852,2.9317,0.097,26.9688,0.7479,,,,0.0,0.0,74.5544,100.0,90.7,149.2
510380,Figueirópolis D'Oeste,51012,Sudoeste Matogrossense,5102,Oeste,2022,3187.0,IBGE Censo 2022,5.0,12.0,12.0,False,False,6355792.53,2992920.04,2110608.24,1006645.26,5300714.4,1055078.13,4299461.14,2.92,3.5,14.96,1.0,13.0,48.08,0.0,0.0,9.0,7.0,1.0,0.0,0.0,1.0,0.0,1.0,3907.0,633.0,8897.0,20949.0,3104.0,803.0,2218.0,619.0,2032.0,6809.0,7689.0,49638.21,8595.0,63853.95,0.0,111.0,0.0,0.0,11427.0,148151.33,0.0,2.0,0.0,113.0,113.0,0.0,0.0,0.0,105022.7,0.0,0.0,26742.0,106097.91,22.0,31.0,0.0,0.0,9.73,68.18,0.0,68.18,27.27,1994.29,939.1,662.26,0.916,1.098,4.079,0.0,0.3138,1.226,2.792,6.573,2.413,0.0,0.0,35.457,939.1026,662.2555,67.6463,16.6003,4.6941,0.3138,28.2397,3.1377,0.1986,28.1364,0.696,,,,0.0,0.0,32.9535,100.0,66.4,126.4
510380,Figueirópolis D'Oeste,51012,Sudoeste Matogrossense,5102,Oeste,2023,3149.0,interpolada (Censo 2022 x IBGE 2024),6.0,12.0,12.0,False,True,6564671.17,2198152.07,3172552.79,957540.21,6544031.89,20639.28,4722222.9,3.2,5.58,13.5,0.96,13.42,49.87,0.0,0.0,9.0,7.0,1.0,0.0,0.0,1.0,0.0,1.0,5159.0,613.0,9387.0,26074.0,4162.0,997.0,2065.0,595.0,1916.0,8227.0,8890.0,37858.28,9485.0,62289.24,0.0,194.0,3.0,806.25,13174.0,133924.59,0.0,7.0,0.0,201.0,201.0,0.0,0.0,0.0,180110.26,0.0,0.0,34225.0,118537.73,30.0,28.0,2.0,66.67,8.892,76.67,3.33,73.33,6.67,2084.68,698.05,1007.48,1.016,1.772,4.262,0.0,0.3176,1.638,2.981,8.28,2.823,0.001,0.0,63.83,698.0477,1007.4795,71.9339,0.3144,4.2871,0.3049,28.5805,3.1756,0.1947,19.8333,0.6558,,,,0.0,0.0,57.196,100.0,65.2,135.1
510380,Figueirópolis D'Oeste,51012,Sudoeste Matogrossense,5102,Oeste,2024,3112.0,IBGE estimativa,6.0,12.0,12.0,False,True,7673156.63,3084643.27,3354013.83,902220.62,7171817.39,501339.24,4358943.73,6.93,6.0,13.33,0.83,13.0,53.03,0.0,0.0,9.0,7.0,1.0,0.0,0.0,1.0,0.0,1.0,4133.0,583.0,7750.0,23241.0,3188.0,865.0,2283.0,609.0,2154.0,16340.0,10686.0,55413.78,12096.0,84005.9,0.0,220.0,61.0,12523.88,21295.0,154867.72,0.0,12.0,0.0,232.0,232.0,0.0,0.0,0.0,341002.16,0.0,0.0,30729.0,85965.56,39.0,29.0,0.0,0.0,9.32,64.1,12.82,89.74,10.26,2465.67,991.21,1077.77,2.227,1.928,4.177,0.0,0.3213,1.328,2.49,7.468,3.434,0.02,0.0,74.55,991.2093,1077.7679,56.8077,6.5337,4.2834,0.2667,28.9203,3.2134,0.1873,15.6154,0.7336,,,,0.0,0.0,109.5765,100.0,57.3,135.1
510380,Figueirópolis D'Oeste,51012,Sudoeste Matogrossense,5102,Oeste,2025,3056.0,IBGE estimativa,6.0,12.0,12.0,False,True,9335391.15,2753335.38,5202529.66,1065756.69,8760916.35,574474.8,7387053.2,5.95,6.38,20.33,1.0,7.08,56.99,0.0,0.0,9.0,7.0,1.0,0.0,0.0,1.0,0.0,1.0,5750.0,975.0,9991.0,29918.0,3087.0,1994.0,2501.0,706.0,2413.0,13843.0,7856.0,50904.12,9392.0,70982.58,0.0,159.0,91.0,14095.37,18777.0,186292.49,0.0,8.0,0.0,167.0,167.0,0.0,0.0,0.0,198210.86,0.0,0.0,26169.0,85749.89,,,,,,,,,,3054.77,900.96,1702.4,1.947,2.088,2.317,0.0,0.3272,1.882,3.269,9.79,2.571,0.03,0.0,54.647,900.9605,1702.3984,79.1296,6.1537,6.6525,0.3272,29.4503,3.2723,0.319,,0.8184,,,,0.0,0.0,64.8596,100.0,59.3,145.2
510385,Gaúcha do Norte,51006,Médio Araguaia,5104,Leste,2020,7782.0,IBGE estimativa,6.0,12.0,12.0,False,True,9746627.89,9746627.89,0.0,0.0,9095941.85,650686.04,7274860.28,5.15,17.05,22.25,2.0,50.67,162.93,17.0,0.0,17.0,20.0,5.0,1.0,0.0,2.0,0.0,1.92,16920.0,2701.0,24127.0,26861.0,10810.0,4238.0,6505.0,2004.0,7692.0,97703.0,8915.0,35355.27,5688.0,25671.79,192.0,361.0,0.0,0.0,5677.0,38846.63,0.0,4.0,192.0,365.0,174.0,519.0,0.0,66875.76,292446.58,1.0,192.0,107254.0,35355.27,159.0,32.0,1.0,6.29,4.11,43.4,8.81,39.62,25.79,1252.46,1252.46,0.0,0.662,2.191,6.511,2.185,0.257,2.174,3.1,3.452,1.146,0.0,24.672,46.903,1252.458,0.0,74.6398,6.676,2.8592,0.257,21.8453,2.57,0.3471,12.6038,0.8359,100.0,0.5208,2.7031,0.0,8.5936,37.5799,47.6712,10.7,91.4
510385,Gaúcha do Norte,51006,Médio Araguaia,5104,Leste,2021,7913.0,IBGE estimativa,6.0,12.0,12.0,False,True,11218467.14,11218467.14,0.0,0.0,10058075.72,1160391.42,9160948.09,6.16,19.6,24.77,2.17,52.25,190.81,17.0,0.0,17.17,20.5,4.58,1.0,0.0,2.0,0.0,2.0,20482.0,2273.0,41934.0,30136.0,11739.0,7325.0,7096.0,1816.0,8241.0,63088.0,5971.0,24569.17,7538.0,36765.25,211.0,516.0,0.0,0.0,2973.0,32280.85,0.0,2.0,211.0,518.0,307.0,756.0,0.0,77399.34,443101.93,1.0,211.0,69790.0,24866.17,170.0,49.0,2.0,11.76,6.19,44.12,3.53,45.88,15.29,1417.73,1417.73,0.0,0.778,2.477,6.603,2.148,0.2527,2.588,5.299,3.808,0.755,0.0,26.665,65.462,1417.7262,0.0,81.6595,10.3436,3.1303,0.2742,21.6985,2.5275,0.2872,10.6824,0.8968,100.0,0.4739,3.5829,0.0,9.7813,55.9967,59.2664,4.8,97.9
510385,Gaúcha do Norte,51006,Médio Araguaia,5104,Leste,2022,8642.0,IBGE Censo 2022,6.0,12.0,12.0,False,True,15803655.33,15803655.33,0.0,0.0,12940352.71,2863302.62,12721111.46,4.94,20.23,31.55,3.0,51.83,206.24,17.0,0.0,17.5,21.17,3.58,1.0,0.0,2.0,0.0,2.0,19923.0,2441.0,34528.0,28478.0,13411.0,6413.0,7107.0,2589.0,8238.0,139661.0,8406.0,34731.56,11229.0,68202.73,120.0,451.0,0.0,0.0,535.0,35745.3,0.0,3.0,120.0,454.0,334.0,360.0,0.0,42213.81,309251.75,1.0,120.0,148728.0,34731.56,182.0,28.0,2.0,10.99,3.24,54.95,8.24,46.15,21.98,1828.7,1828.7,0.0,0.572,2.341,5.997,1.967,0.2314,2.305,3.995,3.295,0.973,0.0,13.886,52.534,1828.7035,0.0,80.4947,18.118,3.6508,0.3471,20.2499,2.3143,0.2825,14.2253,0.8224,100.0,0.8333,3.0,0.0,4.8847,35.7847,73.5683,7.7,126.8
510385,Gaúcha do Norte,51006,Médio Araguaia,5104,Leste,2023,8907.0,interpolada (Censo 2022 x IBGE 2024),6.0,12.0,12.0,False,True,15765617.45,15765617.45,0.0,0.0,14252590.42,1513027.03,13070455.21,4.89,19.97,31.09,2.08,52.08,195.0,17.0,0.0,17.75,21.67,3.67,1.0,0.0,2.0,0.0,2.0,16617.0,2483.0,30433.0,27328.0,11665.0,4477.0,8082.0,2681.0,8624.0,91727.0,12544.0,52186.48,15857.0,87215.46,88.0,428.0,0.0,0.0,1209.0,24956.29,0.0,14.0,88.0,442.0,354.0,253.0,0.0,31021.62,390069.43,0.0,87.0,104927.0,52186.48,153.0,31.0,2.0,13.07,3.48,60.13,10.46,40.52,17.65,1770.03,1770.03,0.0,0.549,2.242,5.847,1.909,0.2245,1.866,3.417,3.068,1.408,0.0,9.88,49.624,1770.0255,0.0,82.9048,9.597,3.4905,0.2335,19.9281,2.2454,0.2788,17.5229,0.9074,98.8636,0.0,2.875,0.0,3.4828,43.7936,80.0905,10.9,144.0
510385,Gaúcha do Norte,51006,Médio Araguaia,5104,Leste,2024,9181.0,IBGE estimativa,6.0,12.0,12.0,False,True,19663988.5,19663988.5,0.0,0.0,15445382.78,4218605.72,15805347.24,5.53,18.26,34.23,1.92,41.0,179.78,10.58,0.0,58.42,23.75,4.0,1.0,0.0,2.0,0.0,2.0,19223.0,2209.0,38279.0,32323.0,12801.0,4744.0,12520.0,3186.0,11603.0,156517.0,35189.0,146058.01,38297.0,180180.89,57.0,442.0,0.0,0.0,301.0,69044.61,0.0,11.0,57.0,453.0,396.0,141.0,0.0,24798.12,483252.21,0.0,57.0,192092.0,146058.01,177.0,38.0,4.0,22.6,4.14,71.19,11.3,46.33,18.08,2141.81,2141.81,0.0,0.602,1.989,4.466,1.152,0.2178,2.094,4.169,3.521,3.833,0.0,6.208,49.341,2141.8134,0.0,80.3771,21.4535,3.7284,0.2091,63.6314,2.1784,0.2406,18.0,1.3637,100.0,0.0,2.4737,0.0,2.701,52.6361,87.4172,17.9,169.4
510385,Gaúcha do Norte,51006,Médio Araguaia,5104,Leste,2025,9397.0,IBGE estimativa,6.0,12.0,12.0,False,True,22891271.85,22332612.71,558659.14,0.0,22302560.45,588711.4,16105376.72,8.84,21.84,39.69,2.83,44.08,200.3,9.33,0.0,86.33,26.0,4.0,1.0,0.0,2.0,0.0,2.0,26939.0,2849.0,51204.0,25919.0,16353.0,7088.0,12985.0,3162.0,11834.0,64393.0,80497.0,431478.58,80300.0,462839.77,161.0,602.0,19.0,3337.0,1689.0,177480.66,0.0,31.0,161.0,633.0,475.0,537.0,0.0,58660.05,579533.2,0.0,150.0,296604.0,2748752.48,,,,,,,,,,2436.02,2376.57,59.45,0.941,2.324,4.691,0.993,0.2128,2.867,5.449,2.758,8.566,0.002,17.133,67.362,2376.5683,59.4508,70.356,2.5718,4.2237,0.3012,91.8697,2.1283,0.3032,,1.3818,93.1677,0.0,3.3354,0.0,6.2424,61.6722,75.0395,18.5,154.2
510390,General Carneiro,51005,Garças Araguaia,5104,Leste,2020,5592.0,IBGE estimativa,6.0,12.0,12.0,False,True,5808260.4,5690341.59,117918.81,0.0,5781842.33,26418.07,5704827.9,5.29,7.48,14.82,3.33,24.42,81.07,15.0,0.0,47.0,9.92,2.0,1.0,0.0,2.0,0.0,1.67,3488.0,1043.0,1096.0,9822.0,3313.0,10.0,1666.0,572.0,1504.0,25389.0,17532.0,52138.46,6335.0,43131.57,171.0,453.0,0.0,0.0,5745.0,66182.74,0.0,2.0,171.0,455.0,295.0,492.0,0.0,81915.81,406745.58,4.0,170.0,43259.0,52138.46,127.0,45.0,2.0,15.75,8.05,42.74,4.72,40.94,26.77,1038.67,1017.59,21.09,0.946,1.338,4.367,2.682,0.3577,0.624,0.196,1.756,3.135,0.0,30.579,81.366,1017.5861,21.0871,98.2192,0.4548,2.6502,0.5955,84.0486,3.5765,0.1865,4.5039,0.2979,99.4152,2.3392,2.8772,0.0,14.6488,72.737,64.8352,41.3,84.8
510390,General Carneiro,51005,Garças Araguaia,5104,Leste,2021,5726.0,IBGE estimativa,6.0,12.0,12.0,False,True,6539534.77,6077505.08,462029.69,0.0,6115603.97,423930.8,6165537.19,6.16,7.65,16.15,4.17,23.92,85.26,15.5,0.0,47.58,10.0,2.0,1.0,0.0,2.0,0.0,2.0,6676.0,896.0,2376.0,8177.0,5121.0,1510.0,1871.0,600.0,1525.0,28835.0,18682.0,57596.13,5285.0,40351.53,144.0,473.0,0.0,0.0,5497.0,47324.94,0.0,0.0,144.0,473.0,342.0,509.0,0.0,112762.13,483737.07,4.0,144.0,47914.0,57596.13,140.0,46.0,2.0,14.29,8.03,31.54,2.86,38.13,33.57,1142.08,1061.39,80.69,1.076,1.336,4.177,2.707,0.3493,1.166,0.415,1.428,3.263,0.0,25.148,82.606,1061.3875,80.6898,94.281,6.4826,2.8205,0.7283,83.0947,3.4928,0.1565,4.2857,0.3268,100.0,2.7778,3.5347,0.0,19.693,84.4808,72.3044,50.1,98.9
510390,General Carneiro,51005,Garças Araguaia,5104,Leste,2022,6037.0,IBGE Censo 2022,6.0,12.0,12.0,False,True,7743057.17,7481820.01,261237.16,0.0,7685242.67,57814.5,7283910.53,5.69,8.17,18.07,3.5,22.75,88.56,17.0,0.0,53.33,9.83,2.0,1.0,0.0,2.0,0.0,2.0,8044.0,1096.0,11698.0,9990.0,5881.0,2116.0,2071.0,726.0,1659.0,7657.0,28893.0,125588.13,7790.0,60972.15,147.0,457.0,0.0,0.0,6464.0,192262.42,0.0,4.0,147.0,461.0,320.0,528.0,0.0,53685.53,359396.16,0.0,147.0,37713.0,130033.23,156.0,40.0,4.0,25.64,6.63,31.82,5.77,41.03,33.97,1282.6,1239.33,43.27,0.943,1.353,3.768,2.816,0.3313,1.332,1.938,1.655,4.786,0.0,24.35,76.362,1239.3275,43.2727,94.0702,0.7467,2.9932,0.5798,88.3386,3.3129,0.1815,4.6538,0.3431,100.0,0.0,3.5918,0.0,8.8927,59.5322,69.4143,44.3,96.1
510390,General Carneiro,51005,Garças Araguaia,5104,Leste,2023,6143.0,interpolada (Censo 2022 x IBGE 2024),6.0,12.0,12.0,False,True,10653932.3,10229036.8,424895.5,0.0,10261296.7,392635.6,10110805.17,5.99,8.83,17.38,3.83,23.33,92.42,15.33,0.0,56.0,9.75,2.0,1.0,0.0,2.0,0.0,2.0,10167.0,1888.0,17912.0,8001.0,7946.0,2128.0,5540.0,1734.0,3447.0,1727.0,33348.0,160146.39,13212.0,88585.3,188.0,487.0,0.0,0.0,5787.0,221864.66,0.0,3.0,188.0,490.0,307.0,568.0,0.0,89186.69,427745.24,2.0,137.0,36463.0,166205.19,113.0,64.0,7.0,61.95,10.418,39.09,7.96,46.02,26.55,1734.32,1665.15,69.17,0.975,1.437,3.798,2.496,0.3256,1.655,2.916,1.302,5.429,0.0,30.604,79.766,1665.1533,69.1674,94.9021,3.6854,2.8292,0.6235,91.1607,3.2557,0.3073,15.3451,0.9018,72.8723,1.0638,3.0213,0.0,14.5184,69.6313,62.6531,38.6,87.7
510390,General Carneiro,51005,Garças Araguaia,5104,Leste,2024,6250.0,IBGE estimativa,6.0,12.0,12.0,False,True,12049043.85,11790842.32,258201.53,0.0,11377709.86,671333.99,11017066.45,6.16,11.26,21.0,4.0,23.17,98.63,15.0,0.0,58.67,10.33,2.33,1.0,0.0,2.0,0.0,2.0,11635.0,1345.0,19099.0,10994.0,10288.0,1344.0,5701.0,1495.0,4363.0,1825.0,30589.0,162511.18,9977.0,78696.89,194.0,467.0,87.0,67129.2,9863.0,295793.26,0.0,13.0,194.0,480.0,320.0,648.0,0.0,97001.45,596332.87,5.0,128.0,33021.0,231600.58,111.0,58.0,4.0,36.04,9.28,36.19,5.41,45.95,36.04,1927.85,1886.53,41.31,0.986,1.802,3.707,2.4,0.32,1.862,3.056,1.759,4.894,0.014,31.04,76.8,1886.5348,41.3122,91.4352,5.5717,3.36,0.64,93.872,3.2,0.2152,13.4685,0.9122,65.9794,2.5773,3.3402,0.0,15.5202,95.4133,66.6667,38.3,98.1
510390,General Carneiro,51005,Garças Araguaia,5104,Leste,2025,6319.0,IBGE estimativa,6.0,12.0,12.0,False,True,11126743.95,10860021.56,266722.39,0.0,11079274.95,47469.0,9373719.48,7.48,10.25,23.25,3.5,24.33,106.16,15.0,0.0,67.83,11.0,3.0,1.0,0.0,2.0,0.0,2.0,11047.0,2020.0,19399.0,11231.0,10058.0,974.0,8455.0,1740.0,5542.0,8116.0,35074.0,161724.45,9999.0,58376.29,120.0,444.0,0.0,0.0,8103.0,328790.59,0.0,22.0,120.0,466.0,357.0,670.0,0.0,50716.27,584108.09,5.0,99.0,44267.0,167055.6,,,,,,,,,,1760.84,1718.63,42.21,1.184,1.622,3.85,2.374,0.3165,1.748,3.07,1.777,5.551,0.0,18.99,73.746,1718.6298,42.2096,84.2449,0.4266,3.6794,0.5539,107.3429,3.1651,0.3197,,1.338,82.5,4.1667,5.5833,0.0,8.026,92.4368,76.6094,56.7,124.3
510395,Glória D'Oeste,51011,Oeste Matogrossense,5102,Oeste,2020,3008.0,IBGE estimativa,6.0,12.0,12.0,False,True,4612641.64,3692312.84,298449.0,428806.67,4449777.67,162863.97,2910570.96,4.38,5.54,10.79,2.5,11.33,56.26,3.5,0.0,24.0,7.0,2.0,0.0,0.0,1.92,0.0,1.5,4466.0,564.0,10168.0,3435.0,2999.0,1255.0,1768.0,598.0,2006.0,3123.0,2319.0,11801.38,391.0,3667.27,0.0,152.0,0.0,0.0,11480.0,119011.19,0.0,5.0,0.0,157.0,157.0,0.0,0.0,0.0,170774.43,0.0,0.0,5470.0,11801.38,27.0,29.0,1.0,37.04,9.64,81.48,3.7,92.59,14.81,1533.46,1227.5,99.22,1.456,1.842,3.767,1.164,0.6383,1.485,3.38,1.142,0.771,0.0,0.0,52.194,1227.4976,99.2184,63.0999,3.5308,3.5871,0.8311,79.7872,6.383,0.1875,22.1481,0.5878,,,,0.0,0.0,56.7734,100.0,12.7,98.5
510395,Glória D'Oeste,51011,Oeste Matogrossense,5102,Oeste,2021,2990.0,IBGE estimativa,6.0,12.0,12.0,False,True,4880642.88,4172601.03,317176.98,260125.41,4305079.15,575563.73,3484432.15,4.74,5.96,11.04,1.58,10.42,51.41,0.25,0.0,35.67,6.0,2.0,0.0,0.0,2.17,1.0,2.0,11194.0,840.0,19869.0,13915.0,5593.0,4450.0,1528.0,551.0,1745.0,0.0,1157.0,4685.23,1871.0,12226.5,0.0,128.0,0.0,0.0,9702.0,97964.19,0.0,4.0,0.0,132.0,132.0,0.0,0.0,0.0,209275.19,0.0,0.0,1475.0,4685.23,28.0,42.0,0.0,0.0,14.05,64.29,10.71,78.57,14.29,1632.32,1395.52,106.08,1.585,1.993,3.485,0.084,0.7258,3.744,6.645,4.654,0.387,0.0,0.0,44.147,1395.5187,106.0793,71.3929,11.7928,3.6923,0.5284,119.2977,7.2575,0.2809,19.6786,0.511,,,,0.0,0.0,69.9917,100.0,12.9,96.7
510395,Glória D'Oeste,51011,Oeste Matogrossense,5102,Oeste,2022,2905.0,IBGE Censo 2022,6.0,12.0,12.0,False,True,5727030.0,5180464.3,74899.56,199421.81,4731542.26,995487.74,3060879.94,4.4,6.0,11.5,1.5,11.33,51.32,0.0,0.0,46.5,6.0,2.0,0.0,0.0,2.0,0.0,1.58,18043.0,1975.0,25636.0,25503.0,9122.0,7589.0,1584.0,564.0,1830.0,0.0,16643.0,86740.78,2570.0,21799.9,0.0,175.0,0.0,0.0,2832.0,115159.29,0.0,3.0,0.0,178.0,178.0,0.0,0.0,0.0,198852.3,0.0,0.0,21189.0,108134.68,23.0,22.0,0.0,0.0,7.57,60.87,13.04,82.61,4.35,1971.44,1783.29,25.78,1.515,2.065,3.9,0.0,0.6885,6.211,8.825,8.779,5.729,0.0,0.0,61.274,1783.2924,25.783,53.4462,17.3823,3.9587,0.5164,160.0688,6.8847,0.6799,24.5217,0.5453,,,,0.0,0.0,68.4517,100.0,16.3,102.3
510395,Glória D'Oeste,51011,Oeste Matogrossense,5102,Oeste,2023,2902.0,interpolada (Censo 2022 x IBGE 2024),6.0,12.0,12.0,False,True,6208307.92,4969651.24,703324.7,98282.17,5497885.28,710422.64,3909574.49,4.4,5.48,9.83,1.5,11.0,49.82,0.0,0.0,49.0,6.0,2.0,0.0,0.0,2.0,0.0,1.33,20907.0,2550.0,28322.0,38686.0,12129.0,8778.0,2124.0,620.0,2462.0,0.0,19891.0,104712.22,3106.0,37286.03,0.0,196.0,25.0,6718.75,6968.0,176660.08,0.0,6.0,0.0,202.0,202.0,0.0,0.0,0.0,215156.13,0.0,0.0,20159.0,116530.97,35.0,24.0,0.0,0.0,8.27,71.43,0.0,91.43,22.86,2139.32,1712.49,242.36,1.516,1.888,3.79,0.0,0.6892,7.204,9.759,13.331,6.854,0.009,0.0,69.607,1712.4918,242.3586,62.9733,11.4431,3.3873,0.5169,168.8491,6.8918,0.8787,17.7143,0.7319,,,,0.0,0.0,74.1406,100.0,15.3,102.3
510395,Glória D'Oeste,51011,Oeste Matogrossense,5102,Oeste,2024,2899.0,IBGE estimativa,6.0,12.0,12.0,False,True,7434914.2,7080835.33,113420.0,71753.1,6539250.74,895663.46,5018118.29,3.02,4.67,9.71,2.42,11.15,50.77,0.0,0.0,52.67,6.0,2.0,0.0,0.0,2.0,0.0,2.0,21827.0,4043.0,32627.0,35142.0,12909.0,8902.0,3017.0,619.0,3233.0,0.0,20147.0,126774.07,3814.0,58963.48,0.0,237.0,194.0,51519.51,785.0,180522.01,0.0,14.0,0.0,251.0,251.0,0.0,0.0,0.0,310161.82,0.0,0.0,20542.0,188193.58,26.0,36.0,0.0,0.0,12.42,88.46,7.69,88.46,11.54,2564.65,2442.51,39.12,1.042,1.611,3.846,0.0,0.6899,7.529,11.255,12.122,6.95,0.067,0.0,86.582,2442.5096,39.1238,67.494,12.0467,3.3494,0.8348,181.6833,6.8989,1.3946,23.8077,1.0407,,,,0.0,0.0,106.9892,100.0,12.7,101.9
510395,Glória D'Oeste,51011,Oeste Matogrossense,5102,Oeste,2025,2878.0,IBGE estimativa,6.0,12.0,12.0,False,True,7966474.84,7692407.73,155797.08,64789.32,7922196.52,44278.32,5767955.63,4.04,6.33,10.25,2.5,11.13,54.88,0.0,0.0,54.0,7.0,2.0,0.0,0.0,2.0,0.0,2.0,23093.0,3831.0,33020.0,37443.0,12809.0,8836.0,2692.0,492.0,3031.0,0.0,17798.0,115080.1,2841.0,60344.29,0.0,224.0,203.0,48849.63,6724.0,144744.65,0.0,18.0,0.0,242.0,242.0,0.0,0.0,0.0,372362.63,0.0,0.0,30261.0,223819.78,,,,,,,,,,2768.06,2672.83,54.13,1.404,2.199,3.867,0.0,0.6949,8.024,11.473,13.01,6.184,0.071,0.0,84.086,2672.831,54.1338,72.4029,0.5558,3.5615,0.8687,187.6303,6.9493,1.3311,,0.9354,,,,0.0,0.0,129.3824,100.0,14.0,99.4
510410,Guarantã do Norte,51015,Vale do Peixoto,5103,Norte,2020,36130.0,IBGE estimativa,6.0,12.0,12.0,False,True,32061924.29,14287335.28,15884621.32,306404.06,30623344.44,1438579.85,17395024.53,21.27,20.08,58.5,14.17,87.42,322.39,35.0,0.0,202.75,22.0,9.0,1.0,0.0,9.0,0.0,9.0,38583.0,5368.0,68245.0,73670.0,29444.0,5973.0,26134.0,7653.0,26484.0,315452.0,197757.0,1018385.53,36804.0,290398.54,1163.0,1404.0,8.0,64.72,58346.0,839726.43,0.0,37.0,1163.0,1441.0,299.0,3628.0,0.0,578500.71,1255813.79,58.0,1079.0,639549.0,1363552.7,514.0,175.0,6.0,11.67,4.84,83.85,7.39,71.01,14.01,887.4,395.44,439.65,0.589,0.556,2.42,0.969,0.2491,1.068,1.889,2.039,5.473,0.0,32.189,39.884,395.4424,439.6518,54.2545,4.4869,1.6192,0.3922,56.1168,2.491,0.1486,14.8891,0.7233,92.7773,4.9871,3.1195,0.0,16.0116,34.7582,20.7495,14.0,75.7
510410,Guarantã do Norte,51015,Vale do Peixoto,5103,Norte,2021,36439.0,IBGE estimativa,6.0,12.0,12.0,False,True,42844486.43,17086138.32,23253807.22,282357.15,38416901.64,4427584.79,22779725.42,26.49,27.95,73.62,14.85,83.92,372.7,39.25,0.0,213.33,23.42,9.67,1.0,0.0,9.0,0.0,9.0,50567.0,6191.0,78600.0,90124.0,34956.0,13572.0,22102.0,5275.0,22306.0,343445.0,211507.0,1047183.06,51011.0,411600.56,1496.0,1656.0,4.0,0.0,74985.0,799542.07,0.0,48.0,1496.0,1704.0,238.0,5205.0,0.0,959998.03,1860143.9,91.0,1279.0,690868.0,1471414.35,577.0,280.0,6.0,10.4,7.68,84.06,11.27,67.76,15.77,1175.79,468.9,638.16,0.727,0.767,2.303,1.077,0.247,1.388,2.157,2.473,5.804,0.0,41.055,46.763,468.897,638.1571,53.1684,10.3341,2.0204,0.4075,58.5444,2.4699,0.1699,9.1421,0.6065,85.4947,6.0829,3.4793,0.0,26.3453,51.0482,13.9671,10.2,44.9
510410,Guarantã do Norte,51015,Vale do Peixoto,5103,Norte,2022,31024.0,IBGE Censo 2022,6.0,12.0,12.0,False,True,55142662.86,20317850.13,32039646.71,298019.13,52263777.77,2878885.09,27051575.56,31.5,33.37,87.05,15.02,80.17,414.36,36.0,0.0,241.08,24.58,9.5,1.0,0.0,9.0,0.0,8.92,56833.0,7629.0,89859.0,112609.0,42781.0,13171.0,18675.0,5584.0,19422.0,379228.0,270073.0,1383905.8,64799.0,580404.94,2080.0,2134.0,26.0,395.56,75818.0,818993.38,1.0,64.0,2081.0,2198.0,268.0,5868.0,0.0,1067845.64,1899505.2,41.0,1648.0,807325.0,1893448.13,560.0,242.0,8.0,14.29,7.8,81.43,9.64,70.18,14.46,1777.42,654.91,1032.74,1.015,1.076,2.584,1.16,0.2901,1.832,2.896,3.63,8.705,0.001,67.077,70.848,654.9075,1032.7375,49.0574,5.2208,2.8059,0.4841,77.7076,2.901,0.2459,9.9714,0.602,79.1927,1.9702,2.8198,0.0,34.42,61.227,12.1929,10.2,48.7
510410,Guarantã do Norte,51015,Vale do Peixoto,5103,Norte,2023,31176.0,interpolada (Censo 2022 x IBGE 2024),6.0,12.0,12.0,False,True,66061954.93,22757808.95,39767681.81,791111.24,62463901.7,3598053.23,37205397.45,32.38,41.84,99.57,16.93,88.33,468.27,36.0,0.0,284.5,26.17,10.0,1.33,0.0,9.0,0.0,9.0,56219.0,10294.0,106297.0,118854.0,41451.0,13927.0,21922.0,8080.0,22459.0,446167.0,272502.0,1600000.89,84859.0,876604.97,2920.0,2913.0,51.0,169.89,105510.0,1056910.69,0.0,66.0,2920.0,2979.0,319.0,7600.0,0.0,1355129.54,2133581.38,31.0,2254.0,897324.0,2243752.83,559.0,211.0,8.0,14.31,6.768,84.97,7.16,75.13,13.42,2119.0,729.98,1275.59,1.039,1.342,2.833,1.155,0.2887,1.803,3.41,3.812,8.741,0.002,93.662,95.554,729.9785,1275.5864,56.3189,5.4465,3.1938,0.543,91.2561,2.8868,0.3302,14.4544,0.7032,77.1918,1.0616,2.6027,0.0,43.4671,68.4367,10.7083,9.8,45.4
510410,Guarantã do Norte,51015,Vale do Peixoto,5103,Norte,2024,31328.0,IBGE estimativa,6.0,12.0,12.0,False,True,74860929.6,20572994.24,49625133.72,1765835.1,72181840.97,2679088.63,40150696.19,56.88,49.91,95.5,17.15,94.42,523.88,36.42,0.0,296.0,27.5,10.0,2.0,0.0,9.0,0.0,9.0,60069.0,11711.0,114163.0,151421.0,43641.0,15024.0,29497.0,8293.0,30239.0,550270.0,355028.0,2289941.51,159182.0,1476619.21,2728.0,2764.0,66.0,28218.48,151097.0,1279081.46,2.0,98.0,2730.0,2862.0,319.0,8099.0,0.0,1457036.37,2322816.84,40.0,1893.0,1128372.0,3035021.69,552.0,217.0,8.0,14.49,6.93,86.78,10.33,86.59,14.49,2389.59,656.7,1584.05,1.816,1.593,3.014,1.163,0.2873,1.917,3.644,4.833,11.333,0.002,87.142,91.356,656.6967,1584.0505,53.6337,3.5788,3.0484,0.5474,94.4842,2.8728,0.3738,15.0236,0.9416,69.3407,1.4652,2.9667,0.0,46.5091,74.1451,11.1461,10.7,46.7
510410,Guarantã do Norte,51015,Vale do Peixoto,5103,Norte,2025,31209.0,IBGE estimativa,6.0,12.0,12.0,False,True,73174347.8,21517513.68,45206078.55,2356662.39,72937913.94,236433.86,47815284.24,42.54,52.54,108.13,15.46,97.97,517.92,37.0,0.0,355.75,31.08,10.0,2.0,0.0,9.0,0.0,9.0,69268.0,10806.0,130319.0,152356.0,53514.0,13144.0,34736.0,9508.0,34096.0,606845.0,364864.0,2188338.16,165982.0,1452619.11,2410.0,2474.0,231.0,67169.64,168071.0,968574.59,1.0,75.0,2411.0,2549.0,309.0,7772.0,0.0,1251743.31,1943649.04,64.0,1832.0,1142707.0,2901238.0,,,,,,,,,,2344.66,689.47,1448.49,1.363,1.683,3.139,1.186,0.2884,2.219,4.176,4.882,11.691,0.007,77.253,81.675,689.465,1448.4949,65.3443,0.3231,3.4647,0.4954,113.9896,2.8838,0.3462,,1.113,75.9851,2.6545,3.2236,0.0,40.1084,62.2785,12.1224,11.1,51.3
510420,Guiratinga,51013,Sul Matogrossense,5101,Sul,2020,15245.0,IBGE estimativa,6.0,12.0,12.0,False,True,13513578.23,5058359.53,4645293.57,2855653.91,12960380.29,553197.94,8075218.47,9.66,9.38,16.14,6.25,44.25,127.78,19.0,0.0,17.42,11.42,6.0,1.0,0.0,5.0,0.0,5.0,11176.0,659.0,18170.0,36105.0,8863.0,2224.0,6348.0,1703.0,6649.0,77301.0,7872.0,39333.72,2468.0,18330.58,264.0,521.0,0.0,0.0,20365.0,455749.03,0.0,24.0,264.0,545.0,282.0,487.0,0.0,109678.42,648963.55,12.0,264.0,85173.0,39333.72,97.0,99.0,0.0,0.0,6.49,74.23,6.19,61.86,11.34,886.43,331.8,304.71,0.634,0.615,2.903,1.246,0.328,0.733,1.192,2.368,0.516,0.0,17.317,35.749,331.8045,304.7093,59.7563,4.0936,1.0587,0.41,11.4267,3.2798,0.0432,17.5567,0.4164,100.0,4.5455,1.8447,0.0,7.1944,42.5689,51.7431,2.8,52.1
510420,Guiratinga,51013,Sul Matogrossense,5101,Sul,2021,15740.0,IBGE estimativa,6.0,12.0,12.0,False,True,14732231.38,5553349.87,4650416.21,3220885.18,13897043.15,835188.23,8432309.87,9.85,10.73,18.37,6.69,43.88,133.39,19.0,0.0,18.0,12.17,6.0,1.0,0.0,5.0,0.0,4.67,17823.0,1326.0,32121.0,46320.0,14454.0,2851.0,4571.0,1532.0,4851.0,66490.0,25606.0,127942.43,7907.0,43336.4,349.0,689.0,0.0,0.0,21829.0,512744.04,0.0,35.0,349.0,724.0,376.0,1127.0,0.0,194354.24,1515195.48,23.0,349.0,99623.0,171086.63,83.0,149.0,3.0,36.14,9.47,84.34,10.84,63.86,22.89,935.97,352.82,295.45,0.626,0.682,2.788,1.207,0.3177,1.132,2.041,2.943,1.627,0.0,22.173,45.997,352.8177,295.4521,57.2372,5.6691,1.1671,0.425,11.4358,3.1766,0.0842,18.4578,0.2904,100.0,6.5903,3.2292,0.0,12.3478,96.264,51.9337,3.5,54.6
510420,Guiratinga,51013,Sul Matogrossense,5101,Sul,2022,10966.0,IBGE Censo 2022,6.0,12.0,12.0,False,True,16622357.94,6167487.55,5225540.84,3580509.24,16047519.43,574838.51,10449539.92,10.28,9.73,18.4,6.17,47.65,131.96,19.0,0.0,18.0,12.67,6.0,1.0,0.0,5.0,0.0,5.0,27494.0,2372.0,48136.0,63441.0,19651.0,6401.0,4695.0,1607.0,5000.0,160089.0,55939.0,306730.98,14336.0,66843.81,399.0,764.0,0.0,0.0,21792.0,609500.09,0.0,59.0,399.0,823.0,424.0,854.0,0.0,158507.85,909968.82,33.0,399.0,229537.0,373204.53,88.0,114.0,0.0,0.0,10.4,82.95,6.82,55.68,14.77,1515.81,562.42,476.52,0.937,0.887,4.345,1.733,0.456,2.507,4.39,5.785,5.101,0.0,36.385,75.05,562.4191,476.5221,62.8644,3.4582,1.6779,0.5626,16.4144,4.5595,0.2163,18.2614,0.4281,100.0,8.2707,2.1404,0.0,14.4545,82.9809,51.5188,1.5,50.5
510420,Guiratinga,51013,Sul Matogrossense,5101,Sul,2023,10747.0,interpolada (Censo 2022 x IBGE 2024),6.0,12.0,12.0,False,True,20543193.25,6789674.9,5346625.62,6745368.1,20209819.86,333373.39,14917611.45,10.34,10.29,23.56,5.83,48.17,135.11,19.0,0.0,18.08,11.92,6.0,1.0,0.0,5.0,0.0,5.0,28479.0,3155.0,49935.0,50804.0,19281.0,6679.0,4510.0,1881.0,5369.0,152412.0,54948.0,310995.55,13077.0,75318.73,540.0,1022.0,0.0,0.0,28843.0,412260.08,0.0,59.0,540.0,1081.0,542.0,1299.0,0.0,203036.67,1423214.78,12.0,540.0,218773.0,366118.75,115.0,111.0,1.0,8.7,10.328,86.09,12.17,57.89,10.43,1911.53,631.77,497.5,0.962,0.957,4.482,1.768,0.4652,2.65,4.646,4.727,5.113,0.0,50.247,100.586,631.774,497.4994,72.6158,1.6228,2.1922,0.5425,16.8233,4.6525,0.2936,16.3565,0.4197,100.0,2.2222,2.4056,0.0,18.8924,132.429,50.1388,3.9,53.2
510420,Guiratinga,51013,Sul Matogrossense,5101,Sul,2024,10532.0,IBGE estimativa,6.0,12.0,12.0,False,True,21079569.53,7131429.85,7045139.9,3983328.87,20548384.77,531184.76,13751919.8,13.39,11.33,27.51,5.25,50.0,144.78,19.58,0.0,30.58,12.17,6.0,1.58,0.0,5.0,0.0,5.0,29764.0,2249.0,45431.0,53736.0,19277.0,7026.0,7295.0,1470.0,8100.0,156519.0,72958.0,336269.61,16629.0,102657.04,334.0,868.0,0.0,0.0,42891.0,421529.36,0.0,52.0,334.0,920.0,587.0,1065.0,0.0,117040.16,1287000.85,14.0,333.0,239085.0,382651.11,80.0,106.0,0.0,0.0,10.06,87.5,10.0,48.75,16.25,2001.48,677.12,668.93,1.271,1.076,4.747,1.859,0.4747,2.826,4.314,5.102,6.927,0.0,31.713,87.353,677.1202,668.9271,65.2381,2.5199,2.612,0.4985,29.0353,4.7474,0.2135,18.375,0.6927,99.7006,4.1916,3.1886,0.0,11.1128,122.1991,63.8043,4.6,67.5
510420,Guiratinga,51013,Sul Matogrossense,5101,Sul,2025,10252.0,IBGE estimativa,6.0,12.0,12.0,False,True,21720099.47,8019971.84,7179723.42,4056911.11,21072872.8,647226.67,11587052.82,14.02,10.2,22.66,4.92,50.38,140.62,5.0,0.0,27.67,12.0,6.0,1.0,0.0,5.0,0.0,5.0,29896.0,2548.0,49235.0,69135.0,18408.0,8262.0,6232.0,1209.0,7237.0,161948.0,94031.0,391855.9,15300.0,101443.89,355.0,864.0,0.0,0.0,48955.0,449263.75,0.0,66.0,355.0,930.0,580.0,1368.0,0.0,110242.33,1388822.07,16.0,353.0,270887.0,465219.85,,,,,,,,,,2118.62,782.28,700.32,1.368,0.995,4.914,0.488,0.4877,2.916,4.802,6.744,9.172,0.0,34.627,90.714,782.2836,700.3242,53.3471,2.9799,2.2103,0.4799,26.9899,4.8771,0.2485,,0.6079,99.4366,4.507,3.8535,0.0,10.7533,135.4684,62.3656,3.0,62.6
510450,Indiavaí,51011,Oeste Matogrossense,5102,Oeste,2020,2779.0,IBGE estimativa,6.0,12.0,12.0,False,True,3486244.76,2166177.05,336291.02,890265.87,3188492.13,297752.63,2666334.12,1.8,2.88,5.5,1.0,7.92,28.38,0.0,0.0,6.0,6.0,1.0,0.0,0.0,1.0,0.0,1.0,8470.0,271.0,10743.0,3792.0,5788.0,2682.0,1756.0,408.0,2047.0,0.0,938.0,3841.93,959.0,6385.65,0.0,85.0,0.0,0.0,5996.0,132149.89,0.0,2.0,0.0,87.0,87.0,0.0,0.0,0.0,120379.76,0.0,0.0,8827.0,40912.48,20.0,27.0,1.0,50.0,9.72,55.0,10.0,100.0,20.0,1254.5,779.48,121.01,0.648,1.036,2.85,0.0,0.3598,3.048,3.866,1.365,0.338,0.0,0.0,31.306,779.4808,121.0115,76.4816,8.5408,1.9791,0.3598,21.5905,3.5984,0.0975,20.4,0.6319,,,,0.0,0.0,43.3177,100.0,14.9,137.2
510450,Indiavaí,51011,Oeste Matogrossense,5102,Oeste,2021,2806.0,IBGE estimativa,6.0,12.0,12.0,False,True,5293544.13,2076217.75,1394267.96,1418515.68,5023556.58,269987.55,3428869.73,1.8,4.31,6.42,1.0,12.58,34.14,0.0,0.0,6.0,6.0,1.0,0.0,0.0,1.0,0.0,1.0,8571.0,159.0,14827.0,5185.0,6719.0,1852.0,1077.0,383.0,1417.0,4.0,6917.0,31864.55,1290.0,9245.19,0.0,79.0,0.0,0.0,5531.0,198752.0,0.0,3.0,0.0,82.0,82.0,0.0,0.0,0.0,123466.66,0.0,0.0,28894.0,137938.1,24.0,19.0,0.0,0.0,6.77,66.67,0.0,95.83,12.5,1886.51,739.92,496.89,0.641,1.536,4.483,0.0,0.3564,3.055,5.284,1.848,2.465,0.0,0.0,29.223,739.9208,496.8881,64.7746,5.1003,2.288,0.3564,21.3828,3.5638,0.0567,15.9583,0.3838,,,,0.0,0.0,44.0009,100.0,26.8,149.9
510450,Indiavaí,51011,Oeste Matogrossense,5102,Oeste,2022,2213.0,IBGE Censo 2022,6.0,12.0,12.0,False,True,6231649.45,2224113.58,2369397.63,1247596.01,5301361.25,930288.2,3939626.39,2.05,3.88,8.9,1.0,13.67,36.76,0.0,0.0,8.0,6.0,1.0,0.0,0.0,1.0,0.0,1.0,13086.0,1412.0,26231.0,13434.0,10194.0,2892.0,1574.0,509.0,2020.0,263.0,3787.0,20994.32,1566.0,14873.27,0.0,71.0,0.0,0.0,6751.0,241177.99,0.0,6.0,0.0,77.0,77.0,0.0,0.0,0.0,123047.03,0.0,0.0,25793.0,128394.47,36.0,13.0,0.0,0.0,5.87,77.78,8.33,97.22,19.44,2815.93,1005.02,1070.67,0.926,1.753,6.177,0.0,0.4519,5.913,11.853,6.07,1.711,0.0,0.0,34.794,1005.022,1070.6722,63.2196,14.9284,4.0217,0.4519,36.15,4.5188,0.638,14.1389,0.7113,,,,0.0,0.0,55.6019,100.0,16.9,141.2
510450,Indiavaí,51011,Oeste Matogrossense,5102,Oeste,2023,2203.0,interpolada (Censo 2022 x IBGE 2024),5.0,12.0,12.0,False,False,5886300.89,2427833.04,1812744.12,1341290.24,5698754.46,187546.43,3406986.11,2.13,5.5,8.56,1.0,12.08,39.9,0.0,0.0,10.25,6.42,1.0,0.0,0.42,1.0,0.0,1.0,14471.0,1844.0,29936.0,19166.0,11230.0,3241.0,1508.0,552.0,1860.0,220.0,3443.0,17708.7,2147.0,20311.89,0.0,114.0,2.0,0.0,6001.0,191507.07,0.0,5.0,0.0,119.0,119.0,0.0,0.0,0.0,199282.97,0.0,0.0,19931.0,101258.25,28.0,19.0,0.0,0.0,8.625,78.57,3.57,85.71,14.29,2671.95,1102.06,822.85,0.967,2.497,5.483,0.0,0.4539,6.569,13.589,8.7,1.563,0.001,0.0,54.017,1102.0577,822.8525,57.8799,3.1862,3.8856,0.4539,46.5275,4.5393,0.837,19.7143,0.6845,,,,0.0,0.0,90.4598,100.0,18.5,142.7
510450,Indiavaí,51011,Oeste Matogrossense,5102,Oeste,2024,2194.0,IBGE estimativa,6.0,12.0,12.0,False,True,7100326.05,2555799.67,1869046.02,2241707.3,6976186.42,124139.63,5432676.16,2.54,7.75,10.04,1.0,11.25,53.82,0.0,0.0,12.17,7.0,1.0,0.0,1.0,1.0,0.0,1.0,8438.0,1256.0,16901.0,16543.0,6500.0,1938.0,1913.0,358.0,2292.0,32.0,6244.0,48726.56,1584.0,15816.51,0.0,164.0,1.0,0.0,1597.0,178820.45,0.0,5.0,0.0,169.0,169.0,0.0,0.0,0.0,285739.95,0.0,0.0,7573.0,53448.86,23.0,30.0,0.0,0.0,13.67,73.91,0.0,100.0,8.7,3236.25,1164.9,851.89,1.158,3.532,5.128,0.0,0.4558,3.846,7.703,7.54,2.846,0.0,0.0,77.028,1164.9041,851.8897,76.5131,1.7484,4.5761,0.4558,55.4695,4.5579,0.5725,15.5652,0.8719,,,,0.0,0.0,130.237,100.0,16.0,144.4
510450,Indiavaí,51011,Oeste Matogrossense,5102,Oeste,2025,2172.0,IBGE estimativa,6.0,12.0,12.0,False,True,7167229.21,2571044.37,1683246.28,2511584.57,6961423.99,205805.22,5197123.25,3.0,6.29,10.63,1.0,10.88,52.05,0.0,0.0,11.33,7.08,1.0,0.0,1.0,1.0,0.0,1.0,4594.0,1139.0,9962.0,19698.0,4036.0,558.0,1940.0,516.0,2303.0,0.0,11868.0,99944.24,2052.0,19517.15,0.0,146.0,0.0,0.0,1798.0,196521.45,0.0,9.0,0.0,155.0,155.0,0.0,0.0,0.0,222655.55,0.0,0.0,12064.0,99944.24,,,,,,,,,,3299.83,1183.72,774.98,1.381,2.896,5.009,0.0,0.4604,2.115,4.587,9.069,5.464,0.0,0.0,71.363,1183.7221,774.9753,72.5123,2.8715,4.8941,0.4604,52.1639,4.6041,0.5244,,0.8932,,,,0.0,0.0,102.5118,100.0,24.5,152.9
510452,Ipiranga do Norte,51014,Teles Pires,5103,Norte,2020,7920.0,IBGE estimativa,6.0,12.0,12.0,False,True,12140786.26,5777578.52,1093908.17,4260862.69,11800688.71,340097.55,10078549.86,8.55,11.34,18.27,2.08,20.46,106.71,0.0,0.0,43.0,10.0,3.0,0.0,0.0,2.67,0.0,2.0,16363.0,1246.0,34412.0,7817.0,9333.0,7022.0,5379.0,1892.0,5540.0,96594.0,36174.0,203702.92,23257.0,136893.95,0.0,227.0,0.0,0.0,11156.0,85062.79,0.0,0.0,0.0,227.0,227.0,0.0,0.0,0.0,233620.17,0.0,0.0,140468.0,236570.92,127.0,27.0,2.0,15.75,3.41,81.1,13.39,69.29,14.17,1532.93,729.49,138.12,1.08,1.432,2.583,0.0,0.3371,2.066,4.345,0.987,4.567,0.0,0.0,28.662,729.4922,138.1197,83.014,2.8013,2.3068,0.2626,54.2929,3.3712,0.1573,14.8976,0.6792,,,,0.0,0.0,29.4975,100.0,10.6,92.5
510452,Ipiranga do Norte,51014,Teles Pires,5103,Norte,2021,8182.0,IBGE estimativa,6.0,12.0,12.0,False,True,16092146.43,6179181.09,1750848.57,6931506.43,15556384.94,535761.49,14394995.87,6.21,12.29,21.93,2.0,20.84,113.05,0.0,0.0,46.0,10.0,3.0,0.0,0.0,3.0,0.0,2.0,25202.0,1725.0,25981.0,7535.0,11008.0,14194.0,7055.0,1862.0,6920.0,145590.0,36791.0,225564.35,19080.0,131964.61,0.0,250.0,0.0,0.0,12581.0,29288.26,0.0,2.0,0.0,252.0,252.0,0.0,0.0,0.0,413408.2,0.0,0.0,192589.0,272025.05,125.0,44.0,2.0,16.0,5.38,80.8,8.8,71.2,14.4,1966.77,755.22,213.99,0.759,1.502,2.547,0.0,0.3667,3.08,3.175,0.921,4.497,0.0,0.0,30.799,755.2165,213.9878,89.4535,3.3293,2.6803,0.2444,56.221,3.6666,0.2108,14.896,0.8623,,,,0.0,0.0,50.5265,100.0,3.2,68.8
510452,Ipiranga do Norte,51014,Teles Pires,5103,Norte,2022,7815.0,IBGE Censo 2022,6.0,12.0,12.0,False,True,16444558.59,3186665.79,9881414.7,2651304.37,15246369.31,1198189.28,14041257.72,6.48,10.56,23.25,2.0,18.92,107.86,0.0,0.0,46.0,10.67,3.42,0.0,0.0,3.0,0.0,2.0,23437.0,2467.0,36221.0,11782.0,17999.0,5438.0,7629.0,2256.0,6738.0,157907.0,30332.0,198641.28,9616.0,81176.15,0.0,257.0,75.0,10882.0,18636.0,34851.32,0.0,3.0,0.0,260.0,260.0,0.0,0.0,0.0,248537.81,0.0,0.0,199935.0,264661.33,131.0,28.0,1.0,7.63,3.58,77.86,4.58,69.47,6.87,2104.23,407.76,1264.42,0.829,1.351,2.421,0.0,0.3839,2.999,4.635,1.508,3.881,0.01,0.0,33.269,407.7627,1264.4165,85.3854,7.2862,2.975,0.2559,58.8612,3.8388,0.3157,17.2214,0.9762,,,,0.0,0.0,31.8027,100.0,6.5,85.9
510452,Ipiranga do Norte,51014,Teles Pires,5103,Norte,2023,8107.0,interpolada (Censo 2022 x IBGE 2024),6.0,12.0,12.0,False,True,18728530.51,2737173.66,11185748.42,3813706.62,17728637.63,999892.88,16734466.43,6.8,10.69,22.31,2.0,20.08,114.58,0.0,0.0,46.17,11.0,4.0,0.0,0.0,3.0,0.0,2.0,19985.0,2800.0,37993.0,12539.0,16712.0,3273.0,8372.0,2472.0,6810.0,188264.0,27298.0,191437.74,17389.0,157085.52,0.0,324.0,260.0,43071.34,24867.0,99433.85,0.0,7.0,0.0,331.0,331.0,0.0,0.0,0.0,319641.67,0.0,0.0,231607.0,311036.08,149.0,21.0,0.0,0.0,2.59,80.54,6.71,65.1,14.09,2310.17,337.63,1379.76,0.839,1.319,2.477,0.0,0.3701,2.465,4.686,1.547,3.367,0.032,0.0,40.829,337.6309,1379.7642,89.3528,5.3389,2.7519,0.2467,56.9508,3.7005,0.3454,16.5906,1.0327,,,,0.0,0.0,39.4279,100.0,16.9,122.3
510452,Ipiranga do Norte,51014,Teles Pires,5103,Norte,2024,8409.0,IBGE estimativa,6.0,12.0,12.0,False,True,24103549.63,4132358.71,13468521.46,4761214.59,21228126.24,2875423.39,20676931.96,7.86,13.15,23.04,2.58,20.58,125.86,0.0,0.0,48.0,12.42,3.83,0.0,0.75,2.92,0.0,2.58,25749.0,3401.0,52441.0,17096.0,20886.0,4863.0,10011.0,2365.0,9263.0,139026.0,45666.0,330049.92,47507.0,361111.56,0.0,384.0,583.0,97330.44,33872.0,205786.25,0.0,2.0,0.0,386.0,386.0,0.0,0.0,0.0,603908.06,0.0,0.0,202323.0,509505.81,140.0,32.0,1.0,7.14,3.81,92.14,8.57,68.57,12.14,2866.4,491.42,1601.68,0.935,1.564,2.447,0.0,0.3472,3.062,6.236,2.033,5.431,0.069,0.0,45.903,491.4209,1601.6793,85.7838,11.9295,2.7399,0.3068,57.0817,3.4725,0.4044,16.8929,1.1905,,,,0.0,0.0,71.8169,100.0,4.4,79.8
510452,Ipiranga do Norte,51014,Teles Pires,5103,Norte,2025,8658.0,IBGE estimativa,6.0,12.0,12.0,False,True,23621101.0,4261864.03,12132490.12,6789769.28,22265466.92,1355634.08,20617560.01,11.92,14.29,30.69,3.0,20.0,153.66,0.0,0.0,46.42,13.0,3.0,0.0,1.0,3.0,0.0,3.0,25726.0,4140.0,48907.0,14793.0,21352.0,4298.0,11937.0,2391.0,11265.0,80434.0,173495.0,1151436.01,173662.0,1177536.76,0.0,358.0,1723.0,319419.0,29894.0,368145.45,0.0,8.0,0.0,366.0,366.0,0.0,0.0,0.0,628231.93,0.0,0.0,278444.0,1604089.51,,,,,,,,,,2728.24,492.25,1401.3,1.377,1.65,2.31,0.0,0.3465,2.971,5.649,1.709,20.039,0.199,0.0,42.273,492.2458,1401.304,87.2845,5.7391,3.5447,0.3465,53.6152,3.465,0.4782,,1.3787,,,,0.0,0.0,72.5609,100.0,7.4,98.6
510454,Itanhangá,51014,Teles Pires,5103,Norte,2020,6885.0,IBGE estimativa,6.0,12.0,12.0,False,True,6034103.46,3506631.07,1802524.98,543962.73,5513093.55,521009.91,3909835.43,5.11,6.33,12.0,2.25,17.0,78.4,0.0,0.0,21.92,11.92,5.0,0.0,0.0,2.0,0.0,2.0,29457.0,1451.0,55755.0,32930.0,14857.0,12639.0,5090.0,1644.0,5619.0,29307.0,31057.0,183610.94,4903.0,25334.45,0.0,233.0,0.0,0.0,4753.0,108524.68,0.0,3.0,0.0,236.0,236.0,0.0,0.0,0.0,213395.26,0.0,0.0,65830.0,208692.59,104.0,33.0,1.0,9.62,4.79,89.42,6.73,56.73,19.23,876.41,509.31,261.8,0.742,0.919,2.469,0.0,0.2905,4.278,8.098,4.783,4.511,0.0,0.0,34.277,509.3146,261.8046,64.7956,8.6344,1.7429,0.3268,31.8373,2.9049,0.2107,15.8077,0.7393,,,,0.0,0.0,30.9942,100.0,5.1,115.1
510454,Itanhangá,51014,Teles Pires,5103,Norte,2021,7030.0,IBGE estimativa,6.0,12.0,12.0,False,True,8421289.17,4282002.11,3400823.41,278964.35,8000387.83,420901.34,6958056.71,5.61,7.42,12.67,2.42,18.25,85.9,0.0,0.0,26.33,12.0,5.0,0.0,0.0,2.0,0.0,2.0,32687.0,1709.0,66672.0,29214.0,16614.0,15020.0,4570.0,2018.0,4682.0,23868.0,35187.0,209258.28,7418.0,43042.87,0.0,287.0,0.0,0.0,4180.0,108442.37,0.0,7.0,0.0,294.0,294.0,0.0,0.0,0.0,698256.86,0.0,0.0,62327.0,222687.63,116.0,32.0,0.0,0.0,4.55,74.14,7.76,62.07,13.79,1197.91,609.1,483.76,0.798,1.055,2.596,0.0,0.2845,4.65,9.484,4.156,5.005,0.0,0.0,41.821,609.1041,483.7587,82.6246,4.9981,1.8023,0.3442,37.4538,2.845,0.2431,17.3966,0.6501,,,,0.0,0.0,99.3253,100.0,7.5,125.2
510454,Itanhangá,51014,Teles Pires,5103,Norte,2022,7539.0,IBGE Censo 2022,6.0,12.0,12.0,False,True,11016425.44,4964159.61,4584116.75,1077265.75,10110670.6,905754.84,7421368.49,6.88,9.38,12.25,2.42,17.0,87.09,0.0,0.0,30.0,12.0,5.0,0.0,0.0,2.0,0.0,2.0,50942.0,2319.0,84043.0,30267.0,24117.0,25323.0,5884.0,2453.0,5759.0,42703.0,49992.0,322844.38,18890.0,126455.93,0.0,276.0,197.0,26262.73,5525.0,126688.75,0.0,6.0,0.0,282.0,282.0,0.0,0.0,0.0,272166.66,0.0,0.0,97376.0,369545.66,123.0,32.0,3.0,24.39,4.24,68.29,13.01,65.04,20.33,1461.26,658.46,608.05,0.913,1.244,2.255,0.0,0.2653,6.757,11.148,4.015,6.631,0.026,0.0,37.405,658.4639,608.0537,67.3664,8.2219,1.6249,0.321,39.7931,2.6529,0.3076,19.9431,0.7805,,,,0.0,0.0,36.1012,100.0,6.0,127.0
510454,Itanhangá,51014,Teles Pires,5103,Norte,2023,7790.0,interpolada (Censo 2022 x IBGE 2024),6.0,12.0,12.0,False,True,11435772.66,5756717.12,4171896.63,1115832.66,11153562.15,282210.51,8584305.52,8.09,9.33,11.77,2.0,17.42,88.51,0.0,0.0,34.25,13.42,5.58,0.0,0.0,2.58,0.0,2.0,52431.0,2627.0,76999.0,30298.0,24557.0,26332.0,5526.0,2272.0,5364.0,63194.0,50268.0,301415.68,35535.0,188264.61,0.0,272.0,391.0,71800.86,13004.0,195423.31,0.0,9.0,0.0,281.0,281.0,0.0,0.0,0.0,286634.29,0.0,0.0,118338.0,393957.04,102.0,27.0,1.0,9.8,3.466,78.43,8.82,67.65,15.69,1468.01,738.99,535.55,1.039,1.198,2.236,0.0,0.3312,6.731,9.884,3.889,6.453,0.05,0.0,36.072,738.9881,535.5451,75.0654,2.4678,1.5109,0.2567,43.9666,3.3119,0.3372,22.2745,0.7094,,,,0.0,0.0,36.7952,100.0,12.1,137.4
510454,Itanhangá,51014,Teles Pires,5103,Norte,2024,8049.0,IBGE estimativa,6.0,12.0,12.0,False,True,14228171.04,6698631.98,6261931.61,963207.94,12077592.99,2150578.05,10700112.55,7.17,10.67,12.33,2.0,17.08,89.94,0.0,0.0,35.0,11.83,4.0,0.0,0.0,3.0,0.0,2.0,56699.0,2852.0,80836.0,45746.0,27242.0,27043.0,6908.0,1818.0,6840.0,60399.0,67626.0,404198.24,36398.0,185433.47,0.0,307.0,565.0,105128.34,21392.0,216311.51,0.0,6.0,0.0,313.0,313.0,0.0,0.0,0.0,307233.96,0.0,0.0,130548.0,517350.53,84.0,29.0,2.0,23.81,3.6,92.86,2.38,60.71,11.9,1767.69,832.23,777.98,0.891,1.326,2.122,0.0,0.3727,7.044,10.043,5.683,8.402,0.07,0.0,38.887,832.2316,777.9763,75.2037,15.1149,1.5319,0.2485,43.4837,3.7272,0.3543,21.6429,0.8582,,,,0.0,0.0,38.1705,100.0,8.6,133.9
510454,Itanhangá,51014,Teles Pires,5103,Norte,2025,8257.0,IBGE estimativa,6.0,12.0,12.0,False,True,15056804.13,5752068.62,7824033.47,1237920.34,14085580.87,971223.26,12674666.92,8.69,11.29,13.04,2.0,17.75,100.94,0.0,0.0,34.5,13.0,3.92,0.0,0.08,3.0,0.0,2.0,42590.0,2551.0,67778.0,61572.0,21685.0,19536.0,6306.0,1712.0,6673.0,78125.0,48099.0,290270.13,29336.0,180287.11,0.0,312.0,593.0,112708.01,31260.0,241083.68,0.0,6.0,0.0,318.0,318.0,0.0,0.0,0.0,393719.89,0.0,0.0,127532.0,404007.74,,,,,,,,,,1823.52,696.63,947.56,1.052,1.367,2.15,0.0,0.3633,5.158,8.209,7.457,5.825,0.072,0.0,38.513,696.6294,947.5637,84.179,6.4504,1.5793,0.2422,41.7827,3.6333,0.3089,,0.7637,,,,0.0,0.0,47.6832,100.0,12.3,137.4
510455,Itaúba,51010,Norte Matogrossense,5103,Norte,2020,3704.0,IBGE estimativa,6.0,12.0,12.0,False,True,9008956.74,5712990.21,2573051.93,224949.08,8152277.73,856679.01,7613624.35,3.92,6.0,11.17,1.0,21.42,91.74,16.0,0.0,24.17,8.42,1.92,1.0,0.0,1.0,0.0,1.0,5176.0,1053.0,9735.0,33967.0,4257.0,889.0,4411.0,1434.0,4219.0,1013646.0,47775.0,287273.77,5627.0,52948.74,0.0,189.0,115.0,20654.79,13679.0,79216.33,0.0,15.0,0.0,204.0,204.0,0.0,0.0,0.0,208455.45,0.0,0.0,1079600.0,444842.86,71.0,33.0,1.0,14.08,8.91,70.42,2.82,80.28,19.72,2432.22,1542.38,694.67,1.058,1.62,5.783,4.32,0.27,1.397,2.628,9.17,12.898,0.031,0.0,55.076,1542.384,694.6684,84.5117,9.5092,3.0157,0.27,65.2538,2.6998,0.2843,20.1972,1.1909,,,,0.0,0.0,56.2785,100.0,25.5,87.6
510455,Itaúba,51010,Norte Matogrossense,5103,Norte,2021,3609.0,IBGE estimativa,6.0,12.0,12.0,False,True,10984284.34,7551979.02,2476414.27,443620.9,10650315.44,333968.9,9298597.66,3.88,6.17,15.33,1.0,21.92,98.25,16.0,0.0,29.0,8.0,1.0,1.0,0.0,1.0,0.0,1.0,6705.0,1655.0,14679.0,24136.0,5142.0,1560.0,3429.0,1376.0,3211.0,125998.0,67972.0,335913.77,4302.0,43699.42,0.0,161.0,22.0,4076.35,20258.0,56924.53,0.0,12.0,0.0,173.0,173.0,0.0,0.0,0.0,488039.74,0.0,0.0,211362.0,463862.37,89.0,38.0,0.0,0.0,10.53,79.78,8.99,80.9,19.1,3043.58,2092.54,686.18,1.075,1.71,6.074,4.433,0.2771,1.858,4.067,6.688,18.834,0.006,0.0,47.936,2092.5406,686.1774,84.6537,3.0404,4.2477,0.2771,80.3547,2.7709,0.4586,15.4607,0.9501,,,,0.0,0.0,135.2285,100.0,26.0,109.8
510455,Itaúba,51010,Norte Matogrossense,5103,Norte,2022,5020.0,IBGE Censo 2022,6.0,12.0,12.0,False,True,13405370.5,9947962.62,2719279.35,22685.32,12818643.67,586726.83,9847105.32,4.65,6.75,14.42,1.29,22.17,99.96,16.0,0.0,29.0,8.0,1.0,1.0,0.0,1.0,0.0,1.0,5028.0,2045.0,10425.0,25105.0,3891.0,1137.0,4139.0,1616.0,3737.0,95739.0,63000.0,352205.05,7974.0,72605.27,0.0,231.0,16.0,0.0,20867.0,180398.78,0.0,30.0,0.0,261.0,261.0,0.0,0.0,0.0,344087.6,0.0,0.0,181481.0,510868.9,81.0,38.0,1.0,12.35,7.57,81.48,14.81,86.42,23.46,2670.39,1981.67,541.69,0.926,1.345,4.416,3.187,0.1992,1.002,2.077,5.001,12.55,0.003,0.0,51.992,1981.6659,541.6891,73.4564,4.3768,2.8725,0.257,57.7689,1.992,0.4074,19.9506,0.8245,,,,0.0,0.0,68.5433,100.0,28.7,96.1
510455,Itaúba,51010,Norte Matogrossense,5103,Norte,2023,5090.0,interpolada (Censo 2022 x IBGE 2024),6.0,12.0,12.0,False,True,14414599.57,10680694.38,3022281.93,0.0,13866383.45,548216.12,11357859.96,6.48,8.13,14.04,1.1,20.08,97.98,16.0,0.0,29.08,7.08,1.0,1.0,0.0,1.0,0.0,1.0,7649.0,1642.0,15232.0,9228.0,6444.0,1205.0,3463.0,1396.0,3552.0,62782.0,48446.0,302030.1,26629.0,224210.28,0.0,259.0,0.0,0.0,24800.0,131558.7,0.0,15.0,0.0,274.0,274.0,0.0,0.0,0.0,419798.84,0.0,0.0,127208.0,421790.7,85.0,44.0,3.0,35.29,8.644,87.06,9.41,83.33,10.59,2831.94,2098.37,593.77,1.273,1.597,3.945,3.143,0.1965,1.503,2.993,1.813,9.518,0.0,0.0,53.831,2098.3682,593.7686,78.7941,3.8032,2.7583,0.2161,57.1316,1.9646,0.3226,16.4235,0.6804,,,,0.0,0.0,82.4752,100.0,33.2,120.0
510455,Itaúba,51010,Norte Matogrossense,5103,Norte,2024,5161.0,IBGE estimativa,6.0,12.0,12.0,False,True,17942473.91,13867425.51,3258122.16,0.0,17508460.3,434013.61,12316820.94,7.91,8.58,14.46,1.93,20.0,104.3,16.0,0.0,31.17,7.0,1.0,1.0,0.0,1.0,0.0,1.0,11613.0,1914.0,25579.0,24859.0,10514.0,1099.0,4773.0,1553.0,4822.0,68549.0,42256.0,222872.32,11129.0,90958.41,0.0,231.0,0.0,0.0,37907.0,256505.37,0.0,26.0,0.0,257.0,257.0,0.0,0.0,0.0,433443.83,0.0,0.0,119883.0,279594.37,99.0,42.0,0.0,0.0,8.14,94.85,5.05,90.91,16.16,3476.55,2686.96,631.3,1.533,1.662,3.875,3.1,0.1938,2.25,4.956,4.817,8.188,0.0,0.0,49.797,2686.9648,631.2967,68.6462,2.4189,2.8018,0.374,60.3953,1.9376,0.3709,15.6869,0.9248,,,,0.0,0.0,83.9845,100.0,29.6,115.6
510455,Itaúba,51010,Norte Matogrossense,5103,Norte,2025,5201.0,IBGE estimativa,6.0,12.0,12.0,False,True,20001333.33,15278103.79,3862499.19,0.0,18477089.88,1524243.45,12092645.67,18.18,6.83,15.15,1.9,20.42,117.48,16.0,0.0,32.08,7.0,1.0,1.0,0.0,1.0,0.0,1.0,13130.0,2873.0,27171.0,23246.0,12004.0,1126.0,4920.0,1375.0,4802.0,112388.0,55350.0,258751.84,18370.0,96079.48,0.0,343.0,72.0,12230.89,40228.0,402159.36,0.0,41.0,0.0,384.0,384.0,0.0,0.0,0.0,538667.06,0.0,0.0,199218.0,599468.78,,,,,,,,,,3845.67,2937.53,742.65,3.495,1.313,3.926,3.076,0.1923,2.525,5.224,4.47,10.642,0.014,0.0,73.832,2937.532,742.6455,60.4592,7.6207,2.9129,0.3653,61.6804,1.9227,0.5524,,0.946,,,,0.0,0.0,103.5699,100.0,48.2,158.3
510460,Itiquira,51013,Sul Matogrossense,5101,Sul,2020,13552.0,IBGE estimativa,6.0,12.0,12.0,False,True,23156452.89,5768619.03,13504015.48,1786007.76,21275408.89,1881044.0,16007032.23,14.1,16.87,42.26,5.02,43.92,196.32,36.0,0.0,47.25,20.0,5.0,1.0,0.0,5.0,0.0,5.0,23674.0,2549.0,19449.0,38006.0,17142.0,4793.0,7716.0,2293.0,7927.0,33876.0,62683.0,280033.15,6176.0,64490.48,293.0,643.0,34.0,0.0,6298.0,246354.35,0.0,44.0,293.0,687.0,396.0,802.0,0.0,116960.44,836178.25,7.0,62.0,112999.0,360497.2,168.0,58.0,4.0,23.81,4.28,77.38,8.93,62.5,16.07,1708.71,425.67,996.46,1.04,1.245,3.241,2.656,0.3689,1.747,1.435,2.804,4.625,0.003,21.62,50.694,425.6655,996.4592,69.1256,8.1232,3.1184,0.3704,34.8657,3.6895,0.1881,13.6488,0.5694,21.1604,2.3891,2.7372,0.0,8.6305,61.7015,57.6419,0.7,58.3
510460,Itiquira,51013,Sul Matogrossense,5101,Sul,2021,13727.0,IBGE estimativa,6.0,12.0,12.0,False,True,26324947.71,5181754.09,15885153.89,2365529.72,24920852.77,1404094.94,20208815.5,13.89,17.82,38.64,5.75,43.75,199.55,36.0,0.0,55.83,19.83,5.0,1.0,0.0,5.0,0.0,5.0,24599.0,2923.0,20185.0,51164.0,18028.0,5163.0,5973.0,2104.0,6419.0,57953.0,94220.0,436001.73,8700.0,75056.81,333.0,721.0,5.0,593.42,12363.0,315456.44,0.0,43.0,333.0,764.0,431.0,1061.0,0.0,170659.3,1123222.34,9.0,56.0,169634.0,526569.65,147.0,90.0,4.0,27.21,6.56,80.27,8.22,54.42,15.65,1917.75,377.49,1157.22,1.012,1.298,3.187,2.623,0.3642,1.792,1.47,3.727,6.864,0.0,24.259,55.657,377.4863,1157.2196,76.7668,5.3337,2.8149,0.4189,40.6717,3.6425,0.2129,14.3129,0.4351,16.8168,2.7027,3.1862,0.0,12.4324,81.8258,56.4136,0.9,56.4
510460,Itiquira,51013,Sul Matogrossense,5101,Sul,2022,12236.0,IBGE Censo 2022,6.0,12.0,12.0,False,True,31128171.89,7287316.62,17663091.01,3451568.27,30820147.44,308024.45,24051176.11,14.91,20.09,42.18,5.92,45.83,213.81,37.0,0.0,65.33,19.0,5.0,1.0,0.0,5.0,0.0,5.0,43815.0,6970.0,99100.0,23788.0,29928.0,13176.0,6570.0,2682.0,6816.0,129199.0,111832.0,540546.96,5786.0,73673.88,438.0,914.0,159.0,72547.04,14004.0,391863.4,0.0,42.0,438.0,956.0,519.0,1311.0,0.0,193656.94,1181379.41,6.0,406.0,252937.0,671553.5,148.0,61.0,2.0,13.51,4.99,80.41,5.41,61.49,15.54,2543.98,595.56,1443.53,1.219,1.642,3.746,3.024,0.4086,3.581,8.099,1.944,9.14,0.013,35.796,78.13,595.5636,1443.5347,77.265,0.9895,3.4472,0.4838,53.3916,4.0863,0.5696,18.1216,0.5369,92.6941,1.3699,2.9932,0.0,15.8268,96.5495,54.2887,4.0,60.9
510460,Itiquira,51013,Sul Matogrossense,5101,Sul,2023,12377.0,interpolada (Censo 2022 x IBGE 2024),6.0,12.0,12.0,False,True,33318015.06,7901006.29,18601346.91,4562360.76,32560756.4,757258.66,25017485.0,14.84,20.96,42.58,5.92,43.66,215.71,37.0,0.0,73.33,18.42,5.0,1.0,0.0,5.0,0.0,5.0,39028.0,7032.0,108787.0,22594.0,25454.0,13172.0,7341.0,2832.0,7873.0,149711.0,121584.0,606125.03,7348.0,72591.02,491.0,1034.0,0.0,0.0,14813.0,419999.98,35.0,85.0,526.0,1119.0,593.0,1370.0,0.0,203691.96,1401973.28,8.0,477.0,272226.0,606125.03,140.0,68.0,0.0,0.0,5.494,84.29,6.43,59.71,14.29,2691.93,638.36,1502.9,1.199,1.693,3.528,2.989,0.404,3.153,8.789,1.825,9.823,0.0,42.498,90.41,638.362,1502.8963,75.087,2.2728,3.4403,0.4783,59.247,4.0398,0.5682,20.2286,0.5931,90.6844,1.5209,2.6046,0.0,16.4573,113.2725,52.9937,2.9,58.7
510460,Itiquira,51013,Sul Matogrossense,5101,Sul,2024,12519.0,IBGE estimativa,6.0,12.0,12.0,False,True,32231666.41,8419345.45,17197079.8,4823065.15,29382674.48,2848991.93,23974686.77,17.48,19.53,40.53,5.88,43.27,225.4,37.0,0.0,82.0,17.67,5.0,1.0,0.0,5.0,0.0,5.0,37073.0,5215.0,120900.0,20945.0,26970.0,10103.0,9939.0,2313.0,11287.0,354847.0,162022.0,825296.87,19322.0,159342.31,307.0,949.0,103.0,11812.53,36723.0,445918.79,0.0,52.0,307.0,1001.0,694.0,923.0,0.0,110641.44,1383853.27,3.0,304.0,518398.0,839142.2,130.0,45.0,0.0,0.0,3.59,82.31,7.69,56.92,18.46,2574.62,672.53,1373.68,1.396,1.56,3.456,2.956,0.3994,2.961,9.657,1.673,12.942,0.008,24.523,79.958,672.5254,1373.6784,74.3824,8.8391,3.2375,0.4697,65.5004,3.9939,0.4166,17.7923,0.7939,99.0228,0.9772,3.0065,0.0,8.8379,110.5402,69.3307,2.6,74.6
510460,Itiquira,51013,Sul Matogrossense,5101,Sul,2025,12587.0,IBGE estimativa,6.0,12.0,12.0,False,True,38711145.32,8570729.25,21334374.85,6493390.74,36410697.95,2300447.37,30804229.75,19.48,19.07,39.36,5.15,42.79,230.76,37.0,0.0,82.58,17.25,5.0,1.0,0.0,5.0,0.0,5.0,36636.0,4694.0,117866.0,20068.0,24989.0,9970.0,8405.0,2095.0,9992.0,216599.0,167706.0,817621.27,18682.0,189780.7,517.0,1201.0,326.0,34612.1,59798.0,725349.98,0.0,66.0,517.0,1267.0,750.0,1485.0,0.0,191763.7,1372057.76,10.0,481.0,428228.0,1069275.27,,,,,,,,,,3075.49,680.92,1694.95,1.548,1.515,3.4,2.94,0.3972,2.911,9.364,1.594,13.324,0.026,41.074,100.659,680.9191,1694.9531,79.5746,5.9426,3.127,0.4092,65.6074,3.9724,0.3729,,0.6678,93.0368,1.9342,2.8723,0.0,15.2351,109.0059,59.1949,2.6,64.4
510480,Jaciara,51013,Sul Matogrossense,5101,Sul,2020,27807.0,IBGE estimativa,6.0,12.0,12.0,False,True,36263725.01,12654390.36,18683307.73,2393002.62,35253707.44,1010017.57,17183609.76,23.9,26.55,58.99,9.18,91.41,317.4,38.33,0.0,124.58,23.25,8.0,1.0,0.0,8.0,0.0,8.0,29390.0,4029.0,34245.0,185174.0,17784.0,11144.0,19447.0,6738.0,19144.0,414563.0,136380.0,712504.83,15559.0,141958.15,1188.0,1503.0,633.0,105760.97,38507.0,990999.98,0.0,71.0,1188.0,1574.0,594.0,3576.0,0.0,766456.14,2417846.02,35.0,1087.0,581221.0,978534.05,434.0,209.0,2.0,4.61,7.52,51.15,8.99,67.74,19.12,1304.12,455.08,671.89,0.859,0.955,3.287,1.378,0.2877,1.057,1.232,6.659,4.905,0.023,42.723,56.604,455.0793,671.8922,47.3851,2.7852,2.1214,0.3301,44.8017,2.877,0.1449,15.5253,0.6994,91.4983,2.9461,3.0101,0.0,27.5634,86.951,37.7382,5.5,30.7
510480,Jaciara,51013,Sul Matogrossense,5101,Sul,2021,27696.0,IBGE estimativa,6.0,12.0,12.0,False,True,36347836.97,10953306.28,21543964.26,1577207.4,34395761.41,1952075.56,22324827.15,29.17,28.8,73.03,8.18,88.25,355.91,40.0,0.0,148.33,25.5,8.0,1.33,0.0,8.0,0.0,8.0,47850.0,5758.0,71351.0,222278.0,20860.0,26266.0,14382.0,5902.0,15165.0,66109.0,185429.0,967467.83,18678.0,168935.95,1564.0,1962.0,612.0,92295.74,51293.0,1230380.95,0.0,76.0,1564.0,2038.0,724.0,5048.0,0.0,984280.05,3619419.44,33.0,1408.0,279951.0,1199699.32,428.0,246.0,2.0,4.67,8.88,57.24,5.61,72.13,15.19,1312.39,395.48,777.87,1.053,1.04,3.186,1.444,0.2889,1.728,2.576,8.026,6.695,0.022,56.47,73.585,395.4833,777.8728,61.42,5.3705,2.6368,0.2953,53.5565,2.8885,0.2079,13.7897,0.5193,90.0256,2.11,3.2276,0.0,35.5387,130.6838,35.525,4.7,27.9
510480,Jaciara,51013,Sul Matogrossense,5101,Sul,2022,28569.0,IBGE Censo 2022,6.0,12.0,12.0,False,True,43937610.01,15324758.98,23938975.25,1999018.03,42444441.65,1493168.36,21563756.95,34.08,29.69,69.34,7.68,90.0,367.17,46.67,0.0,160.33,27.0,8.0,2.0,0.0,8.0,0.0,8.0,56460.0,10703.0,88248.0,243034.0,24337.0,29940.0,16183.0,6705.0,16905.0,60323.0,252565.0,1426281.19,21518.0,251923.33,1770.0,2164.0,1283.0,131745.53,65675.0,1430138.65,3.0,128.0,1773.0,2292.0,810.0,5236.0,0.0,874032.13,2585577.17,28.0,1492.0,327517.0,1642024.47,411.0,175.0,1.0,2.43,6.13,62.77,7.79,71.53,11.44,1537.95,536.41,837.94,1.193,1.039,3.15,1.634,0.28,1.976,3.089,8.507,8.841,0.045,62.06,80.227,536.4122,837.9354,49.0781,3.3984,2.4271,0.2688,56.1203,2.8002,0.3746,16.3139,0.5665,84.1512,1.5792,2.9532,0.0,30.5937,90.5029,35.3403,5.3,28.4
510480,Jaciara,51013,Sul Matogrossense,5101,Sul,2023,29060.0,interpolada (Censo 2022 x IBGE 2024),6.0,12.0,12.0,False,True,43449701.24,14139112.01,24783168.74,1863260.32,43350492.32,99208.92,23860142.13,31.21,25.5,72.53,8.21,87.25,362.39,45.83,0.0,164.67,26.33,8.0,1.33,0.0,8.0,0.0,8.0,60772.0,12741.0,87532.0,244176.0,21920.0,36806.0,17201.0,5916.0,18770.0,88747.0,264521.0,1519241.32,22253.0,251008.74,1551.0,2110.0,751.0,122349.34,65272.0,1272771.58,0.0,173.0,1551.0,2283.0,949.0,4741.0,0.0,769513.25,2943987.25,32.0,1365.0,405767.0,1951949.21,368.0,207.0,7.0,19.02,7.123,62.77,7.07,70.3,13.32,1495.17,486.55,852.83,1.074,0.877,3.002,1.577,0.2753,2.091,3.012,8.402,9.103,0.026,53.372,78.562,486.5489,852.8276,54.9144,0.2283,2.4959,0.2825,56.6655,2.7529,0.4384,16.0761,0.5919,88.0077,2.0632,3.0567,0.0,26.4802,101.3072,41.5681,5.8,32.0
510480,Jaciara,51013,Sul Matogrossense,5101,Sul,2024,29560.0,IBGE estimativa,6.0,12.0,12.0,False,True,56614766.53,18491414.81,32855206.5,1964337.85,56295962.54,318803.99,20143347.94,45.94,29.2,73.68,8.13,86.0,400.4,54.67,0.0,204.17,28.33,8.0,1.83,0.0,8.0,0.83,8.0,49837.0,12801.0,80370.0,255847.0,24724.0,23452.0,18340.0,5357.0,19943.0,118904.0,334631.0,1845843.41,37984.0,485906.55,1866.0,2324.0,547.0,184211.25,94443.0,1532219.16,0.0,147.0,1866.0,2471.0,912.0,5353.0,0.0,900674.37,3156861.43,23.0,1571.0,508792.0,2381438.51,347.0,190.0,3.0,8.65,6.43,67.15,6.92,72.05,14.99,1915.25,625.56,1111.48,1.554,0.988,2.909,1.849,0.2706,1.686,2.719,8.655,11.32,0.019,63.126,83.593,625.5553,1111.4752,35.5797,0.5631,2.4926,0.275,69.0697,2.7064,0.4331,15.438,0.6204,84.1908,1.2326,2.8687,0.0,30.4694,106.795,36.9081,5.0,28.3
510480,Jaciara,51013,Sul Matogrossense,5101,Sul,2025,29803.0,IBGE estimativa,6.0,12.0,12.0,False,True,55270538.49,20098925.96,29535860.36,2112108.1,52785749.05,2484789.44,26315372.0,55.84,26.27,69.91,8.29,86.67,405.42,51.33,0.0,183.08,29.25,8.0,1.67,0.0,8.0,1.0,8.0,67235.0,11589.0,105057.0,264749.0,43214.0,21414.0,20610.0,5654.0,22027.0,134462.0,353644.0,2026913.67,28512.0,403694.45,1611.0,2200.0,618.0,181126.5,111607.0,1565560.73,0.0,127.0,1611.0,2327.0,997.0,4844.0,0.0,761681.33,3217507.4,22.0,1518.0,537877.0,2515234.47,,,,,,,,,,1854.53,674.39,991.04,1.874,0.881,2.908,1.722,0.2684,2.256,3.525,8.883,11.866,0.021,54.055,78.079,674.3927,991.0365,47.6119,4.4957,2.3457,0.2782,61.4301,2.6843,0.3889,,0.6915,94.2272,1.3656,3.0068,0.0,25.5572,107.9592,42.8449,5.9,32.8
510490,Jangada,51002,Baixada Cuiabana,5105,Centro-Norte,2020,8451.0,IBGE estimativa,4.0,12.0,9.0,False,False,6063206.08,2257108.02,1127127.41,2203907.99,5835073.86,228132.22,3456465.34,6.1,9.76,11.56,4.19,27.17,87.0,0.0,0.0,43.0,11.83,4.58,0.0,0.42,3.0,0.0,3.17,4751.0,313.0,5875.0,6297.0,2246.0,2505.0,5522.0,1238.0,5342.0,20025.0,43294.0,218883.6,2028.0,11249.13,0.0,275.0,0.0,0.0,9551.0,130043.49,0.0,14.0,0.0,289.0,289.0,0.0,0.0,0.0,560946.27,0.0,0.0,63746.0,218883.6,105.0,58.0,0.0,0.0,6.86,65.71,6.67,54.29,13.33,717.45,267.08,133.37,0.722,1.155,3.215,0.0,0.355,0.562,0.695,0.745,5.123,0.0,0.0,34.197,267.0818,133.3721,57.0072,3.7626,1.3679,0.4958,50.8816,3.5499,0.037,11.7905,0.6534,,,,0.0,0.0,66.3763,100.0,1.0,63.5
510490,Jangada,51002,Baixada Cuiabana,5105,Centro-Norte,2021,8420.0,IBGE estimativa,6.0,12.0,10.0,False,False,7108999.71,2881417.39,2447204.59,1610565.75,6219991.89,889007.82,3709881.98,4.86,8.51,8.6,3.44,24.96,72.55,0.0,0.0,40.33,11.0,3.67,0.0,0.0,2.75,0.0,3.67,4028.0,227.0,5231.0,6163.0,2948.0,1080.0,3734.0,1473.0,3661.0,47940.0,127428.0,729161.38,2747.0,23609.84,0.0,252.0,0.0,0.0,8120.0,203837.21,0.0,9.0,0.0,261.0,261.0,0.0,0.0,0.0,492596.98,0.0,0.0,176131.0,731492.83,95.0,66.0,1.0,10.53,7.84,81.05,3.16,48.42,17.89,844.3,342.21,290.64,0.577,1.011,2.964,0.0,0.3266,0.478,0.621,0.732,15.134,0.0,0.0,30.998,342.2111,290.6419,52.1857,12.5054,1.0214,0.4086,47.8979,3.266,0.027,15.5053,0.4435,,,,0.0,0.0,58.5032,100.0,1.5,66.3
510490,Jangada,51002,Baixada Cuiabana,5105,Centro-Norte,2022,7426.0,IBGE Censo 2022,6.0,12.0,10.0,False,False,8588027.83,2391580.27,3370931.29,2510213.36,7953213.67,634814.16,5807649.64,5.55,8.06,12.91,3.21,24.75,83.65,0.0,0.0,41.33,10.0,3.75,0.0,0.0,2.83,0.0,3.33,9998.0,1071.0,13485.0,25127.0,6265.0,3699.0,6168.0,1697.0,5877.0,130971.0,227329.0,1186663.0,3277.0,28631.26,0.0,286.0,0.0,0.0,6375.0,331391.79,0.0,12.0,0.0,298.0,298.0,0.0,0.0,0.0,511767.58,0.0,0.0,360286.0,1204387.45,96.0,55.0,0.0,0.0,7.41,73.96,6.25,38.54,15.63,1156.48,322.05,453.94,0.747,1.085,3.333,0.0,0.3811,1.346,1.816,3.384,30.613,0.0,0.0,40.129,322.055,453.9363,67.625,7.3919,1.7385,0.4323,55.6558,3.8109,0.1442,17.6771,0.8306,,,,0.0,0.0,68.9156,100.0,0.3,61.1
510490,Jangada,51002,Baixada Cuiabana,5105,Centro-Norte,2023,7436.0,interpolada (Censo 2022 x IBGE 2024),6.0,12.0,12.0,False,True,8682959.4,3110934.87,3054072.9,2439135.52,8314351.73,368607.67,5831855.92,7.43,12.25,21.55,4.0,32.25,118.5,0.0,0.0,51.0,13.17,4.83,0.0,0.17,4.0,0.0,4.0,14556.0,2016.0,23211.0,35628.0,7810.0,6664.0,6029.0,1771.0,5921.0,160906.0,162540.0,631201.09,17393.0,147515.32,0.0,327.0,42.0,5462.66,7943.0,272312.2,0.0,17.0,0.0,344.0,344.0,0.0,0.0,0.0,681209.51,0.0,0.0,331137.0,716054.85,97.0,68.0,1.0,10.31,9.145,81.44,10.31,55.67,11.34,1167.69,418.36,410.71,0.999,1.647,4.337,0.0,0.5379,1.958,3.121,4.791,21.859,0.006,0.0,46.261,418.3613,410.7145,67.1644,4.2452,2.8981,0.5379,68.5853,5.3792,0.2711,18.2577,0.8108,,,,0.0,0.0,91.6097,100.0,4.1,61.9
510490,Jangada,51002,Baixada Cuiabana,5105,Centro-Norte,2024,7447.0,IBGE estimativa,6.0,12.0,12.0,False,True,13821304.96,5590410.15,5577618.37,2548222.24,12709432.33,1111872.63,7774182.32,10.45,16.08,28.85,6.0,32.92,150.84,0.0,0.0,57.0,15.42,4.75,0.0,1.0,4.75,0.0,4.0,18241.0,2518.0,28277.0,48407.0,10010.0,8016.0,6601.0,1573.0,6468.0,105816.0,126562.0,429664.6,13682.0,128632.17,0.0,350.0,47.0,9406.62,9210.0,410730.46,0.0,19.0,0.0,369.0,369.0,0.0,0.0,0.0,565471.34,0.0,0.0,239467.0,472394.62,70.0,64.0,0.0,0.0,8.59,84.29,5.71,44.29,7.14,1855.96,750.69,748.98,1.403,2.159,4.421,0.0,0.6378,2.449,3.797,6.5,16.995,0.006,0.0,49.55,750.6929,748.9752,56.2478,8.0446,3.874,0.8057,76.5409,6.3784,0.3381,22.4714,0.8864,,,,0.0,0.0,75.9328,100.0,4.1,67.4
510490,Jangada,51002,Baixada Cuiabana,5105,Centro-Norte,2025,7413.0,IBGE estimativa,1.0,12.0,12.0,False,False,9404077.42,2598087.2,3170458.88,3629187.34,9365148.42,38929.0,6994528.82,6.88,15.06,29.48,4.25,31.42,134.73,0.0,0.0,51.0,14.58,4.0,0.0,1.0,4.0,0.0,3.67,11012.0,154.0,16631.0,33280.0,6268.0,4744.0,5865.0,1249.0,6095.0,48584.0,63772.0,253747.61,4183.0,43084.64,0.0,376.0,10.0,2167.02,15463.0,396250.88,0.0,24.0,0.0,400.0,400.0,0.0,0.0,0.0,762454.88,0.0,0.0,117188.0,277942.13,,,,,,,,,,1268.59,350.48,427.69,0.928,2.032,4.238,0.0,0.5396,1.485,2.243,4.489,8.603,0.001,0.0,53.959,350.4772,427.689,74.3776,0.414,3.9768,0.5733,68.7981,5.3959,0.0208,,0.7912,,,,0.0,0.0,102.8538,100.0,2.5,66.9
510500,Jauru,51012,Sudoeste Matogrossense,5102,Oeste,2020,8582.0,IBGE estimativa,6.0,12.0,12.0,False,True,9355803.28,3430594.1,2303838.27,3081978.05,9144833.25,210970.03,4753127.84,7.56,8.0,22.68,2.92,34.58,118.66,33.0,0.0,19.75,10.67,4.67,1.0,0.0,3.25,0.0,2.75,7062.0,791.0,12747.0,33859.0,6656.0,406.0,6515.0,1567.0,6191.0,71060.0,11651.0,51406.96,2200.0,16886.55,185.0,500.0,0.0,0.0,23106.0,286328.59,0.0,8.0,185.0,508.0,329.0,559.0,0.0,67232.91,480342.44,10.0,185.0,87790.0,75711.46,121.0,76.0,3.0,24.79,8.86,72.73,12.4,79.34,14.05,1090.17,399.74,268.45,0.881,0.932,4.029,3.845,0.3787,0.823,1.485,3.945,1.358,0.0,21.557,59.194,399.743,268.45,50.8041,2.255,2.6427,0.3402,23.0133,3.787,0.0922,12.9504,0.7591,100.0,5.4054,3.0216,0.0,7.8342,55.9709,64.7638,35.0,83.6
510500,Jauru,51012,Sudoeste Matogrossense,5102,Oeste,2021,8377.0,IBGE estimativa,6.0,12.0,12.0,False,True,9873113.05,3797585.56,2866359.01,2637405.36,9365887.69,507225.36,5641690.4,7.93,8.33,21.96,3.0,37.83,126.13,33.0,0.0,20.0,11.0,5.0,1.0,0.0,4.0,0.0,3.0,10907.0,1084.0,13493.0,47670.0,8625.0,2282.0,4484.0,1787.0,4350.0,40157.0,14454.0,69867.5,3458.0,25681.42,178.0,462.0,0.0,0.0,19647.0,256308.49,0.0,4.0,178.0,466.0,292.0,563.0,0.0,72028.44,403181.73,14.0,178.0,60591.0,99468.5,129.0,96.0,2.0,15.5,11.46,69.53,4.65,70.54,13.95,1178.6,453.33,342.17,0.947,0.994,4.516,3.939,0.4775,1.302,1.611,5.691,1.725,0.0,21.249,55.629,453.3348,342.1701,57.142,5.1374,2.6215,0.3581,23.8749,4.775,0.1294,13.8527,0.5353,100.0,7.8652,3.1629,0.0,8.5984,48.1296,62.6609,36.1,74.9
510500,Jauru,51012,Sudoeste Matogrossense,5102,Oeste,2022,8367.0,IBGE Censo 2022,6.0,12.0,12.0,False,True,9725446.34,4019226.72,3262312.45,2167777.28,9153429.63,572016.71,5805576.36,7.68,8.71,21.9,2.08,34.58,126.03,33.0,0.0,20.17,11.0,5.0,1.0,0.0,4.0,0.0,3.0,21948.0,1092.0,24153.0,58490.0,12628.0,9320.0,4332.0,1709.0,4448.0,41573.0,22066.0,90978.35,4386.0,33092.62,144.0,450.0,0.0,0.0,6338.0,241025.95,0.0,3.0,144.0,453.0,313.0,434.0,0.0,53242.73,439735.34,5.0,143.0,65521.0,100294.25,109.0,69.0,0.0,0.0,8.25,71.56,15.6,73.39,13.76,1162.36,480.37,389.9,0.918,1.041,4.133,3.944,0.4781,2.623,2.887,6.991,2.637,0.0,17.21,54.141,480.3665,389.9023,59.6947,5.8816,2.6174,0.2486,24.1066,4.7807,0.1305,15.6789,0.5177,99.3056,3.4722,3.0139,0.0,6.3634,52.5559,69.0949,35.5,82.0
510500,Jauru,51012,Sudoeste Matogrossense,5102,Oeste,2023,8220.0,interpolada (Censo 2022 x IBGE 2024),6.0,12.0,12.0,False,True,10511027.46,4786195.92,2634112.35,2578965.71,10256507.16,254520.3,6192393.05,8.38,10.23,22.54,2.5,30.5,130.49,33.0,0.0,22.0,11.0,5.0,1.0,0.0,3.33,0.67,3.0,24217.0,2102.0,27160.0,48506.0,9088.0,15129.0,4376.0,1608.0,4563.0,54255.0,25995.0,107138.47,5796.0,50094.33,129.0,576.0,13.0,3493.75,7470.0,284611.36,0.0,24.0,129.0,600.0,472.0,413.0,0.0,51923.38,597392.01,7.0,129.0,81923.0,118849.22,106.0,88.0,2.0,18.87,10.706,73.58,9.43,70.75,13.21,1278.71,582.26,320.45,1.019,1.245,3.71,4.015,0.4051,2.946,3.304,5.901,3.162,0.002,15.693,72.993,582.2623,320.4516,58.9133,2.4215,2.7421,0.3041,26.764,4.0511,0.2557,15.1698,0.5324,100.0,5.4264,3.2016,0.0,6.3167,72.6754,78.6667,36.8,98.6
510500,Jauru,51012,Sudoeste Matogrossense,5102,Oeste,2024,8076.0,IBGE estimativa,6.0,12.0,12.0,False,True,12528129.16,5252167.09,3523235.09,3099592.97,12366358.67,161770.49,7997606.54,8.54,10.83,22.78,2.0,30.58,127.8,33.0,0.0,31.17,11.58,5.0,1.0,0.58,3.0,0.92,3.0,28108.0,1544.0,34730.0,40094.0,13554.0,14554.0,6104.0,1634.0,6100.0,26147.0,21975.0,104815.82,20886.0,120064.93,73.0,458.0,101.0,26054.94,1322.0,256033.24,0.0,14.0,73.0,472.0,400.0,257.0,0.0,29497.61,466937.15,6.0,73.0,49354.0,136469.21,91.0,72.0,1.0,10.99,8.92,74.73,9.89,75.82,17.58,1551.28,650.34,436.26,1.057,1.341,3.787,4.086,0.3715,3.48,4.3,4.965,2.721,0.013,9.039,58.445,650.3426,436.2599,63.8372,1.2913,2.8207,0.2476,38.5958,3.7147,0.1912,17.956,0.7558,100.0,8.2192,3.5205,0.0,3.6525,57.8179,84.7458,37.9,101.8
510500,Jauru,51012,Sudoeste Matogrossense,5102,Oeste,2025,7881.0,IBGE estimativa,6.0,12.0,12.0,False,True,13990776.05,6955465.58,3689612.72,2796773.02,13649508.52,341267.53,8437565.05,9.55,11.24,22.73,2.92,32.0,133.72,33.0,0.0,29.0,11.75,4.75,1.0,1.0,3.0,1.0,3.0,29370.0,2018.0,40709.0,40820.0,15718.0,13652.0,6221.0,1632.0,6366.0,7390.0,22164.0,113925.43,25916.0,155809.89,79.0,508.0,125.0,27236.44,7948.0,261793.31,0.0,18.0,79.0,526.0,447.0,248.0,0.0,28109.06,639225.29,1.0,79.0,40950.0,196953.32,,,,,,,,,,1775.25,882.56,468.17,1.212,1.426,4.06,4.187,0.3807,3.727,5.165,5.18,2.812,0.016,10.024,66.743,882.5613,468.1656,60.3081,2.4392,2.8842,0.3705,36.7974,3.8066,0.2561,,0.7894,100.0,1.2658,3.1392,0.0,3.5667,81.1097,84.981,35.6,99.8
510510,Juara,51016,Vale dos Arinos,5103,Norte,2020,35121.0,IBGE estimativa,6.0,12.0,12.0,False,True,32352119.55,10736939.35,15481026.72,4225996.79,30978703.9,1373415.65,15258522.82,30.48,27.75,100.94,4.77,77.88,384.75,35.0,0.0,144.83,36.42,15.42,2.0,0.0,8.33,0.0,3.42,71092.0,3999.0,133194.0,106142.0,45558.0,22492.0,34342.0,8371.0,34134.0,338412.0,272523.0,1979465.97,31681.0,170755.47,1567.0,1501.0,622.0,72190.45,50490.0,414207.28,0.0,13.0,1567.0,1514.0,173.0,4611.0,0.0,793393.78,1155148.98,57.0,1508.0,646637.0,2216691.12,543.0,203.0,8.0,14.73,5.78,78.08,7.0,61.69,20.63,921.16,305.71,440.79,0.868,0.79,2.217,0.997,0.2372,2.024,3.792,3.022,7.76,0.018,44.617,43.108,305.7128,440.7912,47.1639,4.2452,2.8741,0.1358,41.2374,2.3718,0.1139,15.4162,0.9778,96.2348,3.6375,2.9426,0.0,22.5903,32.8905,11.4267,10.0,41.7
510510,Juara,51016,Vale dos Arinos,5103,Norte,2021,35275.0,IBGE estimativa,6.0,12.0,12.0,False,True,40574932.13,13068733.53,16309230.19,7024227.26,39476817.38,1098114.75,24534985.43,31.35,34.98,104.71,5.67,82.63,416.58,43.67,0.0,185.67,41.83,16.0,2.42,0.0,9.0,0.0,5.5,78379.0,4272.0,144275.0,150779.0,49876.0,26537.0,25921.0,8963.0,25412.0,225462.0,307486.0,1784202.61,38660.0,230169.64,2108.0,2028.0,1657.0,197215.87,50933.0,561635.92,2.0,34.0,2110.0,2062.0,229.0,7851.0,0.0,1261897.41,2142216.34,85.0,1783.0,572283.0,2164073.48,654.0,298.0,7.0,10.7,8.45,83.18,5.2,64.68,16.36,1150.25,370.48,462.35,0.889,0.992,2.342,1.238,0.2551,2.222,4.09,4.274,8.717,0.047,59.816,58.455,370.4815,462.3453,60.4683,2.7064,2.9684,0.1607,52.635,2.5514,0.1211,13.7049,0.7348,84.5024,4.0284,3.7209,0.0,35.7731,60.729,11.1057,10.5,44.3
510510,Juara,51016,Vale dos Arinos,5103,Norte,2022,34906.0,IBGE Censo 2022,6.0,12.0,12.0,False,True,45250083.08,14980926.59,23457123.81,2902334.62,43426540.18,1823542.9,28630247.82,31.5,36.21,105.38,6.08,86.09,426.99,44.75,0.0,220.5,47.25,16.08,3.0,0.0,9.0,0.0,6.0,85971.0,6557.0,173599.0,228708.0,55936.0,23604.0,33679.0,9053.0,32826.0,371650.0,426271.0,2614792.25,46492.0,429450.65,2022.0,1872.0,1855.0,233237.6,15477.0,751196.99,0.0,28.0,2022.0,1900.0,258.0,6985.0,0.0,955882.94,1349106.61,55.0,1294.0,866866.0,3179717.55,638.0,244.0,8.0,12.54,6.99,79.0,7.68,65.52,12.85,1296.34,429.18,672.01,0.902,1.037,2.466,1.282,0.2578,2.463,4.973,6.552,12.212,0.053,57.927,54.432,429.1791,672.0084,63.2711,4.0299,3.019,0.1742,63.1697,2.5784,0.1878,14.1897,0.9648,63.996,2.7201,3.4545,0.0,27.3845,38.6497,13.5789,13.1,51.0
510510,Juara,51016,Vale dos Arinos,5103,Norte,2023,35399.0,interpolada (Censo 2022 x IBGE 2024),6.0,12.0,12.0,False,True,56629702.85,20064153.85,28386050.95,4458768.71,52359573.12,4270129.73,35075997.85,37.18,35.19,98.85,7.17,93.82,436.57,39.17,0.0,226.83,43.92,11.5,3.0,0.0,9.0,0.0,6.08,80446.0,6374.0,162361.0,246101.0,58269.0,21755.0,30976.0,10101.0,30215.0,292455.0,461121.0,2727179.94,68580.0,630545.73,2244.0,2006.0,2877.0,424438.53,32035.0,973979.71,0.0,31.0,2244.0,2037.0,329.0,7112.0,0.0,1164461.92,1699664.11,78.0,1814.0,873010.0,3750650.82,664.0,226.0,8.0,12.05,6.384,80.72,8.13,62.8,14.16,1599.75,566.8,801.89,1.05,0.994,2.65,1.107,0.2542,2.273,4.587,6.952,13.026,0.081,63.392,57.544,566.8,801.8885,61.9392,7.5404,2.7925,0.2025,64.0781,2.5424,0.1801,15.2123,0.8751,80.8378,3.4759,3.1693,0.0,32.8953,48.0145,16.1512,16.0,62.7
510510,Juara,51016,Vale dos Arinos,5103,Norte,2024,35899.0,IBGE estimativa,5.0,12.0,12.0,False,False,64210191.16,20228515.98,35299570.85,4378716.76,63234566.15,975625.01,36334834.05,41.82,36.61,105.8,8.42,96.82,459.18,36.67,0.0,229.5,45.92,10.92,3.0,0.0,9.0,0.0,6.0,77538.0,6661.0,157563.0,244533.0,54738.0,21869.0,28959.0,9198.0,29695.0,142030.0,450672.0,2710205.98,79751.0,737360.08,2263.0,2159.0,3219.0,485273.75,26411.0,1168748.93,1.0,51.0,2264.0,2210.0,342.0,8049.0,0.0,1369166.96,2047059.91,70.0,1890.0,718081.0,3801310.23,597.0,248.0,8.0,13.4,6.91,85.43,10.72,64.14,13.9,1788.63,563.48,983.3,1.165,1.02,2.697,1.021,0.2507,2.16,4.389,6.812,12.554,0.09,63.066,61.562,563.4841,983.3023,56.5873,1.5194,2.9472,0.2345,63.9294,2.507,0.1855,15.407,0.8067,83.4806,3.0919,3.5552,0.0,38.1394,57.0228,15.4751,15.2,57.6
510510,Juara,51016,Vale dos Arinos,5103,Norte,2025,36089.0,IBGE estimativa,6.0,12.0,12.0,False,True,72485969.76,24362659.51,38585714.02,5394362.59,68957551.39,3528418.37,44795201.59,42.64,41.88,143.19,7.58,63.31,487.77,39.33,0.0,244.17,48.33,11.0,3.0,0.0,9.0,0.0,5.75,76442.0,6529.0,161062.0,193418.0,57320.0,18424.0,27070.0,8464.0,28383.0,296493.0,422551.0,2454865.23,166396.0,913306.79,2399.0,2215.0,2519.0,394371.67,83736.0,1059710.57,0.0,65.0,2399.0,2280.0,351.0,8379.0,0.0,1465158.97,2028882.66,93.0,2150.0,852250.0,3496308.85,,,,,,,,,,2008.53,675.07,1069.18,1.182,1.16,1.754,1.09,0.2494,2.118,4.463,5.359,11.709,0.07,66.475,63.177,675.0716,1069.1821,61.7984,4.8677,3.9677,0.21,67.6577,2.4938,0.1809,,0.7501,89.6207,3.8766,3.4927,0.0,40.5985,56.2189,15.3947,14.1,58.4
510515,Juína,51008,Noroeste Matogrossense,5106,Centro-Noroeste,2020,41101.0,IBGE estimativa,5.0,12.0,12.0,False,False,57194117.69,8562193.09,37407470.46,5395426.58,55515338.73,1678778.96,23305298.49,44.9,57.77,145.93,12.55,103.0,614.28,83.67,4.0,320.25,45.58,14.08,1.0,1.0,11.0,0.0,6.0,80171.0,3698.0,112830.0,89056.0,36190.0,43981.0,34793.0,10663.0,33566.0,80761.0,244906.0,1505782.65,18217.0,275642.63,3256.0,2478.0,1158.0,129247.23,87857.0,713245.55,1.0,37.0,3257.0,2515.0,229.0,13022.0,637.0,2681971.85,2513223.1,60.0,3230.0,330158.0,1635029.88,733.0,300.0,10.0,13.64,7.3,78.69,10.91,87.86,17.19,1391.55,208.32,910.14,1.092,1.406,2.506,2.036,0.2676,1.951,2.745,2.167,5.959,0.028,79.244,61.191,208.3208,910.1353,40.7477,2.9352,3.5505,0.3053,77.9178,2.6763,0.09,14.5471,0.8465,99.171,1.8422,3.9982,15.4984,65.2532,61.1475,9.1054,8.8,47.4
510515,Juína,51008,Noroeste Matogrossense,5106,Centro-Noroeste,2021,41190.0,IBGE estimativa,6.0,12.0,12.0,False,True,65996403.72,9098417.69,38218348.7,12835666.21,65169904.39,826499.33,27296181.48,48.48,70.5,156.07,12.88,101.08,668.5,86.33,8.33,349.42,47.83,15.83,1.0,1.0,12.0,0.0,6.0,96455.0,4316.0,148670.0,70098.0,37526.0,58929.0,24196.0,9532.0,23431.0,302133.0,240115.0,1532531.74,19688.0,309352.94,3227.0,2429.0,1367.0,157479.73,126612.0,965330.36,0.0,34.0,3227.0,2463.0,260.0,14006.0,2023.0,5148191.02,4806531.49,82.0,3226.0,546110.0,1690011.47,656.0,368.0,7.0,10.67,8.93,83.38,10.21,89.94,16.92,1602.24,220.89,927.86,1.177,1.712,2.454,2.096,0.2913,2.342,3.609,1.702,5.829,0.033,78.344,59.796,220.889,927.855,41.3601,1.2523,3.789,0.3127,84.8313,2.9133,0.1048,14.5305,0.5874,99.969,2.5411,4.3403,49.1139,124.9864,116.6917,10.5562,10.0,53.7
510515,Juína,51008,Noroeste Matogrossense,5106,Centro-Noroeste,2022,45869.0,IBGE Censo 2022,6.0,12.0,12.0,False,True,69022925.66,9711627.34,47004428.87,4870210.36,67575133.39,1447792.27,37915878.94,47.57,78.45,156.69,12.48,96.56,674.87,75.0,1.67,369.58,48.83,15.42,1.0,1.0,12.0,0.0,6.0,106557.0,7063.0,156074.0,81346.0,49857.0,56700.0,29455.0,11086.0,28238.0,82701.0,359442.0,2037691.25,22100.0,322091.64,3971.0,3139.0,993.0,111808.76,140561.0,1204229.71,6.0,43.0,3977.0,3182.0,294.0,18271.0,516.0,2742973.75,2762941.0,41.0,3674.0,488398.0,2369987.86,715.0,264.0,14.0,19.58,5.76,85.59,9.51,90.48,14.55,1504.78,211.73,1024.75,1.037,1.71,2.105,1.635,0.2616,2.323,3.403,1.773,7.836,0.022,86.703,69.371,211.7253,1024.7537,54.9323,2.0976,3.416,0.2721,80.5729,2.6161,0.154,15.5049,0.6422,92.3812,1.0309,4.5942,11.2494,59.8002,60.2355,9.2395,9.1,48.3
510515,Juína,51008,Noroeste Matogrossense,5106,Centro-Noroeste,2023,46825.0,interpolada (Censo 2022 x IBGE 2024),6.0,12.0,12.0,False,True,79649379.01,10038507.09,57583307.16,6302745.51,77368501.72,2280877.29,40206886.66,53.83,89.35,158.01,13.44,103.75,740.94,78.58,0.0,382.0,50.42,15.0,1.42,1.0,12.0,0.0,6.0,94082.0,7146.0,135504.0,124267.0,51576.0,42506.0,30771.0,10289.0,29382.0,82741.0,494855.0,2811781.39,212577.0,1312875.74,4442.0,3702.0,1599.0,262745.47,143504.0,1327746.6,6.0,102.0,4448.0,3804.0,489.0,17775.0,0.0,1989178.29,2885750.28,41.0,3572.0,860993.0,4459378.46,683.0,289.0,6.0,8.78,6.172,89.9,7.17,86.53,15.96,1701.0,214.38,1229.76,1.15,1.908,2.216,1.678,0.2563,2.009,2.894,2.654,10.568,0.034,94.992,81.239,214.3835,1229.7556,50.4798,2.8636,3.3745,0.287,81.5804,2.5627,0.1526,15.0644,0.6571,80.3058,0.9218,3.9962,0.0,42.4811,61.6284,12.8549,12.7,67.8
510515,Juína,51008,Noroeste Matogrossense,5106,Centro-Noroeste,2024,47800.0,IBGE estimativa,6.0,12.0,12.0,False,True,80836259.64,3957069.04,65511505.63,6395701.81,79826598.74,1009660.9,44061815.0,61.28,103.09,178.34,14.29,109.35,815.89,87.0,0.0,420.58,52.17,15.92,2.0,1.0,12.0,0.0,6.0,95381.0,7281.0,132217.0,154430.0,55900.0,38816.0,45670.0,11571.0,41312.0,61502.0,549486.0,3180284.24,453534.0,2834294.17,4294.0,3932.0,2688.0,376129.03,253067.0,1960449.36,9.0,139.0,4303.0,4071.0,558.0,17967.0,0.0,2170752.68,3697730.57,36.0,3549.0,1006995.0,5491739.52,698.0,292.0,9.0,12.89,6.11,82.38,8.17,85.96,12.89,1691.14,82.78,1370.53,1.282,2.157,2.288,1.82,0.251,1.995,2.766,3.231,11.496,0.056,90.021,85.167,82.7839,1370.5336,54.5075,1.249,3.731,0.299,87.9874,2.5105,0.1523,16.5774,0.9554,82.4773,0.8366,4.1755,0.0,45.4132,77.3584,13.7067,13.6,72.6
510515,Juína,51008,Noroeste Matogrossense,5106,Centro-Noroeste,2025,48396.0,IBGE estimativa,6.0,12.0,12.0,False,True,102579447.01,13925535.32,74300734.45,7563771.69,98661687.63,3917759.38,49157720.68,69.9,106.78,194.95,14.22,111.25,857.5,87.0,0.0,437.0,56.75,16.0,2.0,1.0,12.0,0.0,7.17,97026.0,8380.0,157572.0,129600.0,58635.0,37157.0,43251.0,11078.0,39218.0,71000.0,568015.0,3508056.85,474893.0,3164837.71,4436.0,4120.0,3986.0,666016.27,277296.0,2312989.85,6.0,173.0,4442.0,4293.0,666.0,19411.0,0.0,2256529.87,3994559.06,28.0,3568.0,1057943.0,6257062.82,,,,,,,,,,2119.59,287.74,1535.27,1.444,2.206,2.299,1.798,0.248,2.005,3.256,2.678,11.737,0.082,91.784,88.706,287.7415,1535.266,47.9216,3.8192,4.0282,0.2938,90.2967,2.4795,0.1732,,0.8937,80.3242,0.6303,4.3699,0.0,46.6264,82.539,15.5136,15.2,82.4
510517,Juruena,51008,Noroeste Matogrossense,5106,Centro-Noroeste,2020,16335.0,IBGE estimativa,6.0,12.0,12.0,False,True,9292176.27,3896142.56,4081820.18,809586.79,8947801.79,344374.48,4475982.33,5.1,8.58,19.42,3.0,30.42,116.58,20.0,0.0,33.0,10.0,3.0,1.0,0.0,3.0,0.0,3.0,16735.0,1612.0,29741.0,12757.0,13008.0,3447.0,8610.0,3113.0,9966.0,27233.0,19413.0,82549.74,2465.0,19381.46,470.0,597.0,0.0,0.0,7553.0,111142.47,0.0,10.0,470.0,607.0,194.0,1782.0,0.0,212274.1,460775.89,6.0,470.0,48939.0,82549.74,159.0,53.0,2.0,12.58,3.24,73.58,5.03,64.15,18.24,568.85,238.52,249.88,0.312,0.525,1.862,1.224,0.1837,1.024,1.821,0.781,1.188,0.0,28.773,37.159,238.515,249.8819,48.1694,3.7061,1.1889,0.1837,20.202,1.8365,0.0987,19.5786,0.5271,100.0,1.2766,3.7915,0.0,12.995,28.2079,31.9605,9.4,87.6
510517,Juruena,51008,Noroeste Matogrossense,5106,Centro-Noroeste,2021,16811.0,IBGE estimativa,6.0,12.0,12.0,False,True,13045814.15,5761207.18,5809862.05,973933.08,11990925.25,1054888.9,6499177.25,6.76,7.21,21.42,2.83,28.92,128.5,20.75,0.0,53.83,10.83,3.83,1.0,0.0,3.0,0.0,3.0,20773.0,1438.0,44771.0,14737.0,16619.0,4002.0,8344.0,2796.0,9410.0,31395.0,19853.0,83416.41,3247.0,26331.41,577.0,745.0,0.0,0.0,6483.0,70704.74,0.0,13.0,577.0,758.0,218.0,2491.0,0.0,339775.22,753148.17,12.0,577.0,51987.0,83416.41,170.0,70.0,3.0,17.65,4.16,76.79,5.29,55.88,24.71,776.03,342.7,345.6,0.402,0.429,1.72,1.234,0.1785,1.236,2.663,0.877,1.181,0.0,34.323,45.09,342.7046,345.5988,49.8181,8.086,1.2742,0.1683,32.0207,1.7845,0.0855,16.4471,0.4963,100.0,2.0797,4.3172,0.0,20.2115,44.8009,28.7599,9.5,80.1
510517,Juruena,51008,Noroeste Matogrossense,5106,Centro-Noroeste,2022,10213.0,IBGE Censo 2022,6.0,12.0,12.0,False,True,15069005.4,5217710.92,7874767.94,1160420.42,13788131.81,1280873.59,7273026.61,5.85,7.92,22.06,2.92,30.08,128.03,19.0,0.0,66.75,10.58,3.58,1.0,0.0,3.0,0.0,3.0,20417.0,2372.0,42454.0,23343.0,14017.0,6361.0,7927.0,3276.0,9230.0,18421.0,18550.0,77163.56,3447.0,30466.41,569.0,779.0,0.0,0.0,1649.0,131610.29,0.0,19.0,569.0,798.0,242.0,2399.0,0.0,222682.38,513989.79,5.0,555.0,37655.0,77163.56,186.0,45.0,0.0,0.0,4.41,76.88,4.84,68.82,13.98,1475.47,510.89,771.05,0.573,0.775,2.945,1.86,0.2937,1.999,4.157,2.286,1.816,0.0,55.713,78.136,510.8892,771.0534,48.2648,8.5001,2.16,0.2859,65.3579,2.9374,0.2323,17.6129,0.7762,97.5395,0.8787,4.2162,0.0,21.8038,50.327,30.3258,10.0,86.0
510517,Juruena,51008,Noroeste Matogrossense,5106,Centro-Noroeste,2023,10181.0,interpolada (Censo 2022 x IBGE 2024),6.0,12.0,12.0,False,True,15784285.46,5285106.41,9067266.71,850833.63,15019856.23,764429.23,11381022.97,6.79,8.42,22.35,2.17,27.08,125.17,19.0,0.0,69.92,12.75,3.0,1.0,0.0,3.0,0.0,3.0,20216.0,2035.0,44545.0,24148.0,13780.0,6436.0,7378.0,2693.0,8759.0,21274.0,16921.0,88037.42,5447.0,54767.08,575.0,857.0,0.0,0.0,4626.0,147708.15,0.0,31.0,575.0,888.0,319.0,2422.0,0.0,216802.02,754311.08,11.0,159.0,38765.0,88052.27,162.0,49.0,1.0,6.17,4.813,76.54,8.64,75.31,21.6,1550.37,519.11,890.61,0.667,0.827,2.66,1.866,0.2947,1.986,4.375,2.372,1.662,0.0,56.478,87.221,519.1147,890.6067,72.1035,4.843,2.1953,0.2131,68.6769,2.9467,0.1999,16.6235,0.7247,27.6522,1.913,4.2122,0.0,21.2948,74.0901,35.9234,17.2,127.6
510517,Juruena,51008,Noroeste Matogrossense,5106,Centro-Noroeste,2024,10149.0,IBGE estimativa,6.0,12.0,12.0,False,True,17113204.4,4721367.0,10391963.72,1462244.21,16850071.42,263132.98,12775800.19,6.84,8.38,25.25,2.92,26.28,137.65,19.0,0.0,79.0,13.42,3.0,1.0,0.0,3.0,0.0,3.0,26039.0,2901.0,52176.0,24002.0,20742.0,5297.0,9431.0,2445.0,11019.0,25897.0,21502.0,101397.95,8852.0,73761.21,544.0,848.0,259.0,69606.25,1657.0,204766.21,0.0,28.0,544.0,876.0,338.0,2111.0,0.0,215544.2,702126.87,7.0,107.0,48787.0,171063.6,160.0,41.0,4.0,25.0,4.04,82.5,11.25,88.75,16.25,1686.2,465.21,1023.94,0.674,0.826,2.589,1.872,0.2956,2.566,5.141,2.365,2.119,0.026,53.601,86.314,465.2051,1023.9397,74.6546,1.5376,2.4879,0.2877,77.8402,2.956,0.2858,15.2812,0.9293,19.6691,1.2868,3.8805,0.0,21.238,69.1819,38.5845,22.8,162.8
510517,Juruena,51008,Noroeste Matogrossense,5106,Centro-Noroeste,2025,10057.0,IBGE estimativa,6.0,12.0,12.0,False,True,18711399.81,5722790.79,10448169.14,1684402.08,18109859.47,601540.34,12868412.59,7.15,10.47,24.42,3.0,24.22,143.35,20.5,0.0,76.17,13.58,3.0,1.0,0.0,3.0,0.0,3.0,25838.0,2625.0,53141.0,26148.0,19426.0,6412.0,9716.0,2750.0,10833.0,35058.0,20961.0,91805.03,7781.0,70162.16,560.0,805.0,186.0,49987.5,8057.0,144821.29,0.0,34.0,560.0,839.0,294.0,2202.0,0.0,212985.72,689206.22,16.0,103.0,57586.0,141856.88,,,,,,,,,,1860.53,569.04,1038.9,0.711,1.041,2.408,2.038,0.2983,2.569,5.284,2.6,2.084,0.018,55.683,83.424,569.0356,1038.8952,68.7731,3.2148,2.4282,0.2983,75.7383,2.983,0.261,,0.9661,18.3929,2.8571,3.9321,0.0,21.1779,68.53,35.0417,21.2,147.7
510520,Juscimeira,51013,Sul Matogrossense,5101,Sul,2020,11176.0,IBGE estimativa,6.0,12.0,12.0,False,True,11050062.98,3149919.82,2571448.86,4900887.2,10570805.66,479257.32,6175916.46,6.87,6.85,26.3,4.25,39.31,152.24,31.0,0.0,15.67,15.0,7.0,2.0,0.0,4.0,0.0,4.0,6235.0,1328.0,13430.0,40761.0,2436.0,2266.0,8726.0,2625.0,8417.0,236742.0,44671.0,177153.37,2210.0,38274.5,223.0,616.0,0.0,0.0,5514.0,202952.8,0.0,24.0,223.0,640.0,422.0,952.0,0.0,101893.12,884604.62,10.0,220.0,299802.0,266020.72,142.0,104.0,0.0,0.0,9.31,64.79,8.45,63.38,15.49,988.73,281.85,230.09,0.615,0.613,3.517,2.774,0.3579,0.558,1.202,3.647,3.997,0.0,19.953,57.266,281.8468,230.0867,55.8903,4.3371,2.3533,0.3803,14.0211,3.5791,0.1188,18.4859,0.7808,98.6547,4.4843,4.2691,0.0,9.1171,79.1522,65.9375,2.2,33.7
510520,Juscimeira,51013,Sul Matogrossense,5101,Sul,2021,11124.0,IBGE estimativa,6.0,12.0,12.0,False,True,13012873.63,3223729.22,2353072.21,7067156.3,12661315.9,351557.73,8972430.76,8.58,8.96,26.36,3.9,39.54,164.36,29.33,0.0,89.42,14.42,7.0,1.58,0.0,4.0,0.0,4.0,8716.0,1048.0,22577.0,67299.0,3940.0,3510.0,7125.0,2505.0,6793.0,214738.0,150461.0,678306.79,6323.0,46616.78,419.0,839.0,0.0,0.0,5613.0,288725.82,0.0,24.0,419.0,863.0,455.0,1408.0,0.0,223221.28,1871162.27,12.0,419.0,381252.0,750339.19,104.0,108.0,2.0,19.23,9.71,63.46,11.54,63.11,14.42,1169.8,289.8,211.53,0.771,0.805,3.554,2.637,0.3596,0.784,2.03,6.05,13.526,0.0,37.666,77.58,289.7995,211.5311,68.9504,2.7016,2.3697,0.3506,80.3848,3.5958,0.0942,24.0865,0.6405,100.0,2.864,3.3604,0.0,20.0666,168.2095,52.7231,2.0,28.9
510520,Juscimeira,51013,Sul Matogrossense,5101,Sul,2022,11480.0,IBGE Censo 2022,6.0,12.0,12.0,False,True,16038248.43,5281647.06,5861952.08,4233361.16,15648340.17,389908.26,11381085.32,8.59,9.42,24.47,1.9,39.13,172.69,20.67,0.0,169.33,14.58,7.58,1.0,0.0,4.0,0.0,3.25,10674.0,1670.0,29298.0,77245.0,6758.0,2489.0,7066.0,2573.0,7073.0,173091.0,155988.0,629489.31,9183.0,99907.27,610.0,1068.0,15.0,0.0,7530.0,485031.84,0.0,33.0,610.0,1101.0,499.0,1849.0,0.0,258550.07,1096987.11,13.0,610.0,342423.0,690676.26,114.0,63.0,3.0,26.32,5.49,64.04,8.77,63.16,13.16,1397.06,460.07,510.62,0.748,0.821,3.409,1.801,0.3484,0.93,2.552,6.729,13.588,0.001,53.136,95.906,460.0738,510.623,70.9621,2.4311,2.1315,0.1655,147.5,3.4843,0.1455,22.5702,0.6155,100.0,2.1311,3.0311,0.0,22.5218,95.5564,45.3224,3.9,28.1
510520,Juscimeira,51013,Sul Matogrossense,5101,Sul,2023,11550.0,interpolada (Censo 2022 x IBGE 2024),6.0,12.0,12.0,False,True,18271577.33,5862107.59,7098439.89,4487947.5,17763213.87,508363.46,12425724.19,7.78,9.0,25.18,1.97,38.92,173.87,16.0,0.0,179.0,15.0,8.0,1.0,0.0,4.0,0.0,2.67,12081.0,2660.0,26860.0,72969.0,8496.0,2816.0,7688.0,1947.0,8286.0,119076.0,149767.0,559106.17,9398.0,88523.63,682.0,1138.0,30.0,0.0,7951.0,542484.94,0.0,81.0,682.0,1219.0,553.0,1896.0,0.0,236872.38,1222937.59,10.0,659.0,288046.0,651242.77,103.0,86.0,2.0,19.42,7.446,59.22,14.56,55.34,20.39,1581.95,507.54,614.58,0.674,0.779,3.37,1.385,0.3463,1.046,2.326,6.318,12.967,0.003,59.048,105.541,507.5418,614.5835,68.0058,2.7823,2.1801,0.1706,154.9784,3.4632,0.2303,18.9029,0.6656,96.6276,1.4663,2.7801,0.0,20.5084,105.882,45.3651,4.0,28.0
510520,Juscimeira,51013,Sul Matogrossense,5101,Sul,2024,11620.0,IBGE estimativa,6.0,12.0,12.0,False,True,24099092.58,7317200.2,8277639.72,8024740.21,23309379.37,789713.21,12518842.84,8.65,9.18,28.34,4.07,42.46,189.86,15.0,0.0,194.33,16.5,7.83,1.0,0.0,4.92,0.0,3.83,14799.0,2905.0,32495.0,65288.0,10631.0,2600.0,8370.0,2014.0,8770.0,47003.0,90723.0,396114.22,10828.0,117572.92,817.0,1351.0,2.0,0.0,9419.0,592059.46,0.0,48.0,817.0,1399.0,593.0,2540.0,0.0,272536.48,1408005.12,27.0,817.0,159562.0,502054.12,108.0,114.0,3.0,27.78,9.81,67.59,11.11,69.44,20.37,2073.93,629.71,712.36,0.744,0.79,3.654,1.291,0.4234,1.274,2.796,5.619,7.807,0.0,70.31,120.396,629.7074,712.3614,51.9474,3.2769,2.4389,0.3503,167.2375,4.2341,0.25,18.6481,0.7203,100.0,3.3048,3.1089,0.0,23.4541,121.1708,42.3874,2.1,23.0
510520,Juscimeira,51013,Sul Matogrossense,5101,Sul,2025,11622.0,IBGE estimativa,6.0,12.0,12.0,False,True,23785265.73,6417585.89,8643378.5,7882364.77,20404886.51,3380379.22,14813944.04,8.67,13.99,24.23,4.86,44.33,190.95,15.0,0.0,213.17,18.92,8.0,1.0,0.0,5.0,0.0,5.0,26199.0,7110.0,49675.0,75089.0,17714.0,6436.0,9201.0,2079.0,9668.0,45540.0,62328.0,387625.39,10979.0,125133.48,837.0,1410.0,6.0,330.0,19302.0,536608.25,0.0,31.0,837.0,1441.0,608.0,2687.0,0.0,281892.16,1301024.17,13.0,837.0,123183.0,460665.94,,,,,,,,,,2046.57,552.19,743.71,0.746,1.204,3.814,1.291,0.4302,2.254,4.274,6.461,5.363,0.001,72.019,123.989,552.1929,743.7084,62.282,14.2121,2.0848,0.4182,183.4194,4.3022,0.6118,,0.7917,100.0,1.5532,3.2103,0.0,24.255,111.9449,42.1929,1.9,23.9
510523,Lambari D'Oeste,51011,Oeste Matogrossense,5102,Oeste,2020,6186.0,IBGE estimativa,6.0,12.0,12.0,False,True,6512829.5,5450928.81,53410.6,951915.41,6003350.5,509479.0,4181528.02,2.79,2.67,18.71,1.75,20.83,66.85,0.0,0.0,11.42,6.83,3.0,0.0,0.0,2.0,0.0,2.0,10415.0,49.0,19452.0,12058.0,7940.0,2315.0,3937.0,1327.0,3736.0,697.0,1024.0,3631.14,819.0,14708.52,0.0,212.0,0.0,0.0,8349.0,105590.82,0.0,3.0,0.0,215.0,215.0,0.0,0.0,0.0,248881.44,0.0,0.0,1741.0,3631.14,74.0,35.0,1.0,13.51,5.66,82.43,13.51,70.27,13.51,1052.83,881.17,8.63,0.451,0.432,3.367,0.0,0.3233,1.684,3.145,1.949,0.166,0.0,0.0,34.756,881.1718,8.6341,64.2045,7.8227,3.0246,0.2829,18.461,3.2331,0.0079,17.9324,0.6364,,,,0.0,0.0,40.233,100.0,3.7,96.4
510523,Lambari D'Oeste,51011,Oeste Matogrossense,5102,Oeste,2021,6246.0,IBGE estimativa,6.0,12.0,12.0,False,True,6638741.93,4571540.15,1392793.87,619050.16,6367150.08,271591.85,5592100.2,3.22,4.23,20.5,2.08,20.95,70.36,0.0,0.0,11.83,7.25,3.0,0.0,0.0,2.0,0.0,2.0,9133.0,1466.0,18517.0,16984.0,6609.0,2370.0,3059.0,1331.0,2811.0,379.0,3488.0,11545.68,1736.0,20369.88,0.0,254.0,0.0,0.0,21345.0,108043.53,0.0,7.0,0.0,261.0,261.0,0.0,0.0,0.0,399313.44,0.0,0.0,4718.0,15505.68,81.0,40.0,0.0,0.0,6.4,77.78,7.41,70.37,13.58,1062.88,731.91,222.99,0.516,0.677,3.354,0.0,0.3202,1.462,2.965,2.719,0.558,0.0,0.0,41.787,731.9148,222.9897,84.2343,4.091,3.2821,0.333,18.9401,3.202,0.2347,16.4321,0.4898,,,,0.0,0.0,63.9311,100.0,12.6,105.5
510523,Lambari D'Oeste,51011,Oeste Matogrossense,5102,Oeste,2022,4790.0,IBGE Censo 2022,6.0,12.0,12.0,False,True,9559205.7,7512538.46,1550444.93,207059.42,8740175.31,819030.39,5264745.53,4.37,4.27,20.83,2.0,20.8,79.66,0.0,0.0,13.0,8.0,3.0,0.0,0.0,2.0,0.0,2.0,12785.0,1493.0,26109.0,34060.0,8569.0,3481.0,4128.0,1484.0,3778.0,733.0,2763.0,8889.77,2163.0,26915.56,0.0,293.0,0.0,0.0,32387.0,136217.13,0.0,5.0,0.0,298.0,298.0,0.0,0.0,0.0,382197.85,0.0,0.0,3693.0,31539.77,63.0,28.0,2.0,31.75,5.85,77.78,11.11,65.08,20.63,1995.66,1568.38,323.68,0.912,0.891,4.342,0.0,0.4175,2.669,5.451,7.111,0.577,0.0,0.0,62.213,1568.3796,323.6837,55.0751,8.568,4.3486,0.4175,27.1399,4.1754,0.3117,23.5556,0.8618,,,,0.0,0.0,79.7908,100.0,14.1,108.1
510523,Lambari D'Oeste,51011,Oeste Matogrossense,5102,Oeste,2023,4757.0,interpolada (Censo 2022 x IBGE 2024),6.0,12.0,12.0,False,True,6576004.89,5993828.38,254538.0,208649.53,5892090.25,683914.64,5420512.63,2.92,3.38,21.17,2.0,20.88,77.83,0.0,0.0,12.75,7.75,3.0,0.0,0.25,2.0,0.0,2.0,17503.0,1343.0,32784.0,37643.0,14017.0,2911.0,3761.0,1093.0,3422.0,549.0,5714.0,21828.5,2177.0,33927.2,0.0,309.0,17.0,4568.75,28317.0,196317.06,0.0,4.0,0.0,313.0,313.0,0.0,0.0,0.0,336874.82,0.0,0.0,6417.0,47097.25,76.0,34.0,2.0,26.32,7.147,80.26,9.21,67.11,9.21,1382.38,1260.0,53.51,0.614,0.711,4.389,0.0,0.4204,3.679,6.892,7.913,1.201,0.004,0.0,65.798,1260.0018,53.5081,82.4287,10.4002,4.4503,0.4204,26.8026,4.2043,0.2823,14.3816,0.7906,,,,0.0,0.0,70.8167,100.0,10.2,104.9
510523,Lambari D'Oeste,51011,Oeste Matogrossense,5102,Oeste,2024,4724.0,IBGE estimativa,6.0,12.0,12.0,False,True,10133468.02,9708648.0,70881.0,168945.31,9642970.17,490497.85,5694833.65,4.19,3.2,22.42,2.0,20.5,78.38,0.0,0.0,11.67,7.33,3.0,0.0,1.0,2.0,0.0,2.0,24884.0,1326.0,46719.0,34068.0,21388.0,3044.0,4906.0,1215.0,4569.0,948.0,14003.0,77248.28,3841.0,81049.68,0.0,406.0,378.0,85013.46,51521.0,307109.07,0.0,13.0,0.0,419.0,419.0,0.0,0.0,0.0,575284.31,0.0,0.0,15440.0,187236.74,58.0,42.0,2.0,34.48,8.89,87.93,6.9,79.31,20.69,2145.1,2055.18,15.0,0.887,0.677,4.34,0.0,0.4234,5.268,9.89,7.212,2.964,0.08,0.0,88.696,2055.1753,15.0044,56.1983,4.8404,4.746,0.4234,24.7036,4.2337,0.2807,20.9483,1.0385,,,,0.0,0.0,121.7791,100.0,9.5,103.2
510523,Lambari D'Oeste,51011,Oeste Matogrossense,5102,Oeste,2025,4662.0,IBGE estimativa,6.0,12.0,12.0,False,True,12350952.99,11200242.08,549283.15,199825.19,11062304.43,1288648.56,6305765.67,3.48,6.67,23.83,2.0,20.53,81.44,0.0,0.0,11.17,5.42,2.25,0.0,1.0,2.0,0.0,2.0,26158.0,1358.0,41831.0,39225.0,20302.0,4750.0,4576.0,1121.0,4615.0,790.0,10706.0,62591.67,4380.0,75901.34,0.0,424.0,404.0,90530.37,55144.0,434823.22,0.0,17.0,0.0,441.0,441.0,0.0,0.0,0.0,490800.57,0.0,0.0,12291.0,182931.84,,,,,,,,,,2649.28,2402.45,117.82,0.746,1.431,4.404,0.0,0.429,5.611,8.973,8.414,2.296,0.087,0.0,94.595,2402.4543,117.8214,51.0549,10.4336,5.1115,0.429,23.9597,4.29,0.2913,,0.9816,,,,0.0,0.0,105.2768,100.0,17.5,112.5
510525,Lucas do Rio Verde,51014,Teles Pires,5103,Norte,2020,67620.0,IBGE estimativa,6.0,12.0,12.0,False,True,81001638.78,28157572.67,34922424.61,13173710.02,78800949.11,2200689.67,52377572.8,96.34,72.46,208.94,18.64,132.29,813.51,66.83,0.0,426.75,61.67,17.67,1.0,0.08,16.58,0.0,16.0,157400.0,6162.0,405961.0,83594.0,128816.0,27920.0,64659.0,19290.0,77448.0,492355.0,385227.0,2162953.77,55090.0,387770.71,4289.0,4430.0,797.0,102533.21,180500.0,960501.43,0.0,69.0,4289.0,4499.0,401.0,15388.0,0.0,2742381.46,4045803.39,104.0,3911.0,935570.0,2502933.53,1410.0,296.0,21.0,14.89,4.38,80.78,8.87,56.88,12.77,1197.89,416.41,516.45,1.425,1.072,1.956,0.988,0.2452,2.328,6.004,1.236,5.697,0.012,63.428,66.534,416.4089,516.4511,64.6624,2.7168,3.0899,0.2757,63.11,2.4519,0.0911,13.6809,0.9562,91.1868,2.4248,3.5878,0.0,40.5558,59.8315,8.9131,3.7,15.7
510525,Lucas do Rio Verde,51014,Teles Pires,5103,Norte,2021,69671.0,IBGE estimativa,6.0,12.0,11.0,False,False,116660122.53,38178821.59,65776662.09,7673927.42,114511201.51,2148921.02,84007577.29,110.94,82.77,244.48,21.52,139.75,916.65,84.33,4.17,464.58,67.42,18.25,1.0,0.33,17.17,0.0,17.0,185418.0,13367.0,527066.0,156875.0,143743.0,38779.0,75080.0,18601.0,83829.0,989933.0,619309.0,3424002.46,71668.0,576865.13,5088.0,5283.0,1722.0,307330.04,250377.0,1111058.8,0.0,88.0,5088.0,5371.0,435.0,17020.0,114.0,3415032.39,5371292.7,92.0,4232.0,1641273.0,3831782.85,1489.0,443.0,22.0,14.78,6.36,83.34,8.33,60.17,12.16,1674.44,547.99,944.1,1.592,1.188,2.006,1.21,0.2464,2.661,7.565,2.252,8.889,0.025,73.029,77.091,547.9873,944.1039,72.0105,1.842,3.5091,0.3089,66.682,2.4644,0.1919,12.4923,1.0776,83.1761,1.8082,3.3451,1.6363,49.0166,77.0951,8.0991,3.4,14.8
510525,Lucas do Rio Verde,51014,Teles Pires,5103,Norte,2022,83798.0,IBGE Censo 2022,6.0,12.0,12.0,False,True,115969754.68,38238160.14,61177616.78,9589753.28,113164250.11,2805504.57,81784441.46,123.71,88.48,244.04,23.89,152.33,979.3,67.0,0.0,496.5,72.83,18.0,1.0,1.0,19.17,0.0,17.0,208858.0,24844.0,624432.0,217044.0,150352.0,56282.0,94321.0,22888.0,102667.0,1239919.0,688115.0,3868297.57,77818.0,745701.71,5237.0,5218.0,2039.0,407821.54,303729.0,1324908.07,9.0,91.0,5246.0,5309.0,386.0,18965.0,0.0,2767922.09,3521531.1,51.0,3927.0,2007750.0,4621426.16,1549.0,357.0,25.0,16.14,4.26,83.67,8.52,69.01,12.46,1383.92,456.31,730.06,1.476,1.056,1.818,0.8,0.2288,2.492,7.452,2.59,8.212,0.024,62.603,63.355,456.3135,730.0606,70.5222,2.4192,2.9122,0.2851,59.2496,2.2876,0.2965,14.776,1.1256,74.857,0.9722,3.6151,0.0,33.0309,42.024,7.2707,4.3,15.5
510525,Lucas do Rio Verde,51014,Teles Pires,5103,Norte,2023,87925.0,interpolada (Censo 2022 x IBGE 2024),6.0,12.0,12.0,False,True,145807809.4,56354965.48,72155336.2,11430386.85,141635262.4,4172547.0,108051266.34,135.81,104.32,289.12,26.47,149.14,1204.65,100.5,0.0,516.92,78.92,17.75,1.0,1.0,21.25,0.5,17.83,217633.0,27028.0,740506.0,185755.0,156832.0,60054.0,73400.0,23341.0,87339.0,1492006.0,772264.0,4084858.17,87510.0,662407.78,6571.0,6629.0,2215.0,351223.44,383134.0,1458468.36,25.0,109.0,6596.0,6738.0,507.0,24591.0,0.0,3811313.85,4887356.82,103.0,4816.0,2357414.0,4843184.46,1566.0,296.0,18.0,11.49,3.367,85.89,9.0,71.52,11.81,1658.32,640.94,820.65,1.545,1.186,1.696,1.143,0.2417,2.475,8.422,2.113,8.783,0.025,75.018,76.633,640.9436,820.6464,74.1053,2.8617,3.2883,0.3011,58.791,2.4168,0.3074,14.9049,0.8348,73.0139,1.5616,3.7282,0.0,43.3473,55.5855,7.5245,4.1,15.2
510525,Lucas do Rio Verde,51014,Teles Pires,5103,Norte,2024,92256.0,IBGE estimativa,6.0,12.0,12.0,False,True,172426963.08,64014319.26,87478364.88,12109636.45,165225614.67,7201348.41,123124487.22,144.18,128.55,337.97,26.4,163.7,1369.6,138.5,0.0,498.75,84.08,19.0,1.0,1.0,25.0,2.0,20.0,228454.0,26869.0,520610.0,228450.0,159540.0,61638.0,82030.0,23259.0,92108.0,1138048.0,613714.0,3099027.71,64496.0,623705.98,6693.0,6535.0,1205.0,253261.89,442378.0,1681894.84,47.0,148.0,6740.0,6683.0,537.0,24657.0,0.0,3786296.98,4796778.42,101.0,5569.0,1761409.0,3389533.4,1486.0,287.0,22.0,14.8,3.11,87.08,7.54,77.73,9.76,1869.01,693.88,948.21,1.563,1.393,1.774,1.501,0.271,2.476,5.643,2.476,6.652,0.013,73.058,72.44,693.877,948.2133,71.4067,4.1765,3.6634,0.2862,54.0615,2.7099,0.2912,15.6521,0.8892,82.6261,1.4985,3.6583,0.0,41.0412,51.9942,8.0353,3.7,15.0
510525,Lucas do Rio Verde,51014,Teles Pires,5103,Norte,2025,95792.0,IBGE estimativa,6.0,12.0,12.0,False,True,199367656.3,83989082.27,91559393.35,14551506.48,192692108.68,6675547.62,129186463.87,185.71,141.16,384.29,31.24,144.03,1549.48,108.33,0.0,509.33,98.58,19.25,1.0,1.0,25.0,2.0,20.0,167843.0,29623.0,377601.0,221903.0,127905.0,30080.0,88225.0,23291.0,94121.0,1381847.0,797786.0,4608255.52,112642.0,1416441.37,7083.0,6698.0,4273.0,1131761.8,266878.0,2137384.25,23.0,118.0,7106.0,6816.0,468.0,31795.0,0.0,4209941.65,4985132.26,123.0,5895.0,2264323.0,6144950.27,,,,,,,,,,2081.26,876.79,955.81,1.939,1.474,1.504,1.131,0.261,1.752,3.942,2.317,8.328,0.045,74.182,71.154,876.786,955.8146,64.7981,3.3484,4.0117,0.3261,53.1704,2.6098,0.3092,,0.921,82.9581,1.7309,4.4744,0.0,43.9488,52.0412,6.8662,4.3,14.5
510530,Luciára,51009,Norte Araguaia Karajá,5104,Leste,2020,2058.0,IBGE estimativa,1.0,12.0,12.0,False,False,3715823.77,3710905.77,0.0,2568.0,3606335.32,109488.45,2201314.53,2.31,2.33,10.0,1.0,18.0,56.21,0.0,0.0,24.25,5.0,1.0,0.0,0.0,0.92,0.0,0.92,53.0,0.0,1196.0,1172.0,0.0,51.0,1390.0,513.0,1406.0,16.0,9398.0,35411.2,1574.0,11640.35,0.0,111.0,0.0,0.0,2.0,33.0,0.0,0.0,0.0,111.0,111.0,0.0,0.0,0.0,95280.14,0.0,0.0,9763.0,35411.2,34.0,15.0,2.0,58.82,7.29,61.76,14.71,61.76,23.53,1805.55,1803.16,0.0,1.122,1.132,8.746,0.0,0.447,0.026,0.581,0.569,4.567,0.0,0.0,53.936,1803.1612,0.0,59.2416,2.9465,4.8591,0.4859,117.8328,4.4704,0.0,15.0882,0.6754,,,,0.0,0.0,46.2974,100.0,9.0,79.8
510530,Luciára,51009,Norte Araguaia Karajá,5104,Leste,2021,2036.0,IBGE estimativa,6.0,12.0,12.0,False,True,4531627.13,4481600.46,0.0,17832.23,4444870.71,86756.42,3996817.23,2.82,4.0,12.75,2.0,15.83,67.15,0.0,0.0,25.5,6.75,2.17,0.0,0.0,1.0,0.0,1.0,3219.0,1374.0,9155.0,10460.0,2115.0,817.0,1317.0,658.0,1312.0,778.0,13829.0,54103.09,1912.0,15150.98,0.0,157.0,0.0,0.0,4.0,66.0,0.0,0.0,0.0,157.0,157.0,0.0,0.0,0.0,172040.0,0.0,0.0,14906.0,54103.09,34.0,19.0,1.0,29.41,9.33,73.53,2.94,46.88,32.35,2225.75,2201.18,0.0,1.385,1.965,7.775,0.0,0.4912,1.581,4.497,5.138,6.792,0.0,0.0,77.112,2201.179,0.0,88.1983,1.9145,6.2623,0.9823,125.2456,4.9116,0.6749,19.3529,0.6469,,,,0.0,0.0,84.499,100.0,5.1,68.2
510530,Luciára,51009,Norte Araguaia Karajá,5104,Leste,2022,2509.0,IBGE Censo 2022,6.0,12.0,12.0,False,True,5592300.81,3859508.32,276564.06,1366841.0,5318788.11,273512.7,3540934.8,2.21,3.5,13.0,1.08,16.5,71.17,0.0,0.0,32.0,7.0,2.0,0.0,0.0,1.0,0.0,1.0,7477.0,1057.0,18636.0,17913.0,5293.0,1914.0,1535.0,752.0,1452.0,205.0,18166.0,72869.08,3035.0,25625.43,0.0,184.0,0.0,0.0,20.0,5894.47,0.0,0.0,0.0,184.0,184.0,0.0,0.0,0.0,94685.08,0.0,0.0,18617.0,72869.08,36.0,13.0,0.0,0.0,5.18,86.11,0.0,63.89,25.0,2228.9,1538.27,110.23,0.881,1.395,6.576,0.0,0.3986,2.98,7.428,7.139,7.24,0.0,0.0,73.336,1538.2656,110.2288,63.318,4.8909,5.1813,0.4305,127.5409,3.9857,0.4213,20.8889,0.6118,,,,0.0,0.0,37.7382,100.0,9.8,88.6
510530,Luciára,51009,Norte Araguaia Karajá,5104,Leste,2023,2550.0,interpolada (Censo 2022 x IBGE 2024),6.0,12.0,12.0,False,True,6203257.89,4257487.5,286844.62,1414570.23,5885766.16,317491.73,4045948.05,2.7,3.42,13.83,1.0,17.0,73.11,0.0,0.0,34.08,7.0,2.0,0.0,0.0,1.0,0.0,1.0,8063.0,862.0,18275.0,18906.0,5576.0,2252.0,1726.0,707.0,1754.0,321.0,16605.0,63372.28,2901.0,30898.25,0.0,195.0,0.0,0.0,204.0,4444.41,0.0,0.0,0.0,195.0,195.0,0.0,0.0,0.0,121007.74,0.0,0.0,16926.0,63372.28,35.0,13.0,0.0,0.0,5.098,71.43,11.43,71.43,28.57,2432.65,1669.6,112.49,1.059,1.341,6.667,0.0,0.3922,3.162,7.167,7.414,6.512,0.0,0.0,76.471,1669.6029,112.4881,65.223,5.1181,5.4235,0.3922,133.6471,3.9216,0.338,20.2,0.6769,,,,0.0,0.0,47.454,100.0,9.7,91.4
510530,Luciára,51009,Norte Araguaia Karajá,5104,Leste,2024,2591.0,IBGE estimativa,6.0,12.0,12.0,False,True,7431944.1,4776261.28,290256.56,2139254.8,7357337.49,74606.61,4854605.79,2.02,4.17,14.0,1.17,17.08,76.27,0.0,0.0,36.17,7.0,1.5,0.0,0.0,1.0,0.0,1.0,9525.0,862.0,20486.0,20572.0,6796.0,2382.0,1659.0,537.0,1878.0,271.0,14682.0,56875.27,3299.0,33807.39,0.0,253.0,0.0,0.0,212.0,8587.63,0.0,3.0,0.0,256.0,256.0,0.0,0.0,0.0,253109.89,0.0,0.0,14953.0,56875.27,32.0,18.0,1.0,31.25,6.95,62.5,9.38,78.13,25.0,2868.37,1843.4,112.02,0.78,1.609,6.592,0.0,0.386,3.676,7.907,7.94,5.667,0.0,0.0,98.804,1843.4046,112.0249,65.3208,1.0039,5.4033,0.4516,139.5986,3.8595,0.3327,16.7812,0.6403,,,,0.0,0.0,97.6881,100.0,16.4,129.8
510530,Luciára,51009,Norte Araguaia Karajá,5104,Leste,2025,2616.0,IBGE estimativa,6.0,12.0,12.0,False,True,9232425.65,5030521.03,541283.52,3515212.32,8971065.15,261360.5,5970213.8,3.11,4.0,14.42,2.33,17.83,79.7,0.0,0.0,36.42,7.0,1.0,0.0,0.0,1.0,0.0,1.0,13382.0,1234.0,25854.0,22948.0,8953.0,2702.0,1961.0,477.0,2415.0,367.0,19176.0,83399.38,3483.0,38468.55,0.0,197.0,0.0,0.0,64.0,20475.42,0.0,3.0,0.0,200.0,200.0,0.0,0.0,0.0,158061.21,0.0,0.0,22227.0,96685.18,,,,,,,,,,3529.21,1922.98,206.91,1.189,1.529,6.816,0.0,0.3823,5.115,9.883,8.772,7.33,0.0,0.0,76.453,1922.982,206.9127,64.6657,2.8309,5.5122,0.8907,139.2202,3.8226,0.4717,,0.7496,,,,0.0,0.0,60.421,100.0,15.5,99.1
510550,Vila Bela da Santíssima Trindade,51012,Sudoeste Matogrossense,5102,Oeste,2020,16271.0,IBGE estimativa,6.0,12.0,12.0,False,True,21698492.67,14973742.15,5957343.87,0.0,19623719.65,2074773.02,12093531.72,11.24,18.43,25.27,4.42,73.83,188.78,42.0,0.0,39.75,24.08,13.83,1.0,0.0,5.92,0.0,3.33,4194.0,1975.0,6335.0,64228.0,2016.0,2170.0,6713.0,1936.0,7532.0,189782.0,20433.0,140006.19,5361.0,41282.75,1066.0,1394.0,0.0,0.0,19055.0,363809.84,0.0,8.0,1066.0,1402.0,361.0,3239.0,0.0,450023.6,822765.5,9.0,1011.0,225907.0,220958.49,245.0,97.0,6.0,24.49,5.96,43.27,10.61,59.18,23.67,1333.57,920.27,366.13,0.691,1.133,4.538,2.581,0.3638,0.258,0.389,3.947,1.256,0.0,65.515,86.166,920.2718,366.1326,55.7344,9.5618,1.5531,0.2716,24.43,3.6384,0.1214,7.902,0.4126,94.8405,0.8443,3.0385,0.0,27.658,50.5664,25.7489,12.3,46.0
510550,Vila Bela da Santíssima Trindade,51012,Sudoeste Matogrossense,5102,Oeste,2021,16412.0,IBGE estimativa,6.0,12.0,12.0,False,True,21927631.46,15278868.28,5891369.79,0.0,20865326.15,1062305.31,14372266.58,11.0,20.78,32.84,3.33,77.83,225.96,42.83,0.0,54.42,17.42,7.58,1.0,0.0,6.0,0.0,3.92,13127.0,2325.0,16009.0,42795.0,9911.0,3215.0,9270.0,2743.0,9922.0,251461.0,26545.0,170419.3,5626.0,42535.08,939.0,1286.0,0.0,0.0,13768.0,366995.89,0.0,14.0,939.0,1300.0,408.0,2899.0,0.0,394192.83,876835.29,21.0,846.0,303047.0,293657.95,254.0,96.0,4.0,15.75,5.85,53.15,10.28,66.93,30.31,1336.07,930.96,358.97,0.67,1.266,4.742,2.61,0.3656,0.8,0.975,2.608,1.617,0.0,57.214,79.21,930.9571,358.9672,65.5441,4.8446,2.001,0.2029,33.1587,3.6559,0.1417,10.7992,0.5648,90.0958,2.2364,3.0873,0.0,24.0186,53.4265,31.3846,17.3,63.3
510550,Vila Bela da Santíssima Trindade,51012,Sudoeste Matogrossense,5102,Oeste,2022,16774.0,IBGE Censo 2022,6.0,12.0,12.0,False,True,25949661.19,17535224.61,6933512.81,771072.05,24193833.24,1755827.95,15931166.38,12.78,20.62,35.27,3.58,77.25,229.84,44.25,0.0,61.08,17.0,6.67,1.0,0.33,5.5,0.0,4.0,24650.0,5282.0,46354.0,209210.0,17228.0,7421.0,14868.0,3775.0,14986.0,291119.0,41730.0,191640.64,6857.0,73411.47,1106.0,1449.0,38.0,4727.4,9736.0,297888.77,0.0,8.0,1106.0,1457.0,389.0,3300.0,0.0,485759.15,811408.7,6.0,915.0,343908.0,253484.89,309.0,77.0,2.0,6.47,4.59,48.54,6.8,63.75,21.04,1547.02,1045.38,413.35,0.762,1.229,4.605,2.638,0.3279,1.47,2.763,12.472,2.488,0.002,65.935,86.861,1045.3812,413.3488,61.3926,6.7663,2.1027,0.2134,36.4135,3.2789,0.3149,12.2168,0.8864,82.7306,0.5425,2.9837,0.0,28.9591,48.373,26.6987,11.0,44.8
510550,Vila Bela da Santíssima Trindade,51012,Sudoeste Matogrossense,5102,Oeste,2023,17076.0,interpolada (Censo 2022 x IBGE 2024),6.0,12.0,12.0,False,True,25775131.78,18078577.07,6715129.42,64711.21,23621725.08,2153406.7,17292951.08,14.48,21.6,36.94,5.0,73.67,238.91,49.5,0.0,63.42,15.92,5.92,1.0,0.0,5.0,0.0,4.0,22757.0,5866.0,24463.0,123325.0,15702.0,7055.0,14828.0,4159.0,14736.0,308135.0,60766.0,299207.35,8801.0,105390.36,1333.0,1638.0,0.0,0.0,8911.0,371625.23,0.0,18.0,1333.0,1656.0,388.0,4409.0,0.0,567715.42,1115409.22,12.0,1084.0,395475.0,457963.9,283.0,89.0,6.0,21.2,5.212,51.42,8.13,65.02,22.97,1509.44,1058.71,393.25,0.848,1.265,4.314,2.899,0.2928,1.333,1.433,7.222,3.559,0.0,78.063,96.978,1058.7126,393.2496,67.0916,8.3546,2.1633,0.2928,37.1398,2.9281,0.3435,14.6961,0.8684,81.3203,0.9002,3.3076,0.0,33.2464,65.3203,23.43,11.5,47.1
510550,Vila Bela da Santíssima Trindade,51012,Sudoeste Matogrossense,5102,Oeste,2024,17384.0,IBGE estimativa,6.0,12.0,12.0,False,True,28386474.07,21151107.04,6588132.53,0.0,28045766.15,340707.92,17308450.79,17.18,21.88,38.04,5.0,74.75,253.96,53.83,0.0,109.17,15.08,5.08,1.0,0.0,5.0,0.0,4.0,23817.0,5363.0,26787.0,119783.0,16279.0,7538.0,15471.0,3724.0,15658.0,329532.0,90215.0,450442.99,12208.0,119548.52,1631.0,1891.0,1.0,138.63,4589.0,486820.81,0.0,22.0,1631.0,1913.0,389.0,5306.0,0.0,701689.89,1159469.19,14.0,1302.0,468688.0,730086.82,233.0,96.0,2.0,8.58,5.52,58.8,6.44,63.52,18.45,1632.91,1216.7,378.98,0.988,1.259,4.3,3.097,0.2876,1.37,1.541,6.89,5.19,0.0,93.822,110.044,1216.6997,378.9768,60.9743,1.2002,2.1882,0.2876,62.7991,2.8762,0.3085,15.9828,0.89,79.8283,0.8584,3.2532,0.0,40.3641,66.6975,20.3346,10.5,40.3
510550,Vila Bela da Santíssima Trindade,51012,Sudoeste Matogrossense,5102,Oeste,2025,17592.0,IBGE estimativa,6.0,12.0,12.0,False,True,31985796.78,25353102.39,6230158.38,0.0,31657865.64,327931.14,22570183.02,21.97,22.38,44.83,4.17,75.17,260.55,55.0,0.0,109.83,15.17,5.0,1.0,0.0,5.0,0.0,4.0,21293.0,4788.0,32677.0,129357.0,17002.0,4291.0,13587.0,3626.0,14412.0,315160.0,85080.0,452613.68,34421.0,248010.03,1769.0,1802.0,181.0,20932.28,8065.0,591228.59,0.0,15.0,1769.0,1817.0,424.0,5842.0,0.0,828645.31,1278449.53,22.0,1351.0,454435.0,779975.41,,,,,,,,,,1818.2,1441.17,354.15,1.249,1.272,4.273,3.126,0.2842,1.21,1.857,7.353,4.836,0.01,100.557,103.286,1441.1723,354.1472,70.5631,1.0252,2.5483,0.237,62.4318,2.8422,0.2722,,0.7723,76.3708,1.2436,3.3024,0.0,47.1035,72.6722,23.3352,12.7,50.7
510558,Marcelândia,51010,Norte Matogrossense,5103,Norte,2020,10301.0,IBGE estimativa,6.0,12.0,12.0,False,True,11862119.39,5083275.01,5188001.47,1000118.23,10335399.22,1526720.17,6582111.66,8.06,9.42,30.6,2.33,33.08,153.27,14.5,0.0,30.17,15.0,4.0,1.0,0.0,4.0,0.0,1.33,13716.0,206.0,29041.0,14284.0,10007.0,3415.0,9252.0,2756.0,8642.0,46149.0,112508.0,572427.26,6366.0,59204.12,428.0,749.0,1.0,137.01,9716.0,151963.05,0.0,15.0,428.0,764.0,352.0,1661.0,0.0,231916.0,727346.75,0.0,428.0,171397.0,636793.67,218.0,56.0,1.0,4.59,5.44,65.6,8.72,64.22,25.23,1151.55,493.47,503.64,0.782,0.914,3.211,1.408,0.3883,1.332,2.819,1.387,10.922,0.0,41.549,74.168,493.4739,503.6406,55.4885,12.8706,2.9706,0.2262,29.2884,3.8831,0.02,12.6422,0.8982,100.0,0.0,3.8808,0.0,22.5139,70.6093,46.0733,9.8,63.4
510558,Marcelândia,51010,Norte Matogrossense,5103,Norte,2021,10107.0,IBGE estimativa,6.0,12.0,12.0,False,True,13854116.16,6098514.36,6576629.69,462748.01,13664767.35,189348.81,8596533.79,8.99,10.38,32.26,3.0,37.75,157.35,21.17,0.0,37.25,15.42,4.0,1.0,0.0,4.0,0.0,3.0,19506.0,796.0,36205.0,25563.0,12195.0,5129.0,6482.0,2460.0,6267.0,77658.0,40010.0,270289.55,11697.0,104269.35,492.0,864.0,0.0,0.0,11521.0,183399.48,0.0,14.0,492.0,878.0,387.0,1989.0,0.0,336968.6,1291885.24,0.0,481.0,130766.0,324711.8,189.0,116.0,3.0,15.87,11.48,74.07,5.29,61.38,19.05,1370.74,603.4,650.7,0.889,1.027,3.735,2.095,0.3958,1.93,3.582,2.529,3.959,0.0,48.679,86.87,603.3951,650.7005,62.0504,1.3667,3.1918,0.2968,36.8556,3.9577,0.0788,13.0159,0.6413,97.7642,0.0,4.0427,0.0,33.3401,127.8208,44.0774,12.6,69.9
510558,Marcelândia,51010,Norte Matogrossense,5103,Norte,2022,11396.0,IBGE Censo 2022,6.0,12.0,12.0,False,True,17933714.19,7927302.83,8744257.24,389252.04,16626398.51,1307315.68,13398703.96,10.48,10.58,33.15,4.75,43.75,170.38,18.0,0.0,29.83,15.33,4.0,1.0,0.0,4.0,0.0,3.92,30902.0,4765.0,46998.0,27772.0,16589.0,11076.0,9565.0,3322.0,8894.0,273259.0,153963.0,908232.92,109558.0,708273.52,742.0,1173.0,9.0,1904.5,13185.0,218272.68,0.0,32.0,742.0,1205.0,488.0,2991.0,0.0,343894.28,1009425.6,0.0,742.0,462210.0,1096205.67,244.0,62.0,1.0,4.1,5.44,70.49,6.97,72.54,21.4,1573.68,695.62,767.31,0.92,0.928,3.839,1.58,0.351,2.712,4.124,2.437,13.51,0.001,65.111,105.739,695.6215,767.3093,74.7124,7.2897,2.9089,0.4168,26.1759,3.51,0.4181,13.6148,0.8393,100.0,0.0,4.031,0.0,30.1768,88.5772,40.4979,8.5,58.7
510558,Marcelândia,51010,Norte Matogrossense,5103,Norte,2023,11405.0,interpolada (Censo 2022 x IBGE 2024),6.0,12.0,12.0,False,True,17093755.66,5137480.46,8906200.29,1754367.87,16393326.06,700429.6,10421218.15,10.52,9.67,28.27,5.0,43.45,157.66,23.33,0.0,32.25,13.92,4.0,1.0,0.0,4.0,0.0,4.0,32037.0,4413.0,56133.0,45999.0,18145.0,13892.0,9644.0,3613.0,9070.0,256446.0,132468.0,922331.45,108583.0,779617.9,539.0,960.0,16.0,3376.81,23708.0,301433.74,0.0,22.0,539.0,982.0,459.0,2367.0,0.0,228701.81,1006586.46,9.0,539.0,411946.0,1052404.71,223.0,73.0,6.0,26.91,6.401,77.13,10.76,73.99,19.28,1498.79,450.46,780.9,0.922,0.848,3.81,2.046,0.3507,2.809,4.922,4.033,11.615,0.001,47.26,86.103,450.4586,780.9031,60.9651,4.0976,2.4787,0.4384,28.2771,3.5072,0.3869,16.2018,0.8456,100.0,1.6698,4.3915,0.0,20.0528,88.2583,46.7413,16.5,78.6
510558,Marcelândia,51010,Norte Matogrossense,5103,Norte,2024,11414.0,IBGE estimativa,6.0,12.0,12.0,False,True,20881426.09,6323446.76,10626851.99,1942306.33,19908666.4,972759.69,11790989.24,10.44,9.83,28.0,4.75,47.96,165.36,22.25,0.0,39.67,14.5,4.0,1.0,0.0,4.0,0.0,4.0,34372.0,3964.0,62453.0,55772.0,20519.0,13853.0,10258.0,2995.0,11256.0,262461.0,206744.0,1237221.01,178700.0,1114284.82,595.0,986.0,151.0,31580.79,37722.0,476121.63,0.0,40.0,595.0,1026.0,454.0,2682.0,0.0,267993.0,1083464.28,4.0,592.0,550666.0,1731208.9,193.0,69.0,3.0,15.54,6.05,80.21,8.29,71.5,15.03,1829.46,554.01,931.04,0.915,0.861,4.202,1.949,0.3504,3.011,5.472,4.886,18.113,0.013,52.129,89.89,554.008,931.0366,56.4664,4.6585,2.4531,0.4162,34.7556,3.5045,0.3473,15.5181,0.8987,99.4958,0.6723,4.5076,0.0,23.4793,94.9242,44.2495,16.1,77.9
510558,Marcelândia,51010,Norte Matogrossense,5103,Norte,2025,11355.0,IBGE estimativa,6.0,12.0,12.0,False,True,23489910.88,6939408.6,10986355.46,3383371.83,22118332.29,1371578.59,13264048.71,11.1,11.03,32.28,5.0,45.58,178.9,22.0,0.0,40.83,13.25,4.0,1.0,0.0,4.0,0.0,4.0,32690.0,4236.0,70340.0,44849.0,22751.0,9919.0,11675.0,3025.0,12416.0,133409.0,230182.0,1318484.46,216010.0,1342196.66,343.0,1002.0,387.0,88924.11,42815.0,548439.58,0.0,58.0,343.0,1060.0,727.0,1637.0,0.0,165178.24,1137714.03,5.0,336.0,450643.0,1886931.87,,,,,,,,,,2068.68,611.13,967.53,0.978,0.971,4.014,1.937,0.3523,2.879,6.195,3.95,20.271,0.034,30.207,93.351,611.1324,967.5346,56.467,5.839,2.8428,0.4403,35.9577,3.5227,0.3731,,1.0282,97.9592,1.4577,4.7726,0.0,14.5467,100.195,68.5849,18.8,106.2
510560,Matupá,51015,Vale do Peixoto,5103,Norte,2020,16793.0,IBGE estimativa,6.0,12.0,12.0,False,True,18260661.12,5868971.34,9512197.93,1979939.41,16600432.12,1660229.0,11899945.71,11.16,16.67,53.58,5.67,42.17,214.82,27.0,0.0,130.5,14.0,7.0,1.0,0.0,5.0,0.0,4.67,35375.0,3880.0,53874.0,50586.0,23953.0,10501.0,15729.0,4763.0,16156.0,101147.0,130329.0,620248.28,20275.0,156516.48,647.0,900.0,23.0,2544.84,38581.0,321919.4,0.0,27.0,647.0,927.0,342.0,1756.0,0.0,310976.01,713446.62,32.0,646.0,238382.0,652072.37,359.0,104.0,5.0,13.93,6.19,78.55,7.52,70.75,15.88,1087.4,349.49,566.44,0.665,0.993,2.511,1.608,0.2977,2.107,3.208,3.012,7.761,0.001,38.528,55.202,349.4892,566.4383,65.1671,9.0918,3.1906,0.3376,77.711,2.9774,0.231,13.2674,0.9366,99.8454,4.9459,2.7141,0.0,18.5182,42.4848,36.8932,12.0,56.3
510560,Matupá,51015,Vale do Peixoto,5103,Norte,2021,17017.0,IBGE estimativa,6.0,12.0,12.0,False,True,20847198.27,5685392.22,10852171.84,3379160.68,19448425.95,1398772.32,14076814.56,11.58,18.0,57.76,5.67,41.58,226.59,26.67,0.0,144.75,15.0,8.0,1.0,0.0,5.33,0.0,5.0,43406.0,4631.0,70787.0,54558.0,26247.0,16219.0,13822.0,4365.0,13608.0,94374.0,145327.0,694993.6,18038.0,146047.88,600.0,919.0,0.0,0.0,43821.0,409926.3,0.0,33.0,600.0,952.0,382.0,1873.0,0.0,376087.07,1006065.46,51.0,599.0,243976.0,712011.7,385.0,161.0,4.0,10.39,9.46,78.18,5.97,70.13,16.36,1225.08,334.1,637.73,0.68,1.058,2.443,1.567,0.3132,2.551,4.16,3.206,8.54,0.0,35.259,55.944,334.1007,637.7253,67.5238,6.7096,3.3943,0.3332,85.062,3.1322,0.2721,11.3377,0.8122,99.8333,8.5,3.1217,0.0,22.1007,59.1212,40.1261,12.0,58.7
510560,Matupá,51015,Vale do Peixoto,5103,Norte,2022,20091.0,IBGE Censo 2022,6.0,12.0,12.0,False,True,25161170.34,7354037.48,11863403.06,3828593.77,23354643.39,1806526.95,17620372.98,13.08,18.17,55.42,5.17,41.0,225.11,26.17,0.0,145.0,15.0,8.0,1.0,0.0,6.0,0.0,5.0,56316.0,5664.0,88660.0,51528.0,33963.0,21847.0,16085.0,6624.0,16087.0,125438.0,198150.0,862343.58,18262.0,180162.9,686.0,1002.0,0.0,0.0,60874.0,496331.68,0.0,41.0,686.0,1043.0,400.0,2226.0,0.0,342168.94,883448.79,35.0,684.0,326819.0,875698.68,362.0,117.0,9.0,24.86,5.82,80.39,9.12,75.14,12.43,1252.36,366.04,590.48,0.651,0.904,2.041,1.303,0.2986,2.803,4.413,2.565,9.863,0.0,34.145,51.914,366.0364,590.4835,70.03,7.1798,2.7584,0.2573,72.1716,2.9864,0.2819,18.2983,0.8006,99.7085,5.102,3.2449,0.0,17.031,43.9724,38.3509,12.4,57.1
510560,Matupá,51015,Vale do Peixoto,5103,Norte,2023,20742.0,interpolada (Censo 2022 x IBGE 2024),6.0,12.0,12.0,False,True,30589337.35,8595972.99,16313459.32,2457012.96,29748413.48,840923.87,23337834.81,15.24,21.67,54.75,5.76,42.33,241.05,27.0,0.0,145.25,16.75,8.0,1.0,0.0,6.0,0.0,5.0,43910.0,7270.0,82161.0,54141.0,28951.0,14365.0,17891.0,6889.0,17548.0,128607.0,208719.0,857926.38,62458.0,416146.01,850.0,1252.0,2.0,360.0,98841.0,808722.83,0.0,41.0,850.0,1293.0,486.0,2199.0,0.0,446988.65,1042754.37,22.0,838.0,549701.0,881412.78,461.0,108.0,7.0,15.18,5.207,86.3,9.11,74.78,12.36,1474.75,414.42,786.49,0.735,1.045,2.041,1.302,0.2893,2.117,3.961,2.61,10.063,0.0,40.98,62.337,414.4235,786.494,76.294,2.7491,2.6396,0.2777,70.027,2.8927,0.3505,14.9436,0.8625,98.5882,2.5882,2.5871,0.0,21.5499,50.2726,37.587,13.5,69.2
510560,Matupá,51015,Vale do Peixoto,5103,Norte,2024,21415.0,IBGE estimativa,6.0,12.0,12.0,False,True,38245164.34,10804811.58,21190761.97,3434371.59,35787328.27,2457836.07,26218902.32,19.96,21.05,54.01,6.96,42.17,259.51,27.0,0.0,161.83,18.58,8.0,1.0,0.0,6.0,0.0,5.67,40461.0,6790.0,93896.0,56808.0,29542.0,10438.0,22285.0,6554.0,21517.0,169440.0,326210.0,1389542.22,266694.0,1284868.43,1061.0,1420.0,6.0,614.26,128549.0,995482.62,49.0,98.0,1110.0,1518.0,462.0,2926.0,0.0,677350.39,1431203.32,30.0,1102.0,544996.0,1732508.38,360.0,97.0,3.0,8.33,4.53,87.22,8.06,79.44,12.5,1785.91,504.54,989.53,0.932,0.983,1.969,1.261,0.2802,1.889,4.385,2.653,15.233,0.0,51.833,70.885,504.5441,989.5289,68.5548,6.4265,2.5221,0.325,75.5685,2.8018,0.3171,18.2056,1.0406,99.2793,2.7027,2.636,0.0,31.6297,66.8318,30.4348,15.5,76.9
510560,Matupá,51015,Vale do Peixoto,5103,Norte,2025,21959.0,IBGE estimativa,6.0,12.0,12.0,False,True,45343539.32,11291822.65,27658116.15,2751574.53,42989575.93,2353963.39,33123946.18,21.9,21.65,59.73,6.25,39.58,270.8,27.5,0.0,175.42,21.67,8.17,1.0,0.0,6.0,0.0,6.0,45966.0,8548.0,108873.0,60762.0,33542.0,11750.0,20918.0,6086.0,20742.0,146525.0,344702.0,1654382.96,268953.0,1481385.34,1232.0,1619.0,95.0,59135.4,142108.0,1154371.79,21.0,67.0,1253.0,1686.0,494.0,4018.0,0.0,880038.81,1610909.58,38.0,1239.0,551788.0,2114557.46,,,,,,,,,,2064.92,514.22,1259.53,0.997,0.986,1.802,1.252,0.2732,2.093,4.958,2.767,15.698,0.004,57.061,76.779,514.223,1259.5344,73.0511,5.1914,2.7201,0.2846,79.8852,2.7324,0.3893,,0.9526,98.8827,3.0327,3.2067,0.0,40.0765,73.3599,29.3001,13.5,68.0
510562,Mirassol d'Oeste,51011,Oeste Matogrossense,5102,Oeste,2020,27941.0,IBGE estimativa,6.0,12.0,12.0,False,True,27226552.89,7432926.77,18083735.82,666998.32,26311741.8,914811.09,20807252.92,17.89,15.81,40.29,4.25,52.5,179.19,50.92,0.0,40.33,18.08,10.33,1.42,0.0,6.58,0.0,2.0,46332.0,2178.0,74013.0,24929.0,35203.0,10135.0,21944.0,6747.0,21346.0,286.0,39918.0,219482.91,9850.0,99337.2,682.0,1446.0,0.0,0.0,52589.0,919899.29,0.0,18.0,682.0,1464.0,803.0,2673.0,0.0,426348.83,1448063.62,20.0,667.0,55517.0,293109.21,412.0,214.0,4.0,9.71,7.66,55.12,8.5,93.2,16.5,974.43,266.02,647.21,0.64,0.566,1.879,1.822,0.2355,1.658,2.649,0.892,1.429,0.0,24.409,52.396,266.0222,647.2115,76.4226,3.36,1.442,0.1521,14.434,2.355,0.0779,16.3762,0.7854,97.8006,2.9326,3.9194,0.0,15.2589,51.8258,54.8497,6.9,49.0
510562,Mirassol d'Oeste,51011,Oeste Matogrossense,5102,Oeste,2021,28135.0,IBGE estimativa,6.0,12.0,12.0,False,True,40057136.03,8816695.22,25825345.19,3514380.18,35810962.39,4246173.64,29862884.36,21.44,17.28,47.31,3.58,51.0,195.63,68.0,0.0,40.0,17.5,9.0,2.0,0.0,7.0,0.0,2.0,64152.0,3193.0,108183.0,35453.0,46421.0,17101.0,17519.0,5946.0,17701.0,3511.0,67164.0,375604.47,14213.0,114300.46,858.0,1668.0,0.0,0.0,50186.0,917497.47,0.0,30.0,858.0,1698.0,864.0,4361.0,0.0,803523.61,2377751.8,61.0,853.0,97741.0,507556.62,404.0,268.0,5.0,12.38,9.53,57.07,9.65,91.58,19.55,1423.75,313.37,917.91,0.762,0.614,1.813,2.417,0.2488,2.28,3.845,1.26,2.387,0.0,30.496,60.352,313.3711,917.9081,74.5507,10.6003,1.6815,0.1272,14.2172,2.488,0.1135,14.7178,0.6227,99.4172,7.1096,5.0828,0.0,28.5596,84.5122,50.8834,8.3,47.0
510562,Mirassol d'Oeste,51011,Oeste Matogrossense,5102,Oeste,2022,26785.0,IBGE Censo 2022,6.0,12.0,12.0,False,True,38206534.67,10129556.84,23049448.57,3348011.89,35591518.17,2615016.5,27201595.06,21.9,31.14,52.26,4.29,50.83,223.74,77.17,0.0,40.92,21.25,9.83,2.0,0.0,7.0,0.0,2.0,65428.0,4452.0,123287.0,51008.0,49798.0,15315.0,20696.0,6201.0,20771.0,62484.0,193775.0,893656.37,14109.0,152122.3,1095.0,2013.0,313.0,37291.47,17205.0,940658.84,0.0,26.0,1095.0,2039.0,991.0,4066.0,0.0,575828.6,1986439.96,35.0,1090.0,344336.0,1364300.54,426.0,193.0,4.0,9.39,7.21,57.51,8.92,93.19,15.26,1426.42,378.18,860.54,0.818,1.163,1.898,2.881,0.2613,2.443,4.603,1.904,7.234,0.012,40.881,76.125,378.1802,860.5357,71.1962,6.8444,1.9511,0.1602,15.2772,2.6134,0.1662,14.5563,0.7727,99.5434,3.1963,3.7132,0.0,21.4982,74.1624,48.6023,6.6,43.1
510562,Mirassol d'Oeste,51011,Oeste Matogrossense,5102,Oeste,2023,27146.0,interpolada (Censo 2022 x IBGE 2024),6.0,12.0,12.0,False,True,34900010.99,13274276.17,18845434.91,1173487.99,34175380.8,724630.19,25417082.47,25.27,28.07,45.98,5.71,50.0,234.72,74.33,0.0,54.58,29.17,9.67,2.0,0.0,7.0,0.0,4.25,61385.0,6731.0,115882.0,56877.0,45104.0,16281.0,18584.0,5768.0,19328.0,49329.0,246871.0,1091702.1,23347.0,253677.83,1160.0,2230.0,2870.0,677421.92,30154.0,1093254.47,0.0,44.0,1160.0,2274.0,1164.0,4113.0,0.0,583214.2,2364124.77,27.0,1153.0,412461.0,2320519.37,415.0,208.0,5.0,12.05,7.662,56.52,13.25,89.64,15.42,1285.64,489.0,694.23,0.931,1.034,1.842,2.738,0.2579,2.261,4.269,2.095,9.094,0.106,42.732,83.769,488.9957,694.2251,72.8283,2.0763,1.6938,0.2103,20.1061,2.5786,0.248,13.8988,0.6846,99.3966,2.3276,3.5457,0.0,21.4844,87.0892,51.1873,8.7,48.2
510562,Mirassol d'Oeste,51011,Oeste Matogrossense,5102,Oeste,2024,27511.0,IBGE estimativa,6.0,12.0,12.0,False,True,44926989.98,16038491.72,23525641.04,2103322.94,44359150.49,567839.49,32960745.49,29.38,25.13,49.72,5.0,50.0,252.23,71.0,0.0,73.67,33.0,9.0,2.0,0.0,7.0,0.0,4.5,73440.0,6902.0,138209.0,59250.0,49382.0,21328.0,21676.0,5711.0,22790.0,61698.0,278944.0,1293069.8,26694.0,351734.63,1082.0,2192.0,2535.0,457413.74,13424.0,1434034.63,0.0,54.0,1082.0,2246.0,1194.0,3920.0,0.0,526979.74,2364444.71,31.0,853.0,504005.0,2540024.29,375.0,190.0,6.0,16.0,6.91,61.33,9.6,91.73,12.0,1633.06,582.98,855.14,1.068,0.913,1.817,2.581,0.2544,2.669,5.024,2.154,10.139,0.092,39.33,81.64,582.9847,855.1358,73.3651,1.2639,1.8073,0.1817,26.7784,2.5444,0.2509,15.2293,0.7879,78.8355,2.8651,3.6229,0.0,19.1552,85.9454,53.1612,9.9,51.3
510562,Mirassol d'Oeste,51011,Oeste Matogrossense,5102,Oeste,2025,27637.0,IBGE estimativa,6.0,12.0,12.0,False,True,53807731.5,21275151.11,27420227.28,883668.57,51632297.87,2175433.63,40336244.31,33.02,23.77,51.73,6.92,50.0,274.95,71.0,0.0,76.58,34.33,9.0,2.0,0.0,7.0,0.0,5.0,78686.0,8256.0,153656.0,66925.0,59089.0,16323.0,21542.0,5339.0,23220.0,60901.0,265488.0,1216738.18,26285.0,366718.3,1078.0,2245.0,1643.0,298315.88,38697.0,1415003.3,0.0,77.0,1078.0,2322.0,1268.0,3677.0,0.0,492304.39,2434219.11,37.0,975.0,494181.0,2350549.26,,,,,,,,,,1946.95,769.81,992.16,1.195,0.86,1.809,2.569,0.2533,2.847,5.56,2.422,9.606,0.059,39.006,84.018,769.8068,992.1564,74.9637,4.043,1.8718,0.2504,27.7092,2.5328,0.2987,,0.7795,90.4453,3.4323,3.4109,0.0,17.8132,88.0783,54.6081,13.8,56.8
510590,Nobres,51004,Centro Norte,5106,Centro-Noroeste,2020,15334.0,IBGE estimativa,6.0,12.0,12.0,False,True,15641935.6,5694231.12,4802169.0,3822978.53,15443115.28,198820.32,8953042.77,11.85,14.37,26.65,6.83,56.42,178.17,36.0,0.0,29.0,19.0,6.0,1.0,0.0,5.0,0.0,4.58,15991.0,1946.0,34165.0,61400.0,12365.0,3586.0,8152.0,3425.0,8717.0,140.0,24536.0,215010.01,11168.0,98295.92,1109.0,1449.0,0.0,0.0,26281.0,390123.9,0.0,18.0,1109.0,1467.0,371.0,2768.0,0.0,627655.34,1352054.32,31.0,1109.0,34966.0,263223.01,257.0,139.0,5.0,19.46,9.06,71.98,8.95,53.7,17.9,1020.08,371.35,313.17,0.773,0.937,3.679,2.348,0.3261,1.043,2.228,4.004,1.6,0.0,72.323,95.67,371.3468,313.1713,57.2374,1.2711,1.738,0.4454,18.9122,3.2607,0.1269,13.3268,0.5316,100.0,2.7953,2.4959,0.0,40.9323,88.1736,25.2897,24.1,25.9
510590,Nobres,51004,Centro Norte,5106,Centro-Noroeste,2021,15332.0,IBGE estimativa,6.0,12.0,12.0,False,True,19963663.04,6497926.29,6127019.62,5895039.16,18774920.37,1188742.67,11160642.23,12.1,14.84,25.13,6.88,55.42,180.06,36.0,0.0,29.0,19.0,6.0,1.0,0.0,5.0,0.0,4.58,23620.0,6348.0,43765.0,101341.0,17333.0,6287.0,5977.0,2773.0,6453.0,453.0,35853.0,244553.7,17160.0,113551.95,1091.0,1441.0,0.0,0.0,30653.0,492751.2,0.0,21.0,1091.0,1462.0,401.0,3188.0,0.0,679315.36,1977451.15,37.0,1090.0,50261.0,376500.45,244.0,145.0,5.0,20.49,9.46,75.0,8.61,51.23,15.57,1302.09,423.81,399.62,0.789,0.968,3.615,2.348,0.3261,1.541,2.854,6.61,2.338,0.0,71.158,95.356,423.8147,399.623,55.9048,5.9545,1.6391,0.4487,18.9147,3.2612,0.414,11.3648,0.3898,99.9083,3.3914,2.9221,0.0,44.307,128.9754,27.4282,24.8,28.0
510590,Nobres,51004,Centro Norte,5106,Centro-Noroeste,2022,15492.0,IBGE Censo 2022,6.0,12.0,12.0,False,True,25894025.84,7641616.45,10071940.37,6656548.72,24692949.15,1201076.69,19053540.35,13.54,15.13,28.21,7.96,59.58,204.41,36.0,0.0,29.0,19.0,6.0,1.0,0.0,5.0,0.0,5.0,33790.0,9749.0,55200.0,111871.0,22984.0,10806.0,7881.0,3440.0,8629.0,547.0,64155.0,388926.26,28358.0,185756.58,1059.0,1458.0,0.0,0.0,27352.0,812591.26,0.0,28.0,1059.0,1486.0,451.0,3079.0,0.0,557256.47,1581742.37,40.0,1058.0,80658.0,620265.71,266.0,131.0,3.0,11.28,8.46,73.31,9.77,62.03,16.92,1671.44,493.26,650.14,0.874,0.977,3.846,2.324,0.3227,2.181,3.563,7.221,4.141,0.0,68.358,95.92,493.2621,650.1382,73.5828,4.6384,1.8209,0.5138,18.7193,3.2275,0.6293,12.9323,0.5087,99.9056,3.7771,2.9075,0.0,35.9706,102.1006,30.3499,28.7,30.2
510590,Nobres,51004,Centro Norte,5106,Centro-Noroeste,2023,15622.0,interpolada (Censo 2022 x IBGE 2024),6.0,12.0,12.0,False,True,29285564.18,11262870.56,13287916.0,3154680.76,28820076.77,465487.41,16609675.44,13.72,17.16,33.49,8.17,60.75,218.69,36.0,0.0,29.17,19.0,6.0,1.0,0.0,5.83,0.0,5.83,34766.0,11329.0,69964.0,106672.0,23749.0,11017.0,8564.0,3608.0,9458.0,20361.0,59963.0,368839.83,26653.0,205143.17,1104.0,1595.0,44.0,8247.88,36853.0,814718.58,0.0,32.0,1104.0,1627.0,552.0,3025.0,0.0,504915.99,1408549.73,31.0,1104.0,98364.0,606461.71,243.0,138.0,2.0,8.23,8.834,79.42,9.47,67.49,16.87,1874.64,720.96,850.59,0.878,1.098,3.889,2.304,0.3732,2.225,4.479,6.828,3.838,0.003,70.67,104.148,720.9621,850.5899,56.7163,1.5895,2.1438,0.523,18.6724,3.7319,0.7252,14.8477,0.5482,100.0,2.808,2.74,0.0,32.3208,90.1645,33.9275,30.7,33.7
510590,Nobres,51004,Centro Norte,5106,Centro-Noroeste,2024,15753.0,IBGE estimativa,6.0,12.0,12.0,False,True,33803679.11,10914587.31,18015134.81,3197004.64,33762769.46,40909.65,19053468.72,13.11,18.5,38.28,9.08,62.0,232.39,36.0,0.0,31.0,19.0,6.0,1.0,0.0,6.0,0.0,6.0,34549.0,11182.0,75191.0,108268.0,22026.0,12523.0,12281.0,3656.0,12725.0,4474.0,76596.0,454720.84,26747.0,212793.97,1234.0,1912.0,202.0,37850.64,41691.0,931996.14,0.0,51.0,1234.0,1963.0,746.0,3291.0,0.0,557667.01,2121121.63,36.0,1233.0,103458.0,732569.53,229.0,151.0,2.0,8.73,9.59,85.59,7.42,71.18,15.28,2145.86,692.86,1143.6,0.832,1.174,3.936,2.285,0.3809,2.193,4.773,6.873,4.862,0.013,78.334,124.611,692.8577,1143.6003,56.3651,0.121,2.43,0.5764,19.6788,3.8088,0.7098,15.9651,0.7796,99.919,2.9173,2.6669,0.0,35.4007,134.6487,38.0031,32.5,35.8
510590,Nobres,51004,Centro Norte,5106,Centro-Noroeste,2025,15796.0,IBGE estimativa,6.0,12.0,12.0,False,True,33346099.61,11366087.73,16608615.85,3830287.43,32418032.14,928067.47,22532093.72,15.24,21.92,43.57,9.81,60.83,246.81,29.58,0.0,37.58,20.5,6.0,1.0,0.0,6.0,0.0,6.0,34461.0,10962.0,78690.0,113626.0,20622.0,13839.0,15308.0,3497.0,15151.0,5343.0,89977.0,518444.15,24673.0,197728.23,1122.0,1713.0,238.0,40214.11,25620.0,798765.8,0.0,71.0,1122.0,1784.0,679.0,3223.0,0.0,523848.91,1921374.03,42.0,1116.0,123535.0,773959.86,,,,,,,,,,2111.05,719.55,1051.44,0.965,1.388,3.851,1.873,0.3798,2.182,4.982,7.193,5.696,0.015,71.031,112.94,719.5548,1051.4444,67.5704,2.7831,2.7583,0.621,23.7908,3.7984,0.694,,0.9691,99.4652,3.7433,2.8725,0.0,33.1634,121.6367,38.0605,36.0,38.6
510600,Nortelândia,51004,Centro Norte,5106,Centro-Noroeste,2020,5923.0,IBGE estimativa,6.0,12.0,12.0,False,True,6161525.03,3696885.73,1801592.4,0.0,6139757.69,21767.34,3146805.81,3.52,10.23,11.81,3.0,28.58,87.85,5.0,0.0,27.0,8.5,3.17,0.17,0.92,2.67,0.0,2.67,12418.0,1174.0,7884.0,6373.0,7548.0,3678.0,5009.0,994.0,4423.0,5303.0,10550.0,45166.53,1467.0,8681.75,0.0,203.0,0.0,0.0,17664.0,155003.8,0.0,6.0,0.0,209.0,209.0,0.0,0.0,0.0,418534.52,0.0,0.0,16487.0,45166.53,72.0,48.0,0.0,0.0,8.1,73.61,9.72,73.61,22.22,1040.27,624.16,304.17,0.594,1.727,4.825,0.844,0.4508,2.097,1.331,1.076,1.781,0.0,0.0,35.286,624.1576,304.1689,51.0719,0.3533,1.9939,0.5065,45.585,4.5079,0.1982,13.8056,0.8457,,,,0.0,0.0,70.6626,100.0,53.6,100.9
510600,Nortelândia,51004,Centro Norte,5106,Centro-Noroeste,2021,5858.0,IBGE estimativa,6.0,12.0,12.0,False,True,7639095.67,4616093.48,2074276.1,221592.15,7191396.03,447699.64,4175342.78,5.42,11.85,16.33,3.0,27.08,110.02,16.67,0.0,42.5,8.42,3.0,0.0,1.08,3.0,0.0,3.0,14907.0,1997.0,17223.0,4773.0,10048.0,4215.0,4971.0,782.0,4518.0,5937.0,13032.0,56877.6,1917.0,13503.22,0.0,206.0,0.0,0.0,20957.0,110456.39,0.0,5.0,0.0,211.0,211.0,0.0,0.0,0.0,363298.8,0.0,0.0,19368.0,56877.6,65.0,56.0,2.0,30.77,9.56,76.92,6.15,66.15,23.08,1304.05,788.0,354.09,0.925,2.023,4.623,2.846,0.5121,2.545,2.94,0.815,2.225,0.0,0.0,36.019,787.9982,354.0929,54.6576,5.8606,2.7876,0.5121,72.5504,5.1212,0.3409,12.0308,0.8486,,,,0.0,0.0,62.0175,100.0,53.1,94.6
510600,Nortelândia,51004,Centro Norte,5106,Centro-Noroeste,2022,5956.0,IBGE Censo 2022,6.0,12.0,12.0,False,True,9033049.98,5106902.16,3388881.83,0.0,8458979.98,574070.0,6134796.89,12.11,8.46,15.55,3.61,25.0,106.44,25.83,0.0,33.58,8.0,3.0,0.83,0.17,3.0,0.0,3.0,19308.0,2325.0,21736.0,14215.0,11173.0,7352.0,5441.0,1284.0,5158.0,11588.0,22737.0,90301.97,3071.0,28994.87,0.0,291.0,0.0,0.0,17537.0,208329.38,0.0,7.0,0.0,298.0,298.0,0.0,0.0,0.0,389042.0,0.0,0.0,42230.0,127461.62,91.0,47.0,1.0,10.99,7.89,76.92,15.38,69.23,20.88,1516.63,857.44,568.99,2.033,1.42,4.197,4.337,0.5037,3.242,3.649,2.387,3.817,0.0,0.0,50.034,857.4382,568.9862,67.915,6.3552,2.6108,0.6061,56.3801,5.0369,0.3904,14.1099,0.9135,,,,0.0,0.0,65.3193,100.0,52.7,94.4
510600,Nortelândia,51004,Centro Norte,5106,Centro-Noroeste,2023,5945.0,interpolada (Censo 2022 x IBGE 2024),6.0,12.0,12.0,False,True,12159517.64,6838243.6,4507606.44,0.0,10446137.9,1713379.74,7643876.08,10.28,10.57,16.31,3.83,24.83,110.42,30.0,0.0,34.33,8.25,3.0,1.0,0.0,3.0,0.0,3.0,16858.0,2308.0,13294.0,9179.0,9720.0,6408.0,4597.0,1034.0,4486.0,6887.0,27714.0,104304.31,3706.0,32053.85,0.0,288.0,0.0,0.0,18803.0,202411.17,0.0,13.0,0.0,301.0,301.0,0.0,0.0,0.0,383924.69,0.0,0.0,78652.0,320154.01,77.0,54.0,2.0,25.97,9.083,74.03,10.39,68.83,19.48,2045.34,1150.25,758.22,1.729,1.778,4.177,5.046,0.5046,2.836,2.236,1.544,4.662,0.0,0.0,50.631,1150.2512,758.2181,62.8633,14.0909,2.7435,0.6442,57.746,5.0463,0.3882,13.4286,0.7733,,,,0.0,0.0,64.5794,100.0,60.5,99.6
510600,Nortelândia,51004,Centro Norte,5106,Centro-Noroeste,2024,5935.0,IBGE estimativa,6.0,12.0,12.0,False,True,13557283.56,5620273.77,4256620.22,2740061.55,12764973.25,792310.31,9018715.52,8.28,12.49,16.93,3.25,24.67,112.96,30.0,0.0,36.0,9.83,3.0,1.0,0.0,3.0,0.0,3.0,19036.0,2176.0,15659.0,10260.0,11772.0,6768.0,4006.0,1015.0,4263.0,7663.0,33835.0,129656.67,4304.0,41915.45,0.0,262.0,0.0,0.0,37130.0,275299.39,0.0,29.0,0.0,291.0,291.0,0.0,0.0,0.0,482294.52,0.0,0.0,68249.0,260044.62,61.0,50.0,0.0,0.0,8.42,88.52,6.56,66.67,21.31,2284.29,946.97,717.21,1.395,2.104,4.157,5.055,0.5055,3.207,2.638,1.729,5.701,0.0,0.0,49.031,946.9711,717.2064,66.523,5.8442,2.8526,0.5476,60.6571,5.0548,0.3666,16.6393,0.675,,,,0.0,0.0,81.2628,100.0,67.7,117.7
510600,Nortelândia,51004,Centro Norte,5106,Centro-Noroeste,2025,5890.0,IBGE estimativa,6.0,12.0,12.0,False,True,14336065.57,5693690.96,4630605.29,2974254.68,13431122.87,904942.7,8909671.97,8.43,10.5,14.0,3.58,23.08,104.13,10.5,0.0,35.67,10.92,3.0,1.0,0.0,3.0,0.0,3.0,20611.0,3096.0,24137.0,30884.0,14198.0,5675.0,5113.0,1111.0,5093.0,8772.0,35215.0,138204.46,4993.0,48351.23,0.0,316.0,0.0,0.0,38309.0,314180.67,0.0,34.0,0.0,350.0,350.0,0.0,0.0,0.0,526061.95,0.0,0.0,62290.0,226482.76,,,,,,,,,,2433.97,966.67,786.18,1.431,1.783,3.919,1.783,0.5093,3.499,4.098,5.243,5.979,0.0,0.0,59.423,966.6708,786.1809,62.1487,6.3124,2.3769,0.6078,60.5603,5.0934,0.5256,,0.8681,,,,0.0,0.0,89.3144,100.0,49.1,99.9
510610,Nossa Senhora do Livramento,51002,Baixada Cuiabana,5105,Centro-Norte,2020,13104.0,IBGE estimativa,6.0,12.0,12.0,False,True,9032299.38,3797105.9,2417531.1,2403554.39,8144845.82,887453.56,4651848.13,9.68,9.99,21.7,2.75,38.25,123.61,16.0,0.0,43.0,11.0,5.0,1.0,0.0,3.0,0.0,1.5,14118.0,1659.0,21932.0,177526.0,8782.0,5097.0,11373.0,2216.0,12506.0,9075.0,40746.0,258861.61,5541.0,46860.54,69.0,460.0,0.0,0.0,20042.0,372620.78,0.0,9.0,69.0,469.0,402.0,200.0,0.0,51927.15,647374.97,2.0,69.0,52205.0,266469.76,126.0,91.0,1.0,7.94,6.94,71.43,5.56,50.79,17.46,689.28,289.77,184.49,0.739,0.762,2.919,1.221,0.2289,1.077,1.674,13.547,3.109,0.0,5.266,35.791,289.7669,184.488,51.5024,9.8253,1.656,0.2099,32.8144,2.2894,0.1266,17.5873,0.8679,100.0,2.8986,2.8986,0.0,3.9627,49.4029,85.7143,0.0,28.7
510610,Nossa Senhora do Livramento,51002,Baixada Cuiabana,5105,Centro-Norte,2021,13093.0,IBGE estimativa,6.0,12.0,12.0,False,True,9201837.53,3710030.82,3732009.6,1388169.36,8969177.35,232660.18,5601449.51,14.38,12.79,22.82,2.0,38.67,131.57,16.0,0.0,43.0,11.0,5.0,1.0,0.0,3.5,0.42,2.0,14204.0,1400.0,24637.0,161804.0,10377.0,3622.0,10781.0,2422.0,11843.0,17505.0,60213.0,291672.68,7506.0,62197.95,126.0,453.0,1.0,97.44,16633.0,461811.98,0.0,9.0,126.0,462.0,336.0,589.0,0.0,99198.85,774044.34,14.0,126.0,80207.0,298140.77,117.0,120.0,2.0,17.09,9.17,69.23,9.4,50.43,19.66,702.81,283.36,285.04,1.098,0.977,2.953,1.222,0.2673,1.085,1.882,12.358,4.599,0.0,9.623,35.286,283.3599,285.0385,60.8732,2.5284,1.7429,0.1528,32.842,2.6732,0.1069,20.7009,0.8234,100.0,11.1111,4.6746,0.0,7.5765,59.1189,72.7273,0.6,25.8
510610,Nossa Senhora do Livramento,51002,Baixada Cuiabana,5105,Centro-Norte,2022,12940.0,IBGE Censo 2022,6.0,12.0,12.0,False,True,10797082.06,4915879.12,3910854.63,1489839.06,10451169.98,345912.08,5760946.2,15.19,14.54,25.33,3.58,40.25,140.45,16.0,0.0,43.0,10.42,4.5,1.0,0.0,4.0,1.0,2.0,27297.0,3195.0,49714.0,149963.0,17055.0,10084.0,11554.0,2561.0,12417.0,22352.0,77690.0,365818.2,8623.0,86256.43,85.0,436.0,0.0,0.0,19836.0,554756.78,0.0,19.0,85.0,455.0,371.0,359.0,0.0,37885.92,749927.06,5.0,85.0,102521.0,372916.5,114.0,89.0,1.0,8.77,6.88,64.91,7.02,50.88,16.67,834.4,379.9,302.23,1.174,1.124,3.111,1.236,0.3091,2.11,3.842,11.589,6.004,0.0,6.569,35.162,379.8979,302.2299,53.3565,3.2038,1.9575,0.2767,33.2303,3.0912,0.2469,22.4649,0.8929,100.0,5.8824,4.2235,0.0,2.9278,57.9542,81.5385,0.9,30.9
510610,Nossa Senhora do Livramento,51002,Baixada Cuiabana,5105,Centro-Norte,2023,12282.0,interpolada (Censo 2022 x IBGE 2024),6.0,12.0,12.0,False,True,12683948.95,6141829.17,4422291.51,1398445.85,12436529.02,247419.93,5769095.61,11.63,12.11,22.85,3.44,38.48,124.37,14.67,0.0,42.33,10.33,4.83,0.92,0.0,4.0,1.0,2.0,24043.0,4557.0,49710.0,145390.0,15353.0,8218.0,10137.0,2520.0,10934.0,19540.0,5754.0,24956.91,6127.0,62499.62,114.0,589.0,0.0,0.0,20535.0,625662.75,0.0,25.0,114.0,614.0,500.0,489.0,0.0,45464.45,880160.61,7.0,114.0,26292.0,25714.26,122.0,94.0,2.0,16.39,7.653,68.03,11.48,50.0,18.85,1032.73,500.07,360.06,0.947,0.986,3.133,1.194,0.3257,1.958,4.047,11.838,0.468,0.0,9.282,49.992,500.0675,360.0628,45.4834,1.9507,1.8604,0.2801,34.4651,3.2568,0.371,20.6557,0.8254,100.0,6.1404,4.2895,0.0,3.7017,71.6626,81.4332,1.5,34.2
510610,Nossa Senhora do Livramento,51002,Baixada Cuiabana,5105,Centro-Norte,2024,11658.0,IBGE estimativa,6.0,12.0,12.0,False,True,16308942.44,7607137.1,5850681.31,1973068.63,16059193.41,249749.03,8205407.7,10.25,13.03,19.42,2.92,36.58,119.44,16.0,0.0,43.83,10.08,4.17,1.0,0.0,4.0,1.0,2.0,23723.0,4175.0,48539.0,130526.0,16110.0,6494.0,9036.0,2131.0,10377.0,4451.0,0.0,0.0,6619.0,104576.01,103.0,627.0,0.0,0.0,25451.0,686675.18,0.0,118.0,103.0,745.0,644.0,399.0,0.0,42932.51,1315965.16,5.0,103.0,4605.0,0.0,105.0,86.0,0.0,0.0,7.38,69.52,9.52,47.62,16.19,1398.95,652.53,501.86,0.879,1.118,3.138,1.372,0.3431,2.035,4.164,11.196,0.0,0.0,8.835,63.905,652.5251,501.8598,50.3123,1.5314,1.6658,0.2505,37.5965,3.4311,0.3581,20.2952,0.7751,100.0,4.8544,3.8738,0.0,3.6827,112.8809,86.443,0.8,36.5
510610,Nossa Senhora do Livramento,51002,Baixada Cuiabana,5105,Centro-Norte,2025,11658.0,IBGE estimativa,6.0,12.0,12.0,False,True,18157469.01,9156984.29,5242676.42,2868427.03,17586497.96,570971.05,11085266.96,10.2,13.33,18.5,2.0,37.81,119.69,16.0,0.0,45.75,10.0,4.0,1.0,0.0,4.0,1.0,2.0,31408.0,3940.0,56146.0,124087.0,19799.0,9986.0,8986.0,1732.0,10096.0,7662.0,39268.0,171960.22,8748.0,117031.85,91.0,645.0,0.0,0.0,27321.0,668617.04,0.0,33.0,91.0,678.0,590.0,419.0,0.0,37998.36,1070702.61,8.0,91.0,46930.0,171960.22,,,,,,,,,,1557.51,785.47,449.71,0.875,1.143,3.243,1.372,0.3431,2.694,4.816,10.644,3.368,0.0,7.806,58.157,785.4679,449.7063,61.0507,3.1446,1.5869,0.1716,39.2434,3.4311,0.338,,0.7708,100.0,8.7912,4.6044,0.0,3.2594,91.8427,87.0206,0.9,31.4
510615,Nova Bandeirantes,51001,Alto Tapajós,5103,Norte,2020,15685.0,IBGE estimativa,6.0,12.0,12.0,False,True,10666793.96,5034132.05,4250154.92,943586.79,9724113.96,942680.0,6343568.97,4.79,9.19,27.24,3.5,38.5,142.07,14.5,0.0,47.0,14.58,6.58,1.0,0.0,3.67,0.0,3.17,14719.0,1760.0,19293.0,42057.0,7503.0,5424.0,8912.0,2929.0,9196.0,545463.0,33940.0,141054.36,4226.0,31503.54,0.0,338.0,0.0,0.0,2777.0,78322.74,0.0,9.0,0.0,347.0,347.0,0.0,0.0,0.0,381865.47,0.0,0.0,579859.0,147900.81,172.0,70.0,2.0,11.63,4.46,80.23,8.14,69.19,15.12,680.06,320.95,270.97,0.305,0.586,2.455,0.924,0.234,0.938,1.23,2.681,2.164,0.0,0.0,22.123,320.952,270.9694,59.4702,8.8375,1.7367,0.2231,29.9649,2.3398,0.1122,17.0291,0.5682,,,,0.0,0.0,24.3459,100.0,15.0,238.2
510615,Nova Bandeirantes,51001,Alto Tapajós,5103,Norte,2021,16052.0,IBGE estimativa,6.0,12.0,12.0,False,True,13509885.84,7203804.91,4642339.61,1223914.86,11210449.09,2299436.75,8338006.92,5.07,10.56,33.13,3.08,38.83,148.32,14.0,0.0,62.33,15.67,7.0,1.0,0.0,4.0,0.0,3.42,22945.0,3109.0,29952.0,53634.0,8523.0,12971.0,7394.0,3257.0,7159.0,11231.0,51462.0,242353.21,5730.0,50737.98,0.0,418.0,0.0,0.0,6147.0,115861.54,0.0,3.0,0.0,421.0,421.0,0.0,0.0,0.0,937339.76,0.0,0.0,69070.0,304610.71,184.0,92.0,3.0,16.3,5.73,81.97,5.43,74.46,15.76,841.63,448.78,289.21,0.316,0.658,2.419,0.872,0.2492,1.429,1.866,3.341,3.206,0.0,0.0,26.227,448.7793,289.2063,61.7178,17.0204,2.0639,0.1919,38.8301,2.4919,0.1937,17.7011,0.4606,,,,0.0,0.0,58.394,100.0,6.9,211.4
510615,Nova Bandeirantes,51001,Alto Tapajós,5103,Norte,2022,13635.0,IBGE Censo 2022,6.0,12.0,12.0,False,True,13677217.53,6858551.68,6031812.9,40000.0,12179955.38,1497262.15,9082692.12,6.19,10.38,33.63,3.0,36.33,149.18,14.0,0.0,63.0,16.0,7.0,1.0,0.0,4.0,0.0,4.0,33275.0,3951.0,52813.0,74105.0,16576.0,15499.0,8765.0,3771.0,8279.0,30965.0,54465.0,262903.73,6584.0,71477.69,0.0,598.0,0.0,0.0,12480.0,126830.06,0.0,6.0,0.0,604.0,604.0,0.0,0.0,0.0,743973.97,0.0,0.0,98058.0,350129.33,221.0,76.0,2.0,9.05,5.57,80.09,9.95,72.4,13.57,1003.1,503.01,442.38,0.454,0.761,2.664,1.027,0.2934,2.44,3.873,5.435,3.994,0.0,0.0,44.298,503.0108,442.3772,66.4075,10.9471,2.4664,0.22,46.2046,2.9336,0.2898,17.0633,0.6428,,,,0.0,0.0,54.5635,100.0,11.8,219.9
510615,Nova Bandeirantes,51001,Alto Tapajós,5103,Norte,2023,13895.0,interpolada (Censo 2022 x IBGE 2024),5.0,12.0,12.0,False,False,19748544.95,8583118.98,10068497.15,161606.03,15413418.78,4335126.17,10134068.33,6.37,10.55,35.01,3.08,31.58,143.75,14.0,0.0,63.08,16.08,7.08,1.0,0.0,4.0,0.0,4.0,33000.0,4399.0,59971.0,73453.0,18171.0,12773.0,9994.0,3983.0,9782.0,431799.0,48510.0,253926.93,10586.0,114261.25,0.0,545.0,0.0,0.0,20658.0,140219.34,0.0,14.0,0.0,559.0,559.0,0.0,0.0,0.0,533569.36,0.0,0.0,496364.0,356770.68,211.0,84.0,3.0,14.22,6.045,86.73,7.11,78.2,9.48,1421.27,617.71,724.61,0.458,0.759,2.273,1.008,0.2879,2.375,4.316,5.286,3.491,0.0,0.0,40.23,617.7128,724.613,51.3155,21.9516,2.5196,0.2217,45.3976,2.8787,0.3166,18.8768,0.7193,,,,0.0,0.0,38.4001,100.0,18.1,235.7
510615,Nova Bandeirantes,51001,Alto Tapajós,5103,Norte,2024,14160.0,IBGE estimativa,6.0,12.0,12.0,False,True,22112088.24,10315350.54,10592635.25,240048.3,18029506.98,4082581.26,10830774.38,8.51,11.75,36.92,3.08,30.42,146.49,14.0,0.0,65.0,17.08,8.08,1.0,0.0,5.0,0.0,3.92,36580.0,3864.0,72345.0,75091.0,24984.0,9639.0,9602.0,3137.0,9956.0,247037.0,27934.0,135606.39,11845.0,92889.86,0.0,664.0,168.0,35974.34,24211.0,121119.21,0.0,16.0,0.0,680.0,680.0,0.0,0.0,0.0,633126.73,0.0,0.0,293823.0,316051.88,170.0,63.0,2.0,11.76,4.45,85.88,5.88,82.94,13.53,1561.59,728.49,748.07,0.601,0.83,2.148,0.989,0.3531,2.583,5.109,5.303,1.973,0.012,0.0,48.023,728.4852,748.0675,48.9812,18.4631,2.6073,0.2175,45.904,3.5311,0.2729,18.4529,0.6781,,,,0.0,0.0,44.7123,100.0,15.9,231.6
510615,Nova Bandeirantes,51001,Alto Tapajós,5103,Norte,2025,14340.0,IBGE estimativa,6.0,12.0,12.0,False,True,24621159.5,13104992.65,9750573.75,325887.2,20648066.11,3973093.39,13460856.99,9.23,10.44,39.13,5.0,28.75,151.79,14.0,0.0,81.08,16.17,7.17,1.0,0.0,6.0,0.0,5.0,39809.0,6055.0,88250.0,80360.0,26094.0,11339.0,9492.0,2799.0,9810.0,43794.0,67426.0,343182.27,8059.0,102230.38,0.0,740.0,21.0,5108.45,26712.0,172602.91,0.0,18.0,0.0,758.0,758.0,0.0,0.0,0.0,697890.1,0.0,0.0,123296.0,458943.47,,,,,,,,,,1716.96,913.88,679.96,0.644,0.728,2.005,0.976,0.4184,2.776,6.154,5.604,4.702,0.001,0.0,52.859,913.8768,679.9563,54.6719,16.1369,2.7287,0.3487,56.5411,4.1841,0.4222,,0.6619,,,,0.0,0.0,48.6674,100.0,12.1,226.9
510617,Nova Nazaré,51006,Médio Araguaia,5104,Leste,2020,3932.0,IBGE estimativa,6.0,12.0,12.0,False,True,5240648.72,4810646.49,0.0,0.0,5092196.45,148452.27,5240648.72,3.08,5.32,12.92,1.0,17.0,58.17,0.0,0.0,3.0,9.58,2.0,0.0,0.0,2.0,0.0,1.67,4754.0,475.0,11253.0,9407.0,4089.0,665.0,4793.0,1216.0,4332.0,25033.0,4479.0,21190.33,1160.0,8155.5,0.0,104.0,0.0,0.0,1634.0,4166.76,0.0,1.0,0.0,105.0,105.0,0.0,0.0,0.0,65073.59,0.0,0.0,29937.0,21190.33,102.0,15.0,2.0,19.61,3.81,41.18,4.9,33.33,28.43,1332.82,1223.46,0.0,0.783,1.353,4.323,0.0,0.5086,1.209,2.862,2.392,1.139,0.0,0.0,26.704,1223.4605,0.0,100.0,2.8327,3.2859,0.2543,7.6297,5.0865,0.1208,11.9216,1.219,,,,0.0,0.0,16.5497,100.0,4.8,54.2
510617,Nova Nazaré,51006,Médio Araguaia,5104,Leste,2021,4013.0,IBGE estimativa,6.0,12.0,12.0,False,True,5948787.4,5948490.91,0.0,0.0,5442433.55,506353.85,5366136.26,3.23,6.98,14.36,1.38,17.5,63.09,0.0,0.0,5.0,10.67,2.67,0.0,0.0,2.0,0.33,1.5,6854.0,1051.0,15141.0,12516.0,5292.0,1561.0,4515.0,752.0,3969.0,29251.0,3473.0,17287.18,1366.0,14158.21,0.0,318.0,0.0,0.0,2862.0,10386.74,0.0,1.0,0.0,319.0,319.0,0.0,0.0,0.0,283902.08,0.0,0.0,33710.0,17287.18,102.0,27.0,7.0,68.63,6.73,36.63,5.88,28.71,39.22,1482.38,1482.31,0.0,0.805,1.739,4.361,0.0,0.4984,1.708,3.773,3.119,0.865,0.0,0.0,79.492,1482.3052,0.0,90.2055,8.5119,3.5784,0.3439,12.4595,4.9838,0.2619,7.3725,1.1251,,,,0.0,0.0,70.7456,100.0,2.2,47.5
510617,Nova Nazaré,51006,Médio Araguaia,5104,Leste,2022,4200.0,IBGE Censo 2022,6.0,12.0,12.0,False,True,7918651.99,7918651.99,0.0,0.0,7841951.12,76700.87,7918651.99,3.58,10.57,15.93,1.0,17.83,67.42,0.0,0.0,4.33,10.33,3.0,0.0,0.0,2.0,0.0,1.0,12296.0,1117.0,23967.0,22378.0,7703.0,4593.0,5238.0,971.0,4693.0,39244.0,5971.0,22606.3,3966.0,41936.53,0.0,419.0,0.0,0.0,2411.0,43799.49,0.0,0.0,0.0,419.0,419.0,0.0,0.0,0.0,241531.78,0.0,0.0,45370.0,22606.3,111.0,28.0,7.0,63.06,6.67,34.26,5.41,41.44,36.94,1885.39,1885.39,0.0,0.852,2.517,4.245,0.0,0.4762,2.928,5.706,5.328,1.422,0.0,0.0,99.762,1885.3933,0.0,100.0,0.9686,3.7929,0.2381,10.3095,4.7619,0.266,8.7477,1.2471,,,,0.0,0.0,57.5076,100.0,2.4,49.6
510617,Nova Nazaré,51006,Médio Araguaia,5104,Leste,2023,4331.0,interpolada (Censo 2022 x IBGE 2024),6.0,12.0,12.0,False,True,10095958.74,10095958.74,0.0,0.0,9456986.6,638972.14,8095314.67,4.1,7.91,13.92,1.0,16.67,60.35,0.0,0.0,4.08,8.33,2.0,0.0,0.0,2.0,0.0,1.0,14163.0,1769.0,25128.0,19538.0,8921.0,5052.0,1736.0,648.0,4775.0,25172.0,18502.0,84467.25,4728.0,46071.46,0.0,469.0,0.0,0.0,4405.0,21483.26,0.0,1.0,0.0,470.0,470.0,0.0,0.0,0.0,327585.56,0.0,0.0,43674.0,84467.25,122.0,28.0,5.0,40.98,6.465,28.69,4.2,44.26,37.7,2331.09,2331.09,0.0,0.947,1.826,3.849,0.0,0.4618,3.27,5.802,4.511,4.272,0.0,0.0,108.52,2331.0918,0.0,80.1837,6.329,3.214,0.2309,9.4205,4.6179,0.4085,5.3115,0.4008,,,,0.0,0.0,75.6374,100.0,3.8,51.1
510617,Nova Nazaré,51006,Médio Araguaia,5104,Leste,2024,4467.0,IBGE estimativa,6.0,12.0,12.0,False,True,10710398.21,10710398.21,0.0,0.0,9636852.36,1073545.85,7816206.38,5.54,7.94,13.85,1.0,16.67,64.19,0.0,0.0,5.0,8.67,2.0,0.0,0.0,2.0,0.0,1.0,17221.0,1750.0,31179.0,17920.0,11574.0,5304.0,2664.0,642.0,7442.0,485123.0,19320.0,86674.66,6563.0,51551.92,0.0,423.0,0.0,0.0,4238.0,22796.51,0.0,4.0,0.0,427.0,427.0,0.0,0.0,0.0,332345.73,0.0,0.0,504463.0,91174.66,110.0,28.0,3.0,27.27,6.27,58.18,6.42,46.79,31.82,2397.67,2397.67,0.0,1.24,1.777,3.732,0.0,0.4477,3.855,6.98,4.012,4.325,0.0,0.0,95.59,2397.6714,0.0,72.9777,10.0234,3.1005,0.2239,11.1932,4.4773,0.3918,5.8364,0.5964,,,,0.0,0.0,74.4002,100.0,10.8,63.1
510617,Nova Nazaré,51006,Médio Araguaia,5104,Leste,2025,4575.0,IBGE estimativa,6.0,12.0,12.0,False,True,11415680.78,10899340.32,94442.67,345338.61,11029423.88,386256.9,9141483.32,5.05,8.14,18.09,1.5,16.42,72.37,0.0,0.0,25.42,10.08,2.0,0.0,0.75,2.0,0.0,1.0,18200.0,1206.0,33382.0,27027.0,12140.0,3753.0,3095.0,826.0,7182.0,26891.0,16104.0,71098.46,10013.0,57103.24,0.0,460.0,0.0,0.0,3498.0,106691.63,0.0,2.0,0.0,462.0,462.0,0.0,0.0,0.0,432622.57,0.0,0.0,43100.0,94723.46,,,,,,,,,,2495.23,2382.37,20.64,1.104,1.779,3.589,0.0,0.4372,3.978,7.297,5.908,3.52,0.0,0.0,100.984,2382.3695,20.6432,80.0783,3.3836,3.9541,0.3279,55.5628,4.3716,0.2636,,0.6765,,,,0.0,0.0,94.5623,100.0,15.2,58.1
510618,Nova Lacerda,51012,Sudoeste Matogrossense,5102,Oeste,2020,6751.0,IBGE estimativa,6.0,12.0,12.0,False,True,7568890.52,3436888.34,2987910.17,516403.84,7088902.63,479987.89,5194941.47,3.83,5.92,14.08,2.5,26.25,74.04,6.0,0.0,18.0,12.0,3.0,0.0,0.0,3.0,0.0,2.0,19059.0,1228.0,25377.0,14368.0,10492.0,8377.0,3909.0,1447.0,4594.0,6693.0,15736.0,88494.61,1997.0,11356.43,0.0,340.0,0.0,0.0,6402.0,98589.09,0.0,2.0,0.0,342.0,342.0,0.0,0.0,0.0,264738.18,0.0,0.0,29285.0,133267.36,96.0,32.0,1.0,10.42,4.74,59.38,7.29,73.96,31.25,1121.15,509.09,442.59,0.567,0.877,3.888,0.889,0.4444,2.823,3.759,2.128,2.331,0.0,0.0,50.659,509.0932,442.5878,68.6354,6.3416,2.0856,0.3703,26.6627,4.4438,0.1819,15.0729,0.579,,,,0.0,0.0,39.2147,100.0,30.4,156.2
510618,Nova Lacerda,51012,Sudoeste Matogrossense,5102,Oeste,2021,6861.0,IBGE estimativa,6.0,12.0,12.0,False,True,9909398.73,4296881.52,3796146.88,576979.76,9095702.79,813695.94,6948923.91,3.5,7.0,14.92,2.0,24.25,71.79,6.0,0.0,18.0,12.17,3.17,0.0,0.0,3.0,0.0,2.0,26103.0,1323.0,40387.0,17313.0,11925.0,14105.0,3178.0,1327.0,4061.0,2612.0,18528.0,96655.9,3343.0,19088.11,0.0,327.0,0.0,0.0,7592.0,124856.2,0.0,15.0,0.0,342.0,342.0,0.0,0.0,0.0,394346.93,0.0,0.0,37578.0,202932.4,96.0,34.0,2.0,20.83,4.96,71.88,9.38,75.0,12.5,1444.31,626.28,553.29,0.51,1.02,3.534,0.875,0.4373,3.805,5.886,2.523,2.7,0.0,0.0,49.847,626.2763,553.2935,70.1246,8.2114,2.1746,0.2915,26.2352,4.3725,0.1928,13.8229,0.4632,,,,0.0,0.0,57.4766,100.0,37.1,172.4
510618,Nova Lacerda,51012,Sudoeste Matogrossense,5102,Oeste,2022,6670.0,IBGE Censo 2022,6.0,12.0,12.0,False,True,12099737.03,4378198.78,6024920.67,899326.02,10882774.52,1216962.51,7362245.78,4.88,6.25,16.25,2.0,25.0,74.5,2.5,0.0,18.0,13.0,4.0,0.0,0.0,3.0,0.0,2.0,23430.0,2647.0,35298.0,25629.0,11217.0,12171.0,5946.0,1650.0,6473.0,3181.0,14582.0,77993.01,3494.0,29999.48,0.0,385.0,0.0,0.0,1999.0,84364.38,0.0,15.0,0.0,400.0,400.0,0.0,0.0,0.0,317591.99,0.0,0.0,44954.0,234093.66,107.0,37.0,3.0,28.04,5.55,78.5,7.48,71.03,25.23,1814.05,656.4,903.29,0.732,0.937,3.748,0.375,0.4498,3.513,5.292,3.842,2.186,0.0,0.0,59.97,656.4016,903.2865,60.8463,10.0578,2.4363,0.2999,26.9865,4.4978,0.3969,15.4206,0.8915,,,,0.0,0.0,47.615,100.0,27.0,153.7
510618,Nova Lacerda,51012,Sudoeste Matogrossense,5102,Oeste,2023,6816.0,interpolada (Censo 2022 x IBGE 2024),6.0,12.0,12.0,False,True,12514960.55,5326091.66,5729460.27,753965.21,11286706.96,1228253.59,9304291.46,5.04,5.1,13.38,2.25,22.83,66.94,0.0,0.0,18.08,12.67,4.0,0.0,0.0,3.0,0.0,2.0,24729.0,2533.0,31362.0,36553.0,14467.0,10251.0,3723.0,1517.0,4308.0,3809.0,19515.0,105326.49,6462.0,60264.91,0.0,463.0,0.0,0.0,1141.0,108992.06,0.0,22.0,0.0,485.0,485.0,0.0,0.0,0.0,606755.31,0.0,0.0,62462.0,313140.39,104.0,48.0,1.0,9.62,7.042,75.96,7.69,73.08,19.23,1836.12,781.41,840.59,0.739,0.748,3.349,0.0,0.4401,3.628,4.601,5.363,2.863,0.0,0.0,71.156,781.4102,840.5898,74.3454,9.8143,1.963,0.3301,26.5258,4.4014,0.3716,14.5865,0.5462,,,,0.0,0.0,89.0193,100.0,41.0,187.4
510618,Nova Lacerda,51012,Sudoeste Matogrossense,5102,Oeste,2024,6965.0,IBGE estimativa,6.0,12.0,12.0,False,True,16113072.21,7853443.07,6791898.62,169670.85,15133079.74,979992.47,13264621.92,6.1,5.92,15.17,3.0,24.75,79.01,0.0,0.0,26.5,12.0,4.0,0.0,0.0,3.0,0.0,2.92,27870.0,4318.0,47600.0,45600.0,16164.0,11706.0,5693.0,1534.0,6446.0,2384.0,32481.0,178667.75,8689.0,77199.68,0.0,429.0,80.0,18602.91,456.0,143377.92,0.0,13.0,0.0,442.0,442.0,0.0,0.0,0.0,415938.09,0.0,0.0,72243.0,402913.76,97.0,36.0,1.0,10.31,5.17,79.17,3.09,75.26,14.43,2313.43,1127.56,975.15,0.876,0.85,3.553,0.0,0.4307,4.001,6.834,6.547,4.663,0.011,0.0,63.46,1127.5582,975.147,82.3221,6.082,2.178,0.4307,38.0474,4.3073,0.62,15.8144,0.8174,,,,0.0,0.0,59.7183,100.0,35.3,174.3
510618,Nova Lacerda,51012,Sudoeste Matogrossense,5102,Oeste,2025,7072.0,IBGE estimativa,6.0,12.0,12.0,False,True,14596025.12,6286547.86,5895161.95,1466340.26,14558819.12,37206.0,10629812.35,4.77,7.63,29.67,3.0,13.17,86.5,0.0,0.0,26.33,12.67,4.0,0.0,0.0,3.0,0.0,3.0,30614.0,6763.0,45825.0,40802.0,17010.0,13604.0,5473.0,1671.0,6179.0,13011.0,30687.0,147159.46,9955.0,89075.03,0.0,505.0,243.0,51734.52,2662.0,247198.77,0.0,24.0,0.0,529.0,529.0,0.0,0.0,0.0,682127.71,0.0,0.0,45199.0,205391.98,,,,,,,,,,2063.92,888.93,833.59,0.674,1.079,1.862,0.0,0.4242,4.329,6.48,5.77,4.339,0.034,0.0,74.802,888.9349,833.5919,72.8268,0.2549,4.1954,0.4242,37.2313,4.2421,0.9563,,0.7739,,,,0.0,0.0,96.4547,100.0,39.5,184.9
510619,Nova Santa Helena,51010,Norte Matogrossense,5103,Norte,2020,3737.0,IBGE estimativa,6.0,12.0,12.0,False,True,5352506.93,4189024.69,291682.74,497274.16,4978237.07,374269.86,3250466.24,4.08,4.58,5.83,1.67,15.58,52.33,0.0,0.0,13.0,8.0,2.0,0.0,0.0,1.67,0.0,1.5,12089.0,0.0,14974.0,7501.0,7146.0,4109.0,3830.0,1139.0,3462.0,0.0,17523.0,86185.23,1916.0,13127.4,0.0,166.0,0.0,0.0,20591.0,99536.8,0.0,7.0,0.0,173.0,173.0,0.0,0.0,0.0,324880.64,0.0,0.0,27799.0,135447.63,57.0,27.0,1.0,17.54,7.23,82.46,10.53,80.7,7.02,1432.3,1120.96,78.05,1.092,1.226,4.169,0.0,0.4469,3.235,4.007,2.007,4.689,0.0,0.0,46.294,1120.9592,78.0526,60.7279,6.9924,1.5601,0.4469,34.7873,4.4688,0.0,19.9825,1.0249,,,,0.0,0.0,86.9362,100.0,20.8,108.7
510619,Nova Santa Helena,51010,Norte Matogrossense,5103,Norte,2021,3755.0,IBGE estimativa,6.0,12.0,12.0,False,True,6171295.81,5132311.03,111223.53,354354.33,5977022.38,194273.43,4362424.12,4.31,7.42,6.92,1.5,15.92,58.42,0.0,0.0,12.0,7.75,1.75,0.0,0.0,2.0,0.0,1.0,19930.0,672.0,25343.0,20791.0,9920.0,9753.0,3879.0,1284.0,3183.0,72.0,15449.0,83732.79,4325.0,29973.51,0.0,187.0,102.0,20665.58,22601.0,122011.26,0.0,1.0,0.0,188.0,188.0,0.0,0.0,0.0,305394.45,0.0,0.0,31635.0,180420.47,82.0,33.0,1.0,12.2,8.79,85.37,6.1,78.05,18.29,1643.49,1366.79,29.62,1.148,1.976,4.24,0.0,0.5326,5.308,6.749,5.537,4.114,0.027,0.0,50.067,1366.7939,29.6201,70.6889,3.148,1.8429,0.3995,31.9574,5.3262,0.179,15.6585,1.033,,,,0.0,0.0,81.3301,100.0,19.1,77.1
510619,Nova Santa Helena,51010,Norte Matogrossense,5103,Norte,2022,4239.0,IBGE Censo 2022,6.0,12.0,12.0,False,True,8883642.26,8220272.4,18644.83,0.0,7931756.01,951886.25,6099735.71,5.05,8.0,7.75,2.08,14.33,60.5,0.0,0.0,9.0,7.0,1.0,0.0,0.0,2.0,0.0,1.58,32059.0,1433.0,44772.0,22817.0,14556.0,15927.0,5633.0,1610.0,4490.0,562.0,16390.0,82468.93,5027.0,47892.87,0.0,233.0,139.0,26930.91,23785.0,159307.76,0.0,3.0,0.0,236.0,236.0,0.0,0.0,0.0,360137.25,0.0,0.0,57096.0,514517.74,71.0,23.0,0.0,0.0,5.43,91.55,4.23,88.73,16.9,2095.69,1939.2,4.4,1.191,1.887,3.381,0.0,0.4718,7.563,10.562,5.383,3.866,0.033,0.0,55.674,1939.2008,4.3984,68.6626,10.715,1.8283,0.4907,21.2314,4.7181,0.3381,22.6761,1.3289,,,,0.0,0.0,84.9581,100.0,11.0,65.2
510619,Nova Santa Helena,51010,Norte Matogrossense,5103,Norte,2023,4334.0,interpolada (Censo 2022 x IBGE 2024),6.0,12.0,12.0,False,True,10854773.26,9841895.07,181062.9,0.0,10357956.55,496816.71,8018595.18,7.08,9.28,8.92,2.5,19.17,75.12,0.0,0.0,10.67,7.0,1.0,0.0,0.0,2.0,0.0,2.0,33256.0,2691.0,45738.0,41774.0,15843.0,15714.0,5307.0,1491.0,4240.0,1515.0,30701.0,167084.96,8851.0,72664.57,0.0,191.0,66.0,10565.99,21965.0,144456.95,0.0,16.0,0.0,207.0,207.0,0.0,0.0,0.0,377697.73,0.0,0.0,73032.0,663858.4,68.0,33.0,0.0,0.0,7.614,91.18,8.82,79.41,19.12,2504.56,2270.86,41.78,1.634,2.141,4.423,0.0,0.4615,7.673,10.553,9.639,7.084,0.015,0.0,47.762,2270.8572,41.7773,73.8716,4.5769,2.0581,0.5768,24.6193,4.6147,0.6209,21.9265,1.2245,,,,0.0,0.0,87.1476,100.0,30.9,126.4
510619,Nova Santa Helena,51010,Norte Matogrossense,5103,Norte,2024,4431.0,IBGE estimativa,6.0,12.0,12.0,False,True,12895392.86,7123199.58,1988668.23,2803447.11,11902621.78,992771.08,9924106.75,9.19,10.58,9.08,2.58,15.83,77.29,0.0,0.0,13.33,7.0,1.0,0.0,0.0,2.25,0.0,2.0,38238.0,2471.0,53836.0,36799.0,18840.0,17717.0,4747.0,1136.0,4072.0,63.0,32105.0,197570.9,9685.0,97358.73,0.0,248.0,442.0,89131.33,38809.0,240806.3,0.0,16.0,0.0,264.0,264.0,0.0,0.0,0.0,415424.39,0.0,0.0,63225.0,532673.88,57.0,24.0,0.0,0.0,5.42,91.23,7.02,80.7,19.3,2910.27,1607.58,448.81,2.074,2.388,3.573,0.0,0.5078,8.63,12.15,8.305,7.246,0.1,0.0,59.58,1607.5828,448.808,76.9585,7.6986,2.0492,0.5823,30.0835,5.0779,0.5577,19.9298,1.0713,,,,0.0,0.0,93.7541,100.0,25.4,109.2
510619,Nova Santa Helena,51010,Norte Matogrossense,5103,Norte,2025,4502.0,IBGE estimativa,6.0,12.0,12.0,False,True,18453073.39,7653615.67,4968767.07,4918814.6,14908462.41,3544610.98,14215686.81,15.87,13.59,13.91,2.5,13.5,92.13,0.0,0.0,18.42,7.0,1.0,0.0,0.0,2.17,0.0,2.0,31367.0,2047.0,44651.0,29114.0,16108.0,12476.0,4285.0,1223.0,4398.0,3219.0,36793.0,236532.95,24310.0,181100.31,0.0,275.0,319.0,53787.54,34153.0,230223.56,0.0,7.0,0.0,282.0,282.0,0.0,0.0,0.0,417921.71,0.0,0.0,70181.0,449261.84,,,,,,,,,,4098.86,1700.05,1103.68,3.525,3.019,2.999,0.0,0.482,6.967,9.918,6.467,8.173,0.071,0.0,62.639,1700.0479,1103.6799,77.037,19.2088,3.0897,0.5553,40.9151,4.8201,0.4547,,0.9518,,,,0.0,0.0,92.8302,100.0,25.9,113.8
510620,Nova Brasilândia,51002,Baixada Cuiabana,5105,Centro-Norte,2020,3805.0,IBGE estimativa,5.0,12.0,12.0,False,False,5794873.75,2340617.45,2354060.2,488878.26,5735790.75,59083.0,2563540.27,5.83,4.0,12.92,2.0,18.75,61.47,13.0,0.0,30.92,10.0,3.0,0.0,0.0,2.0,0.0,2.0,7579.0,3933.0,10143.0,39031.0,5017.0,2330.0,3129.0,954.0,3124.0,16967.0,32590.0,165443.02,2966.0,29951.58,0.0,98.0,56.0,0.0,5711.0,38717.87,0.0,5.0,0.0,103.0,103.0,0.0,0.0,0.0,213866.88,0.0,0.0,58982.0,223514.92,38.0,28.0,0.0,0.0,7.36,84.21,0.0,55.26,13.16,1522.96,615.14,618.68,1.532,1.051,4.928,3.417,0.5256,1.992,2.666,10.258,8.565,0.015,0.0,27.07,615.1426,618.6755,44.2381,1.0196,3.3955,0.5256,81.2615,5.2562,1.0336,25.1053,0.8223,,,,0.0,0.0,56.2068,100.0,22.3,131.2
510620,Nova Brasilândia,51002,Baixada Cuiabana,5105,Centro-Norte,2021,3656.0,IBGE estimativa,6.0,12.0,12.0,False,True,6444504.52,2737332.69,2668279.43,522375.99,6264297.41,180207.11,3544556.15,7.17,5.28,13.13,2.75,18.67,74.96,13.0,0.0,30.25,9.25,3.0,0.0,0.0,2.0,0.0,2.0,6793.0,4440.0,14119.0,42939.0,4563.0,2004.0,2324.0,942.0,2481.0,18825.0,27867.0,121381.6,3952.0,34656.31,0.0,126.0,25.0,0.0,3062.0,20283.97,0.0,3.0,0.0,129.0,129.0,0.0,0.0,0.0,299025.4,0.0,0.0,62774.0,216090.1,46.0,39.0,1.0,21.74,10.67,84.78,8.7,47.83,15.22,1762.72,748.72,729.84,1.961,1.444,5.107,3.556,0.547,1.858,3.862,11.745,7.622,0.007,0.0,35.284,748.7234,729.8357,55.0012,2.7963,3.5914,0.7522,82.7407,5.4705,1.2144,20.4783,0.6357,,,,0.0,0.0,81.7903,100.0,20.9,128.7
510620,Nova Brasilândia,51002,Baixada Cuiabana,5105,Centro-Norte,2022,3932.0,IBGE Censo 2022,6.0,12.0,12.0,False,True,7928553.69,3454659.57,3265292.98,542117.99,7664435.4,264118.29,4759197.58,6.05,5.83,13.24,3.0,18.42,80.62,13.0,0.0,30.0,9.0,3.0,0.0,0.0,2.0,0.0,2.0,9124.0,4130.0,17010.0,40806.0,5650.0,2815.0,2475.0,958.0,2694.0,29189.0,53303.0,335833.27,4699.0,47272.01,0.0,133.0,121.0,0.0,6765.0,54956.3,0.0,13.0,0.0,146.0,146.0,0.0,0.0,0.0,223782.95,0.0,0.0,108468.0,492418.12,40.0,33.0,1.0,25.0,8.39,80.0,10.0,60.0,10.0,2016.42,878.6,830.44,1.539,1.483,4.685,3.306,0.5086,2.32,4.326,10.378,13.556,0.031,0.0,37.131,878.6011,830.4407,60.026,3.3312,3.3672,0.763,76.297,5.0865,1.0504,23.95,0.6295,,,,0.0,0.0,56.9133,100.0,17.8,140.2
510620,Nova Brasilândia,51002,Baixada Cuiabana,5105,Centro-Norte,2023,3892.0,interpolada (Censo 2022 x IBGE 2024),6.0,12.0,12.0,False,True,8664109.56,3719899.99,3532734.15,881150.22,8339805.64,324303.92,4510337.13,5.78,7.04,14.75,3.92,17.75,84.71,13.0,0.0,30.08,10.0,3.0,0.0,0.0,2.0,0.0,2.0,11103.0,5122.0,20026.0,39937.0,7247.0,2913.0,2901.0,1074.0,2880.0,10766.0,42344.0,218990.86,5603.0,45460.39,0.0,134.0,36.0,0.0,7136.0,87733.23,0.0,14.0,0.0,148.0,148.0,0.0,0.0,0.0,290599.49,0.0,0.0,76866.0,367252.51,45.0,33.0,2.0,44.44,8.479,93.33,15.56,68.89,13.33,2226.13,955.78,907.69,1.485,1.809,4.561,3.34,0.5139,2.853,5.145,10.261,10.88,0.009,0.0,38.027,955.7811,907.6912,52.0577,3.7431,3.7898,1.0072,77.2867,5.1387,1.316,23.8667,0.7454,,,,0.0,0.0,74.6659,100.0,26.4,134.8
510620,Nova Brasilândia,51002,Baixada Cuiabana,5105,Centro-Norte,2024,3853.0,IBGE estimativa,6.0,12.0,12.0,False,True,9930753.83,3716853.31,4565047.56,836923.12,9739443.83,191310.0,6281055.55,6.8,6.45,15.42,3.08,15.48,83.69,4.33,0.0,31.0,10.0,3.0,0.0,0.75,2.0,0.0,2.0,12105.0,4750.0,21263.0,41570.0,8597.0,2597.0,3880.0,1038.0,3707.0,6810.0,38398.0,160249.17,3346.0,33478.77,0.0,183.0,0.0,0.0,8253.0,93203.81,0.0,10.0,0.0,193.0,193.0,0.0,0.0,0.0,333292.63,0.0,0.0,67405.0,310959.57,50.0,35.0,1.0,20.0,9.08,84.0,8.0,48.0,22.0,2577.41,964.66,1184.8,1.765,1.674,4.018,1.124,0.5191,3.142,5.519,10.789,9.966,0.0,0.0,50.091,964.6648,1184.8034,63.2485,1.9264,4.0021,0.7994,80.4568,5.1908,1.2328,20.76,1.007,,,,0.0,0.0,86.5021,100.0,26.9,136.2
510620,Nova Brasilândia,51002,Baixada Cuiabana,5105,Centro-Norte,2025,3791.0,IBGE estimativa,6.0,12.0,12.0,False,True,11637019.37,4605170.14,5494336.18,773397.04,11036291.7,600727.67,6815067.88,7.56,6.79,19.35,3.0,12.42,84.29,0.0,0.0,30.67,10.0,3.0,0.0,1.0,2.0,0.0,2.0,10746.0,3592.0,19300.0,39792.0,7953.0,2076.0,4247.0,796.0,3993.0,7428.0,43291.0,193983.6,3490.0,43573.63,0.0,221.0,0.0,0.0,11232.0,123278.72,0.0,30.0,0.0,251.0,251.0,0.0,0.0,0.0,597168.85,0.0,0.0,84419.0,406177.95,,,,,,,,,,3069.64,1214.76,1449.31,1.994,1.791,3.276,0.0,0.5276,2.835,5.091,10.496,11.419,0.0,0.0,66.209,1214.764,1449.3105,58.5637,5.1622,5.1042,0.7913,80.9021,5.2757,0.9475,,1.1203,,,,0.0,0.0,157.5228,100.0,25.1,136.7
510621,Nova Canaã do Norte,51010,Norte Matogrossense,5103,Norte,2020,12831.0,IBGE estimativa,6.0,12.0,12.0,False,True,9814254.46,8770772.05,663404.72,219801.75,9747509.97,66744.49,6167847.46,9.99,13.81,17.57,3.5,40.33,132.49,0.0,0.0,21.0,17.0,7.0,0.0,1.0,4.0,0.0,3.0,10680.0,1240.0,22184.0,25020.0,7432.0,3248.0,7651.0,2674.0,7886.0,126442.0,17697.0,83838.7,4869.0,31639.3,0.0,335.0,0.0,0.0,19793.0,402674.2,0.0,5.0,0.0,340.0,340.0,0.0,0.0,0.0,417332.04,0.0,0.0,185799.0,209737.0,184.0,76.0,1.0,5.43,5.92,73.37,9.24,83.7,11.96,764.89,683.56,51.7,0.779,1.076,3.143,0.0,0.3117,0.832,1.729,1.95,1.379,0.0,0.0,26.498,683.5611,51.7033,62.8458,0.6801,1.3693,0.2728,16.3666,3.1174,0.0966,14.5326,0.5963,,,,0.0,0.0,32.5253,100.0,15.6,80.2
510621,Nova Canaã do Norte,51010,Norte Matogrossense,5103,Norte,2021,12876.0,IBGE estimativa,6.0,12.0,12.0,False,True,13840513.36,11800212.18,774971.39,1140837.71,12753657.53,1086855.83,8412427.36,8.78,14.18,20.31,3.5,46.75,144.39,2.92,0.0,21.0,17.42,7.0,0.0,0.83,4.0,0.0,3.0,11553.0,2599.0,23439.0,39468.0,6860.0,4693.0,5421.0,2669.0,5720.0,143963.0,29785.0,130596.02,9155.0,76992.43,0.0,411.0,0.0,0.0,30620.0,399505.23,0.0,8.0,0.0,419.0,419.0,0.0,0.0,0.0,1172370.4,0.0,0.0,238843.0,296351.72,174.0,102.0,3.0,17.24,7.92,83.82,9.2,83.91,12.07,1074.91,916.45,60.19,0.682,1.101,3.631,0.227,0.3107,0.897,1.82,3.065,2.313,0.0,0.0,32.541,916.4502,60.1873,60.7812,7.8527,1.5774,0.2718,16.3094,3.1066,0.2018,15.3391,0.421,,,,0.0,0.0,91.0508,100.0,22.2,95.2
510621,Nova Canaã do Norte,51010,Norte Matogrossense,5103,Norte,2022,11707.0,IBGE Censo 2022,6.0,12.0,12.0,False,True,16928849.33,14019565.55,2787716.68,0.0,14360594.82,2568254.51,10372699.23,7.01,13.42,19.83,3.5,43.83,144.39,5.0,0.0,27.25,17.58,7.0,0.0,0.0,4.0,0.0,3.42,19766.0,2873.0,33646.0,59289.0,11750.0,8016.0,7875.0,3211.0,7633.0,355389.0,16702.0,54633.96,9262.0,102059.9,0.0,487.0,12.0,2886.04,38977.0,415756.51,0.0,14.0,0.0,501.0,501.0,0.0,0.0,0.0,738471.6,0.0,0.0,425939.0,163722.25,165.0,79.0,1.0,6.06,6.75,87.27,7.27,87.27,10.91,1446.05,1197.54,238.12,0.599,1.146,3.744,0.427,0.3417,1.688,2.874,5.064,1.427,0.001,0.0,42.795,1197.537,238.1239,61.2723,15.1709,1.6939,0.299,23.2767,3.4168,0.2454,19.4606,0.6727,,,,0.0,0.0,63.0795,100.0,18.6,112.6
510621,Nova Canaã do Norte,51010,Norte Matogrossense,5103,Norte,2023,11739.0,interpolada (Censo 2022 x IBGE 2024),6.0,12.0,12.0,False,True,19495753.81,14512885.71,4798136.88,0.0,16489705.29,3006048.52,11234121.32,7.32,11.58,24.0,3.83,41.08,149.78,5.0,0.0,36.33,18.0,7.0,0.0,0.0,4.75,0.0,4.33,25717.0,3402.0,54479.0,49607.0,16841.0,8876.0,6857.0,2790.0,7026.0,240456.0,23896.0,123384.4,27709.0,230197.75,0.0,453.0,26.0,4101.2,40836.0,528151.76,0.0,37.0,0.0,490.0,490.0,0.0,0.0,0.0,723198.37,0.0,0.0,318430.0,264788.7,164.0,84.0,6.0,36.59,7.156,83.54,10.37,82.32,12.8,1660.77,1236.3,408.73,0.624,0.986,3.499,0.426,0.4046,2.191,4.641,4.226,2.036,0.002,0.0,41.741,1236.2966,408.7347,57.6234,15.419,2.0445,0.3263,30.9481,4.0463,0.2898,17.0122,0.5841,,,,0.0,0.0,61.6065,100.0,33.7,145.4
510621,Nova Canaã do Norte,51010,Norte Matogrossense,5103,Norte,2024,11771.0,IBGE estimativa,6.0,12.0,12.0,False,True,22299941.21,19474786.0,2146208.46,0.0,20499259.38,1800681.83,12575599.12,8.17,13.94,24.58,4.5,43.5,157.46,5.0,0.0,37.0,18.0,7.0,0.0,0.0,5.0,0.0,5.0,25556.0,3433.0,55891.0,91893.0,17679.0,7877.0,9896.0,2752.0,10297.0,380130.0,49686.0,260562.19,60833.0,411937.26,0.0,626.0,44.0,5818.72,52874.0,587122.44,0.0,49.0,0.0,675.0,675.0,0.0,0.0,0.0,1219146.33,0.0,0.0,500555.0,520360.46,188.0,86.0,4.0,21.28,7.31,85.56,14.89,88.3,8.51,1894.48,1654.47,182.33,0.694,1.184,3.696,0.425,0.4248,2.171,4.748,7.807,4.221,0.004,0.0,57.344,1654.4717,182.3302,56.393,8.0748,2.0882,0.3823,31.4332,4.2477,0.2916,14.6383,0.8407,,,,0.0,0.0,103.572,100.0,25.8,108.9
510621,Nova Canaã do Norte,51010,Norte Matogrossense,5103,Norte,2025,11734.0,IBGE estimativa,6.0,12.0,12.0,False,True,24053853.97,21382717.88,2309885.4,0.0,22711329.84,1342524.13,15855906.49,9.7,11.35,21.85,4.96,44.33,160.97,5.42,0.0,45.58,20.0,7.0,0.0,0.08,5.0,0.0,5.0,26157.0,4487.0,59638.0,89927.0,19204.0,6950.0,10568.0,3015.0,11628.0,420608.0,67040.0,352959.63,78323.0,506313.99,0.0,638.0,142.0,26749.23,46693.0,807916.68,0.0,53.0,0.0,691.0,691.0,0.0,0.0,0.0,1257695.1,0.0,0.0,542948.0,565987.26,,,,,,,,,,2049.93,1822.29,196.85,0.827,0.967,3.778,0.462,0.4261,2.229,5.082,7.664,5.713,0.012,0.0,58.889,1822.2872,196.854,65.9184,5.5813,1.8621,0.4227,38.8444,4.2611,0.3824,,0.9006,,,,0.0,0.0,107.1838,100.0,31.4,128.5
510622,Nova Mutum,51014,Teles Pires,5103,Norte,2020,46813.0,IBGE estimativa,6.0,12.0,12.0,False,True,68132358.29,17337533.63,28036238.08,17822678.34,66710947.92,1421410.37,47824905.32,47.73,55.32,122.19,13.96,98.58,508.8,61.5,5.0,255.58,54.33,13.0,1.5,1.0,10.75,0.0,10.92,121234.0,12608.0,274745.0,188393.0,85424.0,34007.0,62383.0,15419.0,59243.0,777225.0,358401.0,1812304.91,20793.0,153592.93,2139.0,2094.0,282.0,1100.16,84832.0,620979.44,0.0,26.0,2139.0,2120.0,270.0,7098.0,773.0,2469016.05,2214156.73,61.0,2074.0,1138787.0,1825182.62,989.0,186.0,7.0,7.08,3.97,85.95,5.86,64.41,11.83,1455.42,370.36,598.9,1.02,1.182,2.106,1.314,0.2296,2.59,5.869,4.024,7.656,0.006,45.692,45.287,370.3572,598.8986,70.1941,2.0862,2.6102,0.2982,54.5959,2.2964,0.2693,15.5905,1.3326,96.9612,2.8518,3.3184,16.5125,52.7421,47.2979,12.7358,8.6,23.7
510622,Nova Mutum,51014,Teles Pires,5103,Norte,2021,48222.0,IBGE estimativa,6.0,12.0,12.0,False,True,80225304.45,20277686.58,45410204.9,8888231.68,79690594.92,534709.53,51657007.01,53.74,66.83,135.62,13.71,96.92,542.07,178.0,26.25,478.67,62.33,13.0,2.17,1.0,11.0,0.0,11.0,130525.0,16338.0,277285.0,266649.0,97401.0,32194.0,46059.0,12736.0,43979.0,943960.0,517512.0,2731336.6,31005.0,247415.92,2981.0,2664.0,654.0,10906.8,107499.0,672455.49,0.0,44.0,2981.0,2708.0,280.0,9862.0,5998.0,12298441.46,6554137.58,272.0,2724.0,1476101.0,2835059.5,933.0,263.0,8.0,8.57,5.45,86.17,6.97,70.63,11.79,1663.67,420.51,941.69,1.114,1.386,2.01,3.691,0.2281,2.707,5.75,5.53,10.732,0.014,61.818,56.157,420.507,941.6906,64.3899,0.6665,2.8124,0.2843,99.2638,2.2811,0.3388,13.6506,0.9551,91.3787,9.1245,3.3083,124.3831,255.038,135.9159,10.3397,6.9,19.5
510622,Nova Mutum,51014,Teles Pires,5103,Norte,2022,55839.0,IBGE Censo 2022,6.0,12.0,12.0,False,True,90689925.0,24436821.99,51700088.14,7432237.37,89048853.53,1641071.47,58584680.54,65.91,74.01,137.8,15.23,100.42,582.45,112.42,18.33,789.67,63.83,12.83,2.0,1.0,11.0,0.0,11.0,129189.0,15856.0,221930.0,238137.0,98451.0,29403.0,49629.0,15547.0,48178.0,968999.0,528216.0,2979568.87,42823.0,372791.37,3814.0,3018.0,631.0,98552.88,100156.0,759851.15,0.0,52.0,3814.0,3070.0,289.0,8878.0,967.0,3092202.07,2419048.53,63.0,2736.0,1534692.0,3284448.25,1049.0,229.0,13.0,12.39,4.1,85.99,6.67,65.65,10.39,1624.13,437.63,925.88,1.18,1.325,1.798,2.013,0.197,2.314,3.974,4.265,9.46,0.011,68.304,54.979,437.63,925.8778,64.5989,1.8095,2.4678,0.2727,141.4191,1.9699,0.284,14.8208,0.8888,71.7357,1.6518,2.3277,17.3176,55.3771,43.3218,9.4137,7.1,18.5
510622,Nova Mutum,51014,Teles Pires,5103,Norte,2023,58469.0,interpolada (Censo 2022 x IBGE 2024),6.0,12.0,12.0,False,True,104117172.8,30911101.29,57186115.54,7755338.63,98978331.85,5138840.95,66488243.55,62.56,88.66,185.89,15.18,100.35,662.29,137.25,20.0,1049.67,65.0,13.0,1.0,1.0,11.0,1.5,12.5,144753.0,19304.0,272642.0,298170.0,103856.0,39785.0,51242.0,18931.0,49442.0,451123.0,575225.0,3057645.93,246785.0,1503233.8,4194.0,3314.0,1474.0,301549.8,137188.0,1014748.45,10.0,59.0,4204.0,3373.0,338.0,10671.0,7106.0,7118606.45,3833215.28,193.0,3718.0,1071451.0,3596033.43,1026.0,212.0,13.0,12.67,3.626,88.01,7.41,70.7,10.04,1780.72,528.68,978.06,1.07,1.516,1.716,2.347,0.1881,2.476,4.663,5.1,9.838,0.025,71.901,57.689,528.675,978.0587,63.8591,4.9356,3.1793,0.2596,179.5259,1.8813,0.3302,18.4513,0.8764,88.4396,4.5909,2.5383,121.5345,121.7501,65.5598,10.0208,7.2,19.4
510622,Nova Mutum,51014,Teles Pires,5103,Norte,2024,61223.0,IBGE estimativa,6.0,12.0,12.0,False,True,103482336.03,35220597.29,48704335.39,10342499.15,97856714.71,5625621.32,77709058.97,79.57,126.01,234.7,18.13,103.83,809.94,171.17,20.0,1241.83,65.33,14.0,1.0,1.0,12.58,2.0,14.42,169705.0,19712.0,294172.0,269620.0,116188.0,38951.0,67141.0,17943.0,62241.0,215209.0,585885.0,3458874.93,497716.0,2914527.83,7081.0,4169.0,3703.0,455044.39,220840.0,1378010.22,36.0,74.0,7117.0,4243.0,356.0,17560.0,7079.0,9900750.89,4513454.63,176.0,5688.0,816145.0,4072738.72,1078.0,216.0,11.0,10.2,3.53,91.65,7.88,72.17,10.48,1690.25,575.28,795.52,1.3,2.058,1.696,2.796,0.2055,2.772,4.805,4.404,9.57,0.06,116.247,69.304,575.2838,795.5235,75.094,5.4363,3.8335,0.2961,202.8372,2.0548,0.322,16.6447,1.0967,79.9213,2.473,2.4673,115.6265,161.7162,73.7216,8.3903,5.8,15.9
510622,Nova Mutum,51014,Teles Pires,5103,Norte,2025,63455.0,IBGE estimativa,6.0,12.0,12.0,False,True,110880233.13,42098419.89,45089999.71,13174523.58,103105405.8,7774827.33,93953607.46,96.57,132.55,257.69,18.3,136.1,958.38,167.58,20.0,1389.42,67.25,15.0,1.0,1.0,14.5,1.5,16.0,200587.0,22027.0,336943.0,276636.0,138852.0,40530.0,64192.0,18387.0,61107.0,350883.0,639284.0,3314741.72,562628.0,2826211.79,8418.0,4924.0,6545.0,765534.12,206659.0,1453998.31,184.0,98.0,8602.0,5022.0,398.0,20287.0,7301.0,12596672.1,5666071.4,165.0,6133.0,1007455.0,4147238.09,,,,,,,,,,1747.38,663.44,710.58,1.522,2.089,2.145,2.641,0.2285,3.161,5.31,4.36,10.075,0.103,135.561,79.143,663.4374,710.5823,84.7343,7.0119,4.061,0.2884,218.9615,2.2851,0.3471,,1.0116,71.2974,1.9182,2.3584,115.0579,198.5135,89.2927,7.9251,5.5,14.8
510623,Nova Olímpia,51007,Médio Norte Matogrossense,5106,Centro-Noroeste,2020,20563.0,IBGE estimativa,6.0,12.0,11.0,False,False,17194606.56,4671764.46,9249767.87,1915877.05,16878517.1,316089.46,12180187.12,12.61,11.83,32.58,1.5,25.0,146.65,35.0,0.0,59.0,15.0,5.5,1.42,0.0,5.33,0.0,1.67,10169.0,1906.0,24685.0,8032.0,6494.0,3675.0,15468.0,3535.0,15409.0,83669.0,62798.0,337941.67,4137.0,36381.28,645.0,824.0,21.0,0.0,18164.0,342592.58,0.0,17.0,645.0,841.0,200.0,1669.0,0.0,340619.99,836835.68,21.0,645.0,147763.0,342456.07,259.0,109.0,0.0,0.0,5.3,64.86,5.41,61.0,18.53,836.19,227.19,449.83,0.613,0.575,1.216,1.702,0.2592,0.495,1.2,0.391,3.054,0.001,31.367,40.899,227.1927,449.8258,70.8373,1.8383,1.5844,0.0729,28.6923,2.592,0.0927,13.6486,0.7522,100.0,3.2558,2.5876,0.0,16.5647,40.6962,23.7812,15.3,30.6
510623,Nova Olímpia,51007,Médio Norte Matogrossense,5106,Centro-Noroeste,2021,20820.0,IBGE estimativa,6.0,12.0,12.0,False,True,21186718.51,4726269.8,12975819.79,2049783.61,19667979.49,1518739.02,16458392.23,16.05,14.83,41.23,2.17,29.08,203.54,35.0,0.0,59.0,15.0,5.08,1.0,0.0,6.0,0.0,3.0,15776.0,1903.0,35677.0,5673.0,10407.0,5369.0,15217.0,3777.0,15383.0,37394.0,33137.0,303838.9,4786.0,42238.85,682.0,837.0,6.0,0.0,29432.0,355973.58,0.0,28.0,682.0,865.0,190.0,1898.0,0.0,381891.38,1226732.72,10.0,682.0,71008.0,303838.9,254.0,161.0,3.0,11.81,7.73,67.32,9.06,71.94,18.9,1017.61,227.01,623.24,0.771,0.712,1.397,1.681,0.2882,0.758,1.714,0.272,1.592,0.0,32.757,41.547,227.0062,623.2382,77.6826,7.1684,1.9803,0.1042,28.3381,2.8818,0.0914,14.8701,0.7309,100.0,1.4663,2.783,0.0,18.3425,58.9209,21.9653,19.4,33.3
510623,Nova Olímpia,51007,Médio Norte Matogrossense,5106,Centro-Noroeste,2022,16352.0,IBGE Censo 2022,5.0,12.0,12.0,False,False,26583211.52,6422761.81,16678374.14,1756585.48,26022995.38,560216.14,19698704.26,16.43,15.47,39.25,4.33,30.5,203.0,35.0,0.0,59.0,16.5,6.0,1.0,0.0,5.5,0.5,4.83,15455.0,3346.0,29962.0,7942.0,10538.0,4618.0,12806.0,3788.0,13347.0,134658.0,66763.0,471113.79,4718.0,51832.87,645.0,818.0,0.0,0.0,33945.0,365728.73,0.0,28.0,645.0,846.0,210.0,1716.0,0.0,346393.64,986521.54,12.0,645.0,204144.0,483231.39,221.0,98.0,3.0,13.57,5.99,73.3,8.14,65.16,15.84,1625.69,392.78,1019.96,1.005,0.946,1.865,2.14,0.3364,0.945,1.832,0.486,4.083,0.0,39.445,51.737,392.7814,1019.9593,74.102,2.1074,2.4003,0.2648,36.0812,3.3635,0.2046,17.1403,0.7831,100.0,1.8605,2.6605,0.0,21.1836,60.3303,24.8227,21.0,38.4
510623,Nova Olímpia,51007,Médio Norte Matogrossense,5106,Centro-Noroeste,2023,16333.0,interpolada (Censo 2022 x IBGE 2024),6.0,12.0,12.0,False,True,30275021.74,7353161.52,20019279.83,1277959.34,29686724.76,588296.98,22746953.13,16.21,16.0,40.0,4.5,45.42,221.19,37.75,0.0,59.25,17.58,6.0,1.0,0.0,5.0,1.0,5.0,24398.0,4558.0,47397.0,34103.0,18673.0,5631.0,12811.0,3631.0,13483.0,210523.0,113913.0,552646.85,6493.0,67144.79,557.0,769.0,5.0,1343.75,45064.0,415221.19,0.0,38.0,557.0,807.0,260.0,1377.0,0.0,313676.97,1010118.55,4.0,557.0,343334.0,644115.25,283.0,74.0,6.0,21.2,4.531,75.62,7.77,72.79,20.14,1853.61,450.2,1225.7,0.992,0.98,2.781,2.311,0.3061,1.494,2.902,2.088,6.974,0.0,34.103,49.409,450.2028,1225.6952,75.1344,1.9432,2.449,0.2755,36.2763,3.0613,0.2791,12.8304,0.7844,100.0,0.7181,2.4722,0.0,19.2051,61.8453,32.2181,24.5,46.9
510623,Nova Olímpia,51007,Médio Norte Matogrossense,5106,Centro-Noroeste,2024,16314.0,IBGE estimativa,6.0,12.0,11.0,False,False,34433394.32,8914561.9,22113206.72,1003743.54,33931032.07,502362.25,26005855.4,19.32,18.16,43.33,4.5,43.75,231.05,38.0,0.0,62.0,20.33,6.83,1.0,0.0,5.0,0.5,5.0,19279.0,4503.0,39470.0,45213.0,15475.0,3804.0,13683.0,4056.0,14735.0,209375.0,163412.0,744760.68,6294.0,73668.42,629.0,885.0,260.0,69875.0,56892.0,899181.21,0.0,80.0,629.0,965.0,348.0,1654.0,0.0,365618.65,1778139.46,8.0,629.0,388176.0,1030982.18,271.0,108.0,4.0,14.76,6.62,79.34,9.59,73.8,18.08,2110.67,546.44,1355.47,1.184,1.113,2.682,2.329,0.3065,1.182,2.419,2.771,10.017,0.016,38.556,59.152,546.4363,1355.4742,75.5251,1.4589,2.656,0.2758,38.0042,3.0649,0.276,14.9668,0.8387,100.0,1.2719,2.6296,0.0,22.4113,108.9947,36.0622,31.1,57.0
510623,Nova Olímpia,51007,Médio Norte Matogrossense,5106,Centro-Noroeste,2025,16204.0,IBGE estimativa,6.0,12.0,12.0,False,True,38643775.61,8015914.97,27840120.91,883536.92,36828256.35,1815519.26,28029205.03,21.75,19.19,40.92,5.5,43.67,237.54,38.0,0.0,61.0,21.0,7.0,1.0,0.0,5.0,0.0,5.0,24519.0,5970.0,48801.0,58620.0,19355.0,4402.0,13401.0,3539.0,14490.0,235863.0,143596.0,755956.25,6686.0,77396.01,631.0,893.0,419.0,87726.22,67384.0,841914.44,0.0,69.0,631.0,962.0,345.0,1758.0,0.0,332766.74,1329987.59,6.0,631.0,407304.0,1007345.67,,,,,,,,,,2384.83,494.69,1718.1,1.342,1.184,2.695,2.345,0.3086,1.513,3.012,3.618,8.862,0.026,38.941,59.368,494.6874,1718.1018,72.5323,4.6981,2.5253,0.3394,37.645,3.0857,0.3684,,0.827,100.0,0.9509,2.7861,0.0,20.5361,82.0777,35.8628,32.3,57.9
510624,Nova Ubiratã,51014,Teles Pires,5103,Norte,2020,12298.0,IBGE estimativa,6.0,12.0,12.0,False,True,12476566.62,2861778.04,65915.1,9416423.15,11889715.94,586850.68,11231885.1,7.78,18.79,18.23,5.0,38.83,116.7,0.0,0.0,56.83,18.75,10.0,0.0,0.0,3.67,0.0,3.0,22540.0,1841.0,39184.0,28991.0,13300.0,6724.0,7481.0,2564.0,10230.0,102228.0,85525.0,520224.91,5914.0,45692.05,0.0,396.0,14.0,0.0,9564.0,158722.97,0.0,20.0,0.0,416.0,416.0,0.0,0.0,0.0,450003.5,0.0,0.0,198355.0,572319.16,162.0,57.0,0.0,0.0,4.63,75.93,3.09,62.35,9.26,1014.52,232.7,5.36,0.633,1.528,3.157,0.0,0.2984,1.833,3.186,2.357,6.954,0.001,0.0,33.827,232.7027,5.3598,90.0238,4.7036,1.4824,0.4066,46.2108,2.9842,0.1497,15.8272,0.6083,,,,0.0,0.0,36.5916,100.0,4.6,92.6
510624,Nova Ubiratã,51014,Teles Pires,5103,Norte,2021,12492.0,IBGE estimativa,6.0,12.0,12.0,False,True,19825365.77,6416250.53,2030143.41,9044230.09,18766195.5,1059170.27,16734519.92,10.18,22.06,22.45,4.58,39.67,135.29,0.0,0.0,64.83,20.92,10.75,0.0,0.0,4.17,0.0,3.0,19098.0,2069.0,20359.0,19848.0,10155.0,7455.0,7911.0,2801.0,10225.0,131841.0,122162.0,786786.37,58621.0,383413.23,0.0,497.0,617.0,90926.94,9539.0,267091.15,0.0,19.0,0.0,516.0,516.0,0.0,0.0,0.0,977483.7,0.0,0.0,273235.0,1000733.13,196.0,67.0,0.0,0.0,5.36,74.49,7.65,61.03,19.9,1587.04,513.63,162.52,0.815,1.766,3.176,0.0,0.3338,1.529,1.63,1.589,9.779,0.049,0.0,41.306,513.6288,162.5155,84.4096,5.3425,1.7972,0.3666,51.8972,3.3381,0.1656,14.2908,0.6333,,,,0.0,0.0,78.2488,100.0,6.2,96.3
510624,Nova Ubiratã,51014,Teles Pires,5103,Norte,2022,11530.0,IBGE Censo 2022,6.0,12.0,12.0,False,True,24931323.49,6984075.3,8064542.75,7328957.58,20368008.84,4563314.65,19442114.87,10.94,24.88,23.17,4.25,43.83,178.69,0.0,0.0,66.5,22.25,11.25,0.0,0.0,5.0,0.0,3.0,35731.0,3265.0,38451.0,33851.0,21219.0,12716.0,11066.0,3425.0,12703.0,222025.0,130481.0,931850.28,128392.0,940674.7,0.0,575.0,858.0,138912.66,8796.0,353794.66,0.0,45.0,0.0,620.0,620.0,0.0,0.0,0.0,764983.81,0.0,0.0,382771.0,1259741.44,232.0,50.0,4.0,17.24,4.34,73.71,8.19,65.09,15.09,2162.3,605.73,699.44,0.949,2.158,3.801,0.0,0.4337,3.099,3.335,2.936,11.317,0.074,0.0,53.773,605.7307,699.44,77.9827,18.3035,2.0095,0.3686,57.6756,4.3365,0.2832,14.7629,0.9598,,,,0.0,0.0,66.3473,100.0,7.9,103.0
510624,Nova Ubiratã,51014,Teles Pires,5103,Norte,2023,11815.0,interpolada (Censo 2022 x IBGE 2024),6.0,12.0,12.0,False,True,27306623.12,8742548.14,7001458.11,7782789.11,25434896.56,1871726.56,14369343.52,11.94,24.71,26.48,5.67,40.5,184.55,0.0,0.0,65.58,21.58,11.0,0.0,0.0,5.0,0.0,3.0,43722.0,5031.0,51350.0,37791.0,20939.0,20560.0,11334.0,3802.0,13446.0,251072.0,157564.0,958588.46,156382.0,992055.27,0.0,542.0,876.0,143962.04,11856.0,412109.18,0.0,65.0,0.0,607.0,607.0,0.0,0.0,0.0,644363.32,0.0,0.0,430771.0,1231022.8,227.0,46.0,1.0,4.41,3.893,79.3,7.49,63.88,17.62,2311.18,739.95,592.59,1.011,2.091,3.428,0.0,0.4232,3.701,4.346,3.199,13.336,0.074,0.0,51.375,739.9533,592.5906,52.6222,6.8545,2.2412,0.4799,55.5057,4.2319,0.4258,16.7489,0.9593,,,,0.0,0.0,54.5377,100.0,8.4,108.0
510624,Nova Ubiratã,51014,Teles Pires,5103,Norte,2024,12108.0,IBGE estimativa,6.0,12.0,12.0,False,True,30920815.17,9547526.93,11839326.3,6769378.74,26748407.31,4172407.86,23267599.21,14.89,26.53,29.1,4.67,41.42,189.72,0.0,0.0,70.0,23.0,11.92,0.0,0.0,5.0,0.0,3.0,44702.0,3686.0,53001.0,34360.0,21873.0,19728.0,13107.0,3415.0,14919.0,252833.0,166558.0,924948.58,165325.0,954208.91,0.0,649.0,1037.0,174373.3,20768.0,473278.86,0.0,44.0,0.0,693.0,693.0,0.0,0.0,0.0,864411.11,0.0,0.0,422870.0,1177513.73,207.0,60.0,2.0,9.66,4.96,91.26,10.14,68.6,15.46,2553.75,788.53,977.81,1.23,2.191,3.421,0.0,0.413,3.692,4.377,2.838,13.756,0.086,0.0,57.235,788.5305,977.8102,75.249,13.4938,2.4034,0.3857,57.813,4.1295,0.3044,16.4976,1.0825,,,,0.0,0.0,71.3917,100.0,7.1,99.9
510624,Nova Ubiratã,51014,Teles Pires,5103,Norte,2025,9760.0,IBGE estimativa,6.0,12.0,12.0,False,True,30696362.29,10840691.2,10541819.42,7203270.03,29248604.1,1447758.19,24077411.41,13.76,21.46,27.12,5.5,34.42,172.6,4.17,0.0,63.67,23.42,9.42,0.42,0.58,4.67,0.25,3.0,44733.0,3565.0,59078.0,29088.0,22872.0,16912.0,10142.0,2190.0,12715.0,217051.0,145206.0,813699.12,137429.0,849733.36,0.0,479.0,1676.0,293580.14,20921.0,512331.58,0.0,39.0,0.0,518.0,518.0,0.0,0.0,0.0,788320.49,0.0,0.0,367302.0,1196379.26,,,,,,,,,,3145.12,1110.73,1080.1,1.41,2.199,3.527,0.427,0.4785,4.583,6.053,2.98,14.878,0.172,0.0,53.074,1110.7266,1080.1044,78.4373,4.7164,2.7787,0.5635,65.2357,4.7848,0.3653,,1.0391,,,,0.0,0.0,80.7705,100.0,7.7,104.8
510625,Nova Xavantina,51005,Garças Araguaia,5104,Leste,2020,20944.0,IBGE estimativa,6.0,12.0,12.0,False,True,21568769.2,6318693.08,13324253.49,0.0,20779961.51,788807.69,14903109.7,17.05,17.74,45.95,4.73,57.67,245.04,34.0,0.0,48.58,15.58,5.0,1.0,0.0,5.0,0.0,5.0,25306.0,3207.0,29028.0,109766.0,18551.0,6755.0,16913.0,5688.0,17649.0,20850.0,102272.0,483407.13,63610.0,253023.53,1053.0,1103.0,0.0,0.0,15071.0,218625.9,0.0,9.0,1053.0,1112.0,107.0,3753.0,0.0,482883.02,916176.77,37.0,692.0,125064.0,483407.13,323.0,147.0,4.0,12.38,7.02,73.07,7.74,88.85,18.89,1029.83,301.69,636.18,0.814,0.847,2.754,1.623,0.2387,1.208,1.386,5.241,4.883,0.0,50.277,53.094,301.6947,636.1848,69.0958,3.6572,2.1939,0.2258,23.1952,2.3873,0.1531,17.6099,0.8075,65.717,3.5138,3.5641,0.0,23.0559,43.7441,9.6223,4.1,21.8
510625,Nova Xavantina,51005,Garças Araguaia,5104,Leste,2021,21695.0,IBGE estimativa,6.0,12.0,12.0,False,True,29384374.97,8943109.24,17846409.84,0.0,27324990.67,2059384.3,21376564.43,23.28,20.5,51.71,5.0,57.75,268.23,32.08,0.0,73.92,16.83,5.0,1.0,0.0,5.0,0.0,5.0,39469.0,3861.0,53200.0,84416.0,28020.0,11449.0,14832.0,5701.0,15971.0,27699.0,137276.0,671227.28,64545.0,295192.69,1530.0,1637.0,161.0,18603.12,22648.0,204672.69,0.0,14.0,1530.0,1651.0,184.0,5434.0,0.0,1062830.03,2178344.91,55.0,1359.0,166663.0,689830.4,311.0,188.0,2.0,6.43,8.67,77.17,10.61,85.85,20.58,1354.43,412.22,822.6,1.073,0.945,2.662,1.479,0.2305,1.819,2.452,3.891,6.328,0.007,70.523,76.1,412.2198,822.6047,72.7481,7.0084,2.3835,0.2305,34.0724,2.3047,0.178,18.3312,0.6837,88.8235,3.5948,3.5516,0.0,48.9896,100.4077,11.1448,7.2,27.7
510625,Nova Xavantina,51005,Garças Araguaia,5104,Leste,2022,24345.0,IBGE Censo 2022,6.0,12.0,12.0,False,True,38486681.46,11954538.6,22966593.39,844327.14,35970845.88,2515835.58,25888030.57,27.15,17.44,55.85,5.78,61.67,305.2,26.17,0.0,121.75,23.0,5.0,1.0,0.0,5.0,0.0,5.0,48840.0,8210.0,94175.0,84679.0,33247.0,15584.0,19855.0,6387.0,20443.0,41956.0,213334.0,1087220.97,131182.0,682419.53,1678.0,1681.0,210.0,59130.84,36844.0,416715.15,0.0,11.0,1678.0,1692.0,139.0,4906.0,0.0,820229.52,1042085.93,50.0,1439.0,257289.0,1146351.81,328.0,154.0,3.0,9.15,6.33,84.4,3.35,81.1,16.77,1580.89,491.05,943.38,1.115,0.716,2.533,1.075,0.2054,2.006,3.868,3.478,8.763,0.009,68.926,69.501,491.047,943.3803,67.2649,6.5369,2.2941,0.2374,50.0103,2.0538,0.3372,19.4726,0.8156,85.7569,2.9797,2.9237,0.0,33.6919,42.8049,8.2151,4.8,20.5
510625,Nova Xavantina,51005,Garças Araguaia,5104,Leste,2023,24909.0,interpolada (Censo 2022 x IBGE 2024),6.0,12.0,12.0,False,True,42653485.08,15131030.84,24429832.05,259676.88,39443471.34,3210013.74,25857980.6,30.17,20.13,54.76,5.9,70.58,328.71,24.92,0.0,174.33,25.0,5.0,1.0,0.0,5.0,0.0,5.0,54314.0,7698.0,98582.0,95477.0,36887.0,16986.0,16324.0,6069.0,17716.0,35466.0,267767.0,965078.32,253049.0,954580.68,1760.0,1769.0,88.0,51656.17,52394.0,383185.68,1.0,13.0,1761.0,1782.0,202.0,5569.0,0.0,863473.03,1416186.4,54.0,278.0,305301.0,1046434.49,322.0,172.0,3.0,9.32,6.905,89.13,6.21,87.58,15.84,1712.37,607.45,980.76,1.211,0.808,2.834,1.0,0.2007,2.18,3.958,3.833,10.75,0.004,70.697,71.54,607.4524,980.7633,60.6234,7.5258,2.1984,0.2369,69.9868,2.0073,0.309,18.8478,0.6553,15.7865,3.0664,3.1624,0.0,34.6651,56.8544,11.3356,7.4,28.4
510625,Nova Xavantina,51005,Garças Araguaia,5104,Leste,2024,25486.0,IBGE estimativa,6.0,12.0,12.0,False,True,46671490.56,14060791.27,27290880.64,2955372.45,43447179.44,3224311.12,28516522.33,30.49,21.45,53.97,7.72,70.27,341.43,26.25,0.0,238.92,29.33,5.58,1.5,0.0,5.92,0.0,5.75,57613.0,8338.0,108735.0,101442.0,41628.0,12494.0,19090.0,5049.0,21347.0,46184.0,339118.0,1206353.1,300821.0,1116842.32,1992.0,1890.0,299.0,222847.49,93137.0,717288.7,1.0,28.0,1993.0,1918.0,245.0,5591.0,0.0,1119366.83,1842246.02,55.0,306.0,411614.0,1575022.64,304.0,139.0,3.0,9.87,5.45,84.54,9.21,89.8,16.12,1831.26,551.71,1070.82,1.196,0.842,2.757,1.03,0.2323,2.261,4.266,3.98,13.306,0.012,78.2,75.257,551.7065,1070.8185,61.1005,6.9085,2.1176,0.3029,93.7456,2.3228,0.3272,16.6086,0.749,15.3537,2.7597,2.8053,0.0,43.9209,72.2846,12.7737,7.3,31.6
510625,Nova Xavantina,51005,Garças Araguaia,5104,Leste,2025,25915.0,IBGE estimativa,6.0,12.0,12.0,False,True,50464757.7,13590482.0,30769222.91,3457109.2,48099793.6,2364964.1,33193958.7,32.81,23.01,59.65,9.37,72.25,359.42,36.42,0.0,255.5,30.83,6.0,1.75,0.0,7.0,0.0,7.0,72862.0,10941.0,140845.0,163880.0,50178.0,18563.0,20583.0,5143.0,22530.0,49248.0,373497.0,1316957.35,336114.0,1257724.59,2172.0,2022.0,426.0,48593.91,97501.0,790513.05,0.0,42.0,2172.0,2064.0,260.0,6986.0,0.0,1977613.3,2177186.71,53.0,407.0,497329.0,1746569.86,,,,,,,,,,1947.32,524.43,1187.31,1.266,0.888,2.788,1.405,0.2701,2.812,5.435,6.324,14.412,0.016,83.812,79.645,524.4253,1187.3133,65.7765,4.6864,2.3018,0.3616,98.5915,2.7011,0.4222,,0.7943,18.7385,2.4401,3.2164,0.0,76.3115,84.0126,12.5969,8.3,33.8
510626,Novo Mundo,51015,Vale do Peixoto,5103,Norte,2020,9363.0,IBGE estimativa,6.0,12.0,12.0,False,True,8228299.85,5467467.77,928733.26,1541277.23,7120635.28,1107664.57,4222554.44,4.21,5.13,13.58,3.08,36.67,96.21,0.0,0.0,38.33,9.0,3.0,0.0,0.0,3.0,0.0,3.0,16113.0,1671.0,28769.0,19665.0,10684.0,5429.0,6820.0,1844.0,7500.0,100495.0,25275.0,126043.92,4001.0,51441.68,0.0,355.0,109.0,8979.83,5961.0,97578.82,0.0,9.0,0.0,364.0,364.0,0.0,0.0,0.0,280076.0,0.0,0.0,148073.0,287703.2,104.0,35.0,2.0,19.23,3.74,80.58,3.85,68.27,23.08,878.81,583.94,99.19,0.45,0.548,3.916,0.0,0.3204,1.721,3.073,2.1,2.699,0.012,0.0,38.876,583.944,99.1918,51.3175,13.4616,1.4504,0.329,40.9377,3.2041,0.1785,17.7308,0.7284,,,,0.0,0.0,29.9131,100.0,10.2,69.3
510626,Novo Mundo,51015,Vale do Peixoto,5103,Norte,2021,9545.0,IBGE estimativa,6.0,12.0,12.0,False,True,9376192.01,5840788.9,1359384.42,1915608.61,8086931.79,1289260.22,5688519.88,5.1,5.67,16.33,3.42,37.83,110.06,0.0,0.0,42.0,9.0,2.5,0.0,0.0,3.0,0.0,3.0,23334.0,3256.0,43200.0,29179.0,11442.0,11892.0,4096.0,1658.0,5203.0,41321.0,42127.0,215260.68,5049.0,69825.01,0.0,327.0,242.0,29815.73,4577.0,160110.84,0.0,9.0,0.0,336.0,336.0,0.0,0.0,0.0,368518.81,0.0,0.0,116280.0,415054.46,120.0,43.0,1.0,8.33,4.5,77.5,7.5,71.67,18.33,982.31,611.92,142.42,0.534,0.594,3.963,0.0,0.3143,2.445,4.526,3.057,4.414,0.025,0.0,35.202,611.9213,142.4185,60.6698,13.7504,1.7108,0.3583,44.0021,3.143,0.3411,13.8167,0.4291,,,,0.0,0.0,38.6086,100.0,9.8,73.1
510626,Novo Mundo,51015,Vale do Peixoto,5103,Norte,2022,6520.0,IBGE Censo 2022,6.0,12.0,12.0,False,True,10452601.49,6789094.07,1840187.3,1227790.12,8597534.1,1855067.39,7108652.54,5.0,6.19,14.25,3.33,36.83,107.48,0.0,0.0,43.58,10.75,3.25,0.0,0.67,3.17,0.33,3.0,28984.0,3879.0,54352.0,35521.0,14031.0,14773.0,8077.0,2152.0,8451.0,28599.0,45335.0,243340.98,6211.0,102113.53,0.0,380.0,112.0,13011.15,1839.0,220242.79,0.0,14.0,0.0,394.0,394.0,0.0,0.0,0.0,417401.24,0.0,0.0,120608.0,594073.23,118.0,50.0,2.0,16.95,7.67,82.2,9.32,80.51,11.02,1603.16,1041.27,282.24,0.767,0.949,5.649,0.0,0.4862,4.445,8.336,5.448,6.953,0.017,0.0,60.429,1041.2721,282.2373,68.0085,17.7474,2.1856,0.5107,66.8405,4.862,0.5949,18.2373,1.2388,,,,0.0,0.0,64.0186,100.0,11.9,91.3
510626,Novo Mundo,51015,Vale do Peixoto,5103,Norte,2023,6482.0,interpolada (Censo 2022 x IBGE 2024),6.0,12.0,12.0,False,True,12278926.31,8490946.24,1420900.02,1800952.22,11443483.6,835442.71,7796449.37,6.38,7.67,16.08,3.0,35.58,112.35,0.0,0.0,45.42,12.0,4.0,0.0,1.0,4.0,0.0,3.0,33022.0,5049.0,62959.0,39100.0,19367.0,13382.0,7460.0,1941.0,7991.0,32663.0,38598.0,229004.68,16668.0,155073.55,0.0,445.0,0.0,0.0,8522.0,273989.17,0.0,11.0,0.0,456.0,456.0,0.0,0.0,0.0,319913.72,0.0,0.0,129815.0,840590.53,110.0,31.0,1.0,9.09,4.782,90.91,7.27,77.27,12.73,1894.31,1309.93,219.21,0.984,1.183,5.489,0.0,0.6171,5.094,9.713,6.032,5.955,0.0,0.0,70.349,1309.9269,219.207,63.4946,6.8039,2.4807,0.4628,70.071,6.1709,0.7789,17.6455,1.1509,,,,0.0,0.0,49.3542,100.0,8.6,74.7
510626,Novo Mundo,51015,Vale do Peixoto,5103,Norte,2024,6444.0,IBGE estimativa,6.0,12.0,12.0,False,True,15879000.23,9228047.9,3614899.56,2222310.58,13766086.97,2112913.26,10880337.63,8.05,7.58,16.83,3.0,35.83,111.15,0.0,0.0,47.0,11.33,4.0,0.0,1.0,4.0,0.0,3.0,34434.0,3612.0,69198.0,44839.0,20390.0,13856.0,7526.0,1531.0,8367.0,34095.0,36492.0,222624.66,14498.0,167385.85,0.0,342.0,2.0,277.26,6991.0,400680.51,0.0,14.0,0.0,356.0,356.0,0.0,0.0,0.0,344323.06,0.0,0.0,106075.0,713126.52,90.0,45.0,3.0,33.33,6.98,81.11,4.44,86.67,24.44,2464.15,1432.04,560.97,1.249,1.176,5.56,0.0,0.6207,5.344,10.738,6.958,5.663,0.0,0.0,55.245,1432.0372,560.9714,68.5203,13.3063,2.6117,0.4655,72.9361,6.2073,0.5605,17.0111,1.1679,,,,0.0,0.0,53.4331,100.0,24.7,148.6
510626,Novo Mundo,51015,Vale do Peixoto,5103,Norte,2025,6368.0,IBGE estimativa,6.0,12.0,12.0,False,True,15659467.96,10225439.3,2317522.3,2260994.85,15477220.02,182247.94,10081418.64,7.09,9.13,16.67,3.0,35.83,114.38,0.0,0.0,46.42,10.58,4.0,0.0,1.0,4.0,0.0,3.0,35685.0,3423.0,76742.0,90944.0,20371.0,15309.0,6158.0,1651.0,7102.0,28075.0,36580.0,237458.67,11556.0,185968.89,0.0,409.0,1.0,138.63,7297.0,398813.37,0.0,15.0,0.0,424.0,424.0,0.0,0.0,0.0,423938.8,0.0,0.0,95160.0,680117.85,,,,,,,,,,2459.09,1605.75,363.93,1.113,1.434,5.627,0.0,0.6281,5.604,12.051,14.281,5.744,0.0,0.0,66.583,1605.7537,363.9325,64.3791,1.1638,2.6178,0.4711,72.8957,6.2814,0.5375,,0.967,,,,0.0,0.0,66.5733,100.0,17.9,114.6
510627,Novo Horizonte do Norte,51016,Vale dos Arinos,5103,Norte,2020,4051.0,IBGE estimativa,6.0,12.0,12.0,False,True,5183806.12,2101560.31,2078841.31,694703.16,4925940.12,257866.0,2352397.13,6.31,3.83,15.0,3.5,20.0,66.8,16.0,0.0,19.0,8.0,2.0,1.0,0.0,2.0,0.0,1.67,11875.0,1045.0,20573.0,24423.0,4702.0,2202.0,3420.0,574.0,3353.0,24270.0,10727.0,69348.68,1149.0,15350.2,96.0,148.0,0.0,0.0,6554.0,97302.18,0.0,4.0,96.0,152.0,66.0,417.0,0.0,29751.56,89640.4,3.0,96.0,37882.0,69348.68,33.0,28.0,0.0,0.0,6.91,87.88,6.06,66.67,21.21,1279.64,518.78,513.17,1.558,0.945,4.937,3.95,0.4937,2.931,5.078,6.029,2.648,0.0,23.698,37.522,518.7757,513.1674,45.3797,4.9745,3.7028,0.864,46.902,4.9371,0.258,17.3939,0.8442,100.0,3.125,4.3438,0.0,7.3443,22.128,43.4211,7.2,38.8
510627,Novo Horizonte do Norte,51016,Vale dos Arinos,5103,Norte,2021,4069.0,IBGE estimativa,6.0,12.0,12.0,False,True,7009936.9,2072638.96,3588332.81,856827.76,6370313.26,639623.64,4319448.94,6.21,5.03,15.33,2.5,20.55,79.34,16.33,0.0,46.92,9.0,2.83,1.0,0.0,2.0,0.0,2.0,14962.0,2172.0,25472.0,32868.0,6613.0,5461.0,1824.0,732.0,1763.0,9507.0,13397.0,91523.57,1692.0,26944.58,98.0,200.0,32.0,5917.13,3879.0,88319.59,0.0,6.0,98.0,206.0,117.0,434.0,0.0,44036.17,229847.32,5.0,98.0,33407.0,104882.2,39.0,30.0,1.0,25.64,7.37,82.05,7.69,82.05,20.51,1722.77,509.37,881.87,1.526,1.236,5.05,4.013,0.4915,3.677,6.26,8.078,3.292,0.008,24.085,50.627,509.3731,881.8709,61.6189,9.1245,3.7675,0.6144,115.3109,4.9152,0.5338,18.7692,0.4483,100.0,5.102,4.4286,0.0,10.8224,56.4874,56.7961,19.4,90.3
510627,Novo Horizonte do Norte,51016,Vale dos Arinos,5103,Norte,2022,3349.0,IBGE Censo 2022,6.0,12.0,12.0,False,True,8526160.86,2810461.67,4691740.74,460022.79,8215413.29,310747.57,6139275.72,6.68,5.76,15.33,2.0,18.1,83.82,16.0,0.0,58.5,10.58,2.25,1.0,0.0,2.0,0.0,2.0,13746.0,1949.0,28960.0,30971.0,9180.0,4117.0,1829.0,595.0,1891.0,14032.0,12020.0,70048.2,2421.0,33212.5,171.0,268.0,118.0,12202.19,1617.0,77489.85,0.0,12.0,171.0,280.0,115.0,562.0,0.0,63572.57,218293.7,5.0,166.0,36547.0,84085.19,47.0,38.0,1.0,21.28,11.35,91.49,4.26,68.09,19.15,2545.88,839.19,1400.94,1.995,1.72,5.405,4.778,0.5972,4.105,8.647,9.248,3.589,0.035,51.06,83.607,839.1943,1400.9378,72.0052,3.6446,4.5775,0.5972,174.679,5.9719,0.582,12.6596,0.5461,97.076,2.924,3.2865,0.0,18.9826,65.1818,41.0714,15.7,75.8
510627,Novo Horizonte do Norte,51016,Vale dos Arinos,5103,Norte,2023,3328.0,interpolada (Censo 2022 x IBGE 2024),6.0,12.0,12.0,False,True,9909598.74,3017102.07,5875611.82,464644.15,9589579.09,320019.65,6312460.46,7.46,6.21,16.01,2.0,18.18,87.09,13.0,0.0,62.58,10.25,2.0,1.0,0.0,2.0,0.0,2.0,12808.0,2444.0,27634.0,30645.0,8817.0,3675.0,1691.0,571.0,1766.0,64667.0,19651.0,88070.3,3526.0,38472.76,225.0,347.0,140.0,27400.24,3110.0,90966.95,0.0,7.0,225.0,354.0,136.0,755.0,0.0,84635.26,255562.26,12.0,186.0,85259.0,115470.54,44.0,32.0,3.0,68.18,9.615,90.91,13.64,56.82,15.91,2977.64,906.58,1765.51,2.242,1.866,5.463,3.906,0.601,3.849,8.303,9.208,5.905,0.042,67.608,106.37,906.5812,1765.5084,63.7005,3.2294,4.8107,0.601,188.0409,6.0096,0.7344,12.9773,0.5081,82.6667,5.3333,3.3556,0.0,25.4313,76.7915,38.4181,13.8,54.3
510627,Novo Horizonte do Norte,51016,Vale dos Arinos,5103,Norte,2024,3307.0,IBGE estimativa,6.0,12.0,12.0,False,True,11662280.25,3152808.79,7117091.9,667999.51,10934121.15,728159.1,8102755.48,5.93,5.78,17.05,2.0,18.78,90.22,12.75,0.0,64.67,9.25,2.0,1.0,0.0,2.0,0.0,2.0,11681.0,1813.0,25245.0,27183.0,8304.0,3099.0,2609.0,680.0,2962.0,71565.0,17921.0,97996.99,4996.0,59235.02,258.0,395.0,422.0,82935.04,519.0,110271.51,0.0,8.0,258.0,403.0,147.0,911.0,0.0,100794.25,332116.35,7.0,228.0,91483.0,180932.03,46.0,28.0,1.0,21.74,8.47,91.3,6.52,71.74,15.22,3526.54,953.37,2152.13,1.793,1.748,5.679,3.855,0.6048,3.532,7.634,8.22,5.419,0.128,78.016,121.863,953.3743,2152.1294,69.4783,6.2437,5.1557,0.6048,195.5549,6.0478,0.5482,14.7826,0.7889,88.3721,2.7132,3.531,0.0,30.4791,100.4283,36.4764,16.1,64.6
510627,Novo Horizonte do Norte,51016,Vale dos Arinos,5103,Norte,2025,3267.0,IBGE estimativa,6.0,12.0,12.0,False,True,12685101.43,3744600.86,7668071.31,543803.15,11913665.08,771436.35,9425093.09,7.97,6.43,17.82,2.0,16.92,88.43,13.0,0.0,132.67,7.92,2.0,1.0,0.0,2.0,0.0,2.0,11519.0,2855.0,28285.0,26080.0,8639.0,2499.0,2885.0,788.0,3236.0,59545.0,18324.0,93501.58,8595.0,71653.03,322.0,472.0,423.0,72715.03,2009.0,174017.82,0.0,16.0,322.0,488.0,170.0,1635.0,0.0,132854.36,372486.48,10.0,319.0,82699.0,183180.36,,,,,,,,,,3882.8,1146.19,2347.13,2.44,1.968,5.179,3.979,0.6122,3.526,8.658,7.983,5.609,0.129,98.561,149.373,1146.1894,2347.1293,74.3005,6.0814,5.4545,0.6122,406.0912,6.1218,0.8739,,0.8831,99.0683,3.1056,5.0776,0.0,40.6656,114.0148,34.8361,11.3,46.2
510628,Novo São Joaquim,51005,Garças Araguaia,5104,Leste,2020,4938.0,IBGE estimativa,1.0,12.0,12.0,False,False,10535706.25,171001.33,5293164.28,4419500.61,7939310.44,2596395.81,8259466.1,5.24,5.96,15.83,3.0,25.92,99.04,26.0,0.0,40.0,11.0,5.0,1.0,0.0,3.0,0.0,3.0,3319.0,380.0,9014.0,9006.0,2018.0,1123.0,4525.0,1810.0,4574.0,2683.0,15881.0,94955.88,4111.0,34160.87,314.0,377.0,0.0,0.0,4763.0,148712.52,0.0,3.0,314.0,380.0,97.0,1076.0,0.0,136936.74,338290.5,2.0,314.0,30978.0,207632.48,104.0,39.0,2.0,19.23,7.9,87.5,5.77,70.19,18.27,2133.6,34.63,1071.92,1.061,1.207,5.249,5.265,0.6075,0.672,1.825,1.824,3.216,0.0,63.588,76.954,34.6297,1071.9247,78.395,24.6438,3.2058,0.6075,81.0045,6.0753,0.077,17.4038,0.9164,100.0,0.6369,3.4268,0.0,27.7312,68.5076,25.5263,8.9,46.3
510628,Novo São Joaquim,51005,Garças Araguaia,5104,Leste,2021,4837.0,IBGE estimativa,6.0,12.0,12.0,False,True,13120157.88,1363669.35,4273104.1,7339151.41,12081984.51,1038173.37,8297239.03,5.16,8.13,18.42,3.08,25.0,117.89,33.42,0.0,41.0,11.0,5.0,1.0,0.0,3.0,0.0,3.0,8026.0,1447.0,17137.0,12429.0,6165.0,1501.0,4568.0,1461.0,4533.0,8129.0,22918.0,107599.2,4682.0,40231.61,445.0,532.0,0.0,0.0,10294.0,158460.59,0.0,3.0,445.0,535.0,90.0,1336.0,0.0,241087.25,481549.36,6.0,443.0,48153.0,192273.9,90.0,42.0,1.0,11.11,8.68,73.33,8.89,58.89,28.89,2712.46,281.92,883.42,1.067,1.681,5.168,6.909,0.6202,1.659,3.543,2.57,4.738,0.0,91.999,110.606,281.9246,883.4203,63.2404,7.9128,3.8081,0.6368,84.7633,6.2022,0.2992,16.2333,0.9444,99.5506,1.3483,3.0022,0.0,49.8423,99.5554,16.8224,8.8,34.5
510628,Novo São Joaquim,51005,Garças Araguaia,5104,Leste,2022,6919.0,IBGE Censo 2022,6.0,12.0,12.0,False,True,15024096.82,2778704.39,6218691.98,5525538.97,14258246.35,765850.47,12285385.37,8.64,9.5,22.56,3.5,25.5,134.17,40.58,0.0,42.25,11.0,5.0,1.0,0.0,3.0,0.0,3.0,12444.0,1992.0,24155.0,15274.0,8440.0,3597.0,7077.0,1983.0,6560.0,5900.0,30880.0,213294.98,8558.0,75851.63,526.0,617.0,0.0,0.0,9395.0,196738.47,0.0,8.0,526.0,625.0,99.0,1109.0,0.0,235055.37,417222.32,6.0,304.0,54836.0,302672.18,112.0,44.0,2.0,17.86,6.36,79.46,6.25,75.89,21.43,2171.43,401.6,898.78,1.249,1.373,3.686,5.865,0.4336,1.799,3.491,2.208,4.463,0.0,76.023,90.331,401.6049,898.7848,81.7712,5.0975,3.2606,0.5059,61.0637,4.3359,0.2879,17.7054,1.0228,57.7947,1.1407,2.1084,0.0,33.9724,60.301,15.84,4.8,26.5
510628,Novo São Joaquim,51005,Garças Araguaia,5104,Leste,2023,7038.0,interpolada (Censo 2022 x IBGE 2024),1.0,12.0,12.0,False,False,13841890.3,3108693.59,5827944.34,4655079.42,13614488.22,227402.08,10239139.96,8.8,8.42,23.73,3.07,23.96,135.03,32.33,0.0,103.67,10.5,5.0,1.0,0.0,3.0,0.0,3.0,15427.0,2420.0,28093.0,21299.0,11546.0,3857.0,5455.0,1541.0,5484.0,201.0,39736.0,306117.88,16702.0,141062.84,519.0,689.0,29.0,21701.8,8802.0,246631.38,0.0,11.0,519.0,700.0,182.0,1214.0,0.0,205886.54,505125.91,1.0,27.0,72465.0,491931.68,108.0,53.0,3.0,27.78,7.531,76.85,10.19,78.7,15.74,1966.74,441.7,828.07,1.25,1.196,3.404,4.594,0.4263,2.192,3.992,3.026,5.646,0.004,73.743,99.46,441.7013,828.0682,73.9721,1.6429,3.3717,0.4362,147.3004,4.2626,0.3438,14.2685,0.7751,5.2023,0.1927,2.3391,0.0,29.2536,71.7712,26.0,8.3,46.2
510628,Novo São Joaquim,51005,Garças Araguaia,5104,Leste,2024,7160.0,IBGE estimativa,6.0,12.0,12.0,False,True,19669026.02,3733342.72,11951754.48,3357217.25,18291475.02,1377551.0,12439016.8,8.15,7.83,20.67,3.3,23.17,129.25,30.67,0.0,156.67,11.25,5.0,1.0,0.0,3.0,0.0,3.0,16182.0,3438.0,29607.0,26082.0,12547.0,3635.0,5187.0,1374.0,5711.0,320.0,46678.0,305856.64,10874.0,91520.26,633.0,726.0,720.0,209049.21,18823.0,407083.14,0.0,18.0,633.0,744.0,202.0,1776.0,0.0,596978.13,656530.74,2.0,9.0,86608.0,781677.25,90.0,42.0,5.0,55.56,5.87,79.78,6.67,82.22,16.67,2747.07,521.42,1669.24,1.138,1.094,3.236,4.284,0.419,2.26,4.135,3.643,6.519,0.101,88.408,103.911,521.4166,1669.2395,63.2417,7.0037,2.8869,0.4609,218.8128,4.1899,0.4802,15.2667,0.7244,1.4218,0.316,2.8057,0.0,83.3768,91.6942,27.1505,10.3,52.4
510628,Novo São Joaquim,51005,Garças Araguaia,5104,Leste,2025,7239.0,IBGE estimativa,6.0,12.0,12.0,False,True,20848504.06,3923167.74,12980554.44,2956457.07,19024910.39,1823593.67,14937450.29,10.51,8.68,21.1,3.27,23.59,134.13,32.17,0.0,157.42,12.33,4.5,1.0,0.0,3.0,0.0,3.0,20596.0,2070.0,40618.0,87922.0,16550.0,3412.0,4810.0,1299.0,5620.0,939.0,41116.0,233462.56,21141.0,108507.54,640.0,650.0,246.0,50314.35,15712.0,265013.91,17.0,36.0,657.0,686.0,247.0,1725.0,0.0,2339807.2,1257431.05,11.0,23.0,57324.0,406804.16,,,,,,,,,,2880.03,541.95,1793.14,1.452,1.199,3.259,4.444,0.4144,2.845,5.611,12.146,5.68,0.034,90.758,94.764,541.9489,1793.1419,71.6476,8.7469,2.9148,0.4517,217.461,4.1442,0.286,,0.6645,3.5008,1.6743,2.6256,0.0,323.2224,173.7023,36.0058,12.7,67.0
510629,Paranaíta,51001,Alto Tapajós,5103,Norte,2020,11244.0,IBGE estimativa,6.0,12.0,12.0,False,True,21228768.98,4557984.39,10039318.01,5187883.14,19545428.82,1683340.16,12249026.07,10.67,7.73,24.01,4.0,36.33,170.0,30.0,0.0,105.83,11.17,4.0,1.0,0.0,4.0,0.0,4.0,15699.0,1796.0,58230.0,67713.0,13905.0,1772.0,6998.0,2589.0,7525.0,43910.0,119110.0,636639.7,6824.0,100541.54,227.0,678.0,0.0,0.0,26355.0,167053.27,0.0,33.0,227.0,711.0,519.0,634.0,0.0,151042.76,533543.88,1.0,168.0,181695.0,861921.4,188.0,65.0,0.0,0.0,5.78,82.98,5.32,75.53,15.43,1888.01,405.37,892.86,0.949,0.687,3.231,2.668,0.3557,1.396,5.179,6.022,10.593,0.0,20.189,63.234,405.3704,892.86,57.7001,7.9295,2.1354,0.3557,94.1213,3.5575,0.1597,13.7713,0.6224,74.0088,0.4405,2.793,0.0,13.4332,47.4514,72.9958,9.0,73.5
510629,Paranaíta,51001,Alto Tapajós,5103,Norte,2021,11291.0,IBGE estimativa,6.0,12.0,12.0,False,True,26013912.99,4557958.41,14692380.19,5281306.9,25249703.93,764209.06,19428650.82,16.23,9.97,29.8,4.0,35.67,184.06,31.0,0.0,115.58,12.0,4.0,1.0,0.0,4.0,0.0,4.0,21462.0,2724.0,68333.0,55409.0,19195.0,2267.0,9652.0,2675.0,9521.0,63879.0,177858.0,972929.79,12969.0,148599.24,801.0,1124.0,367.0,69231.29,34177.0,279054.41,0.0,20.0,801.0,1144.0,429.0,2254.0,0.0,500421.7,1313296.24,1.0,456.0,252542.0,1269742.43,185.0,100.0,3.0,16.22,8.86,91.89,5.41,67.57,14.59,2303.95,403.68,1301.25,1.437,0.883,3.159,2.746,0.3543,1.901,6.052,4.907,15.752,0.033,70.941,101.32,403.6807,1301.247,74.6856,2.9377,2.6393,0.3543,102.3647,3.5426,0.2413,14.4595,0.8548,56.9288,0.1248,2.814,0.0,44.3204,116.3135,37.5,6.3,47.9
510629,Paranaíta,51001,Alto Tapajós,5103,Norte,2022,11671.0,IBGE Censo 2022,6.0,12.0,12.0,False,True,31405534.74,5748842.37,22396121.44,1413867.36,30077719.7,1327815.04,18455376.22,17.24,11.4,33.69,3.53,36.0,202.74,40.08,0.0,117.75,12.0,4.0,1.0,0.0,4.0,0.0,4.0,28212.0,3233.0,93315.0,67984.0,23452.0,4760.0,10907.0,2884.0,10735.0,52181.0,187460.0,1041823.58,15011.0,196407.5,1494.0,1137.0,823.0,146987.5,34086.0,322907.89,1.0,36.0,1495.0,1173.0,346.0,4080.0,0.0,722155.07,858673.66,5.0,87.0,280351.0,1582427.58,179.0,63.0,2.0,11.17,5.4,91.06,7.82,77.65,15.08,2690.9,492.57,1918.95,1.477,0.977,3.085,3.434,0.3427,2.417,7.995,5.825,16.062,0.071,128.095,100.506,492.575,1918.9548,58.7647,4.228,2.8866,0.3025,100.8911,3.4273,0.277,16.1117,0.9345,5.8194,0.3344,2.7291,0.0,61.876,73.5733,29.497,6.5,45.7
510629,Paranaíta,51001,Alto Tapajós,5103,Norte,2023,11829.0,interpolada (Censo 2022 x IBGE 2024),6.0,12.0,12.0,False,True,31576270.62,7479274.38,21089184.98,1135618.7,30013916.15,1562354.47,16940030.55,20.25,11.85,32.15,4.05,36.58,201.38,43.0,0.0,124.33,11.67,4.0,1.0,0.0,4.0,0.0,4.0,30612.0,5764.0,98547.0,83063.0,24639.0,5263.0,11534.0,2657.0,11225.0,54082.0,197466.0,1125641.06,14276.0,196385.32,1368.0,1273.0,1025.0,293788.35,44863.0,412867.25,0.0,39.0,1368.0,1312.0,380.0,3955.0,0.0,633195.4,854855.97,2.0,0.0,286183.0,1719766.16,168.0,83.0,4.0,23.81,7.017,92.22,6.55,82.74,13.1,2669.39,632.28,1782.84,1.712,1.002,3.092,3.635,0.3382,2.588,8.331,7.022,16.693,0.087,115.648,110.914,632.2829,1782.8375,53.648,4.9479,2.7179,0.3424,105.1061,3.3815,0.4873,15.8155,0.9751,0.0,0.1462,2.8911,0.0,53.5291,72.2678,28.9634,9.2,55.7
510629,Paranaíta,51001,Alto Tapajós,5103,Norte,2024,11989.0,IBGE estimativa,6.0,12.0,12.0,False,True,35508532.42,8846873.98,23686144.01,1000230.04,33743687.5,1764844.92,19631111.94,20.16,12.67,32.13,4.05,33.47,204.37,43.0,0.0,131.25,13.33,4.33,1.0,0.0,4.33,0.0,4.0,36786.0,5501.0,83049.0,91602.0,28835.0,4765.0,8019.0,2512.0,8615.0,58745.0,180620.0,1152849.85,16971.0,253956.13,1742.0,1513.0,1373.0,291191.36,65430.0,574881.1,1.0,44.0,1743.0,1557.0,433.0,4712.0,0.0,859788.77,1109462.4,11.0,0.0,267013.0,1761692.86,158.0,70.0,0.0,0.0,5.84,92.41,5.06,81.01,13.92,2961.76,737.92,1975.66,1.682,1.057,2.792,3.587,0.3612,3.068,6.927,7.641,15.065,0.115,145.383,129.869,737.9159,1975.6564,55.2856,4.9702,2.68,0.3378,109.4754,3.6116,0.4588,15.8987,0.6689,0.0,0.6311,2.7034,0.0,71.7148,92.54,27.8099,8.8,46.7
510629,Paranaíta,51001,Alto Tapajós,5103,Norte,2025,12079.0,IBGE estimativa,6.0,12.0,12.0,False,True,41727399.87,12693402.05,25622981.82,1588545.57,37022342.25,4705057.62,8705842.57,22.29,14.89,40.71,5.68,27.8,218.9,33.83,0.0,142.33,14.0,5.0,1.0,0.0,5.25,0.0,5.0,40138.0,6545.0,91311.0,92890.0,34113.0,3457.0,9845.0,2476.0,10921.0,58665.0,192558.0,1317290.29,19591.0,321828.36,1913.0,1609.0,2412.0,780112.77,77500.0,739319.62,0.0,63.0,1913.0,1672.0,497.0,4817.0,0.0,2010143.52,1412134.71,9.0,9.0,294580.0,2374962.76,,,,,,,,,,3454.54,1050.87,2121.28,1.845,1.233,2.302,2.801,0.4346,3.323,7.559,7.69,15.942,0.2,158.374,138.422,1050.8653,2121.2834,20.8636,11.2757,3.3703,0.4702,117.8326,4.3464,0.5418,,0.8151,0.4705,0.4705,2.518,0.0,166.4164,116.9082,29.7249,10.2,57.2
510630,Paranatinga,51013,Sul Matogrossense,5101,Sul,2020,22861.0,IBGE estimativa,6.0,12.0,11.0,False,False,24514353.36,6941773.17,13624431.6,2203385.2,23547337.07,967016.29,16461860.47,15.58,17.08,51.75,7.42,84.42,262.41,35.0,0.0,60.0,21.42,5.42,1.0,1.0,5.0,0.0,4.0,12487.0,1192.0,22312.0,59461.0,9494.0,2825.0,18920.0,6503.0,19814.0,167810.0,143499.0,904116.5,8224.0,81681.43,858.0,1319.0,0.0,0.0,10042.0,209551.73,0.0,33.0,858.0,1352.0,539.0,2073.0,0.0,530510.12,1538653.85,20.0,858.0,325159.0,959818.85,389.0,158.0,3.0,7.71,6.91,60.93,6.68,51.16,16.71,1072.32,303.65,595.97,0.682,0.747,3.693,1.531,0.2187,0.546,0.976,2.601,6.277,0.0,37.531,59.14,303.6513,595.9683,67.1519,3.9447,2.2637,0.3246,26.2456,2.1871,0.0521,16.7172,0.8276,100.0,2.331,2.4161,0.0,23.2059,67.3047,39.8669,5.0,90.9
510630,Paranatinga,51013,Sul Matogrossense,5101,Sul,2021,23250.0,IBGE estimativa,6.0,12.0,12.0,False,True,32627777.41,9775041.01,18126201.45,2638134.66,30917429.77,1710347.64,25194670.85,16.83,19.4,58.5,7.38,83.58,292.28,49.58,0.0,60.83,22.0,6.0,1.42,0.58,5.0,0.0,4.0,15518.0,1672.0,28403.0,92665.0,9971.0,5032.0,21053.0,7419.0,21715.0,241899.0,162094.0,1098409.93,10982.0,128457.18,1053.0,1686.0,0.0,0.0,11325.0,233730.8,0.0,44.0,1053.0,1730.0,686.0,2604.0,0.0,615898.66,2766477.03,11.0,921.0,418010.0,1162631.23,403.0,164.0,6.0,14.89,7.05,65.26,8.93,69.73,22.83,1403.35,420.43,779.62,0.724,0.834,3.595,2.132,0.2151,0.667,1.222,3.986,6.972,0.0,45.29,74.409,420.4319,779.6216,77.2185,5.242,2.5161,0.3174,26.1634,2.1505,0.0719,18.4094,0.9055,87.4644,1.0446,2.4729,0.0,26.4903,118.9883,39.6532,5.5,90.0
510630,Paranatinga,51013,Sul Matogrossense,5101,Sul,2022,26423.0,IBGE Censo 2022,6.0,12.0,12.0,False,True,42459374.45,13291290.26,22048273.22,4246626.76,41618209.35,841165.1,30600979.3,16.85,23.42,65.45,8.0,85.08,316.68,46.67,0.0,54.0,20.67,5.33,1.33,0.0,5.0,0.0,4.0,23240.0,3622.0,35374.0,90823.0,16148.0,6505.0,23924.0,8568.0,23852.0,276180.0,155722.0,1017341.54,8866.0,97698.26,1392.0,1987.0,459.0,83921.05,15547.0,410767.73,0.0,49.0,1392.0,2036.0,659.0,3765.0,0.0,688328.91,2253480.18,14.0,1198.0,444217.0,1157187.69,422.0,166.0,12.0,28.44,6.28,64.45,8.06,65.64,15.88,1606.91,503.02,834.43,0.638,0.886,3.22,1.766,0.1892,0.88,1.339,3.437,5.893,0.017,52.681,77.054,503.0197,834.4349,72.0712,1.9811,2.477,0.3028,20.4367,1.8923,0.1371,20.3033,0.9054,86.0632,1.0057,2.7047,0.0,26.0504,85.2848,32.3674,5.0,73.6
510630,Paranatinga,51013,Sul Matogrossense,5101,Sul,2023,27311.0,interpolada (Censo 2022 x IBGE 2024),6.0,12.0,12.0,False,True,49582612.12,26649792.92,14157319.92,4938805.55,49243427.63,339184.49,37962111.89,17.1,26.57,68.82,9.13,87.5,334.62,35.0,0.0,53.58,22.0,7.0,1.0,0.0,6.83,0.0,4.58,29537.0,4911.0,58669.0,59164.0,20216.0,8403.0,18734.0,7139.0,19258.0,106878.0,187565.0,1172261.02,13492.0,126515.49,1452.0,1997.0,331.0,66479.45,26901.0,789550.38,0.0,72.0,1452.0,2069.0,632.0,3963.0,0.0,662296.28,2208953.3,8.0,1161.0,306368.0,1294081.47,450.0,141.0,9.0,20.0,5.163,69.33,8.89,72.0,21.11,1815.48,975.79,518.37,0.626,0.973,3.204,1.282,0.2501,1.082,2.148,2.166,6.868,0.012,53.165,75.757,975.7897,518.3743,76.5634,0.6841,2.5199,0.3343,19.6185,2.5008,0.1798,15.8644,0.686,79.9587,0.551,2.7293,0.0,24.2502,80.8815,30.5462,6.1,70.3
510630,Paranatinga,51013,Sul Matogrossense,5101,Sul,2024,28228.0,IBGE estimativa,6.0,12.0,12.0,False,True,59980284.45,27030013.86,23113986.13,5667563.86,59724567.16,255717.29,48069260.99,19.42,26.74,73.58,8.5,84.0,341.47,35.0,0.0,57.33,22.83,7.0,1.0,0.0,7.0,0.0,5.0,34606.0,4778.0,67498.0,95308.0,25562.0,8312.0,23787.0,6538.0,25804.0,64796.0,180843.0,1134223.02,15496.0,168292.48,1391.0,2069.0,36.0,5469.27,33877.0,919580.7,0.0,82.0,1391.0,2151.0,775.0,4035.0,0.0,651304.96,2438363.11,15.0,1100.0,255029.0,1184242.29,387.0,146.0,7.0,18.09,5.17,69.51,10.08,74.94,15.76,2124.85,957.56,818.83,0.688,0.947,2.976,1.24,0.248,1.226,2.391,3.376,6.407,0.001,49.277,76.201,957.5604,818.8319,80.1418,0.4263,2.6066,0.3011,20.3096,2.4798,0.1693,16.8941,0.8427,79.0798,1.0784,2.9008,0.0,23.073,86.381,36.0298,7.6,84.7
510630,Paranatinga,51013,Sul Matogrossense,5101,Sul,2025,28870.0,IBGE estimativa,6.0,12.0,12.0,False,True,62874040.99,27496908.16,28292821.27,1965065.14,61061947.64,1812093.35,45254683.26,28.54,29.1,75.31,7.5,85.48,378.11,32.5,0.0,59.67,24.67,7.0,1.0,0.0,7.0,0.0,5.0,45303.0,5368.0,89764.0,129455.0,35015.0,9065.0,21947.0,6130.0,23916.0,66979.0,239886.0,1720956.16,39068.0,300701.29,1062.0,1770.0,9.0,72.81,71859.0,1085745.32,0.0,87.0,1062.0,1857.0,798.0,3280.0,0.0,501255.87,2289530.61,13.0,750.0,377325.0,2124075.07,,,,,,,,,,2177.83,952.44,980.01,0.989,1.008,2.961,1.126,0.2425,1.569,3.109,4.484,8.309,0.0,36.786,64.323,952.4388,980.0077,71.9767,2.8821,2.6086,0.2598,20.6685,2.4247,0.1859,,0.7602,70.6215,1.2241,3.0885,0.0,17.3625,79.3048,42.9725,10.2,98.3
510631,Novo Santo Antônio,51009,Norte Araguaia Karajá,5104,Leste,2020,2705.0,IBGE estimativa,1.0,12.0,12.0,False,False,5206672.38,5182636.78,22500.0,0.0,4915269.46,291402.92,,1.25,4.83,5.5,1.25,12.0,44.52,0.0,0.0,23.0,4.0,1.0,0.0,0.0,0.92,0.0,0.92,1750.0,587.0,3569.0,9214.0,640.0,1102.0,1193.0,441.0,1459.0,72695.0,2571.0,9681.04,324.0,2429.33,0.0,74.0,0.0,0.0,6.0,102.0,0.0,0.0,0.0,74.0,74.0,0.0,0.0,0.0,39682.99,0.0,0.0,76613.0,20031.04,28.0,10.0,0.0,0.0,3.7,92.86,3.57,78.57,25.0,1924.83,1915.95,8.32,0.462,1.786,4.436,0.0,0.3401,0.647,1.319,3.406,0.95,0.0,0.0,27.357,1915.9471,8.3179,,5.5967,2.0333,0.4621,85.0277,3.4011,0.217,15.75,0.441,,,,0.0,0.0,14.6702,100.0,97.3,232.6
510631,Novo Santo Antônio,51009,Norte Araguaia Karajá,5104,Leste,2021,2769.0,IBGE estimativa,1.0,12.0,12.0,False,False,7575570.37,7503969.85,292.6,39220.0,6688100.81,887469.56,5678956.1,1.63,6.25,6.0,1.42,12.0,46.37,0.0,0.0,23.0,3.92,1.0,0.0,0.0,1.0,0.0,1.0,3172.0,823.0,6071.0,11653.0,1846.0,1294.0,920.0,489.0,1153.0,606816.0,9303.0,38005.48,1116.0,9390.73,0.0,137.0,0.0,0.0,253.0,730.42,0.0,0.0,0.0,137.0,137.0,0.0,0.0,0.0,217174.21,0.0,0.0,617402.0,51355.48,41.0,19.0,1.0,24.39,6.86,92.68,9.76,70.73,39.02,2735.85,2709.99,0.11,0.589,2.257,4.334,0.0,0.3611,1.146,2.192,4.208,3.36,0.0,0.0,49.476,2709.9927,0.1057,74.9641,11.7149,2.1668,0.5128,83.0625,3.6114,0.2972,11.9268,0.3322,,,,0.0,0.0,78.4306,100.0,94.2,229.5
510631,Novo Santo Antônio,51009,Norte Araguaia Karajá,5104,Leste,2022,2015.0,IBGE Censo 2022,6.0,12.0,12.0,False,True,7531857.01,7419013.52,0.0,29777.1,7273567.97,258289.04,5706733.13,2.0,7.48,8.58,1.58,12.0,53.78,0.0,0.0,28.25,4.0,1.0,0.0,0.0,1.0,0.0,1.0,8295.0,913.0,16307.0,16331.0,5152.0,2928.0,1523.0,736.0,1647.0,2856.0,15585.0,60394.07,1966.0,23751.06,0.0,112.0,1.0,0.0,1125.0,8667.3,0.0,1.0,0.0,113.0,113.0,0.0,0.0,0.0,85090.71,0.0,0.0,19654.0,60394.07,31.0,8.0,0.0,0.0,3.97,90.32,0.0,67.74,19.35,3737.89,3681.89,0.0,0.993,3.712,5.955,0.0,0.4963,4.117,8.093,8.105,7.734,0.0,0.0,56.079,3681.8926,0.0,75.7679,3.4293,4.2581,0.7841,140.1985,4.9628,0.4531,23.7419,0.7558,,,,0.0,0.0,42.2286,100.0,100.0,257.1
510631,Novo Santo Antônio,51009,Norte Araguaia Karajá,5104,Leste,2023,2027.0,interpolada (Censo 2022 x IBGE 2024),6.0,12.0,12.0,False,True,8984847.22,8915406.0,0.0,17792.8,8396717.4,588129.82,6727427.84,2.25,7.92,9.0,1.58,12.67,57.29,0.0,0.0,30.75,4.0,1.0,0.0,0.0,1.0,0.0,1.0,10320.0,1112.0,20821.0,13900.0,5900.0,4084.0,1620.0,655.0,1765.0,299.0,13049.0,52615.35,2770.0,25459.66,0.0,119.0,0.0,0.0,773.0,18621.67,0.0,2.0,0.0,121.0,121.0,0.0,0.0,0.0,113291.82,0.0,0.0,14712.0,55337.85,32.0,11.0,0.0,0.0,5.427,87.5,0.0,84.38,25.0,4432.58,4398.33,0.0,1.11,3.907,6.251,0.0,0.4933,5.091,10.272,6.857,6.438,0.0,0.0,59.694,4398.3256,0.0,74.8753,6.5458,4.4401,0.7795,151.702,4.9334,0.5486,20.4688,0.7992,,,,0.0,0.0,55.8914,100.0,95.9,260.5
510631,Novo Santo Antônio,51009,Norte Araguaia Karajá,5104,Leste,2024,2040.0,IBGE estimativa,6.0,12.0,12.0,False,True,11348941.9,11327567.54,0.0,0.0,9256695.72,2092246.18,8551353.37,2.75,7.08,9.5,1.75,13.0,57.69,0.0,0.0,38.58,4.17,1.0,0.0,0.0,1.0,0.0,1.0,10583.0,907.0,20105.0,16530.0,5485.0,4549.0,1712.0,433.0,1874.0,395.0,13122.0,47460.97,2880.0,26461.4,0.0,144.0,0.0,0.0,1131.0,26879.29,0.0,2.0,0.0,146.0,146.0,0.0,0.0,0.0,115903.7,0.0,0.0,22660.0,109989.37,22.0,17.0,0.0,0.0,8.33,95.45,4.55,59.09,22.73,5563.21,5552.73,0.0,1.348,3.471,6.373,0.0,0.4902,5.188,9.855,8.103,6.432,0.0,0.0,71.569,5552.7292,0.0,75.3493,18.4356,4.6569,0.8578,189.1176,4.902,0.4446,19.6818,0.8392,,,,0.0,0.0,56.8155,100.0,90.4,258.6
510631,Novo Santo Antônio,51009,Norte Araguaia Karajá,5104,Leste,2025,2041.0,IBGE estimativa,6.0,12.0,12.0,False,True,12263250.78,12070272.45,88912.17,0.0,10883651.69,1379599.09,7851343.36,2.34,7.58,8.5,1.5,12.42,61.92,0.0,0.0,39.75,5.0,1.0,0.0,0.0,1.0,0.0,1.0,12368.0,1272.0,23135.0,18668.0,5942.0,5495.0,1216.0,389.0,1457.0,96.0,8930.0,34475.79,2400.0,21257.72,0.0,140.0,0.0,0.0,1767.0,44426.99,0.0,3.0,0.0,143.0,143.0,0.0,0.0,0.0,194518.42,0.0,0.0,14019.0,88537.44,,,,,,,,,,6008.45,5913.9,43.56,1.146,3.714,6.085,0.0,0.49,6.06,11.335,9.146,4.375,0.0,0.0,70.064,5913.9012,43.563,64.0233,11.2499,4.1646,0.7349,194.7575,4.8996,0.6232,,0.5958,,,,0.0,0.0,95.3054,100.0,88.1,259.5
510637,Pedra Preta,51013,Sul Matogrossense,5101,Sul,2020,17446.0,IBGE estimativa,6.0,12.0,12.0,False,True,18277338.97,2436665.93,10531377.04,4780919.02,17798574.88,478764.09,12453571.09,15.38,14.5,31.33,3.33,39.92,194.23,32.0,0.0,19.58,11.42,4.58,1.0,0.0,4.0,0.0,1.75,11837.0,1399.0,5330.0,17415.0,10441.0,1386.0,8495.0,2446.0,8219.0,12480.0,53519.0,420574.84,3465.0,52608.19,362.0,1026.0,0.0,0.0,23107.0,458203.17,0.0,25.0,362.0,1051.0,689.0,1533.0,0.0,210306.12,1592553.13,30.0,339.0,68543.0,420574.84,237.0,165.0,4.0,16.88,9.46,68.35,7.17,49.37,18.57,1047.65,139.67,603.66,0.882,0.831,2.288,1.834,0.2293,0.678,0.306,0.998,3.068,0.0,20.75,60.243,139.669,603.6557,68.1367,2.6194,1.7958,0.1909,11.2232,2.2928,0.0802,10.3207,0.4869,93.6464,8.2873,4.2348,0.0,12.0547,91.2847,65.5566,1.4,18.7
510637,Pedra Preta,51013,Sul Matogrossense,5101,Sul,2021,17547.0,IBGE estimativa,6.0,12.0,12.0,False,True,22219346.53,2594498.73,11404665.65,7067806.29,20726914.47,1492432.06,18374140.4,18.64,13.92,36.08,3.33,33.08,165.38,32.0,0.0,20.17,12.25,5.42,1.0,0.0,4.0,0.0,3.17,11072.0,654.0,6703.0,16485.0,7768.0,3304.0,7042.0,2684.0,7286.0,12130.0,50827.0,426072.99,5608.0,66682.46,451.0,1115.0,0.0,0.0,32133.0,497212.46,0.0,28.0,451.0,1143.0,694.0,2419.0,0.0,231003.16,1823381.39,24.0,451.0,64640.0,426072.99,241.0,141.0,4.0,16.6,8.04,72.2,8.71,51.87,12.86,1266.28,147.86,649.95,1.062,0.793,1.885,1.824,0.228,0.631,0.382,0.939,2.897,0.0,25.702,65.139,147.86,649.9496,82.6943,6.7168,2.0562,0.1898,11.4948,2.2796,0.0373,11.1369,0.4013,100.0,5.3215,5.3636,0.0,13.1648,103.9141,60.7174,0.8,16.4
510637,Pedra Preta,51013,Sul Matogrossense,5101,Sul,2022,18066.0,IBGE Censo 2022,6.0,12.0,12.0,False,True,25396707.8,4703630.96,20062897.13,20739.68,24284093.63,1112614.17,19241224.84,23.6,16.33,41.29,5.5,31.08,173.64,32.0,0.0,20.5,11.5,5.5,1.0,0.0,4.33,0.0,3.67,14838.0,1704.0,20809.0,20554.0,10972.0,3866.0,5876.0,2088.0,6492.0,36025.0,68452.0,547224.79,34893.0,379347.24,384.0,1056.0,11.0,1980.0,34942.0,631556.54,0.0,66.0,384.0,1122.0,740.0,2009.0,0.0,136397.69,1602232.53,16.0,384.0,109295.0,563757.79,226.0,121.0,6.0,26.55,6.7,70.8,6.64,51.77,18.58,1405.77,260.36,1110.53,1.306,0.904,1.72,1.771,0.2397,0.821,1.152,1.138,3.789,0.001,21.255,62.106,260.3582,1110.5334,75.7627,4.3809,2.2855,0.3044,11.3473,2.3968,0.0943,9.2389,0.3253,100.0,4.1667,5.2318,0.0,7.55,88.6877,65.9537,1.8,20.1
510637,Pedra Preta,51013,Sul Matogrossense,5101,Sul,2023,18391.0,interpolada (Censo 2022 x IBGE 2024),6.0,12.0,12.0,False,True,32015844.77,6388011.05,24185977.17,0.0,30199860.71,1815984.06,21346702.8,21.84,15.67,39.06,3.75,28.58,163.94,32.0,0.0,20.17,11.0,5.0,1.0,0.0,5.0,0.0,3.25,23261.0,2330.0,39532.0,27663.0,17324.0,5937.0,8602.0,2688.0,9339.0,58965.0,139279.0,974045.93,69788.0,754182.83,377.0,1162.0,7.0,1260.0,31231.0,728917.32,0.0,79.0,377.0,1241.0,868.0,1914.0,0.0,132196.25,1685956.08,14.0,377.0,207051.0,1009510.43,235.0,127.0,4.0,17.02,6.906,77.87,6.81,58.3,14.89,1740.84,347.34,1315.1,1.188,0.852,1.554,1.74,0.2719,1.265,2.15,1.504,7.573,0.0,20.499,67.479,347.3444,1315.0985,66.6754,5.6721,2.1239,0.2039,10.9673,2.7187,0.1267,11.4383,0.4677,100.0,3.7135,5.0769,0.0,7.1881,91.6729,69.9436,2.9,23.8
510637,Pedra Preta,51013,Sul Matogrossense,5101,Sul,2024,18722.0,IBGE estimativa,6.0,12.0,12.0,False,True,35722652.53,6467557.54,27702357.52,158.01,32654289.5,3068363.03,24496051.48,26.93,16.17,45.17,3.0,27.08,201.66,32.0,0.0,22.0,12.33,5.0,1.0,0.0,5.0,0.0,3.67,30181.0,1641.0,53379.0,23054.0,26671.0,3510.0,11986.0,2845.0,12396.0,63487.0,161384.0,1153977.15,86048.0,935081.19,452.0,1525.0,0.0,0.0,53497.0,817206.0,0.0,120.0,452.0,1645.0,1193.0,2150.0,0.0,168683.77,2449620.16,24.0,452.0,235124.0,1195438.35,228.0,143.0,5.0,21.93,7.64,78.95,9.21,46.93,12.28,1908.06,345.45,1479.67,1.438,0.864,1.446,1.709,0.2671,1.612,2.851,1.231,8.62,0.0,24.143,87.865,345.4523,1479.6687,68.5729,8.5894,2.4127,0.1602,11.7509,2.6707,0.0877,12.4781,0.6402,100.0,5.3097,4.7566,0.0,9.0099,130.8418,72.5228,1.8,23.2
510637,Pedra Preta,51013,Sul Matogrossense,5101,Sul,2025,18946.0,IBGE estimativa,6.0,12.0,12.0,False,True,35321925.92,5662980.93,28418230.39,4484.32,34361553.5,960372.42,23463349.55,25.74,17.0,46.5,4.0,27.17,203.3,25.33,0.0,37.67,13.33,5.0,1.0,0.0,5.0,0.0,4.0,29052.0,2157.0,52357.0,32827.0,24640.0,4412.0,13483.0,3653.0,13646.0,63526.0,175347.0,1230541.0,91037.0,1027954.78,392.0,1433.0,0.0,0.0,74126.0,969709.8,0.0,84.0,392.0,1517.0,1125.0,2031.0,0.0,144552.83,2410729.05,15.0,380.0,249222.0,1273744.6,,,,,,,,,,1864.35,298.9,1499.96,1.359,0.897,1.434,1.337,0.2639,1.533,2.763,1.733,9.255,0.0,20.69,80.07,298.9011,1499.9594,66.4272,2.7189,2.4543,0.2111,19.8828,2.6391,0.1138,,0.7117,96.9388,3.8265,5.1811,0.0,7.6297,127.2421,74.1595,3.4,28.6
510642,Peixoto de Azevedo,51015,Vale do Peixoto,5103,Norte,2020,35338.0,IBGE estimativa,4.0,12.0,12.0,False,False,28627973.63,9690180.23,9825359.0,5371019.9,27217923.16,1410050.47,6947791.34,31.43,36.5,113.42,4.61,93.75,436.25,62.42,0.0,101.92,21.92,8.0,1.0,0.0,8.67,0.0,3.0,38039.0,971.0,73270.0,66878.0,29343.0,8696.0,15848.0,6244.0,18975.0,71000.0,70420.0,469135.31,21691.0,166900.77,2960.0,2019.0,0.0,0.0,48928.0,604988.13,1.0,20.0,2961.0,2039.0,198.0,11627.0,0.0,1641349.32,1636564.33,84.0,2724.0,153577.0,561894.11,610.0,241.0,8.0,13.11,6.82,62.56,5.74,61.31,17.7,810.12,274.21,278.04,0.889,1.033,2.653,1.766,0.2453,1.076,2.073,1.893,1.993,0.0,83.791,57.7,274.2142,278.0395,24.2692,4.9254,3.2096,0.1305,28.8415,2.4534,0.0275,10.2361,0.4485,91.9959,2.8369,3.9267,0.0,46.4471,46.3117,9.7106,8.8,38.8
510642,Peixoto de Azevedo,51015,Vale do Peixoto,5103,Norte,2021,35695.0,IBGE estimativa,6.0,12.0,12.0,False,True,32551428.62,13627872.8,9289866.69,5373726.92,31865670.88,685757.74,,39.79,47.38,131.5,4.08,92.5,486.88,56.0,6.67,196.67,21.75,8.0,1.0,0.0,9.0,0.0,3.83,46024.0,2904.0,85950.0,121148.0,34172.0,11852.0,16507.0,7429.0,18038.0,23925.0,89395.0,582722.12,12298.0,111113.13,3125.0,2088.0,218.0,165122.4,25643.0,664683.96,0.0,61.0,3125.0,2149.0,239.0,10851.0,1011.0,3426660.03,2063179.36,182.0,3107.0,113865.0,796894.52,653.0,275.0,3.0,4.59,7.7,61.56,7.81,61.56,20.52,911.93,381.79,260.26,1.115,1.327,2.591,1.569,0.2521,1.289,2.408,3.394,2.504,0.006,87.547,60.205,381.7866,260.2568,,2.1067,3.684,0.1143,55.0974,2.5214,0.0814,11.3767,0.4624,99.424,5.824,3.4723,28.3233,95.9983,57.8002,11.1215,10.5,42.6
510642,Peixoto de Azevedo,51015,Vale do Peixoto,5103,Norte,2022,32714.0,IBGE Censo 2022,6.0,12.0,12.0,False,True,42117125.87,14197116.64,16541275.09,6258588.84,39292703.24,2824422.63,28037009.67,43.44,59.17,147.21,5.58,89.67,553.91,58.75,1.67,243.75,23.83,8.83,1.0,0.83,8.08,0.08,4.92,47903.0,3313.0,84989.0,134007.0,33588.0,14315.0,18339.0,8531.0,20233.0,91883.0,157107.0,868217.05,105121.0,531891.3,2773.0,1915.0,2065.0,237305.9,13312.0,843479.5,0.0,50.0,2773.0,1965.0,234.0,8886.0,460.0,2262437.35,1656273.12,97.0,2670.0,265526.0,1212691.65,639.0,232.0,16.0,25.04,7.09,64.48,6.26,65.41,19.09,1287.43,433.98,505.63,1.328,1.809,2.741,1.796,0.247,1.464,2.598,4.096,4.802,0.063,84.765,60.066,433.9768,505.6329,66.5691,6.7061,4.4999,0.1706,74.5094,2.4699,0.1013,13.3505,0.5606,96.2856,3.498,3.2045,14.0613,69.1581,50.6289,11.9084,10.9,44.5
510642,Peixoto de Azevedo,51015,Vale do Peixoto,5103,Norte,2023,33154.0,interpolada (Censo 2022 x IBGE 2024),6.0,12.0,12.0,False,True,48135715.56,14359599.11,23184358.85,6861259.62,45241550.05,2894165.51,25583853.87,44.73,71.64,175.52,5.5,86.17,637.69,64.0,0.0,329.42,25.0,9.0,1.0,1.0,8.0,0.0,4.67,54469.0,4324.0,91865.0,133326.0,31834.0,22635.0,19941.0,8561.0,23049.0,77035.0,267423.0,1242753.24,193535.0,1001529.33,2898.0,1998.0,8010.0,967304.08,29422.0,1050467.01,0.0,53.0,2898.0,2051.0,305.0,9561.0,0.0,1595127.22,1652457.61,38.0,2856.0,372450.0,2377375.87,636.0,222.0,10.0,15.72,6.696,67.77,8.65,67.77,18.08,1451.88,433.12,699.29,1.349,2.161,2.599,1.93,0.2413,1.643,2.771,4.021,8.066,0.242,87.41,61.863,433.1181,699.293,53.1494,6.0125,5.2941,0.1659,99.3606,2.413,0.1304,13.4607,0.6015,98.5507,1.3112,3.2992,0.0,48.1127,49.8419,14.8708,12.9,51.6
510642,Peixoto de Azevedo,51015,Vale do Peixoto,5103,Norte,2024,33599.0,IBGE estimativa,6.0,12.0,12.0,False,True,42945518.54,14519922.23,19998947.09,5730834.23,42428953.29,516565.25,26979675.74,44.0,71.84,153.62,5.33,85.94,596.67,61.25,0.0,278.58,24.67,9.0,1.0,1.0,8.0,0.0,4.0,53939.0,5676.0,96649.0,143234.0,33007.0,20932.0,27509.0,8059.0,32254.0,40962.0,211213.0,1146997.07,166854.0,901661.67,2105.0,1671.0,10055.0,1320536.2,23094.0,1332282.7,1.0,71.0,2106.0,1742.0,422.0,7688.0,0.0,992035.49,1735574.84,46.0,1617.0,279693.0,2636043.87,631.0,226.0,6.0,9.51,6.73,73.38,9.19,67.35,19.33,1278.18,432.15,595.22,1.31,2.138,2.558,1.823,0.2381,1.605,2.877,4.263,6.286,0.299,62.68,51.847,432.1534,595.2245,62.823,1.2028,4.5722,0.1586,82.9132,2.381,0.1689,12.7718,0.8187,76.7806,2.1842,3.6505,0.0,29.5257,51.6556,24.225,22.1,96.2
510642,Peixoto de Azevedo,51015,Vale do Peixoto,5103,Norte,2025,33754.0,IBGE estimativa,6.0,12.0,12.0,False,True,51480852.52,16513605.57,21029955.88,9170538.34,50265856.52,1214996.0,10963032.82,44.59,73.06,161.05,5.67,86.25,620.05,65.5,0.0,218.92,28.17,9.0,1.0,1.0,8.5,0.0,5.0,59336.0,7268.0,112102.0,154137.0,39457.0,19879.0,29116.0,8190.0,33155.0,43611.0,207227.0,1184934.74,183101.0,1004845.14,3103.0,2413.0,10573.0,1547339.27,39627.0,1805628.29,1.0,55.0,3104.0,2468.0,427.0,12306.0,0.0,1544242.26,2201845.36,74.0,2317.0,304697.0,3057120.01,,,,,,,,,,1525.18,489.23,623.04,1.321,2.164,2.555,1.941,0.2518,1.758,3.321,4.566,6.139,0.313,91.959,73.117,489.234,623.036,21.2954,2.3601,4.7713,0.168,64.8575,2.5182,0.2153,,0.8626,74.6456,2.384,3.9646,0.0,45.7499,65.2321,17.3015,16.1,67.6
510645,Planalto da Serra,51002,Baixada Cuiabana,5105,Centro-Norte,2020,2649.0,IBGE estimativa,6.0,12.0,12.0,False,True,4849747.31,1448052.33,64876.35,3234770.47,4447523.11,402224.2,3855221.83,2.37,6.58,6.85,0.83,10.98,40.89,0.0,0.0,45.25,8.0,3.0,0.0,0.0,1.0,0.0,1.0,5009.0,743.0,8466.0,18859.0,2669.0,1710.0,4511.0,1036.0,4215.0,12388.0,28599.0,83712.78,800.0,4795.15,0.0,71.0,0.0,0.0,1779.0,53852.16,0.0,6.0,0.0,77.0,77.0,0.0,0.0,0.0,74164.22,0.0,0.0,46844.0,110220.03,36.0,17.0,0.0,0.0,6.42,66.67,8.33,63.89,30.56,1830.78,546.64,24.49,0.895,2.484,4.145,0.0,0.3775,1.891,3.196,7.119,10.796,0.0,0.0,29.068,546.6411,24.4909,79.4933,8.2937,2.5859,0.3133,170.8192,3.775,0.2805,28.7778,1.7029,,,,0.0,0.0,27.9971,100.0,19.5,167.5
510645,Planalto da Serra,51002,Baixada Cuiabana,5105,Centro-Norte,2021,2637.0,IBGE estimativa,6.0,12.0,12.0,False,True,5430669.28,2002847.71,136874.03,3051200.01,5067369.09,363300.19,4592254.3,2.85,8.0,8.94,1.58,11.42,46.85,0.0,0.0,46.0,8.0,3.0,0.0,0.0,1.0,0.0,1.0,7315.0,1881.0,12570.0,26083.0,5392.0,1191.0,3217.0,1146.0,2958.0,13726.0,35145.0,132308.38,1212.0,9628.94,0.0,113.0,0.0,0.0,555.0,67204.78,0.0,4.0,0.0,117.0,117.0,0.0,0.0,0.0,383740.93,0.0,0.0,66691.0,219205.63,40.0,34.0,1.0,25.0,12.89,70.0,10.0,57.5,22.5,2059.41,759.52,51.91,1.081,3.034,4.331,0.0,0.3792,2.774,4.767,9.891,13.328,0.0,0.0,44.369,759.5175,51.9052,84.5615,6.6898,3.3902,0.5992,174.4407,3.7922,0.7133,28.65,1.2199,,,,0.0,0.0,145.5218,100.0,12.8,174.1
510645,Planalto da Serra,51002,Baixada Cuiabana,5105,Centro-Norte,2022,3166.0,IBGE Censo 2022,6.0,12.0,12.0,False,True,8531439.8,3385982.17,1739706.11,3117774.51,6827727.07,1703712.73,6142419.77,2.57,8.0,11.33,2.25,13.0,55.42,0.0,0.0,46.5,8.0,3.0,0.0,0.0,1.0,0.0,1.0,7378.0,2440.0,11825.0,23825.0,4335.0,2382.0,3731.0,1212.0,3263.0,9239.0,59803.0,367183.99,2060.0,20381.25,0.0,110.0,0.0,0.0,2079.0,109641.47,0.0,4.0,0.0,114.0,114.0,0.0,0.0,0.0,215233.66,0.0,0.0,110049.0,599591.44,46.0,19.0,0.0,0.0,6.0,73.91,4.35,62.22,17.39,2694.71,1069.48,549.5,0.812,2.527,4.106,0.0,0.3159,2.33,3.735,7.525,18.889,0.0,0.0,36.008,1069.4827,549.4966,71.9975,19.9698,3.5786,0.7107,146.873,3.1586,0.7707,26.3478,1.1785,,,,0.0,0.0,67.9828,100.0,8.8,176.8
510645,Planalto da Serra,51002,Baixada Cuiabana,5105,Centro-Norte,2023,3226.0,interpolada (Censo 2022 x IBGE 2024),6.0,12.0,12.0,False,True,7803648.94,1922417.52,1791851.3,3713214.28,7450160.56,353488.38,5399313.56,4.48,8.32,11.96,2.46,13.58,63.85,0.0,0.0,47.08,8.0,3.0,0.0,0.0,1.0,0.0,1.0,8644.0,2491.0,16488.0,32224.0,5424.0,2265.0,3192.0,1062.0,2806.0,22994.0,59454.0,338302.43,6532.0,47167.33,0.0,177.0,10.0,1609.68,4885.0,128064.55,0.0,9.0,0.0,186.0,186.0,0.0,0.0,0.0,458923.14,0.0,0.0,131056.0,588649.61,47.0,24.0,1.0,21.28,7.44,78.72,8.51,63.83,34.04,2418.99,595.91,555.44,1.389,2.579,4.21,0.0,0.31,2.679,5.111,9.989,18.43,0.003,0.0,57.657,595.9137,555.4406,69.1896,4.5298,3.7074,0.7626,145.9392,3.0998,0.7722,22.5957,0.9895,,,,0.0,0.0,142.2576,100.0,7.5,175.4
510645,Planalto da Serra,51002,Baixada Cuiabana,5105,Centro-Norte,2024,3287.0,IBGE estimativa,6.0,12.0,12.0,False,True,9645133.65,2767456.59,1736577.42,4855970.61,9399511.36,245622.29,7108440.39,6.23,10.48,12.77,2.17,14.67,77.49,0.0,0.0,48.0,8.67,3.0,0.0,0.0,1.0,0.0,1.0,11185.0,2372.0,21675.0,41863.0,6219.0,3360.0,4538.0,1063.0,4240.0,37246.0,60101.0,281468.35,7851.0,71421.62,0.0,146.0,131.0,32176.72,9364.0,176010.43,0.0,11.0,0.0,157.0,157.0,0.0,0.0,0.0,279820.04,0.0,0.0,150429.0,586370.27,35.0,23.0,1.0,28.57,7.0,88.57,5.71,71.43,14.29,2934.33,841.94,528.32,1.895,3.188,4.463,0.0,0.3042,3.403,6.594,12.736,18.284,0.04,0.0,47.764,841.9399,528.3168,73.6998,2.5466,3.885,0.6602,146.0298,3.0423,0.7216,30.3714,1.3806,,,,0.0,0.0,85.1293,100.0,19.1,175.8
510645,Planalto da Serra,51002,Baixada Cuiabana,5105,Centro-Norte,2025,3328.0,IBGE estimativa,6.0,12.0,12.0,False,True,10219604.0,2946836.36,1649158.92,5286199.41,9535246.2,684357.8,7326052.54,5.78,9.3,13.27,2.0,15.58,79.51,0.0,0.0,48.83,9.0,3.0,0.0,0.0,1.0,0.0,1.0,13877.0,3608.0,25874.0,39326.0,7224.0,3935.0,4514.0,1049.0,4120.0,22135.0,57327.0,253078.65,14338.0,99191.59,0.0,177.0,155.0,39710.89,11115.0,243342.32,0.0,11.0,0.0,188.0,188.0,0.0,0.0,0.0,346416.2,0.0,0.0,130490.0,551917.09,,,,,,,,,,3070.79,885.47,495.54,1.737,2.794,4.681,0.0,0.3005,4.17,7.775,11.817,17.226,0.047,0.0,56.49,885.4677,495.5405,71.6863,6.6965,3.9874,0.601,146.7248,3.0048,1.0841,,1.3564,,,,0.0,0.0,104.0914,100.0,9.6,197.3
510650,Poconé,51002,Baixada Cuiabana,5105,Centro-Norte,2020,33315.0,IBGE estimativa,6.0,12.0,12.0,False,True,30958652.76,11088688.91,16487888.75,1985535.55,28788120.89,2170531.87,19619310.51,14.99,28.3,70.28,9.92,89.67,322.28,60.0,0.0,105.17,22.92,8.92,1.0,0.42,8.5,0.0,8.5,24180.0,5401.0,19834.0,53440.0,19142.0,4815.0,20564.0,6579.0,18830.0,52444.0,106156.0,674245.97,11232.0,83932.2,1302.0,1993.0,0.0,0.0,55473.0,714150.09,89.0,121.0,1391.0,2114.0,756.0,3813.0,0.0,633437.99,1706285.3,57.0,1391.0,159177.0,697495.97,494.0,277.0,2.0,4.05,8.31,74.7,9.51,57.29,22.87,929.27,332.84,494.91,0.45,0.849,2.692,1.801,0.2551,0.726,0.595,1.604,3.186,0.0,41.753,63.455,332.8437,494.9089,63.3726,7.0111,2.1096,0.2978,31.5684,2.5514,0.1621,13.3178,0.6173,100.0,4.0978,2.7412,0.0,19.0136,51.2167,35.7616,0.4,35.0
510650,Poconé,51002,Baixada Cuiabana,5105,Centro-Norte,2021,33386.0,IBGE estimativa,6.0,12.0,12.0,False,True,36528691.71,12277255.65,20117563.27,2520589.49,35636724.88,891966.83,16631118.68,17.3,39.13,82.06,10.33,88.17,371.72,60.0,0.0,108.83,23.83,9.83,1.0,1.0,9.0,0.0,9.0,28053.0,13708.0,38739.0,58029.0,21196.0,6540.0,17421.0,7261.0,15746.0,60605.0,200732.0,948250.72,35061.0,219875.87,1389.0,2062.0,58.0,15066.18,45298.0,943290.92,188.0,212.0,1577.0,2274.0,726.0,3904.0,0.0,724748.97,2309001.07,54.0,1577.0,262409.0,1013266.9,503.0,307.0,4.0,7.95,9.2,74.16,7.36,56.06,24.85,1094.13,367.74,602.57,0.518,1.172,2.641,1.797,0.2696,0.84,1.16,1.738,6.012,0.002,47.235,68.112,367.7366,602.5748,45.5289,2.4418,2.4579,0.3094,32.5975,2.6957,0.4106,14.4354,0.5218,100.0,3.4242,2.4756,0.0,21.7082,69.1608,31.9261,0.3,30.8
510650,Poconé,51002,Baixada Cuiabana,5105,Centro-Norte,2022,31217.0,IBGE Censo 2022,6.0,12.0,12.0,False,True,43438719.6,15212350.32,22847559.13,3186306.22,41688398.12,1750321.48,19935515.66,17.94,38.75,81.86,10.5,97.42,392.09,60.0,0.0,139.58,24.0,10.0,1.0,1.0,9.0,0.0,9.0,34085.0,10211.0,58009.0,77126.0,23280.0,10605.0,20994.0,8425.0,19035.0,63030.0,230118.0,1082493.29,34655.0,278148.74,1723.0,2432.0,369.0,53173.88,37162.0,1109601.12,80.0,122.0,1803.0,2554.0,805.0,4457.0,0.0,670876.65,2173438.27,24.0,1803.0,294258.0,1175867.17,484.0,252.0,6.0,12.4,8.07,73.55,9.5,50.83,19.83,1391.51,487.31,731.89,0.575,1.241,3.121,1.922,0.2883,1.092,1.858,2.471,7.372,0.012,57.757,81.814,487.3098,731.8948,45.8934,4.0294,2.6223,0.3364,44.7128,2.883,0.3271,17.407,0.6725,100.0,1.3311,2.472,0.0,21.4907,69.6235,31.5192,0.2,30.0
510650,Poconé,51002,Baixada Cuiabana,5105,Centro-Norte,2023,31243.0,interpolada (Censo 2022 x IBGE 2024),6.0,12.0,12.0,False,True,45722017.45,17367607.97,23277498.68,2678869.99,44835174.9,886842.55,21101657.48,19.44,40.57,81.61,10.0,106.25,427.53,60.0,0.0,169.58,23.25,9.08,1.0,1.0,9.0,0.0,9.0,43309.0,11234.0,89171.0,130415.0,29209.0,13980.0,23589.0,8343.0,21680.0,65458.0,263642.0,1283935.36,44146.0,421731.78,1656.0,2450.0,575.0,89407.16,39923.0,1030384.8,39.0,108.0,1695.0,2558.0,977.0,5617.0,0.0,704402.35,2726687.25,46.0,1694.0,340705.0,1473252.17,509.0,274.0,13.0,25.54,8.77,76.62,7.47,52.26,20.63,1463.43,555.89,745.05,0.622,1.299,3.401,1.92,0.2881,1.386,2.854,4.174,8.438,0.018,54.252,81.874,555.888,745.0468,46.1521,1.9396,2.6121,0.3201,54.2778,2.8806,0.3596,16.391,0.755,99.941,2.7139,3.3139,0.0,22.5459,87.2735,38.1939,0.6,36.7
510650,Poconé,51002,Baixada Cuiabana,5105,Centro-Norte,2024,31269.0,IBGE estimativa,6.0,12.0,12.0,False,True,50197983.1,19986711.54,25296093.5,2805357.8,49825037.74,372945.36,21404051.68,20.96,44.73,86.81,10.0,105.33,457.32,49.67,0.0,195.67,24.5,9.17,1.0,1.0,9.0,0.0,9.0,46953.0,10252.0,96317.0,136926.0,33953.0,12471.0,26073.0,7929.0,25062.0,79655.0,300622.0,1558175.53,61028.0,602862.99,1767.0,2475.0,1304.0,474616.72,43021.0,1713061.01,70.0,72.0,1837.0,2547.0,997.0,5341.0,0.0,798385.29,2611984.08,47.0,1528.0,401060.0,2234639.3,464.0,274.0,9.0,19.4,8.76,82.97,7.56,54.74,20.47,1605.36,639.19,808.98,0.67,1.43,3.369,1.588,0.2878,1.502,3.08,4.379,9.614,0.042,58.748,81.454,639.1861,808.9831,42.6393,0.7429,2.7762,0.3198,62.5764,2.8783,0.3279,17.0884,0.8338,83.1791,2.5585,2.9075,0.0,25.5328,83.5327,39.1441,0.4,37.5
510650,Poconé,51002,Baixada Cuiabana,5105,Centro-Norte,2025,31203.0,IBGE estimativa,6.0,12.0,12.0,False,True,60365311.24,20664085.23,33186805.85,3911462.08,59786268.64,579042.6,19735969.8,24.33,43.17,90.23,10.83,104.67,475.92,44.0,0.0,249.42,26.17,10.33,1.0,1.0,9.0,0.0,9.0,59291.0,13693.0,126402.0,170764.0,47105.0,9766.0,23664.0,6603.0,23088.0,76833.0,332708.0,2135943.09,69325.0,968946.49,2256.0,2681.0,917.0,545959.18,51726.0,1570439.1,0.0,82.0,2256.0,2763.0,1110.0,6225.0,0.0,996205.02,2856631.49,34.0,1405.0,424099.0,2845598.37,,,,,,,,,,1934.6,662.25,1063.58,0.78,1.384,3.354,1.41,0.2884,1.9,4.051,5.473,10.663,0.029,72.301,88.549,662.2467,1063.5774,32.6942,0.9592,2.8917,0.3471,79.9346,2.8843,0.4388,,0.7584,62.2784,1.5071,2.7593,0.0,31.9266,91.5499,40.1737,0.3,37.8
510665,Pontal do Araguaia,51005,Garças Araguaia,5104,Leste,2020,6843.0,IBGE estimativa,5.0,12.0,12.0,False,False,5545155.71,4943338.72,338050.47,0.0,5435842.71,109313.0,3082403.98,6.63,5.83,8.58,4.08,19.42,75.85,0.0,0.0,18.0,11.0,3.0,0.0,0.0,3.0,0.0,3.0,3430.0,423.0,4155.0,4486.0,247.0,3005.0,3737.0,1160.0,3539.0,38071.0,44414.0,139663.24,20185.0,117752.97,0.0,208.0,0.0,0.0,5855.0,267945.65,0.0,4.0,0.0,212.0,212.0,0.0,0.0,0.0,233354.94,0.0,0.0,82854.0,139663.24,81.0,40.0,2.0,24.69,5.85,51.85,7.41,65.43,22.22,810.34,722.39,49.4,0.969,0.852,2.838,0.0,0.4384,0.501,0.607,0.656,6.49,0.0,0.0,30.981,722.3935,49.4009,55.5873,1.9713,1.2538,0.5962,26.3043,4.384,0.0618,14.321,0.5461,,,,0.0,0.0,34.1013,100.0,9.0,39.2
510665,Pontal do Araguaia,51005,Garças Araguaia,5104,Leste,2021,6972.0,IBGE estimativa,6.0,12.0,12.0,False,True,5339722.19,5099884.3,1710.0,0.0,5042203.62,297518.57,3228011.44,6.21,4.04,10.08,3.58,19.17,82.46,0.0,0.0,18.0,11.0,3.0,0.0,0.0,3.0,0.0,3.0,2357.0,1119.0,9859.0,4981.0,261.0,2096.0,4022.0,1423.0,3656.0,7209.0,25983.0,88987.71,20348.0,122112.76,0.0,219.0,0.0,0.0,9094.0,197323.57,0.0,2.0,0.0,221.0,221.0,0.0,0.0,0.0,448278.3,0.0,0.0,33353.0,88987.71,78.0,52.0,1.0,12.82,7.46,44.87,8.97,83.33,7.69,765.88,731.48,0.25,0.891,0.579,2.75,0.0,0.4303,0.338,1.414,0.714,3.727,0.0,0.0,31.698,731.4808,0.2453,60.4528,5.5718,1.4458,0.5135,25.8176,4.3029,0.1605,18.2436,0.5769,,,,0.0,0.0,64.2969,100.0,4.1,21.8
510665,Pontal do Araguaia,51005,Garças Araguaia,5104,Leste,2022,6932.0,IBGE Censo 2022,6.0,12.0,12.0,False,True,6935252.82,3194289.12,137199.91,3144376.91,6552203.79,383049.03,3732697.97,5.77,3.75,10.08,3.71,17.92,85.92,0.0,0.0,18.0,10.0,3.0,0.0,0.0,3.0,0.0,3.0,14202.0,2894.0,27414.0,9704.0,10623.0,3579.0,5335.0,1684.0,4691.0,6628.0,31971.0,131611.81,31163.0,176370.39,0.0,232.0,0.0,0.0,11285.0,138160.13,0.0,7.0,0.0,239.0,239.0,0.0,0.0,0.0,243370.04,0.0,0.0,38700.0,131611.81,82.0,44.0,0.0,0.0,6.35,73.17,3.66,71.95,15.85,1000.47,460.8,19.79,0.832,0.541,2.585,0.0,0.4328,2.049,3.955,1.4,4.612,0.0,0.0,34.478,460.8034,19.7923,53.8221,5.5232,1.4541,0.5352,25.9665,4.3278,0.4175,20.5366,0.7696,,,,0.0,0.0,35.1082,100.0,9.2,50.0
510665,Pontal do Araguaia,51005,Garças Araguaia,5104,Leste,2023,7113.0,interpolada (Censo 2022 x IBGE 2024),6.0,12.0,12.0,False,True,8446177.69,4454008.13,53712.88,3274484.42,8289543.81,156633.88,4339597.2,6.68,5.25,11.42,4.0,17.08,91.65,0.0,0.0,18.0,10.0,3.0,0.0,0.0,3.0,0.0,3.0,19528.0,3326.0,36073.0,10334.0,15166.0,4362.0,5942.0,1675.0,5279.0,3339.0,48411.0,213567.87,41104.0,225921.61,0.0,275.0,0.0,0.0,14110.0,175265.77,0.0,4.0,0.0,279.0,279.0,0.0,0.0,0.0,258783.72,0.0,0.0,52373.0,213567.87,70.0,30.0,1.0,14.29,4.218,77.14,10.0,77.14,14.29,1187.43,626.18,7.55,0.939,0.738,2.401,0.0,0.4218,2.745,5.071,1.453,6.806,0.0,0.0,39.224,626.1786,7.5514,51.3794,1.8545,1.6055,0.5624,25.3058,4.2176,0.4676,23.9286,0.8354,,,,0.0,0.0,36.3818,100.0,10.8,50.6
510665,Pontal do Araguaia,51005,Garças Araguaia,5104,Leste,2024,7299.0,IBGE estimativa,6.0,12.0,12.0,False,True,9447539.69,3443477.82,348770.71,5059614.12,8939028.79,508510.9,5564108.47,7.12,7.17,13.0,3.0,16.0,95.67,0.0,0.0,18.0,11.67,3.5,0.0,0.0,3.0,0.0,3.0,18583.0,3102.0,34993.0,8982.0,14635.0,3766.0,6090.0,1406.0,5711.0,10329.0,62211.0,281552.8,27918.0,167049.11,0.0,330.0,0.0,0.0,15176.0,287926.37,0.0,6.0,0.0,336.0,336.0,0.0,0.0,0.0,405425.71,0.0,0.0,73076.0,281552.8,78.0,40.0,0.0,0.0,5.48,76.92,2.56,91.03,14.1,1294.36,471.77,47.78,0.975,0.982,2.192,0.0,0.411,2.546,4.794,1.231,8.523,0.0,0.0,46.034,471.7739,47.7834,58.8948,5.3825,1.7811,0.411,24.6609,4.1102,0.425,18.0256,0.8344,,,,0.0,0.0,55.5454,100.0,8.3,51.2
510665,Pontal do Araguaia,51005,Garças Araguaia,5104,Leste,2025,7441.0,IBGE estimativa,6.0,12.0,12.0,False,True,9931168.99,5077341.03,12232.28,3939685.57,9735123.69,196045.3,6197827.13,8.7,8.69,14.21,3.08,14.83,103.79,0.0,0.0,19.42,11.83,3.0,0.0,0.0,3.0,0.83,3.0,27540.0,4299.0,49127.0,11580.0,19760.0,6523.0,6222.0,1441.0,5612.0,9240.0,36984.0,235582.32,49550.0,315694.49,0.0,280.0,291.0,55223.56,12181.0,307626.53,0.0,19.0,0.0,299.0,299.0,0.0,0.0,0.0,362319.25,0.0,0.0,67134.0,399413.83,,,,,,,,,,1334.66,682.35,1.64,1.169,1.168,1.993,0.0,0.4032,3.701,6.602,1.556,4.97,0.039,0.0,40.183,682.3466,1.6439,62.4078,1.974,1.9097,0.4139,26.0986,4.0317,0.5777,,0.8362,,,,0.0,0.0,48.6923,100.0,14.4,70.8
510670,Ponte Branca,51005,Garças Araguaia,5104,Leste,2020,1550.0,IBGE estimativa,6.0,12.0,12.0,False,True,4273617.77,932173.44,2591484.3,484623.56,3823387.66,450230.11,2219205.37,2.95,3.0,11.0,1.5,12.0,63.75,21.0,0.0,17.0,6.0,1.0,1.0,0.0,1.0,0.0,0.92,1368.0,344.0,2434.0,7324.0,597.0,493.0,909.0,233.0,786.0,8788.0,7940.0,23533.7,1671.0,8910.85,50.0,76.0,2.0,194.88,713.0,85677.27,0.0,2.0,50.0,78.0,41.0,134.0,0.0,15920.11,110159.41,2.0,50.0,17163.0,24738.38,16.0,18.0,0.0,0.0,11.61,43.75,12.5,81.25,18.75,2757.17,601.4,1671.93,1.903,1.935,7.742,13.548,0.6452,0.883,1.57,4.725,5.123,0.001,32.258,50.323,601.4022,1671.9254,51.928,10.5351,7.0968,0.9677,109.6774,6.4516,0.2219,14.5625,0.5865,100.0,4.0,2.68,0.0,10.271,71.0706,52.5641,16.7,100.7
510670,Ponte Branca,51005,Garças Araguaia,5104,Leste,2021,1525.0,IBGE estimativa,6.0,12.0,12.0,False,True,4486943.21,1257529.1,2579212.27,432452.4,4052843.47,434099.74,3180629.12,2.74,2.83,11.58,1.0,12.17,68.11,19.25,0.0,25.42,5.92,1.0,0.92,0.0,1.0,0.0,1.0,1967.0,602.0,2344.0,6666.0,600.0,437.0,888.0,394.0,778.0,16595.0,8861.0,33898.32,2966.0,19562.6,101.0,124.0,40.0,5236.87,519.0,90576.45,0.0,6.0,101.0,130.0,43.0,259.0,0.0,28550.0,107619.3,1.0,101.0,25889.0,40026.19,14.0,18.0,0.0,0.0,11.8,64.29,7.14,57.14,21.43,2942.26,824.61,1691.29,1.797,1.856,7.98,12.623,0.6557,1.29,1.537,4.371,5.81,0.026,66.23,85.246,824.6092,1691.2867,70.8863,9.6747,7.5934,0.6557,166.6885,6.5574,0.3948,28.1429,0.5823,100.0,0.9901,2.5644,0.0,18.7213,70.57,33.0769,10.0,63.5
510670,Ponte Branca,51005,Garças Araguaia,5104,Leste,2022,2008.0,IBGE Censo 2022,6.0,12.0,12.0,False,True,5627002.24,1689642.74,3092698.54,608502.81,4964361.97,662640.27,3838895.81,2.96,3.08,10.75,1.04,13.08,73.11,17.5,0.0,26.33,5.83,1.0,0.83,0.0,1.0,0.0,1.0,5065.0,846.0,4764.0,8111.0,1933.0,2269.0,1338.0,497.0,996.0,19783.0,24925.0,86469.11,4331.0,33381.08,106.0,154.0,0.0,0.0,1094.0,64156.87,0.0,4.0,106.0,158.0,58.0,160.0,0.0,28314.83,82753.2,0.0,106.0,47943.0,101992.31,16.0,11.0,0.0,0.0,5.48,50.0,12.5,56.25,12.5,2802.29,841.46,1540.19,1.474,1.534,6.514,8.715,0.498,2.522,2.373,4.039,12.413,0.0,52.789,78.685,841.4555,1540.1885,68.2228,11.7761,5.3536,0.5179,131.1255,4.9801,0.4213,31.0625,0.6663,100.0,0.0,1.5094,0.0,14.101,41.2118,36.7089,9.5,60.2
510670,Ponte Branca,51005,Garças Araguaia,5104,Leste,2023,2042.0,interpolada (Censo 2022 x IBGE 2024),6.0,12.0,12.0,False,True,6482525.51,1367900.04,4269836.41,551624.09,6093807.49,388718.02,4487061.99,4.0,4.0,13.0,1.67,13.67,83.85,18.33,0.0,41.58,6.0,1.0,1.0,0.0,1.0,0.0,1.0,6688.0,1133.0,7079.0,13450.0,2966.0,2895.0,1160.0,496.0,809.0,14470.0,41358.0,181073.84,4016.0,27653.41,152.0,211.0,7.0,0.0,1077.0,75105.95,0.0,5.0,152.0,216.0,67.0,233.0,0.0,66190.08,222765.32,1.0,104.0,58348.0,193330.04,13.0,14.0,0.0,0.0,6.856,61.54,15.38,84.62,23.08,3174.6,669.88,2091.01,1.959,1.959,6.694,8.976,0.4897,3.275,3.467,6.587,20.254,0.003,74.437,105.779,669.8825,2091.0071,69.2178,5.9964,6.3663,0.8178,203.6239,4.8972,0.5548,38.1538,0.5681,68.4211,0.6579,1.5329,0.0,32.4143,109.0917,31.0185,7.4,55.7
510670,Ponte Branca,51005,Garças Araguaia,5104,Leste,2024,2076.0,IBGE estimativa,6.0,12.0,12.0,False,True,7863063.96,1650933.09,4355431.94,1478394.36,7390473.93,472590.03,4704055.34,4.7,4.67,14.5,2.0,13.33,86.73,17.0,0.0,61.17,6.0,1.0,1.0,0.0,1.0,0.0,1.0,7675.0,2139.0,7923.0,12198.0,3616.0,2521.0,1419.0,311.0,1277.0,17783.0,48222.0,274653.99,3375.0,19183.84,115.0,145.0,5.0,0.0,1620.0,69133.98,0.0,8.0,115.0,153.0,55.0,250.0,0.0,60789.84,170696.63,0.0,65.0,68089.0,347480.64,12.0,19.0,0.0,0.0,9.15,75.0,0.0,83.33,16.67,3787.6,795.25,2097.99,2.264,2.25,6.421,8.189,0.4817,3.697,3.816,5.876,23.228,0.002,55.395,73.699,795.2472,2097.9923,59.8247,6.0103,6.9846,0.9634,294.6532,4.817,1.0303,25.9167,0.6835,56.5217,0.0,2.1739,0.0,29.2822,82.2238,35.9477,7.2,57.5
510670,Ponte Branca,51005,Garças Araguaia,5104,Leste,2025,2098.0,IBGE estimativa,6.0,12.0,12.0,False,True,9513541.6,2666796.06,5097087.11,1227011.28,8156193.6,1357348.0,6646154.38,3.68,5.0,15.67,2.0,11.17,74.94,17.0,0.0,61.17,6.0,1.0,1.0,0.0,1.0,0.0,1.0,7947.0,1613.0,7431.0,19777.0,3261.0,2183.0,1192.0,237.0,1252.0,13826.0,43134.0,211969.99,2385.0,12461.07,70.0,130.0,0.0,0.0,294.0,25929.24,1.0,9.0,71.0,139.0,73.0,210.0,0.0,31969.34,256586.67,0.0,61.0,58626.0,238011.64,,,,,,,,,,4534.58,1271.11,2429.5,1.754,2.383,5.324,8.103,0.4766,3.788,3.542,9.427,20.56,0.0,33.842,66.254,1271.1135,2429.4981,69.8599,14.2675,7.469,0.9533,291.5634,4.7664,0.7688,,0.5682,85.9155,0.0,2.9577,0.0,15.238,122.3006,52.518,13.7,89.1
510675,Pontes e Lacerda,51012,Sudoeste Matogrossense,5102,Oeste,2020,45774.0,IBGE estimativa,6.0,12.0,12.0,False,True,40912090.41,10241505.72,15457403.34,12723680.6,39990483.11,921607.3,19873615.3,36.53,45.82,65.84,13.33,136.0,456.85,30.0,0.0,148.33,40.92,11.42,1.0,0.0,10.58,0.0,8.5,34174.0,2735.0,61065.0,139220.0,26518.0,7656.0,28168.0,7704.0,30419.0,283383.0,240219.0,1520014.28,42851.0,336199.85,3516.0,3053.0,1246.0,156648.14,69930.0,1111526.01,0.0,34.0,3516.0,3087.0,701.0,9412.0,0.0,1529560.88,2325128.46,69.0,3327.0,586381.0,1975953.67,859.0,338.0,7.0,8.15,7.38,71.6,6.64,72.06,18.86,893.78,223.74,337.69,0.798,1.001,2.971,0.655,0.2311,0.747,1.334,3.041,5.248,0.027,76.812,67.44,223.7407,337.6896,48.5764,2.2527,1.4384,0.2912,32.4049,2.3114,0.0598,8.9686,0.6154,94.6246,1.9625,2.6769,0.0,33.4155,50.7958,22.7081,22.3,53.0
510675,Pontes e Lacerda,51012,Sudoeste Matogrossense,5102,Oeste,2021,46105.0,IBGE estimativa,6.0,12.0,12.0,False,True,55088127.24,11829691.31,22090155.49,18090664.21,50671764.01,4416363.23,21903757.79,44.79,60.37,82.52,12.0,129.42,524.9,61.83,0.0,243.92,47.08,10.67,1.0,0.0,11.75,0.0,8.75,40088.0,5716.0,55877.0,120709.0,31445.0,8643.0,43330.0,12697.0,42667.0,335210.0,305960.0,1851141.28,66520.0,497580.4,3929.0,3377.0,1616.0,205553.3,85341.0,1369776.09,0.0,50.0,3929.0,3427.0,761.0,11746.0,0.0,2015546.76,2687080.14,169.0,3697.0,749942.0,2581868.58,860.0,471.0,13.0,15.12,10.22,73.15,10.58,74.62,17.33,1194.84,256.58,479.13,0.971,1.309,2.807,1.341,0.2549,0.869,1.212,2.618,6.636,0.035,85.219,74.33,256.5815,479.1271,39.7613,8.0169,1.7898,0.2603,52.9053,2.5485,0.124,14.764,0.9398,94.0952,4.3013,2.9896,0.0,43.7164,58.2818,22.206,21.4,53.0
510675,Pontes e Lacerda,51012,Sudoeste Matogrossense,5102,Oeste,2022,52018.0,IBGE Censo 2022,5.0,12.0,12.0,False,False,60573322.98,16429821.22,26280864.76,14733244.88,55905776.67,4667546.31,33112378.98,48.64,61.35,91.68,12.17,128.67,558.3,65.5,0.0,254.42,55.0,10.5,1.0,0.0,12.0,0.0,9.0,64000.0,10564.0,68781.0,134639.0,50221.0,13779.0,53204.0,13901.0,52873.0,416352.0,388693.0,2330883.46,129500.0,885504.83,4375.0,3645.0,1806.0,265367.39,100105.0,1572361.95,3.0,58.0,4378.0,3703.0,789.0,12678.0,0.0,1958277.95,2732113.29,86.0,3967.0,903225.0,3077660.7,853.0,335.0,10.0,11.72,6.44,73.91,8.32,75.97,14.77,1164.47,315.85,505.23,0.935,1.179,2.474,1.259,0.2307,1.23,1.322,2.588,7.472,0.035,84.163,71.187,315.8488,505.2264,54.665,7.7056,1.7625,0.234,48.91,2.3069,0.2031,16.2966,1.0228,90.6122,1.9644,2.8958,0.0,37.6462,52.5225,21.307,20.7,52.9
510675,Pontes e Lacerda,51012,Sudoeste Matogrossense,5102,Oeste,2023,53388.0,interpolada (Censo 2022 x IBGE 2024),6.0,12.0,12.0,False,True,66976301.08,21890684.16,26602738.35,14198340.61,63084235.56,3892065.52,39876373.1,51.45,54.96,91.06,12.0,127.25,543.57,70.5,0.0,273.25,60.08,11.0,1.0,0.08,12.0,0.0,9.33,85877.0,12358.0,113485.0,163324.0,69977.0,15900.0,53232.0,14846.0,54231.0,496691.0,509321.0,3051918.3,300244.0,1861309.99,4791.0,4092.0,2629.0,415741.35,122511.0,1913825.21,0.0,61.0,4791.0,4153.0,1046.0,13823.0,0.0,2341410.43,4159552.13,66.0,4205.0,1097922.0,3907656.15,945.0,287.0,12.0,12.7,5.376,76.86,10.16,73.86,15.34,1254.52,410.03,498.29,0.964,1.029,2.383,1.321,0.2248,1.609,2.126,3.059,9.54,0.049,89.739,77.789,410.03,498.2906,59.538,5.8111,1.7056,0.2248,51.1819,2.2477,0.2315,15.7101,0.9971,87.7687,1.3776,2.8852,0.0,43.8565,77.9117,25.1866,24.5,66.4
510675,Pontes e Lacerda,51012,Sudoeste Matogrossense,5102,Oeste,2024,54795.0,IBGE estimativa,6.0,12.0,12.0,False,True,82455817.09,22573889.81,37060516.32,17457220.04,80481327.51,1974489.58,51009474.74,63.36,56.72,115.97,13.33,103.76,570.88,74.0,0.0,316.25,63.75,11.0,1.0,1.0,12.0,0.0,10.0,103055.0,13092.0,116065.0,148283.0,81899.0,16030.0,48666.0,13617.0,49799.0,517543.0,634961.0,3650114.97,218373.0,1562496.45,4828.0,4240.0,2927.0,513131.72,179575.0,2166534.4,0.0,92.0,4828.0,4332.0,1159.0,15462.0,0.0,2455419.62,4674065.23,56.0,4301.0,1307029.0,4934249.69,831.0,330.0,7.0,8.42,6.02,78.95,8.54,81.59,12.76,1504.81,411.97,676.35,1.156,1.035,1.894,1.35,0.219,1.881,2.118,2.706,11.588,0.053,88.11,79.058,411.9699,676.3485,61.8628,2.3946,2.1164,0.2433,57.7151,2.19,0.2389,16.3863,0.8881,89.0845,1.1599,3.2026,0.0,44.811,85.3009,26.7544,25.7,71.3
510675,Pontes e Lacerda,51012,Sudoeste Matogrossense,5102,Oeste,2025,55762.0,IBGE estimativa,6.0,12.0,12.0,False,True,93590350.42,26426443.08,49073463.66,12943724.37,91888568.4,1701782.02,65020891.29,60.82,63.73,165.23,13.0,69.32,593.45,74.0,0.0,402.0,68.0,11.0,1.0,0.0,11.42,0.0,10.0,89009.0,9554.0,113565.0,195231.0,64544.0,16971.0,51613.0,13823.0,51903.0,513018.0,720782.0,3946482.26,420417.0,2583939.55,5123.0,4472.0,5756.0,1210835.57,179336.0,2881320.63,1.0,144.0,5124.0,4616.0,1317.0,17739.0,0.0,2607012.45,4755174.56,99.0,4838.0,1306091.0,5475872.83,,,,,,,,,,1678.39,473.91,880.05,1.091,1.143,1.243,1.327,0.2048,1.596,2.037,3.501,12.926,0.103,91.891,82.78,473.9149,880.0521,69.4739,1.8183,2.9631,0.2331,72.0921,2.048,0.1713,,0.9256,94.4184,1.9321,3.4619,0.0,46.7525,85.2763,28.5312,25.8,73.5
510677,Porto Alegre do Norte,51003,Araguaia Xingu,5104,Leste,2020,12685.0,IBGE estimativa,6.0,12.0,12.0,False,True,12207342.59,5255797.01,5024601.38,1276276.68,11669319.67,538022.92,6236033.78,7.35,9.33,21.96,2.42,40.0,121.77,18.0,0.0,24.0,11.0,5.0,1.0,0.0,5.0,0.0,2.0,19157.0,1146.0,35960.0,62846.0,12973.0,4006.0,10470.0,3125.0,10095.0,47877.0,22278.0,143986.6,2733.0,15563.64,0.0,376.0,0.0,0.0,922.0,31505.3,0.0,0.0,0.0,376.0,376.0,0.0,0.0,0.0,206766.9,0.0,0.0,75605.0,174973.6,166.0,54.0,2.0,12.05,4.26,58.43,8.43,65.66,22.29,962.34,414.33,396.11,0.579,0.736,3.153,1.419,0.3942,1.51,2.835,4.954,1.756,0.0,0.0,29.641,414.3317,396.1057,51.0843,4.4074,1.7312,0.1908,18.92,3.9417,0.0903,18.8253,0.8254,,,,0.0,0.0,16.3001,100.0,6.6,63.3
510677,Porto Alegre do Norte,51003,Araguaia Xingu,5104,Leste,2021,12849.0,IBGE estimativa,6.0,12.0,12.0,False,True,14822247.61,6040822.09,6777051.86,1332886.0,14092243.61,730004.0,13961462.89,8.13,10.13,23.17,2.25,37.0,120.77,18.0,0.0,27.83,11.17,5.0,1.0,0.0,5.0,0.0,2.0,20994.0,1566.0,36112.0,48092.0,15634.0,3802.0,6901.0,3298.0,6628.0,8492.0,34632.0,187207.13,3580.0,23026.03,0.0,427.0,0.0,0.0,1469.0,32427.02,0.0,4.0,0.0,431.0,431.0,0.0,0.0,0.0,513540.67,0.0,0.0,50886.0,238355.58,172.0,69.0,1.0,5.81,5.37,57.56,7.56,75.0,20.35,1153.57,470.14,527.44,0.633,0.788,2.88,1.401,0.3891,1.634,2.81,3.743,2.695,0.0,0.0,33.543,470.1395,527.4381,94.1926,4.9251,1.8033,0.1751,21.6593,3.8914,0.1219,19.1744,0.5371,,,,0.0,0.0,39.9674,100.0,14.4,103.0
510677,Porto Alegre do Norte,51003,Araguaia Xingu,5104,Leste,2022,12127.0,IBGE Censo 2022,6.0,12.0,12.0,False,True,16525699.25,7388941.0,7485803.0,793784.34,16211749.23,313950.02,8165404.37,7.17,10.98,23.71,3.08,41.5,132.71,18.0,0.0,29.42,11.58,5.42,1.0,0.0,5.0,0.0,2.5,31809.0,3219.0,53807.0,66304.0,20612.0,9189.0,8842.0,3419.0,8280.0,17731.0,42489.0,170972.45,4215.0,30665.07,0.0,419.0,0.0,0.0,494.0,31991.87,0.0,1.0,0.0,420.0,420.0,0.0,0.0,0.0,303382.75,0.0,0.0,74470.0,255460.74,196.0,78.0,5.0,25.51,6.43,53.33,10.2,72.96,18.37,1362.72,609.3,617.28,0.591,0.905,3.422,1.484,0.4123,2.623,4.437,5.467,3.504,0.0,0.0,34.633,609.2967,617.284,49.4103,1.8998,1.9551,0.254,24.2599,4.123,0.2654,17.4439,0.7291,,,,0.0,0.0,25.0171,100.0,8.6,73.9
510677,Porto Alegre do Norte,51003,Araguaia Xingu,5104,Leste,2023,12324.0,interpolada (Censo 2022 x IBGE 2024),6.0,12.0,12.0,False,True,18744058.72,9320312.16,7520583.4,841695.81,18649665.16,94393.56,12063135.64,7.48,13.0,25.92,3.21,46.0,154.88,18.0,0.0,26.0,13.0,5.67,1.0,0.0,5.0,0.0,3.0,32842.0,3937.0,57820.0,88134.0,23422.0,7659.0,9468.0,3493.0,9230.0,15178.0,103885.0,584020.52,9915.0,99880.28,0.0,560.0,0.0,0.0,8685.0,61159.71,0.0,12.0,0.0,572.0,572.0,0.0,0.0,0.0,497741.08,0.0,0.0,151810.0,828748.37,179.0,51.0,1.0,5.59,4.138,61.45,6.74,65.92,23.46,1520.94,756.27,610.24,0.607,1.055,3.733,1.461,0.4057,2.665,4.692,7.151,8.429,0.0,0.0,46.414,756.2733,610.2388,64.3571,0.5036,2.1032,0.2605,21.097,4.0571,0.3195,19.514,0.7683,,,,0.0,0.0,40.3879,100.0,14.2,112.9
510677,Porto Alegre do Norte,51003,Araguaia Xingu,5104,Leste,2024,12524.0,IBGE estimativa,6.0,12.0,12.0,False,True,26310762.98,12782299.9,10458769.59,1278132.49,25707748.95,603014.03,18720678.4,7.94,13.0,26.75,3.33,48.08,161.07,18.0,0.0,31.5,13.67,5.0,1.0,0.0,5.0,0.0,3.0,30355.0,2730.0,54792.0,91059.0,23492.0,5763.0,9877.0,2763.0,9648.0,4161.0,112545.0,651469.37,9030.0,99006.34,0.0,588.0,0.0,0.0,21908.0,110221.96,0.0,9.0,0.0,597.0,597.0,0.0,0.0,0.0,674292.38,0.0,0.0,153197.0,917922.92,136.0,72.0,4.0,29.41,5.75,65.44,9.56,67.65,18.38,2100.83,1020.62,835.1,0.634,1.038,3.839,1.437,0.3992,2.424,4.375,7.271,8.986,0.0,0.0,47.668,1020.6244,835.0982,71.1522,2.2919,2.1359,0.2659,25.1517,3.9923,0.218,20.3162,0.7886,,,,0.0,0.0,53.84,100.0,22.9,167.9
510677,Porto Alegre do Norte,51003,Araguaia Xingu,5104,Leste,2025,12649.0,IBGE estimativa,6.0,12.0,12.0,False,True,27126599.96,11489536.53,12409669.69,1321064.67,26560473.93,566126.03,22658039.9,9.1,16.33,29.71,3.92,42.5,172.46,18.0,0.0,41.75,14.92,5.0,1.0,0.0,5.0,0.0,3.0,34634.0,5871.0,64904.0,88950.0,25095.0,7862.0,10318.0,2565.0,9965.0,50442.0,136013.0,877541.11,55152.0,424914.57,0.0,640.0,0.0,0.0,23941.0,295472.05,0.0,12.0,0.0,652.0,652.0,0.0,0.0,0.0,724047.93,0.0,0.0,252101.0,1347162.46,,,,,,,,,,2144.56,908.34,981.08,0.719,1.291,3.36,1.423,0.3953,2.738,5.131,7.032,10.753,0.0,0.0,51.546,908.3356,981.0791,83.527,2.087,2.3488,0.3099,33.0066,3.9529,0.4641,,0.8157,,,,0.0,0.0,57.2415,100.0,18.1,136.2
510680,Porto dos Gaúchos,51016,Vale dos Arinos,5103,Norte,2020,5363.0,IBGE estimativa,6.0,12.0,12.0,False,True,11334908.7,3190244.05,4481756.33,2487525.86,11034425.7,300483.0,6997365.91,4.85,6.0,18.13,5.97,24.51,111.81,23.0,0.0,79.0,12.0,5.0,1.0,0.0,2.92,0.0,2.67,16320.0,2589.0,27286.0,20339.0,12621.0,2604.0,4600.0,1619.0,5134.0,36863.0,59968.0,200032.07,3496.0,39568.32,357.0,411.0,0.0,0.0,6751.0,150070.56,0.0,8.0,357.0,419.0,121.0,988.0,0.0,157980.88,272824.54,11.0,328.0,123169.0,349073.57,84.0,37.0,2.0,23.81,6.9,85.71,7.14,63.1,21.43,2113.54,594.86,835.68,0.904,1.119,4.57,4.289,0.5445,3.043,5.088,3.792,11.182,0.0,66.567,78.128,594.8618,835.6808,61.7329,2.651,3.3806,1.1132,147.3056,5.4447,0.4828,19.2738,0.8577,91.8768,3.0812,2.7675,0.0,29.4576,50.8716,28.8783,10.7,47.9
510680,Porto dos Gaúchos,51016,Vale dos Arinos,5103,Norte,2021,5344.0,IBGE estimativa,6.0,12.0,12.0,False,True,12754469.79,3853877.62,4644377.09,2956900.26,11913531.94,840937.85,9501697.38,5.44,6.43,17.98,4.05,23.5,116.66,22.17,0.0,83.25,12.0,5.0,1.0,0.0,3.0,0.0,3.0,23388.0,5037.0,44780.0,24363.0,15059.0,7248.0,2830.0,1259.0,3307.0,30495.0,64804.0,247809.2,6056.0,61517.25,425.0,529.0,59.0,6963.82,5969.0,193965.55,0.0,3.0,425.0,532.0,135.0,1076.0,0.0,217537.11,561872.63,13.0,424.0,118158.0,407491.47,91.0,36.0,1.0,10.99,6.74,84.44,7.69,64.84,14.29,2386.69,721.16,869.08,1.018,1.203,4.397,4.149,0.5614,4.376,8.379,4.559,12.126,0.011,79.528,99.551,721.1597,869.0825,74.497,6.5933,3.3645,0.7579,155.7822,5.6138,0.9426,13.8352,0.5296,99.7647,3.0588,2.5318,0.0,40.7068,105.1408,25.3759,9.8,48.0
510680,Porto dos Gaúchos,51016,Vale dos Arinos,5103,Norte,2022,5593.0,IBGE Censo 2022,6.0,12.0,12.0,False,True,18165512.67,5351091.36,7336765.15,2904380.56,16272581.3,1892931.37,13546736.01,5.78,5.88,17.57,3.3,23.25,116.69,21.0,0.0,89.0,12.0,5.0,1.0,0.0,3.0,0.0,3.0,30810.0,5560.0,62691.0,51485.0,19050.0,10243.0,4200.0,1310.0,4131.0,32416.0,87080.0,406831.71,9972.0,100562.96,436.0,541.0,309.0,52199.34,1938.0,229741.63,0.0,10.0,436.0,551.0,125.0,1371.0,0.0,195888.85,359959.66,12.0,397.0,151721.0,709563.15,89.0,53.0,0.0,0.0,9.48,80.9,8.99,73.03,20.22,3247.9,956.75,1311.78,1.033,1.051,4.157,3.755,0.5364,5.509,11.209,9.205,15.569,0.055,77.955,98.516,956.748,1311.7764,74.5739,10.4205,3.1414,0.59,159.1275,5.3638,0.9941,14.7191,0.7509,91.055,2.7523,3.1445,0.0,35.0239,64.359,22.686,8.3,37.1
510680,Porto dos Gaúchos,51016,Vale dos Arinos,5103,Norte,2023,5641.0,interpolada (Censo 2022 x IBGE 2024),6.0,12.0,12.0,False,True,20901978.69,6541673.4,7932438.56,3121652.73,19932738.28,969240.41,15625202.01,7.86,7.22,17.32,3.3,22.25,122.47,22.33,0.0,92.33,13.5,4.75,1.0,0.0,3.0,0.0,3.0,27692.0,5253.0,61659.0,55022.0,18144.0,7585.0,4207.0,1755.0,4340.0,55364.0,103036.0,442267.73,11551.0,103174.65,583.0,773.0,421.0,81115.17,5728.0,270660.72,0.0,10.0,583.0,783.0,205.0,1685.0,0.0,229277.49,465784.45,2.0,104.0,199186.0,864452.9,110.0,32.0,1.0,9.09,5.673,85.45,7.27,75.45,18.18,3705.37,1159.67,1406.21,1.393,1.28,3.944,3.959,0.5318,4.909,10.931,9.754,18.266,0.075,103.35,138.805,1159.6656,1406.2114,74.7547,4.6371,3.0704,0.585,163.6767,5.3182,0.9312,15.9545,0.7458,17.8388,0.3431,2.8902,0.0,40.6448,82.5713,26.1814,10.0,39.3
510680,Porto dos Gaúchos,51016,Vale dos Arinos,5103,Norte,2024,5690.0,IBGE estimativa,6.0,12.0,12.0,False,True,22074859.73,7246138.55,9030576.14,2832209.28,21527959.3,546900.43,16532343.87,8.72,9.5,17.54,3.88,22.08,129.86,20.5,0.0,102.75,15.08,4.0,1.0,0.0,3.0,0.0,3.0,30743.0,4464.0,62244.0,64035.0,18787.0,8340.0,6123.0,1488.0,6356.0,41118.0,110538.0,549474.9,33647.0,198530.31,611.0,787.0,749.0,139708.12,11431.0,414235.06,0.0,14.0,611.0,801.0,196.0,1644.0,0.0,218621.28,586658.26,2.0,508.0,197552.0,1087258.87,88.0,35.0,1.0,11.36,6.15,88.64,3.41,76.14,13.64,3879.59,1273.49,1587.1,1.533,1.67,3.88,3.603,0.5272,5.403,10.939,11.254,19.427,0.132,107.381,140.773,1273.4866,1587.096,74.8922,2.4775,3.0826,0.6819,180.58,5.2724,0.7845,16.9091,1.0761,83.1424,0.3273,2.6907,0.0,38.422,103.1034,24.4694,11.1,44.7
510680,Porto dos Gaúchos,51016,Vale dos Arinos,5103,Norte,2025,5705.0,IBGE estimativa,6.0,12.0,12.0,False,True,26859399.18,8239409.65,11263266.12,3968104.53,25789605.02,1069794.16,20444599.98,9.24,10.88,23.58,4.22,18.0,140.93,20.0,0.0,165.92,16.83,4.0,1.0,0.0,3.17,0.0,3.0,43339.0,6623.0,86817.0,52268.0,25973.0,11608.0,5433.0,1555.0,5842.0,30754.0,114478.0,686533.71,82019.0,509240.63,706.0,838.0,812.0,157174.78,8595.0,499034.35,0.0,15.0,706.0,853.0,249.0,2690.0,0.0,260104.02,607015.77,8.0,522.0,181272.0,1148406.19,,,,,,,,,,4708.05,1444.24,1974.28,1.62,1.907,3.155,3.506,0.5557,7.597,15.218,9.162,20.066,0.142,123.751,149.518,1444.2436,1974.2798,76.1171,3.9829,4.1332,0.7397,290.8326,5.5565,1.1609,,0.9523,73.9377,1.1331,3.8102,0.0,45.5923,106.4007,29.1911,14.0,52.7
510682,Porto Esperidião,51011,Oeste Matogrossense,5102,Oeste,2020,12097.0,IBGE estimativa,6.0,12.0,12.0,False,True,13224678.79,9031837.23,803587.2,2640512.37,12517693.73,706985.06,9406543.35,8.49,12.59,19.44,4.67,53.67,122.46,2.0,0.0,25.0,14.0,4.5,0.0,1.0,5.0,0.0,3.25,29896.0,2062.0,41178.0,23800.0,15819.0,14077.0,11895.0,3478.0,12084.0,47471.0,30098.0,171107.83,4646.0,29196.8,0.0,552.0,0.0,0.0,15422.0,457212.01,0.0,13.0,0.0,565.0,565.0,0.0,0.0,0.0,747891.64,0.0,0.0,113367.0,353748.88,153.0,94.0,2.0,13.07,7.77,50.98,7.19,73.2,17.65,1093.22,746.62,66.43,0.702,1.041,4.437,0.165,0.4133,2.471,3.404,1.967,2.488,0.0,0.0,46.706,746.6179,66.4286,71.1287,5.346,1.607,0.386,20.6663,4.1333,0.1705,22.732,0.9833,,,,0.0,0.0,61.8246,100.0,7.8,101.2
510682,Porto Esperidião,51011,Oeste Matogrossense,5102,Oeste,2021,12176.0,IBGE estimativa,6.0,12.0,12.0,False,True,16379682.76,12438785.11,758787.46,2417150.7,15951885.21,427797.55,12110507.62,7.71,11.6,21.69,4.69,57.5,130.82,4.0,0.0,26.33,14.75,4.0,0.0,1.0,5.25,0.0,4.0,34857.0,2633.0,57155.0,36862.0,16473.0,18039.0,14860.0,2983.0,15025.0,30716.0,30162.0,159790.75,11261.0,71344.98,0.0,547.0,0.0,0.0,16122.0,459065.52,0.0,10.0,0.0,557.0,557.0,0.0,0.0,0.0,819803.6,0.0,0.0,97904.0,352825.15,157.0,92.0,2.0,12.74,7.56,59.24,4.46,61.78,14.65,1345.24,1021.58,62.32,0.633,0.953,4.722,0.329,0.4312,2.863,4.694,3.027,2.477,0.0,0.0,45.746,1021.5822,62.3183,73.9362,2.6118,1.7814,0.3852,21.6245,4.3118,0.2162,19.0,1.2204,,,,0.0,0.0,67.3295,100.0,12.9,101.5
510682,Porto Esperidião,51011,Oeste Matogrossense,5102,Oeste,2022,10204.0,IBGE Censo 2022,6.0,12.0,12.0,False,True,18234872.11,14892110.57,653686.05,1772216.04,17347422.8,887449.31,10873924.15,5.78,13.09,22.21,6.77,57.17,137.48,4.0,0.0,40.0,15.0,4.0,0.0,1.0,5.0,0.0,5.0,43210.0,3815.0,62457.0,46636.0,16750.0,25488.0,17055.0,3580.0,17411.0,35975.0,50759.0,283710.15,15510.0,101766.86,0.0,497.0,0.0,0.0,11730.0,514737.76,0.0,13.0,0.0,510.0,510.0,0.0,0.0,0.0,586209.02,0.0,0.0,116642.0,459496.65,169.0,60.0,2.0,11.83,5.88,53.85,5.33,64.5,19.53,1787.03,1459.44,64.06,0.566,1.283,5.603,0.392,0.49,4.235,6.121,4.57,4.974,0.0,0.0,49.98,1459.4385,64.0617,59.6326,4.8668,2.1766,0.6635,39.2003,4.9,0.3739,21.1834,1.6714,,,,0.0,0.0,57.4489,100.0,10.4,103.9
510682,Porto Esperidião,51011,Oeste Matogrossense,5102,Oeste,2023,10185.0,interpolada (Censo 2022 x IBGE 2024),6.0,12.0,12.0,False,True,18155335.76,14096586.07,963044.5,1892189.72,17937098.55,218237.21,13192999.06,5.85,14.17,23.11,7.72,56.83,140.4,4.0,0.0,40.0,15.0,4.0,0.0,1.0,5.0,0.0,5.0,47200.0,4583.0,61088.0,46138.0,20355.0,25908.0,14958.0,3266.0,15338.0,29128.0,38872.0,218765.1,13250.0,107963.41,0.0,658.0,0.0,0.0,14203.0,567093.48,0.0,14.0,0.0,672.0,672.0,0.0,0.0,0.0,896514.45,0.0,0.0,87084.0,343228.2,168.0,83.0,1.0,5.95,8.149,55.09,6.55,67.26,17.26,1782.56,1384.05,94.56,0.574,1.391,5.58,0.393,0.4909,4.634,5.998,4.53,3.817,0.0,0.0,65.979,1384.0536,94.5552,72.6673,1.2021,2.269,0.758,39.2734,4.9092,0.45,19.4405,1.4686,,,,0.0,0.0,88.023,100.0,13.7,112.0
510682,Porto Esperidião,51011,Oeste Matogrossense,5102,Oeste,2024,10167.0,IBGE estimativa,6.0,12.0,12.0,False,True,23162237.5,18902231.25,1029463.45,2002031.06,23028811.56,133425.94,13828446.37,7.26,14.05,24.8,7.55,54.0,139.09,4.0,0.0,37.5,14.25,4.0,0.0,0.5,5.0,0.0,5.0,48266.0,3857.0,47423.0,37482.0,20995.0,27161.0,12045.0,3171.0,12800.0,6965.0,18871.0,112865.93,9938.0,88514.51,0.0,642.0,0.0,0.0,5300.0,632851.98,0.0,25.0,0.0,667.0,667.0,0.0,0.0,0.0,794834.5,0.0,0.0,35829.0,207714.23,152.0,70.0,1.0,6.58,6.89,61.84,5.92,80.26,14.47,2278.18,1859.17,101.26,0.714,1.382,5.311,0.393,0.4918,4.747,4.664,3.687,1.856,0.0,0.0,65.604,1859.1749,101.2554,59.7025,0.576,2.4393,0.7426,36.884,4.9179,0.3794,20.8618,1.1847,,,,0.0,0.0,78.1779,100.0,11.7,108.5
510682,Porto Esperidião,51011,Oeste Matogrossense,5102,Oeste,2025,10088.0,IBGE estimativa,6.0,12.0,12.0,False,True,23778544.43,16687632.14,3237786.14,1574568.67,22276034.38,1502510.05,18668293.11,10.25,15.25,26.24,7.42,56.33,158.37,4.0,0.0,41.0,14.5,4.67,0.0,0.33,5.0,0.0,5.0,53222.0,5843.0,63698.0,75711.0,18781.0,34441.0,14381.0,2731.0,15129.0,707.0,5708.0,23119.62,12056.0,116199.81,0.0,669.0,0.0,0.0,6081.0,542476.61,0.0,18.0,0.0,687.0,687.0,0.0,0.0,0.0,933718.54,0.0,0.0,23291.0,143502.72,,,,,,,,,,2357.11,1654.21,320.95,1.016,1.512,5.584,0.397,0.4956,5.276,6.314,7.505,0.566,0.0,0.0,68.101,1654.2062,320.9542,78.509,6.3188,2.6011,0.7355,40.6423,4.9564,0.5792,,1.4256,,,,0.0,0.0,92.5573,100.0,15.7,114.0
510685,Porto Estrela,51007,Médio Norte Matogrossense,5106,Centro-Noroeste,2020,2877.0,IBGE estimativa,6.0,12.0,12.0,False,True,5276220.57,2021808.58,1527699.44,1265664.84,5061929.73,214290.84,3488608.91,3.98,3.67,11.0,1.67,19.0,51.4,0.0,0.0,15.67,11.0,5.0,0.0,0.0,2.0,0.0,1.67,3996.0,145.0,9540.0,14979.0,3294.0,702.0,580.0,239.0,841.0,33044.0,2023.0,9733.64,1484.0,12146.56,0.0,97.0,0.0,0.0,10376.0,143419.21,0.0,3.0,0.0,100.0,100.0,0.0,0.0,0.0,165851.1,0.0,0.0,41017.0,37088.84,38.0,24.0,0.0,0.0,8.34,81.58,5.26,60.53,23.68,1833.93,702.75,531.0,1.383,1.276,6.604,0.0,0.6952,1.389,3.316,5.206,0.703,0.0,0.0,34.758,702.7489,531.0043,66.1195,4.0614,3.8234,0.5805,54.4665,6.9517,0.0504,6.2895,0.2016,,,,0.0,0.0,57.6472,100.0,36.0,73.5
510685,Porto Estrela,51007,Médio Norte Matogrossense,5106,Centro-Noroeste,2021,2794.0,IBGE estimativa,6.0,12.0,12.0,False,True,6145205.1,2178419.4,1910752.18,1589662.38,5984365.45,160839.65,4877900.01,5.28,3.85,12.67,2.0,19.0,55.13,0.0,0.0,18.58,11.0,5.0,0.0,0.0,2.0,0.0,2.0,5269.0,256.0,10911.0,13061.0,4026.0,1243.0,738.0,389.0,939.0,44143.0,3014.0,21873.54,1493.0,15958.25,0.0,138.0,0.0,0.0,10235.0,145907.44,0.0,4.0,0.0,142.0,142.0,0.0,0.0,0.0,322008.03,0.0,0.0,59141.0,78877.74,41.0,40.0,0.0,0.0,14.32,75.61,7.32,85.37,21.95,2199.43,779.68,683.88,1.89,1.378,6.8,0.0,0.7158,1.886,3.905,4.675,1.079,0.0,0.0,50.823,779.6777,683.8769,79.3773,2.6173,4.5347,0.7158,66.4996,7.1582,0.0916,9.4878,0.2641,,,,0.0,0.0,115.2498,100.0,28.9,109.8
510685,Porto Estrela,51007,Médio Norte Matogrossense,5106,Centro-Noroeste,2022,3224.0,IBGE Censo 2022,6.0,12.0,12.0,False,True,8028955.91,3244833.4,2352390.14,1665841.65,7497824.13,531131.78,5332188.9,3.95,4.75,11.38,2.0,19.58,54.5,0.0,0.0,19.0,11.0,5.0,0.0,0.0,2.0,0.0,2.0,6545.0,588.0,13518.0,15682.0,4758.0,1787.0,1562.0,543.0,1630.0,71046.0,5070.0,34523.4,1472.0,15567.02,0.0,144.0,0.0,0.0,5110.0,132880.21,0.0,6.0,0.0,150.0,150.0,0.0,0.0,0.0,139951.36,0.0,0.0,89201.0,96710.25,33.0,20.0,1.0,30.3,6.2,69.7,0.0,69.7,15.15,2490.37,1006.46,729.65,1.225,1.473,6.073,0.0,0.6203,2.03,4.193,4.864,1.573,0.0,0.0,46.526,1006.462,729.6495,66.412,6.6152,3.5298,0.6203,58.933,6.2035,0.1824,16.4545,0.4845,,,,0.0,0.0,43.4092,100.0,27.3,110.1
510685,Porto Estrela,51007,Médio Norte Matogrossense,5106,Centro-Noroeste,2023,3202.0,interpolada (Censo 2022 x IBGE 2024),6.0,12.0,12.0,False,True,8733735.46,3277623.78,1738181.85,3016117.74,8440797.44,292938.02,6459773.88,3.95,4.8,11.2,2.0,19.5,53.95,0.0,0.0,19.0,11.0,5.0,0.0,0.0,2.0,0.0,2.0,7936.0,441.0,16538.0,17668.0,5683.0,2253.0,1573.0,380.0,1589.0,69803.0,4388.0,28570.73,2395.0,19624.14,0.0,105.0,0.0,0.0,3860.0,201194.61,0.0,10.0,0.0,115.0,115.0,0.0,0.0,0.0,173460.04,0.0,0.0,89920.0,103276.13,25.0,27.0,0.0,0.0,8.432,72.0,0.0,72.0,20.0,2727.59,1023.62,542.84,1.234,1.499,6.09,0.0,0.6246,2.478,5.165,5.518,1.37,0.0,0.0,35.915,1023.6177,542.8426,73.9635,3.3541,3.4978,0.6246,59.3379,6.2461,0.1377,15.2,0.4913,,,,0.0,0.0,54.1724,100.0,40.9,78.4
510685,Porto Estrela,51007,Médio Norte Matogrossense,5106,Centro-Noroeste,2024,3181.0,IBGE estimativa,6.0,12.0,12.0,False,True,9920759.17,4154486.79,3065982.37,1960908.28,9618762.48,301996.69,6311043.46,3.95,5.63,11.95,2.0,19.0,57.35,0.0,0.0,19.0,11.75,5.75,0.0,0.0,2.0,0.0,2.0,7552.0,404.0,15346.0,18150.0,6073.0,1183.0,2641.0,418.0,2500.0,63129.0,3977.0,27622.11,2768.0,24325.33,0.0,151.0,7.0,1881.25,4125.0,180187.87,0.0,5.0,0.0,156.0,156.0,0.0,0.0,0.0,254351.33,0.0,0.0,88775.0,132933.61,33.0,29.0,1.0,30.3,9.12,72.73,3.03,72.73,9.09,3118.75,1306.03,963.84,1.242,1.77,5.973,0.0,0.6287,2.374,4.824,5.706,1.25,0.002,0.0,49.041,1306.0317,963.8423,63.6145,3.0441,3.7567,0.6287,59.7296,6.2873,0.127,12.6667,0.8302,,,,0.0,0.0,79.9596,100.0,38.5,67.3
510685,Porto Estrela,51007,Médio Norte Matogrossense,5106,Centro-Noroeste,2025,3141.0,IBGE estimativa,6.0,12.0,12.0,False,True,11950297.07,5253303.79,2636279.07,3004604.09,11103106.46,847190.61,7181945.29,4.91,6.9,11.05,2.0,19.0,65.15,0.0,0.0,19.0,12.0,6.0,0.0,0.0,2.0,0.0,2.0,7742.0,955.0,15782.0,19110.0,6044.0,1561.0,2848.0,458.0,2624.0,69858.0,5351.0,37716.96,4214.0,55974.09,0.0,128.0,231.0,43200.5,3089.0,176452.29,0.0,12.0,0.0,140.0,140.0,0.0,0.0,0.0,223978.62,0.0,0.0,93059.0,163612.16,,,,,,,,,,3804.62,1672.49,839.31,1.563,2.197,6.049,0.0,0.6367,2.465,5.025,6.084,1.704,0.074,0.0,44.572,1672.494,839.312,60.0985,7.0893,3.518,0.6367,60.4903,6.3674,0.304,,0.9067,,,,0.0,0.0,71.3081,100.0,31.4,61.0
510700,Poxoréo,51013,Sul Matogrossense,5101,Sul,2020,15916.0,IBGE estimativa,6.0,12.0,12.0,False,True,15360992.48,1144225.51,5075916.04,8398041.11,14988767.27,372225.21,8447760.63,14.66,17.9,31.9,3.0,59.83,175.89,80.0,0.0,78.0,14.58,6.0,1.0,0.0,5.0,0.0,3.0,13236.0,1810.0,10696.0,33717.0,10577.0,1723.0,6984.0,2979.0,9231.0,42165.0,71410.0,452077.79,6277.0,91065.27,878.0,1288.0,0.0,0.0,18273.0,252266.19,0.0,17.0,878.0,1305.0,478.0,2665.0,0.0,496259.91,1421053.27,48.0,878.0,117015.0,467041.64,258.0,160.0,3.0,11.63,10.05,57.75,8.14,73.64,18.99,965.13,71.89,318.92,0.921,1.125,3.759,5.026,0.3141,0.832,0.672,2.118,4.487,0.0,55.165,81.993,71.8915,318.9191,54.9949,2.4232,2.0043,0.1885,49.0073,3.1415,0.1137,11.5465,0.4388,100.0,5.467,3.0353,0.0,31.1799,89.2846,36.6284,2.0,25.7
510700,Poxoréo,51013,Sul Matogrossense,5101,Sul,2021,15936.0,IBGE estimativa,6.0,12.0,12.0,False,True,19108342.46,1773759.88,5431015.2,11161296.41,17509826.49,1598515.97,12018554.54,15.42,22.28,37.0,3.0,62.0,198.9,81.0,0.0,79.0,15.67,6.67,1.0,0.0,5.42,0.0,3.0,17446.0,1618.0,31072.0,35112.0,10392.0,6583.0,8312.0,3192.0,9655.0,45856.0,90403.0,479710.68,8379.0,104455.28,1116.0,1594.0,0.0,0.0,20346.0,287363.67,0.0,42.0,1116.0,1636.0,572.0,3079.0,0.0,788749.91,2641535.86,34.0,1084.0,139210.0,492060.93,211.0,164.0,0.0,0.0,10.29,68.57,7.11,72.04,16.59,1199.07,111.31,340.8,0.968,1.398,3.891,5.083,0.3401,1.095,1.95,2.203,5.673,0.0,70.03,102.661,111.3052,340.8017,62.8969,8.3655,2.3218,0.1883,49.5733,3.4011,0.1015,15.128,0.5216,97.1326,3.0466,2.759,0.0,49.4948,165.759,34.9633,1.5,23.8
510700,Poxoréo,51013,Sul Matogrossense,5101,Sul,2022,23283.0,IBGE Censo 2022,6.0,12.0,12.0,False,True,23920470.3,6858799.61,9401244.0,5036567.13,23396147.84,524322.46,15388063.14,16.16,23.1,33.57,3.0,65.67,207.78,76.0,0.0,87.25,16.0,7.0,1.0,0.0,6.0,0.0,3.0,27502.0,2498.0,53207.0,51949.0,16649.0,10570.0,13339.0,3862.0,13490.0,46853.0,124140.0,565838.94,8836.0,116837.66,1105.0,1586.0,31.0,3007.0,18071.0,478170.5,0.0,56.0,1105.0,1642.0,594.0,2954.0,0.0,572568.73,2015408.23,20.0,1070.0,176511.0,593343.49,222.0,137.0,3.0,13.51,5.88,73.3,8.11,69.82,18.47,1027.38,294.58,403.78,0.694,0.992,2.821,3.264,0.2577,1.181,2.285,2.231,5.332,0.001,47.46,70.524,294.584,403.7815,64.3301,2.1919,1.4418,0.1288,37.4737,2.577,0.1073,17.3964,0.5729,96.8326,1.81,2.6733,0.0,24.5917,86.5614,36.1754,2.1,27.2
510700,Poxoréo,51013,Sul Matogrossense,5101,Sul,2023,23926.0,interpolada (Censo 2022 x IBGE 2024),6.0,12.0,12.0,False,True,24934377.66,7898453.53,8136386.37,5404671.43,24104835.84,829541.82,17175517.23,15.18,22.34,35.7,3.0,67.58,212.8,61.42,0.0,97.17,16.0,7.0,1.0,0.0,6.0,0.0,3.0,24562.0,2671.0,50520.0,81522.0,16380.0,7946.0,10024.0,3299.0,11462.0,39999.0,93250.0,541567.65,14763.0,145303.36,1357.0,2008.0,39.0,7486.97,34613.0,892182.54,0.0,68.0,1357.0,2076.0,771.0,4018.0,0.0,719784.21,2470232.91,27.0,1357.0,145358.0,606563.72,256.0,174.0,2.0,7.81,7.272,66.54,8.98,59.38,20.7,1042.15,330.12,340.06,0.634,0.934,2.825,2.567,0.2508,1.027,2.112,3.407,3.897,0.002,56.717,86.768,330.1201,340.0646,68.8829,3.3269,1.4921,0.1254,40.6127,2.5077,0.1116,12.8867,0.419,100.0,1.9897,2.9609,0.0,30.0838,103.2447,37.1387,2.9,28.0
510700,Poxoréo,51013,Sul Matogrossense,5101,Sul,2024,24587.0,IBGE estimativa,6.0,12.0,12.0,False,True,27968596.27,8211141.82,10039486.64,6821546.44,26822194.09,1146402.18,20068263.05,16.15,24.68,47.52,3.92,65.54,225.41,66.67,0.0,99.33,16.0,7.0,1.0,0.0,6.0,0.0,3.0,26592.0,1992.0,53293.0,78903.0,18068.0,8524.0,12888.0,3198.0,13394.0,10413.0,98220.0,511542.5,23512.0,214397.18,1644.0,2179.0,0.0,0.0,42062.0,1033183.81,0.0,102.0,1644.0,2281.0,844.0,5013.0,0.0,937800.2,2638423.65,58.0,1421.0,126974.0,600221.75,225.0,165.0,3.0,13.33,6.71,74.55,9.78,60.89,15.56,1137.54,333.96,408.32,0.657,1.004,2.666,2.712,0.244,1.082,2.168,3.209,3.995,0.0,66.865,92.773,333.9627,408.325,71.7528,4.0989,1.9327,0.1594,40.3994,2.4403,0.081,14.2133,0.5242,86.4355,3.528,3.0493,0.0,38.1421,107.3097,37.0013,3.4,29.2
510700,Poxoréo,51013,Sul Matogrossense,5101,Sul,2025,25103.0,IBGE estimativa,6.0,12.0,12.0,False,True,30837782.01,8743282.51,10963522.18,8567314.01,29923232.62,914549.39,23965492.88,19.98,25.28,51.48,4.08,65.98,238.2,66.0,0.0,96.0,16.0,7.0,1.0,0.0,6.0,0.0,3.0,26672.0,2121.0,53539.0,80450.0,21587.0,5006.0,10971.0,2188.0,13342.0,3.0,113392.0,563127.13,26401.0,232099.49,1492.0,2151.0,0.0,0.0,47220.0,1010333.01,0.0,72.0,1492.0,2223.0,830.0,4657.0,0.0,801832.72,2464197.54,30.0,1491.0,131640.0,651742.03,,,,,,,,,,1228.45,348.3,436.74,0.796,1.007,2.628,2.629,0.239,1.063,2.133,3.205,4.517,0.0,59.435,88.555,348.2963,436.7415,77.7147,2.9657,2.0508,0.1625,38.2424,2.3902,0.0845,,0.437,99.933,2.0107,3.1213,0.0,31.9417,98.1635,37.3369,3.0,27.5
510704,Primavera do Leste,51013,Sul Matogrossense,5101,Sul,2020,63092.0,IBGE estimativa,6.0,12.0,12.0,False,True,55542868.55,20065907.79,35476960.76,0.0,55040955.16,501913.39,55542868.55,111.36,78.41,184.37,22.51,152.36,814.66,112.83,10.5,323.92,44.25,16.25,2.0,0.0,14.75,0.0,13.92,70862.0,14688.0,131442.0,86702.0,49689.0,20835.0,67530.0,19295.0,68572.0,142588.0,804323.0,3375124.1,201969.0,1571606.11,4623.0,4514.0,1696.0,178348.93,146923.0,1017768.99,20.0,119.0,4643.0,4633.0,654.0,9687.0,2806.0,4661671.59,5800876.24,161.0,3988.0,981041.0,3808705.32,1405.0,426.0,4.0,2.85,6.75,71.18,9.47,74.02,13.67,880.35,318.04,562.31,1.765,1.243,2.415,1.788,0.2338,1.123,2.083,1.374,12.748,0.027,73.591,73.432,318.042,562.3052,100.0,0.9037,2.9222,0.3568,51.3409,2.3379,0.2328,13.7331,1.0703,85.8927,3.4676,2.0864,44.4747,73.8869,91.9431,14.1161,3.8,18.8
510704,Primavera do Leste,51013,Sul Matogrossense,5101,Sul,2021,63876.0,IBGE estimativa,6.0,12.0,12.0,False,True,111883371.58,27196854.21,79252349.87,0.0,111134775.55,748596.03,59841876.29,124.78,103.28,233.1,21.63,170.93,952.08,138.42,29.5,693.17,46.08,17.0,2.0,0.0,16.0,0.0,15.0,94965.0,22939.0,188074.0,126935.0,62437.0,32162.0,62899.0,19595.0,63848.0,161482.0,886058.0,3952856.26,240931.0,1912467.91,5201.0,4943.0,3033.0,440613.28,161475.0,1302181.11,60.0,206.0,5261.0,5149.0,754.0,11144.0,7538.0,13397711.11,12373216.38,345.0,4527.0,1082987.0,4657623.04,1444.0,559.0,12.0,8.31,8.75,75.14,9.9,76.32,13.37,1751.57,425.78,1240.72,1.953,1.617,2.676,2.167,0.2505,1.487,2.944,1.987,13.872,0.047,82.363,80.609,425.7758,1240.7219,53.4859,0.6691,3.6493,0.3386,108.5181,2.5049,0.3591,13.5699,0.9847,86.0483,6.5577,2.1182,118.0099,209.7456,193.7068,14.6436,3.1,19.2
510704,Primavera do Leste,51013,Sul Matogrossense,5101,Sul,2022,85146.0,IBGE Censo 2022,6.0,12.0,12.0,False,True,130371675.38,29835198.67,84384590.97,9284880.57,125448563.63,4923111.75,78758604.4,139.94,112.58,252.22,23.93,213.67,1046.23,120.17,9.67,1075.08,46.25,16.25,2.0,0.0,16.0,0.0,15.0,105821.0,21395.0,211190.0,189206.0,70803.0,34386.0,68881.0,22253.0,67372.0,149262.0,922367.0,5177471.13,311088.0,2851973.36,4476.0,4550.0,7754.0,1450241.17,177519.0,2457645.51,15.0,233.0,4491.0,4783.0,980.0,9545.0,3461.0,5505207.24,7090915.66,138.0,3648.0,1105369.0,6752656.56,1514.0,387.0,17.0,11.23,4.55,75.94,8.85,72.72,11.36,1531.15,350.4,991.06,1.644,1.322,2.509,1.411,0.1879,1.243,2.48,2.222,10.833,0.091,52.745,56.174,350.4005,991.0576,60.4108,3.7762,2.9622,0.281,126.2631,1.8791,0.2513,14.6982,0.809,81.2291,3.0728,2.1254,40.6478,64.6561,83.2795,20.4892,4.7,27.0
510704,Primavera do Leste,51013,Sul Matogrossense,5101,Sul,2023,88951.0,interpolada (Censo 2022 x IBGE 2024),6.0,12.0,12.0,False,True,153849032.74,45057217.12,88681589.86,11936050.34,152675573.33,1173459.41,99087163.94,144.04,131.31,272.87,25.48,222.29,1124.42,92.67,8.0,1030.0,50.17,17.0,2.0,0.0,17.0,0.0,15.58,118579.0,28797.0,235676.0,224538.0,76412.0,39171.0,68779.0,24128.0,67002.0,164910.0,1050679.0,5439102.62,319054.0,2783784.43,4457.0,4632.0,14513.0,3077808.15,231353.0,3736082.19,15.0,322.0,4472.0,4954.0,1151.0,9292.0,2818.0,4590309.18,6981848.61,111.0,3473.0,1254683.0,8637150.44,1581.0,386.0,12.0,7.59,4.339,84.85,10.56,76.34,10.75,1729.59,506.54,996.97,1.619,1.476,2.499,1.042,0.1911,1.333,2.65,2.524,11.812,0.163,50.275,55.694,506.5397,996.9713,64.4055,0.7627,3.0676,0.2864,115.7941,1.9112,0.3237,15.2612,0.7732,77.661,2.4821,2.0778,31.6804,51.6049,78.491,23.2338,5.8,31.4
510704,Primavera do Leste,51013,Sul Matogrossense,5101,Sul,2024,92927.0,IBGE estimativa,6.0,12.0,12.0,False,True,189741705.6,45774153.92,117968084.57,16645332.67,186503518.03,3238187.57,119874355.81,160.25,171.16,311.75,27.25,222.21,1254.28,129.67,8.0,1183.75,55.75,17.67,2.0,0.0,17.0,0.0,16.92,132851.0,27991.0,261634.0,333476.0,88489.0,42651.0,85785.0,23597.0,86363.0,185897.0,1243390.0,6320790.77,344546.0,3159615.87,5335.0,5559.0,14754.0,3331931.98,224737.0,3922404.04,39.0,290.0,5374.0,5849.0,1148.0,10301.0,2952.0,5217308.72,7805580.5,77.0,3783.0,1471320.0,9827704.35,1479.0,424.0,10.0,6.76,4.56,84.55,10.07,77.96,11.83,2041.84,492.58,1269.47,1.724,1.842,2.391,1.395,0.1829,1.43,2.815,3.589,13.38,0.159,57.83,62.942,492.5819,1269.4705,63.1777,1.7066,3.3548,0.2932,127.3849,1.8294,0.3012,15.9547,0.9231,70.3945,1.4328,1.9168,31.7669,56.1442,83.9969,19.6273,5.1,26.5
510704,Primavera do Leste,51013,Sul Matogrossense,5101,Sul,2025,96006.0,IBGE estimativa,6.0,12.0,12.0,False,True,191854993.0,52752250.46,112255422.15,15761659.06,188317398.63,3537594.37,132732158.19,175.15,176.29,347.82,29.42,222.12,1348.54,134.67,8.0,1255.0,62.0,19.0,2.0,0.0,17.0,0.0,17.0,141814.0,29415.0,284181.0,330509.0,96748.0,44028.0,110315.0,25827.0,104472.0,188953.0,1558300.0,6612657.6,87643.0,1150659.66,6411.0,6140.0,16250.0,3501932.54,396039.0,3906714.64,35.0,320.0,6446.0,6460.0,1207.0,12471.0,2844.0,6644422.64,8912178.99,65.0,4688.0,1805171.0,10334034.79,,,,,,,,,,1998.36,549.47,1169.25,1.824,1.836,2.314,1.403,0.1771,1.477,2.96,3.443,16.231,0.169,67.142,67.287,549.4683,1169.2542,69.1836,1.8439,3.6229,0.3064,130.721,1.7707,0.3064,,1.149,72.7273,1.0084,1.9347,29.6231,69.2084,92.8294,18.6842,5.3,25.3
510706,Querência,51006,Médio Araguaia,5104,Leste,2020,17937.0,IBGE estimativa,6.0,12.0,12.0,False,True,32555977.35,32046960.83,0.0,509016.52,31184872.19,1371105.16,21098441.85,18.06,25.0,63.5,7.63,82.75,283.77,26.0,0.0,55.83,24.83,9.5,1.0,0.0,6.67,0.25,6.42,49716.0,6003.0,102067.0,55991.0,33562.0,12363.0,22056.0,7557.0,24968.0,22120.0,139891.0,748414.5,9249.0,95265.78,1181.0,1314.0,1323.0,173265.86,13101.0,266673.18,0.0,3.0,1181.0,1317.0,211.0,3109.0,0.0,733389.37,1093734.47,8.0,1180.0,166791.0,957254.36,485.0,92.0,5.0,10.31,5.13,60.0,4.54,61.86,14.85,1815.02,1786.64,0.0,1.007,1.394,4.613,1.45,0.3719,2.772,5.69,3.122,7.799,0.074,65.842,73.424,1786.64,0.0,64.8067,4.2115,3.5402,0.4254,31.1256,3.7186,0.3347,15.5814,1.2296,99.9153,0.6774,2.6325,0.0,40.887,60.9764,16.0213,5.4,41.8
510706,Querência,51006,Médio Araguaia,5104,Leste,2021,18386.0,IBGE estimativa,6.0,12.0,12.0,False,True,50655914.92,45587229.1,0.0,5068685.82,47563319.37,3092595.55,36813340.24,23.91,35.56,79.68,9.38,91.67,387.94,32.67,6.67,94.58,25.58,10.0,1.0,0.0,7.67,1.0,7.67,71182.0,10491.0,160937.0,89572.0,48178.0,16412.0,28525.0,8787.0,29605.0,9028.0,182301.0,989926.64,19990.0,190709.24,1255.0,1529.0,744.0,93216.97,18007.0,215771.4,0.0,9.0,1255.0,1538.0,434.0,3577.0,1472.0,3345443.31,2482777.35,67.0,1255.0,193955.0,1120995.36,510.0,123.0,10.0,19.61,6.69,64.36,6.08,68.04,18.31,2755.14,2479.45,0.0,1.3,1.934,4.986,1.777,0.4172,3.872,8.753,4.872,9.915,0.04,68.258,83.651,2479.4533,0.0,72.6733,6.1051,4.3337,0.5102,51.4413,4.1717,0.5706,17.2294,1.5515,100.0,5.3386,2.8502,80.0609,181.956,135.0363,28.2185,4.1,58.9
510706,Querência,51006,Médio Araguaia,5104,Leste,2022,26769.0,IBGE Censo 2022,6.0,12.0,12.0,False,True,61293298.45,55282202.55,0.0,6011095.9,58771598.61,2521699.84,43363511.33,30.96,41.74,91.26,12.5,93.58,432.41,28.5,1.67,102.0,26.83,10.0,1.0,0.0,7.58,1.0,8.0,72133.0,12731.0,165876.0,87896.0,42804.0,23593.0,33434.0,10475.0,33530.0,10275.0,233159.0,1310474.49,22892.0,295355.0,1422.0,1850.0,1178.0,132747.06,4471.0,199963.15,0.0,10.0,1422.0,1860.0,578.0,3510.0,435.0,1410187.89,1483794.79,15.0,1422.0,248365.0,1491816.45,552.0,93.0,6.0,10.87,3.47,68.43,7.97,68.3,15.58,2289.71,2065.16,0.0,1.157,1.559,3.496,1.065,0.2832,2.695,6.197,3.283,8.71,0.044,53.121,69.483,2065.1576,0.0,70.7476,4.1142,3.4092,0.467,38.1038,2.8316,0.4756,18.9764,1.249,100.0,1.0549,2.4684,16.2501,52.6799,55.4296,31.0753,5.4,67.8
510706,Querência,51006,Médio Araguaia,5104,Leste,2023,28253.0,interpolada (Censo 2022 x IBGE 2024),6.0,12.0,12.0,False,True,63120494.86,61140091.84,0.0,1980403.02,59182966.91,3937527.95,50184179.02,31.27,45.0,85.15,12.08,77.21,415.09,30.17,0.0,126.83,27.25,10.25,1.0,0.0,6.92,1.0,7.92,76238.0,14651.0,157821.0,63696.0,42487.0,28847.0,33768.0,9319.0,33615.0,12908.0,314327.0,1816358.69,36981.0,419722.89,1816.0,2242.0,838.0,94017.76,6342.0,196012.97,0.0,20.0,1816.0,2262.0,607.0,4996.0,0.0,846358.19,1728174.79,10.0,1816.0,331256.0,1959189.15,556.0,79.0,6.0,10.79,2.796,70.32,5.94,73.02,15.11,2234.12,2164.02,0.0,1.107,1.593,2.733,1.068,0.2449,2.698,5.586,2.254,11.125,0.03,64.276,80.062,2164.0212,0.0,79.5054,6.2381,3.0138,0.4276,44.8908,2.4493,0.5186,16.7608,1.1952,100.0,0.5507,2.7511,0.0,29.9564,61.1678,26.8347,6.6,65.5
510706,Querência,51006,Médio Araguaia,5104,Leste,2024,29820.0,IBGE estimativa,6.0,12.0,12.0,False,True,71658073.95,70304619.16,0.0,1353454.79,65824577.49,5833496.46,61352763.64,31.64,44.72,84.71,13.92,93.79,431.06,29.0,0.0,180.67,28.0,11.0,1.0,0.0,6.92,1.0,8.08,78756.0,16502.0,164340.0,108188.0,44902.0,27830.0,30349.0,8766.0,32945.0,19705.0,323386.0,1827689.25,40484.0,430080.03,1884.0,2335.0,693.0,79153.13,2136.0,288341.77,0.0,43.0,1884.0,2378.0,672.0,5621.0,0.0,885323.45,2092266.41,24.0,1884.0,346464.0,1969565.03,539.0,99.0,8.0,14.84,3.32,72.36,7.98,79.59,16.7,2403.02,2357.63,0.0,1.061,1.5,3.145,0.973,0.2321,2.641,5.511,3.628,10.845,0.023,63.179,79.745,2357.6331,0.0,85.6188,8.1407,2.8407,0.4668,60.5869,2.3206,0.5534,16.2635,1.0177,100.0,1.2739,2.9835,0.0,29.6889,70.1632,28.259,7.4,70.1
510706,Querência,51006,Médio Araguaia,5104,Leste,2025,31100.0,IBGE estimativa,6.0,12.0,12.0,False,True,79884800.07,74560756.37,4940743.44,0.0,71499118.94,8385681.13,61298014.97,36.94,46.56,90.43,12.19,98.83,453.18,18.75,0.0,185.92,28.0,11.0,1.0,0.0,7.0,1.0,8.0,111945.0,17489.0,207690.0,146504.0,61944.0,43948.0,31221.0,8942.0,35651.0,72786.0,388488.0,2304696.18,97709.0,1296085.37,1824.0,2287.0,1484.0,140789.92,9080.0,403096.81,0.0,44.0,1824.0,2331.0,618.0,4356.0,0.0,926976.66,1956014.14,29.0,1823.0,621461.0,3498932.95,,,,,,,,,,2568.64,2397.45,158.87,1.188,1.497,3.178,0.603,0.2251,3.6,6.678,4.711,12.492,0.048,58.65,74.952,2397.452,158.8663,76.733,10.4972,2.9077,0.392,59.7814,2.2508,0.5623,,1.0039,99.9452,1.5899,2.3882,0.0,29.8063,62.8943,26.5122,8.8,71.3
510710,São José dos Quatro Marcos,51011,Oeste Matogrossense,5102,Oeste,2020,18846.0,IBGE estimativa,6.0,12.0,11.0,False,False,13761104.66,4406007.24,6307945.24,1835670.5,13419089.97,342014.69,8592164.55,13.03,9.63,18.29,2.17,54.0,147.13,23.25,0.0,50.58,16.75,5.33,0.75,0.5,4.0,0.0,2.58,4448.0,87.0,5776.0,22575.0,3084.0,1364.0,10020.0,2802.0,9785.0,97852.0,0.0,0.0,4249.0,60542.66,0.0,547.0,0.0,0.0,64667.0,870811.92,0.0,12.0,0.0,559.0,559.0,0.0,0.0,0.0,772064.87,0.0,0.0,97998.0,0.0,212.0,152.0,5.0,23.58,8.07,72.64,8.96,87.26,11.32,730.19,233.79,334.71,0.691,0.511,2.865,1.234,0.2122,0.236,0.306,1.198,0.0,0.0,0.0,29.661,233.79,334.71,62.438,2.4854,0.9705,0.1151,26.8386,2.1225,0.0046,13.217,0.5317,,,,0.0,0.0,40.967,100.0,13.1,95.5
510710,São José dos Quatro Marcos,51011,Oeste Matogrossense,5102,Oeste,2021,18788.0,IBGE estimativa,6.0,12.0,12.0,False,True,16248270.59,4377489.6,9486889.37,1059053.63,15398435.95,849834.64,11136101.97,15.34,12.13,18.81,2.44,52.17,150.59,35.0,0.0,54.5,16.75,5.08,1.0,1.0,4.0,0.0,2.5,27765.0,1463.0,43623.0,88991.0,18262.0,9503.0,9205.0,3294.0,8834.0,36935.0,62220.0,337539.88,12690.0,80503.46,0.0,691.0,0.0,0.0,47577.0,825784.6,0.0,10.0,0.0,701.0,701.0,0.0,0.0,0.0,1594448.65,0.0,0.0,114860.0,414131.23,215.0,201.0,3.0,13.95,10.7,74.42,8.37,86.51,9.3,864.82,232.99,504.94,0.816,0.646,2.777,1.863,0.2129,1.478,2.322,4.737,3.312,0.0,0.0,37.311,232.9939,504.9441,68.5372,5.2303,1.0012,0.1299,29.0079,2.129,0.0779,15.3209,0.4899,,,,0.0,0.0,84.8653,100.0,17.3,97.1
510710,São José dos Quatro Marcos,51011,Oeste Matogrossense,5102,Oeste,2022,17849.0,IBGE Censo 2022,6.0,12.0,12.0,False,True,20167347.59,5098111.86,11847313.36,1449337.77,19701407.04,465940.55,13827576.08,10.6,11.55,20.78,2.94,50.25,150.76,27.0,0.0,66.33,16.92,4.92,1.0,1.83,4.75,0.0,3.0,31617.0,2174.0,58087.0,77386.0,22416.0,9201.0,10891.0,3504.0,10497.0,26772.0,87892.0,391541.13,10980.0,88310.62,0.0,631.0,0.0,0.0,20564.0,834550.13,0.0,20.0,0.0,651.0,651.0,0.0,0.0,0.0,903996.05,0.0,0.0,122625.0,430121.43,203.0,153.0,4.0,19.7,8.57,77.34,7.39,83.74,14.78,1129.89,285.62,663.75,0.594,0.647,2.815,1.513,0.2661,1.771,3.254,4.336,4.924,0.0,0.0,36.473,285.6245,663.7522,68.5642,2.3104,1.1642,0.1647,37.1617,2.6612,0.1218,17.2611,0.6102,,,,0.0,0.0,50.6469,100.0,17.5,102.1
510710,São José dos Quatro Marcos,51011,Oeste Matogrossense,5102,Oeste,2023,17839.0,interpolada (Censo 2022 x IBGE 2024),6.0,12.0,12.0,False,True,19536942.54,6913970.47,9152292.96,1455478.85,19409138.05,127804.49,11472348.79,11.82,10.93,24.23,3.0,51.0,153.92,23.0,0.0,78.0,17.92,5.0,1.0,1.58,5.0,0.0,2.83,31946.0,2404.0,67786.0,81687.0,25397.0,6549.0,10065.0,3120.0,9764.0,30135.0,90042.0,384480.39,14572.0,134917.68,0.0,847.0,84.0,22099.17,42568.0,848280.19,0.0,20.0,0.0,867.0,867.0,0.0,0.0,0.0,1398963.36,0.0,0.0,144305.0,524627.16,179.0,140.0,3.0,16.76,7.848,77.65,8.38,79.89,11.17,1095.18,387.58,513.05,0.663,0.613,2.859,1.289,0.2803,1.791,3.8,4.579,5.047,0.005,0.0,48.601,387.5761,513.0497,58.7213,0.6542,1.3583,0.1682,43.7244,2.8028,0.1348,17.4302,0.5642,,,,0.0,0.0,78.4216,100.0,17.3,103.5
510710,São José dos Quatro Marcos,51011,Oeste Matogrossense,5102,Oeste,2024,17830.0,IBGE estimativa,6.0,12.0,12.0,False,True,24316506.83,8386348.87,12424492.53,1155366.38,22903193.09,1413313.74,14509961.42,19.21,14.59,28.55,3.17,50.67,185.94,14.75,0.0,99.58,19.0,5.0,1.0,1.0,5.0,0.0,3.17,32102.0,1350.0,73711.0,97385.0,24215.0,7840.0,12105.0,3172.0,12184.0,34242.0,79709.0,389987.17,76709.0,453518.74,0.0,844.0,1095.0,206374.56,15885.0,972377.6,0.0,27.0,0.0,871.0,871.0,0.0,0.0,0.0,1473175.05,0.0,0.0,162112.0,828006.88,189.0,131.0,4.0,21.16,7.35,82.01,8.47,87.83,11.64,1363.8,470.35,696.83,1.077,0.818,2.842,0.827,0.2804,1.8,4.134,5.462,4.47,0.061,0.0,48.85,470.3505,696.8308,59.6712,5.8122,1.6012,0.1778,55.8497,2.8043,0.0757,16.7831,0.6789,,,,0.0,0.0,82.6234,100.0,17.9,104.8
510710,São José dos Quatro Marcos,51011,Oeste Matogrossense,5102,Oeste,2025,17721.0,IBGE estimativa,6.0,12.0,12.0,False,True,26451032.81,10668480.88,12021640.3,1350247.26,24864349.62,1586683.19,17828098.6,19.05,15.19,30.4,3.17,51.0,189.64,13.33,0.0,99.25,20.17,5.0,1.0,1.5,5.0,0.0,2.92,36999.0,1880.0,80787.0,111448.0,28918.0,7844.0,12805.0,3096.0,13095.0,35472.0,86304.0,343583.98,49959.0,322870.71,0.0,702.0,392.0,76813.8,108939.0,915925.64,0.0,63.0,0.0,765.0,765.0,0.0,0.0,0.0,1304854.21,0.0,0.0,152931.0,570828.28,,,,,,,,,,1492.64,602.02,678.38,1.075,0.857,2.878,0.752,0.2822,2.088,4.559,6.289,4.87,0.022,0.0,43.169,602.0248,678.3839,67.4004,5.9986,1.7155,0.1789,56.007,2.8215,0.1061,,0.7226,,,,0.0,0.0,73.6332,100.0,25.1,115.6
510715,Reserva do Cabaçal,51011,Oeste Matogrossense,5102,Oeste,2020,2743.0,IBGE estimativa,6.0,12.0,12.0,False,True,3846472.18,3548335.35,8062.0,250052.23,3811256.48,35215.7,2826595.59,1.38,4.58,8.17,1.67,13.0,43.29,0.0,0.0,5.0,4.0,1.0,0.0,0.0,1.0,0.0,1.0,3445.0,179.0,6116.0,6048.0,1995.0,1450.0,2069.0,450.0,2252.0,0.0,489.0,2543.42,778.0,5092.26,0.0,98.0,0.0,0.0,11778.0,97242.63,0.0,0.0,0.0,98.0,98.0,0.0,0.0,0.0,77124.22,0.0,0.0,723.0,2543.42,17.0,13.0,0.0,0.0,4.74,58.82,17.65,82.35,23.53,1402.29,1293.6,2.94,0.503,1.67,4.739,0.0,0.3646,1.256,2.23,2.205,0.178,0.0,0.0,35.727,1293.5966,2.9391,73.4854,0.9155,2.9785,0.6088,18.2282,3.6456,0.0653,26.4706,0.7543,,,,0.0,0.0,28.1167,100.0,5.1,136.3
510715,Reserva do Cabaçal,51011,Oeste Matogrossense,5102,Oeste,2021,2754.0,IBGE estimativa,6.0,12.0,12.0,False,True,4054372.49,3932893.55,0.0,23030.66,3810366.49,244006.0,2565892.47,2.08,3.5,8.33,1.75,12.83,51.54,0.0,0.0,5.0,4.0,1.0,0.0,0.0,1.0,0.0,1.0,6235.0,608.0,9248.0,4639.0,3647.0,2585.0,1166.0,469.0,1341.0,0.0,615.0,3506.6,1465.0,9687.3,0.0,105.0,0.0,0.0,11703.0,165847.54,0.0,7.0,0.0,112.0,112.0,0.0,0.0,0.0,201959.73,0.0,0.0,1032.0,3694.7,23.0,21.0,0.0,0.0,7.63,78.26,8.7,65.22,8.7,1472.18,1428.07,0.0,0.755,1.271,4.659,0.0,0.3631,2.264,3.358,1.684,0.223,0.0,0.0,40.668,1428.0659,0.0,63.287,6.0183,3.0247,0.6354,18.1554,3.6311,0.2208,20.3913,0.4234,,,,0.0,0.0,73.3332,100.0,15.2,152.0
510715,Reserva do Cabaçal,51011,Oeste Matogrossense,5102,Oeste,2022,2122.0,IBGE Censo 2022,6.0,12.0,12.0,False,True,5301751.27,4823898.49,155900.29,185049.61,5175549.26,126202.01,3605652.85,2.27,5.08,8.75,2.0,14.58,58.48,0.0,0.0,5.83,4.0,1.0,0.0,0.0,1.0,0.0,1.0,9126.0,557.0,13709.0,6780.0,5235.0,3891.0,1436.0,486.0,1471.0,0.0,628.0,3072.61,876.0,9137.22,0.0,102.0,0.0,0.0,3160.0,56508.56,0.0,2.0,0.0,104.0,104.0,0.0,0.0,0.0,145656.53,0.0,0.0,4006.0,16917.76,22.0,27.0,0.0,0.0,12.72,86.36,0.0,77.27,9.09,2498.47,2273.28,73.47,1.07,2.394,6.871,0.0,0.4713,4.301,6.46,3.195,0.296,0.0,0.0,49.01,2273.2792,73.4686,68.0087,2.3804,4.1235,0.9425,27.4741,4.7125,0.2625,22.0909,0.6767,,,,0.0,0.0,68.6412,100.0,9.6,148.9
510715,Reserva do Cabaçal,51011,Oeste Matogrossense,5102,Oeste,2023,2092.0,interpolada (Censo 2022 x IBGE 2024),6.0,12.0,12.0,False,True,5865189.5,5054862.08,454457.28,109730.42,5575889.92,289299.58,4210357.01,2.36,5.83,9.58,1.33,15.17,64.78,0.0,0.0,7.58,4.17,1.0,0.0,0.0,1.0,0.0,1.0,9736.0,462.0,14428.0,6914.0,5490.0,4246.0,1892.0,541.0,2019.0,0.0,3255.0,14736.25,1392.0,17335.54,0.0,148.0,2.0,537.5,3589.0,119792.6,0.0,4.0,0.0,152.0,152.0,0.0,0.0,0.0,224637.04,0.0,0.0,6548.0,28727.85,32.0,20.0,1.0,31.25,9.56,81.25,18.75,96.88,6.25,2803.63,2416.28,217.24,1.128,2.787,7.251,0.0,0.478,4.654,6.897,3.305,1.556,0.001,0.0,72.658,2416.2821,217.2358,71.7855,4.9325,4.5793,0.6358,36.2333,4.7801,0.2208,16.9062,0.9044,,,,0.0,0.0,107.3791,100.0,15.1,153.0
510715,Reserva do Cabaçal,51011,Oeste Matogrossense,5102,Oeste,2024,2062.0,IBGE estimativa,6.0,12.0,12.0,False,True,6679184.57,5917502.87,378287.84,52876.48,6367201.32,311983.25,4311173.27,2.21,6.92,11.83,1.0,17.25,71.63,0.0,0.0,16.0,5.0,1.0,0.0,0.0,1.0,0.0,1.0,9777.0,399.0,14091.0,8510.0,5936.0,3841.0,2016.0,454.0,1999.0,1.0,5774.0,30651.42,2187.0,20118.26,0.0,147.0,27.0,5788.62,443.0,91537.97,0.0,5.0,0.0,152.0,152.0,0.0,0.0,0.0,179334.48,0.0,0.0,15089.0,78574.44,18.0,17.0,2.0,111.11,8.24,83.33,11.11,77.78,5.56,3239.18,2869.79,183.46,1.072,3.356,8.366,0.0,0.485,4.742,6.834,4.127,2.8,0.013,0.0,73.715,2869.788,183.4568,64.5464,4.671,5.7371,0.485,77.5946,4.8497,0.1935,25.2222,0.9777,,,,0.0,0.0,86.9711,100.0,10.5,145.3
510715,Reserva do Cabaçal,51011,Oeste Matogrossense,5102,Oeste,2025,2020.0,IBGE estimativa,6.0,12.0,12.0,False,True,8391907.23,6875218.76,1090424.28,26681.38,8002997.25,388909.98,6721901.89,3.06,9.08,10.56,1.0,14.67,70.21,0.0,0.0,16.75,5.0,1.0,0.0,0.0,1.0,0.0,1.0,10311.0,270.0,15345.0,13239.0,6328.0,3959.0,1905.0,484.0,2040.0,0.0,10850.0,51418.06,2104.0,24147.68,0.0,171.0,76.0,9819.93,4692.0,150527.46,0.0,7.0,0.0,178.0,178.0,0.0,0.0,0.0,214825.07,0.0,0.0,17695.0,91942.84,,,,,,,,,,4154.41,3403.57,539.81,1.515,4.495,7.262,0.0,0.495,5.104,7.597,6.554,5.371,0.038,0.0,88.119,3403.5736,539.814,80.0998,4.6343,5.2277,0.495,82.9208,4.9505,0.1337,,0.9431,,,,0.0,0.0,106.349,100.0,14.0,148.5
510718,Ribeirão Cascalheira,51006,Médio Araguaia,5104,Leste,2020,10329.0,IBGE estimativa,6.0,12.0,12.0,False,True,11987022.17,11109792.22,10671.6,0.0,11170937.17,816085.0,7194676.76,5.25,9.02,27.33,3.22,37.17,131.89,34.0,0.0,14.08,10.5,3.0,1.0,0.0,2.0,0.0,1.83,10406.0,810.0,14709.0,8262.0,8103.0,421.0,4577.0,1877.0,5538.0,42483.0,49439.0,327477.8,4474.0,61349.98,271.0,436.0,0.0,0.0,2025.0,1949.58,0.0,2.0,271.0,438.0,212.0,1106.0,0.0,103529.39,251270.13,3.0,271.0,93167.0,351027.8,171.0,58.0,2.0,11.7,5.62,67.25,4.68,60.82,23.98,1160.52,1075.59,1.03,0.508,0.873,3.599,3.292,0.1936,1.007,1.424,0.8,4.786,0.0,26.237,42.405,1075.5922,1.0332,60.0206,6.8081,2.6459,0.3117,13.6315,1.9363,0.0784,10.9766,0.4431,100.0,1.107,4.0812,0.0,10.0232,24.3267,48.4018,3.7,74.0
510718,Ribeirão Cascalheira,51006,Médio Araguaia,5104,Leste,2021,10450.0,IBGE estimativa,6.0,12.0,12.0,False,True,12855620.8,11639710.84,46672.52,0.0,12685874.18,169746.62,8457400.85,6.86,11.63,28.59,3.3,39.5,150.38,44.67,0.0,47.0,12.0,3.83,1.0,0.0,2.0,0.0,2.0,11832.0,1787.0,21312.0,17143.0,9641.0,1235.0,5112.0,2376.0,5599.0,47870.0,42423.0,264659.68,5409.0,45151.4,296.0,667.0,0.0,0.0,3096.0,12212.26,0.0,2.0,296.0,669.0,379.0,1112.0,0.0,125874.98,543219.31,4.0,185.0,91293.0,272009.68,158.0,104.0,2.0,12.66,9.95,69.62,6.96,64.56,27.85,1230.2,1113.85,4.47,0.656,1.113,3.78,4.275,0.1914,1.132,2.039,1.64,4.06,0.0,28.325,64.019,1113.8479,4.4663,65.7876,1.3204,2.7359,0.3158,44.9761,1.9139,0.171,15.038,0.4892,62.5,1.3514,3.7568,0.0,12.0455,51.9827,56.6517,2.7,81.9
510718,Ribeirão Cascalheira,51006,Médio Araguaia,5104,Leste,2022,10089.0,IBGE Censo 2022,6.0,12.0,12.0,False,True,16679638.65,15150382.64,0.0,0.0,15461110.65,1218528.0,16679638.65,8.5,11.42,26.62,3.16,40.42,142.2,43.0,0.0,49.0,13.33,4.67,1.0,0.0,2.33,0.0,2.0,16382.0,2706.0,26913.0,39724.0,12358.0,2100.0,6594.0,2455.0,7406.0,284878.0,108475.0,824634.46,7761.0,72301.71,365.0,827.0,0.0,0.0,269.0,26896.81,0.0,3.0,365.0,830.0,466.0,978.0,0.0,136455.36,607414.38,0.0,18.0,394571.0,850614.46,162.0,61.0,0.0,0.0,6.05,70.81,6.79,66.67,16.67,1653.25,1501.67,0.0,0.843,1.132,4.006,4.262,0.2309,1.624,2.668,3.937,10.752,0.0,36.178,82.268,1501.6734,0.0,100.0,7.3055,2.6385,0.3132,48.5677,2.3094,0.2682,15.1543,0.6536,4.9315,0.0,2.6795,0.0,13.5252,60.2056,56.1446,1.9,77.5
510718,Ribeirão Cascalheira,51006,Médio Araguaia,5104,Leste,2023,10259.0,interpolada (Censo 2022 x IBGE 2024),6.0,12.0,12.0,False,True,16013938.9,14872165.76,0.0,0.0,15712662.62,301276.28,16013938.9,10.25,12.01,28.47,3.27,38.83,144.99,43.0,0.0,49.08,14.92,5.92,1.0,0.0,4.0,0.0,2.0,25867.0,3194.0,48948.0,37385.0,19860.0,3388.0,6223.0,2103.0,8714.0,90546.0,61586.0,412331.24,9213.0,81143.81,248.0,674.0,0.0,0.0,1485.0,43051.86,0.0,7.0,248.0,681.0,434.0,725.0,0.0,94608.47,588895.13,1.0,2.0,153776.0,424121.24,149.0,46.0,0.0,0.0,4.484,73.83,5.37,64.43,18.79,1560.96,1449.67,0.0,0.999,1.171,3.785,4.191,0.3899,2.521,4.771,3.644,6.003,0.0,24.174,66.381,1449.6701,0.0,100.0,1.8813,2.7751,0.3187,47.8409,3.899,0.3113,14.1141,0.6066,0.8065,0.4032,2.9234,0.0,9.222,57.4028,63.7298,5.7,100.9
510718,Ribeirão Cascalheira,51006,Médio Araguaia,5104,Leste,2024,10431.0,IBGE estimativa,6.0,12.0,12.0,False,True,25801885.42,19127835.45,5592824.35,0.0,17317789.39,8484096.03,12499504.96,10.43,12.42,29.63,3.0,37.59,150.47,43.0,0.0,50.08,14.0,5.0,1.0,0.0,4.08,0.0,2.0,27068.0,2203.0,53417.0,43615.0,19763.0,3540.0,7461.0,1846.0,11090.0,82386.0,68213.0,445309.59,10006.0,117835.11,254.0,782.0,0.0,0.0,3471.0,153271.18,0.0,11.0,254.0,793.0,539.0,670.0,0.0,95712.23,815372.0,0.0,2.0,158907.0,484632.39,131.0,74.0,6.0,45.8,7.09,84.73,6.87,74.81,17.56,2473.58,1833.75,536.17,1.0,1.191,3.604,4.122,0.3911,2.595,5.121,4.181,6.539,0.0,24.35,76.023,1833.749,536.1734,48.4442,32.8817,2.8406,0.2876,48.0107,3.9114,0.2112,14.0916,0.7153,0.7874,0.0,2.6378,0.0,9.1757,78.1682,67.9697,7.1,107.9
510718,Ribeirão Cascalheira,51006,Médio Araguaia,5104,Leste,2025,10541.0,IBGE estimativa,6.0,12.0,12.0,False,True,23505555.33,20940772.57,1143309.4,0.0,21204292.48,2301262.85,13847893.17,10.79,11.08,30.13,5.0,35.01,150.23,23.08,0.0,64.92,15.58,5.0,1.0,0.0,5.0,0.0,4.0,26279.0,4874.0,58900.0,46539.0,19873.0,2739.0,7600.0,1808.0,11059.0,38860.0,180323.0,912277.96,19348.0,221677.11,814.0,1268.0,0.0,0.0,8875.0,338953.69,0.0,7.0,814.0,1275.0,463.0,1761.0,0.0,317747.46,1000039.2,1.0,0.0,235051.0,1039833.61,,,,,,,,,,2229.92,1986.6,108.46,1.024,1.051,3.321,2.19,0.4743,2.493,5.588,4.415,17.107,0.0,77.222,120.956,1986.6021,108.4631,58.9133,9.7903,2.8584,0.4743,61.5881,4.7434,0.4624,,0.721,0.0,0.1229,2.1634,0.0,30.144,94.8714,36.3137,5.7,60.5
510719,Ribeirãozinho,51005,Garças Araguaia,5104,Leste,2020,2422.0,IBGE estimativa,6.0,12.0,12.0,False,True,4949017.72,1560923.39,2789030.46,412027.88,4871235.87,77781.85,2936084.3,5.23,6.02,9.74,1.0,9.83,61.56,15.0,0.0,20.0,7.0,2.0,1.0,0.0,1.0,0.0,1.0,6188.0,323.0,13717.0,5664.0,4949.0,811.0,1878.0,709.0,1885.0,2846.0,16603.0,59559.7,7134.0,39459.99,58.0,128.0,0.0,0.0,30.0,2110.88,0.0,1.0,58.0,129.0,78.0,192.0,0.0,23826.84,150716.09,0.0,58.0,20896.0,61955.5,42.0,17.0,0.0,0.0,7.02,83.33,7.14,83.33,23.81,2043.36,644.48,1151.54,2.159,2.486,4.059,6.193,0.4129,2.555,5.664,2.339,6.855,0.0,23.947,53.262,644.477,1151.5402,59.3266,1.5717,4.0215,0.4129,82.5764,4.1288,0.1334,16.881,0.7754,100.0,0.0,3.3103,0.0,9.8377,62.2279,60.4651,8.5,63.3
510719,Ribeirãozinho,51005,Garças Araguaia,5104,Leste,2021,2439.0,IBGE estimativa,6.0,12.0,12.0,False,True,5908847.94,2092654.48,3033495.16,482413.5,5320155.6,588692.34,4152709.18,4.56,5.13,9.12,1.0,10.5,63.27,15.0,0.0,20.0,7.0,2.0,1.0,0.0,1.0,0.0,1.0,4736.0,358.0,6292.0,4576.0,4201.0,421.0,1934.0,594.0,1843.0,3768.0,17995.0,59607.64,7360.0,43508.92,32.0,90.0,0.0,0.0,120.0,39008.52,0.0,1.0,32.0,91.0,60.0,150.0,0.0,23495.39,204534.54,0.0,32.0,23006.0,62909.29,27.0,24.0,0.0,0.0,9.84,81.48,7.41,74.07,18.52,2422.65,858.0,1243.75,1.87,2.103,4.305,6.15,0.41,1.942,2.58,1.876,7.378,0.0,13.12,37.31,857.9969,1243.7455,70.2795,9.9629,3.7392,0.41,82.0008,4.1,0.1468,22.0,0.7929,100.0,0.0,4.6875,0.0,9.6332,83.86,65.9341,12.1,92.8
510719,Ribeirãozinho,51005,Garças Araguaia,5104,Leste,2022,2593.0,IBGE Censo 2022,6.0,12.0,12.0,False,True,6271288.14,2240636.31,2921083.64,799856.66,5762503.94,508784.2,4370963.08,4.39,5.05,9.48,1.0,11.42,62.44,15.0,0.0,20.0,7.0,2.0,1.0,0.0,1.0,0.0,1.0,6287.0,1123.0,7346.0,7721.0,5730.0,411.0,1694.0,638.0,1512.0,6583.0,25731.0,99364.28,13096.0,75380.81,33.0,89.0,0.0,0.0,1403.0,100882.68,0.0,2.0,33.0,91.0,58.0,129.0,0.0,11166.92,102758.31,0.0,33.0,34002.0,105497.33,16.0,16.0,1.0,62.5,6.17,87.5,0.0,81.25,18.75,2418.55,864.11,1126.53,1.693,1.948,4.404,5.785,0.3857,2.425,2.833,2.978,9.923,0.0,12.727,35.094,864.1096,1126.5267,69.698,8.1129,3.656,0.3857,77.1307,3.8565,0.4331,39.875,0.6533,100.0,0.0,3.9091,0.0,4.3066,39.6291,63.7363,15.4,86.7
510719,Ribeirãozinho,51005,Garças Araguaia,5104,Leste,2023,2644.0,interpolada (Censo 2022 x IBGE 2024),6.0,12.0,12.0,False,True,7172846.83,2088227.09,3276134.89,1447440.59,6794160.28,378686.55,4471570.29,4.33,5.98,9.9,1.0,13.0,64.92,15.0,0.0,20.08,7.0,2.0,1.0,0.0,1.0,0.0,1.0,7447.0,919.0,8786.0,7181.0,5950.0,1280.0,1701.0,591.0,1634.0,6230.0,27975.0,140067.14,16194.0,95754.06,52.0,141.0,0.0,0.0,2361.0,108725.05,0.0,8.0,52.0,149.0,97.0,221.0,0.0,17715.88,132617.38,1.0,47.0,35371.0,146130.89,22.0,16.0,1.0,45.45,6.051,77.27,4.55,77.27,13.64,2712.88,789.8,1239.08,1.638,2.262,4.917,5.673,0.3782,2.817,3.323,2.716,10.581,0.0,19.667,56.354,789.7984,1239.0828,62.3402,5.2794,3.7443,0.3782,75.9455,3.7821,0.3476,26.8636,0.6433,90.3846,1.9231,4.25,0.0,6.7004,50.1579,65.1007,14.1,79.2
510719,Ribeirãozinho,51005,Garças Araguaia,5104,Leste,2024,2697.0,IBGE estimativa,6.0,12.0,12.0,False,True,9859033.65,2878028.58,4833506.45,1723382.38,9119498.44,739535.21,5848381.09,7.99,5.9,12.68,1.46,13.08,70.43,15.0,0.0,23.33,7.0,2.0,1.0,0.0,1.0,0.0,1.0,7582.0,2432.0,11369.0,8959.0,5080.0,873.0,2092.0,629.0,2062.0,8834.0,31798.0,195322.56,6114.0,43442.44,41.0,159.0,0.0,0.0,5964.0,125811.4,0.0,4.0,41.0,163.0,123.0,254.0,0.0,16171.89,215379.09,0.0,38.0,41406.0,265118.46,32.0,20.0,0.0,0.0,7.42,71.88,3.13,90.63,12.5,3655.56,1067.12,1792.18,2.963,2.188,4.85,5.562,0.3708,2.811,4.215,3.322,11.79,0.0,15.202,60.438,1067.1222,1792.1789,59.32,7.5011,4.7015,0.5413,86.5035,3.7078,0.9017,19.6562,0.7757,92.6829,0.0,6.1951,0.0,5.9963,79.8588,75.4601,9.2,82.5
510719,Ribeirãozinho,51005,Garças Araguaia,5104,Leste,2025,2733.0,IBGE estimativa,6.0,12.0,12.0,False,True,10582158.43,3066259.96,4783292.42,2180835.81,10109304.87,472853.56,8171952.63,4.74,5.31,14.23,1.83,12.67,69.45,13.67,0.0,24.5,8.42,2.0,1.0,0.0,1.0,0.0,1.0,11028.0,1519.0,17199.0,7823.0,5740.0,1438.0,2450.0,565.0,2552.0,7489.0,22042.0,125260.15,6089.0,36426.0,71.0,155.0,0.0,0.0,5619.0,168593.67,0.0,4.0,71.0,159.0,92.0,366.0,0.0,33256.7,221605.84,3.0,58.0,30733.0,145570.9,,,,,,,,,,3871.99,1121.94,1750.2,1.734,1.943,4.636,5.002,0.3659,4.035,6.293,2.862,8.065,0.0,25.979,58.178,1121.9392,1750.1985,77.2239,4.4684,5.2067,0.6696,89.6451,3.659,0.5558,,0.8965,81.6901,4.2254,5.1549,0.0,12.1686,81.0852,57.8616,8.8,65.8
510720,Rio Branco,51011,Oeste Matogrossense,5102,Oeste,2020,5150.0,IBGE estimativa,6.0,12.0,12.0,False,True,5966152.06,2956102.16,1569364.26,860975.02,5697157.88,268994.18,3268956.73,3.13,5.0,14.0,2.0,16.0,57.25,18.0,0.0,13.0,6.0,2.0,1.0,0.0,2.0,0.0,2.0,8141.0,319.0,10476.0,2045.0,5279.0,2862.0,3197.0,1280.0,3279.0,0.0,4905.0,16005.77,1472.0,8192.6,65.0,245.0,0.0,0.0,18080.0,61476.45,0.0,2.0,65.0,247.0,185.0,137.0,0.0,20698.3,219286.91,0.0,65.0,5487.0,16005.77,70.0,37.0,1.0,14.29,7.18,81.43,11.43,68.57,15.71,1158.48,574.0,304.73,0.608,0.971,3.107,3.495,0.3883,1.581,2.034,0.397,0.952,0.0,12.621,47.961,574.0004,304.7309,54.7917,4.5087,2.7184,0.3883,25.2427,3.8835,0.0619,18.2857,0.6208,100.0,0.0,2.1077,0.0,4.0191,42.58,74.8988,4.0,83.6
510720,Rio Branco,51011,Oeste Matogrossense,5102,Oeste,2021,5147.0,IBGE estimativa,6.0,12.0,12.0,False,True,7693141.32,3923791.22,3358051.11,81971.04,7242550.32,450591.0,5240583.25,3.42,6.25,12.75,2.0,17.08,65.52,18.0,0.0,13.0,6.0,2.0,1.0,0.0,2.0,0.0,2.0,15268.0,1113.0,18218.0,6563.0,9804.0,5225.0,2414.0,1001.0,2509.0,3880.0,12842.0,55145.45,2965.0,19862.73,103.0,307.0,0.0,0.0,15388.0,82552.07,0.0,0.0,103.0,307.0,206.0,226.0,0.0,76625.23,457819.28,2.0,103.0,24062.0,87731.3,67.0,57.0,1.0,14.93,11.07,85.07,5.97,70.15,19.4,1494.68,762.35,652.43,0.664,1.214,3.318,3.497,0.3886,2.966,3.54,1.275,2.495,0.0,20.012,59.646,762.3453,652.4288,68.1202,5.857,2.4772,0.3886,25.2574,3.8858,0.2162,14.9403,0.469,100.0,1.9417,2.1942,0.0,14.8874,88.9488,67.101,8.5,81.3
510720,Rio Branco,51011,Oeste Matogrossense,5102,Oeste,2022,4535.0,IBGE Censo 2022,6.0,12.0,12.0,False,True,8008964.66,3654350.14,3505976.01,128962.01,7214207.46,794757.2,4332124.8,3.33,7.92,14.92,2.0,17.08,74.63,18.0,0.0,13.0,6.0,2.0,1.0,0.0,2.0,0.0,2.0,12677.0,1499.0,19388.0,12820.0,6817.0,5331.0,2918.0,1128.0,3061.0,3584.0,17809.0,89805.2,2446.0,21856.75,35.0,244.0,0.0,0.0,3551.0,114598.78,0.0,10.0,35.0,254.0,222.0,73.0,0.0,18170.24,256048.13,0.0,35.0,21804.0,89904.2,63.0,40.0,1.0,15.87,8.82,85.71,4.76,60.32,14.29,1766.03,805.81,773.09,0.734,1.746,3.766,3.969,0.441,2.795,4.275,2.827,3.927,0.0,7.718,56.009,805.8104,773.0928,54.0909,9.9233,3.29,0.441,28.6659,4.4101,0.3305,17.9048,0.6434,100.0,0.0,2.0857,0.0,4.0067,56.4604,87.4016,13.0,110.7
510720,Rio Branco,51011,Oeste Matogrossense,5102,Oeste,2023,4512.0,interpolada (Censo 2022 x IBGE 2024),6.0,12.0,12.0,False,True,7548678.15,3587967.72,3406872.82,130154.67,7417375.02,131303.13,5502231.71,2.63,7.0,13.92,2.0,17.08,67.83,18.0,0.0,12.25,6.0,2.0,1.0,0.0,2.0,0.17,2.0,15783.0,1675.0,21914.0,17333.0,7640.0,7789.0,2822.0,998.0,2998.0,4229.0,15545.0,64873.96,2073.0,25496.61,83.0,293.0,0.0,0.0,12391.0,156191.34,0.0,3.0,83.0,296.0,213.0,308.0,0.0,32435.35,347159.7,0.0,83.0,21906.0,68937.91,56.0,32.0,0.0,0.0,7.092,89.29,8.93,60.71,7.14,1673.02,795.21,755.07,0.583,1.551,3.785,3.989,0.4433,3.498,4.857,3.842,3.445,0.0,18.395,65.603,795.2056,755.0693,72.89,1.7394,3.0851,0.4433,27.1498,4.4326,0.3712,17.8214,0.6254,100.0,0.0,3.7108,0.0,7.1887,76.9414,71.9595,15.9,95.0
510720,Rio Branco,51011,Oeste Matogrossense,5102,Oeste,2024,4489.0,IBGE estimativa,6.0,12.0,12.0,False,True,10499259.78,5437348.11,4251522.79,201660.64,10366601.14,132658.64,7324444.7,2.96,7.92,15.17,2.58,17.0,71.92,18.0,0.0,13.5,6.0,2.0,1.0,0.0,2.0,0.0,2.0,17321.0,1199.0,24439.0,17374.0,8967.0,7753.0,3987.0,1016.0,4213.0,4011.0,13640.0,54272.13,5183.0,57341.15,64.0,316.0,429.0,97441.72,39611.0,267738.2,0.0,11.0,64.0,327.0,263.0,205.0,0.0,23711.02,355299.98,1.0,63.0,22960.0,167113.3,62.0,47.0,0.0,0.0,10.47,85.48,3.23,82.26,8.06,2338.89,1211.26,947.1,0.659,1.764,3.787,4.01,0.4455,3.859,5.444,3.87,3.039,0.096,14.257,72.845,1211.2604,947.098,69.7615,1.2635,3.3794,0.5747,30.0735,4.4553,0.2671,16.3871,0.8882,98.4375,1.5625,3.2031,0.0,5.282,79.149,80.4281,10.1,96.5
510720,Rio Branco,51011,Oeste Matogrossense,5102,Oeste,2025,4440.0,IBGE estimativa,6.0,12.0,12.0,False,True,11495485.1,5342159.06,5347874.17,278120.5,9942031.03,1553454.07,8404188.88,4.97,9.5,15.92,2.0,16.33,80.79,18.0,0.0,14.0,6.5,2.0,1.0,0.0,2.0,0.0,2.0,24317.0,1615.0,32954.0,30726.0,13693.0,9908.0,3538.0,942.0,3796.0,9672.0,19945.0,110795.71,7590.0,89053.24,230.0,527.0,386.0,80670.74,40107.0,213496.22,0.0,8.0,230.0,535.0,313.0,594.0,0.0,85768.94,528421.57,12.0,108.0,33381.0,199955.7,,,,,,,,,,2589.07,1203.19,1204.48,1.119,2.14,3.678,4.054,0.4505,5.477,7.422,6.92,4.492,0.087,51.802,120.495,1203.189,1204.4762,73.1086,13.5136,3.5856,0.4505,31.5315,4.5045,0.3637,,0.7968,46.9565,5.2174,2.5826,0.0,19.3173,119.0139,58.5047,10.7,74.7
510724,Santa Carmem,51014,Teles Pires,5103,Norte,2020,4563.0,IBGE estimativa,6.0,12.0,12.0,False,True,7192730.35,3177411.44,2303273.69,1227783.99,6309553.13,883177.22,5380650.02,5.4,6.85,7.08,2.42,14.25,68.97,0.0,0.0,33.42,11.25,2.67,0.0,1.0,2.0,0.0,2.0,9844.0,1546.0,15870.0,15816.0,6756.0,2697.0,3966.0,1160.0,4032.0,76534.0,22574.0,127475.38,3698.0,37215.19,0.0,214.0,7.0,1109.86,15593.0,163600.17,0.0,8.0,0.0,222.0,222.0,0.0,0.0,0.0,223524.39,0.0,0.0,103024.0,149825.69,79.0,33.0,2.0,25.32,7.23,88.61,8.86,60.76,12.66,1576.32,696.34,504.77,1.183,1.501,3.123,0.0,0.4383,2.157,3.478,3.466,4.947,0.002,0.0,48.652,696.3426,504.7718,74.8068,12.2787,1.5516,0.5304,73.2413,4.3831,0.3388,14.6835,0.8692,,,,0.0,0.0,48.9863,100.0,6.3,62.4
510724,Santa Carmem,51014,Teles Pires,5103,Norte,2021,4600.0,IBGE estimativa,6.0,12.0,12.0,False,True,7943757.25,2662514.57,3397669.05,1154611.13,7070987.07,872770.18,5929640.6,7.03,7.38,8.25,2.0,14.08,73.22,0.0,0.0,34.0,10.0,3.0,0.0,1.0,2.0,0.0,2.0,11067.0,2630.0,23030.0,19140.0,8566.0,2501.0,3202.0,1006.0,3240.0,605077.0,31050.0,205121.6,16709.0,111595.41,0.0,219.0,49.0,6863.48,10407.0,101770.29,0.0,7.0,0.0,226.0,226.0,0.0,0.0,0.0,436013.39,0.0,0.0,640021.0,233596.78,90.0,44.0,1.0,11.11,9.57,84.44,5.56,48.89,18.89,1726.9,578.81,738.62,1.528,1.604,3.061,0.0,0.4348,2.406,5.007,4.161,6.75,0.011,0.0,49.13,578.8075,738.6237,74.6453,10.9869,1.7935,0.4348,73.913,4.3478,0.5717,11.1778,0.6961,,,,0.0,0.0,94.7855,100.0,4.4,52.7
510724,Santa Carmem,51014,Teles Pires,5103,Norte,2022,5374.0,IBGE Censo 2022,6.0,12.0,12.0,False,True,9920733.62,3602393.23,5146524.25,506281.11,8160827.62,1759906.0,7235147.38,7.08,7.06,7.77,2.0,12.92,71.55,0.0,0.0,34.0,9.58,2.08,0.0,1.0,2.0,0.0,2.0,12874.0,2329.0,21998.0,16594.0,8639.0,3735.0,3031.0,1230.0,3251.0,114831.0,41705.0,288033.02,29008.0,201365.36,0.0,240.0,18.0,2720.83,11710.0,137665.99,0.0,10.0,0.0,250.0,250.0,0.0,0.0,0.0,404818.97,0.0,0.0,157997.0,296515.65,97.0,34.0,0.0,0.0,6.33,85.57,7.22,54.64,15.46,1846.06,670.34,957.67,1.317,1.314,2.404,0.0,0.3722,2.396,4.093,3.088,7.761,0.003,0.0,46.52,670.3374,957.6711,72.9296,17.7397,1.4459,0.3722,63.2676,3.7216,0.4334,12.6804,0.564,,,,0.0,0.0,75.3292,100.0,4.0,60.3
510724,Santa Carmem,51014,Teles Pires,5103,Norte,2023,5523.0,interpolada (Censo 2022 x IBGE 2024),6.0,12.0,12.0,False,True,10593037.54,4815839.7,4803624.04,250632.41,8423742.95,2169294.59,8104624.3,6.35,7.02,7.33,3.0,13.84,81.52,0.92,0.0,39.75,10.58,2.0,0.0,0.17,2.0,0.0,2.0,14363.0,2875.0,29421.0,12960.0,9622.0,4480.0,3561.0,1405.0,3996.0,127884.0,52632.0,343778.22,49927.0,341933.52,0.0,274.0,379.0,64777.05,17237.0,217640.43,0.0,10.0,0.0,284.0,284.0,0.0,0.0,0.0,359207.45,0.0,0.0,189418.0,450729.27,103.0,25.0,4.0,38.83,4.527,92.23,12.62,53.4,15.53,1917.99,871.96,869.75,1.15,1.271,2.506,0.167,0.3621,2.601,5.327,2.347,9.53,0.069,0.0,51.421,871.9608,869.7491,76.509,20.4785,1.3272,0.5432,71.9718,3.6212,0.5206,13.6408,0.6448,,,,0.0,0.0,65.0385,100.0,4.6,65.1
510724,Santa Carmem,51014,Teles Pires,5103,Norte,2024,5677.0,IBGE estimativa,6.0,12.0,12.0,False,True,12356863.15,5416623.17,5465517.64,517287.17,10681890.07,1674973.08,8975629.87,5.86,6.52,7.54,2.33,16.58,82.44,0.0,0.0,45.25,11.0,2.75,0.0,0.0,2.0,0.0,2.0,13061.0,2877.0,25451.0,25466.0,9790.0,2920.0,4794.0,1465.0,5229.0,115535.0,65884.0,455051.63,68730.0,484902.01,0.0,225.0,401.0,65974.34,28470.0,283757.67,0.0,25.0,0.0,250.0,250.0,0.0,0.0,0.0,287194.75,0.0,0.0,187334.0,547963.87,97.0,26.0,0.0,0.0,4.58,93.81,4.12,55.67,16.49,2176.65,954.13,962.75,1.032,1.148,2.921,0.0,0.3523,2.301,4.483,4.486,11.605,0.071,0.0,44.037,954.1348,962.7475,72.6368,13.555,1.3282,0.4104,79.7076,3.523,0.5068,15.1031,0.8445,,,,0.0,0.0,50.5892,100.0,2.8,58.5
510724,Santa Carmem,51014,Teles Pires,5103,Norte,2025,5795.0,IBGE estimativa,6.0,12.0,12.0,False,True,13569945.52,5543384.72,6941670.83,444731.73,12123834.2,1446111.32,10537272.6,7.08,6.44,11.56,2.0,14.58,84.35,0.0,0.0,44.67,11.0,3.0,0.0,0.0,2.0,0.0,2.0,20994.0,3463.0,29226.0,20470.0,12607.0,5138.0,4748.0,1434.0,5231.0,135471.0,63833.0,421294.92,59605.0,396663.31,0.0,236.0,436.0,79695.27,29737.0,270423.01,0.0,17.0,0.0,253.0,253.0,0.0,0.0,0.0,495554.84,0.0,0.0,208625.0,553530.39,,,,,,,,,,2341.66,956.58,1197.87,1.222,1.111,2.516,0.0,0.3451,3.623,5.043,3.532,11.015,0.075,0.0,43.658,956.5806,1197.8724,77.6515,10.6567,1.9948,0.3451,77.0837,3.4513,0.5976,,0.8193,,,,0.0,0.0,85.5142,100.0,3.2,71.5
510726,Santo Afonso,51007,Médio Norte Matogrossense,5106,Centro-Noroeste,2020,3155.0,IBGE estimativa,6.0,12.0,12.0,False,True,5113951.47,3407476.6,20771.25,1386653.75,4902000.55,211950.92,2622737.14,1.69,1.33,9.0,1.0,11.0,45.02,0.0,0.0,10.0,5.0,2.0,0.0,0.0,1.0,0.0,1.0,3196.0,319.0,7690.0,22801.0,2006.0,1175.0,2305.0,474.0,2308.0,0.0,8639.0,31652.62,1343.0,8343.96,0.0,75.0,0.0,0.0,5981.0,57409.52,0.0,0.0,0.0,75.0,75.0,0.0,0.0,0.0,73583.88,0.0,0.0,8872.0,31989.22,27.0,18.0,0.0,0.0,5.71,69.23,0.0,66.67,37.04,1620.9,1080.02,6.58,0.536,0.422,3.487,0.0,0.317,1.013,2.437,7.227,2.738,0.0,0.0,23.772,1080.0243,6.5836,51.2859,4.1446,2.8526,0.317,31.6957,3.1696,0.1011,17.5556,0.7306,,,,0.0,0.0,23.3229,100.0,44.0,98.5
510726,Santo Afonso,51007,Médio Norte Matogrossense,5106,Centro-Noroeste,2021,3164.0,IBGE estimativa,6.0,12.0,12.0,False,True,7013948.79,4533725.4,365417.74,1492239.33,6406759.48,607189.31,4918987.39,4.11,4.33,10.67,1.0,11.92,53.67,0.0,0.0,11.33,7.25,2.0,0.0,0.67,1.0,0.0,1.0,8303.0,802.0,17356.0,31251.0,4580.0,3723.0,2343.0,739.0,2215.0,1603.0,12101.0,48471.94,1816.0,13136.64,0.0,120.0,0.0,0.0,3148.0,81576.64,0.0,0.0,0.0,120.0,120.0,0.0,0.0,0.0,136476.57,0.0,0.0,22258.0,89952.94,31.0,27.0,0.0,0.0,8.53,74.19,3.23,80.65,16.13,2216.8,1432.91,115.49,1.299,1.369,3.767,0.0,0.3161,2.624,5.485,9.877,3.825,0.0,0.0,37.927,1432.9094,115.4923,70.1315,8.6569,3.3723,0.3161,35.8091,3.1606,0.2535,23.8387,0.7405,,,,0.0,0.0,43.1342,100.0,18.3,47.6
510726,Santo Afonso,51007,Médio Norte Matogrossense,5106,Centro-Noroeste,2022,2519.0,IBGE Censo 2022,6.0,12.0,12.0,False,True,9421537.42,7023175.57,385411.63,1620182.62,8233140.61,1188396.81,6024672.22,5.22,4.83,12.0,1.83,12.0,72.22,0.0,0.0,12.0,8.0,2.0,0.0,0.17,1.0,0.0,1.0,9416.0,2409.0,19577.0,29265.0,5709.0,3707.0,3473.0,608.0,3129.0,4222.0,15156.0,67723.76,2867.0,29325.53,0.0,132.0,0.0,0.0,6497.0,119733.52,0.0,5.0,0.0,137.0,137.0,0.0,0.0,0.0,148921.08,0.0,0.0,32751.0,133063.76,30.0,18.0,0.0,0.0,7.15,80.0,6.67,66.67,13.33,3740.19,2788.08,153.0,2.072,1.917,4.764,0.0,0.397,3.738,7.772,11.618,6.017,0.0,0.0,54.387,2788.0808,153.0018,63.9457,12.6136,4.7638,0.7265,47.638,3.9698,0.9563,20.2667,1.3787,,,,0.0,0.0,59.1191,100.0,29.9,62.7
510726,Santo Afonso,51007,Médio Norte Matogrossense,5106,Centro-Noroeste,2023,2489.0,interpolada (Censo 2022 x IBGE 2024),6.0,12.0,12.0,False,True,9659080.42,6824793.04,415133.14,1876242.71,8778836.05,880244.37,7209368.11,4.57,5.0,14.67,2.04,12.0,76.03,0.0,0.0,13.75,8.0,2.0,0.0,0.0,1.0,0.0,1.0,9842.0,1376.0,17378.0,27108.0,5632.0,3859.0,2623.0,674.0,2568.0,1755.0,15798.0,69491.82,3195.0,27560.28,0.0,175.0,0.0,0.0,3001.0,184603.1,0.0,11.0,0.0,186.0,186.0,0.0,0.0,0.0,153663.29,0.0,0.0,29432.0,127555.32,44.0,10.0,0.0,0.0,4.018,90.91,4.55,81.82,18.18,3880.71,2741.98,166.79,1.836,2.009,4.821,0.0,0.4018,3.954,6.982,10.891,6.347,0.0,0.0,74.729,2741.9819,166.7871,74.6382,9.1131,5.8939,0.8196,55.2431,4.0177,0.5528,15.3182,1.0538,,,,0.0,0.0,61.737,100.0,24.2,52.1
510726,Santo Afonso,51007,Médio Norte Matogrossense,5106,Centro-Noroeste,2024,2460.0,IBGE estimativa,6.0,12.0,12.0,False,True,10924838.47,7518055.83,2235092.72,997121.76,9753849.63,1170988.84,7364819.07,6.5,8.33,17.58,2.17,11.42,87.33,0.0,0.0,14.0,8.0,2.0,0.0,0.0,1.0,0.0,1.0,11714.0,1901.0,23893.0,24947.0,8718.0,2992.0,2622.0,528.0,2623.0,1544.0,17148.0,83461.19,3832.0,33837.97,0.0,183.0,0.0,0.0,6636.0,165619.39,0.0,6.0,0.0,189.0,189.0,0.0,0.0,0.0,261984.49,0.0,0.0,26478.0,121269.29,38.0,15.0,1.0,26.32,6.1,92.11,2.63,63.16,21.05,4440.99,3056.12,908.57,2.642,3.386,4.642,0.0,0.4065,4.762,9.713,10.141,6.971,0.0,0.0,76.829,3056.1203,908.5743,67.4135,10.7186,7.1463,0.8821,56.9106,4.065,0.7728,13.8947,1.0659,,,,0.0,0.0,106.4978,100.0,23.3,49.3
510726,Santo Afonso,51007,Médio Norte Matogrossense,5106,Centro-Noroeste,2025,2416.0,IBGE estimativa,6.0,12.0,12.0,False,True,11091213.21,8687437.42,1145601.64,1029867.24,10578510.31,512702.9,9585475.77,6.5,8.79,14.17,3.83,12.0,92.63,0.0,0.0,13.67,8.0,2.0,0.0,0.0,1.0,0.0,1.0,17165.0,2264.0,20708.0,26617.0,8264.0,8901.0,2252.0,562.0,2378.0,1400.0,17988.0,84217.02,3460.0,29824.71,0.0,170.0,0.0,0.0,8463.0,151967.78,0.0,7.0,0.0,177.0,177.0,0.0,0.0,0.0,152497.01,0.0,0.0,34155.0,156571.17,,,,,,,,,,4590.73,3595.79,474.17,2.69,3.638,4.967,0.0,0.4139,7.105,8.571,11.017,7.445,0.0,0.0,73.262,3595.7936,474.1729,86.4241,4.6226,5.8651,1.5853,56.5811,4.1391,0.9371,,0.9321,,,,0.0,0.0,63.1196,100.0,22.6,56.2
510729,São José do Povo,51013,Sul Matogrossense,5101,Sul,2020,4450.0,IBGE estimativa,6.0,12.0,12.0,False,True,3724593.03,1054342.91,1657172.46,866369.75,3575158.85,149434.18,2782716.99,3.75,3.17,7.53,1.0,16.63,46.82,0.0,0.0,0.92,4.0,2.0,0.0,0.0,1.75,0.0,0.92,989.0,51.0,157.0,4425.0,670.0,311.0,1049.0,414.0,964.0,6284.0,1323.0,3665.45,661.0,9529.31,0.0,102.0,25.0,0.0,3137.0,151447.96,0.0,15.0,0.0,117.0,117.0,0.0,0.0,0.0,231463.24,0.0,0.0,8069.0,3665.45,23.0,23.0,0.0,0.0,5.17,69.57,0.0,34.78,13.04,836.99,236.93,372.4,0.843,0.712,3.737,0.0,0.3933,0.222,0.035,0.994,0.297,0.006,0.0,26.292,236.931,372.3983,74.712,4.0121,1.6921,0.2247,2.0674,3.9326,0.0115,18.0,0.2357,,,,0.0,0.0,52.0142,100.0,3.4,46.5
510729,São José do Povo,51013,Sul Matogrossense,5101,Sul,2021,4102.0,IBGE estimativa,6.0,12.0,12.0,False,True,4223138.45,1112932.05,2392460.02,700620.55,4212538.45,10600.0,4111890.37,3.25,4.0,8.53,1.42,16.46,51.76,0.0,0.0,1.5,4.0,2.0,0.0,0.0,2.0,0.0,1.0,2467.0,312.0,3109.0,26359.0,1923.0,534.0,1095.0,387.0,908.0,21906.0,5206.0,23533.81,644.0,7032.42,0.0,120.0,15.0,0.0,1953.0,137246.98,0.0,19.0,0.0,139.0,139.0,0.0,0.0,0.0,394858.58,0.0,0.0,27386.0,23533.81,13.0,16.0,1.0,76.92,3.9,92.31,7.69,53.85,23.08,1029.53,271.31,583.24,0.792,0.975,4.013,0.0,0.4876,0.601,0.758,6.426,1.269,0.004,0.0,33.886,271.3145,583.2423,97.3657,0.251,2.0795,0.3462,3.6568,4.8757,0.0761,29.7692,0.2669,,,,0.0,0.0,96.26,100.0,2.2,44.3
510729,São José do Povo,51013,Sul Matogrossense,5101,Sul,2022,2875.0,IBGE Censo 2022,6.0,12.0,12.0,False,True,6142391.02,2408479.3,2186971.48,1441019.86,5678143.12,464247.9,4400577.17,4.57,4.08,9.69,2.0,16.63,55.95,0.0,0.0,4.42,4.0,2.0,0.0,0.0,2.0,0.0,1.0,4301.0,866.0,7740.0,29809.0,3321.0,902.0,1483.0,344.0,1099.0,29978.0,19095.0,87431.24,776.0,14271.98,0.0,200.0,314.0,13612.75,1980.0,172567.69,0.0,21.0,0.0,221.0,221.0,0.0,0.0,0.0,470548.1,0.0,0.0,49712.0,101043.99,17.0,37.0,1.0,58.82,12.87,76.47,17.65,52.94,11.76,2136.48,837.73,760.69,1.59,1.419,5.784,0.0,0.6957,1.496,2.692,10.368,6.642,0.109,0.0,76.87,837.7319,760.6857,71.6427,7.5581,3.3704,0.6957,15.3739,6.9565,0.3012,20.2353,0.5158,,,,0.0,0.0,163.6689,100.0,1.8,44.0
510729,São José do Povo,51013,Sul Matogrossense,5101,Sul,2023,2827.0,interpolada (Censo 2022 x IBGE 2024),6.0,12.0,12.0,False,True,6579439.64,1760799.12,2764142.21,1919511.77,6048199.26,531240.38,5906720.46,6.09,4.75,11.19,2.5,16.5,64.1,0.0,0.0,5.0,4.0,2.0,0.0,0.0,2.0,0.0,1.0,7989.0,1226.0,13433.0,28791.0,5107.0,1357.0,1261.0,315.0,1118.0,42511.0,25957.0,117040.62,3456.0,28352.3,0.0,161.0,252.0,0.0,2474.0,207336.58,0.0,40.0,0.0,201.0,201.0,0.0,0.0,0.0,465478.96,0.0,0.0,69193.0,117654.42,13.0,18.0,2.0,153.85,6.367,92.31,0.0,69.23,23.08,2327.36,622.85,977.77,2.154,1.68,5.837,0.0,0.7075,2.826,4.752,10.184,9.182,0.089,0.0,71.1,622.8508,977.7652,89.7754,8.0742,3.9583,0.8843,17.6866,7.0746,0.4337,24.2308,0.4461,,,,0.0,0.0,164.6547,100.0,4.5,47.4
510729,São José do Povo,51013,Sul Matogrossense,5101,Sul,2024,2780.0,IBGE estimativa,6.0,12.0,12.0,False,True,10333635.93,3363576.08,5634048.32,1094418.56,10094799.99,238835.94,5917911.74,5.06,5.08,10.79,2.0,16.21,61.47,0.0,0.0,5.0,4.0,2.0,0.0,0.0,2.0,0.0,0.92,15634.0,1383.0,22460.0,30812.0,8540.0,4305.0,2437.0,418.0,2234.0,26493.0,28335.0,156185.49,4258.0,33833.82,0.0,214.0,112.0,0.0,3886.0,245785.3,0.0,47.0,0.0,261.0,261.0,0.0,0.0,0.0,531242.06,0.0,0.0,55580.0,157358.64,14.0,23.0,0.0,0.0,8.27,78.57,7.14,42.86,0.0,3717.14,1209.92,2026.64,1.82,1.827,5.831,0.0,0.7194,5.624,8.079,11.083,10.192,0.04,0.0,93.885,1209.9195,2026.6361,57.2684,2.3112,3.8813,0.7194,17.9856,7.1942,0.4975,29.8571,0.8766,,,,0.0,0.0,191.0943,100.0,3.4,48.4
510729,São José do Povo,51013,Sul Matogrossense,5101,Sul,2025,2716.0,IBGE estimativa,6.0,12.0,12.0,False,True,10661974.83,3732405.94,5505433.61,890896.72,10307454.83,354520.0,7797173.46,7.5,6.92,11.4,1.17,16.04,65.95,0.0,0.0,5.0,4.0,2.0,0.0,0.0,2.0,0.0,1.0,30062.0,1055.0,37609.0,28687.0,14274.0,12128.0,2291.0,336.0,2154.0,18712.0,2503.0,20473.08,4851.0,49187.17,0.0,207.0,3.0,359.88,7190.0,210136.13,0.0,17.0,0.0,224.0,224.0,0.0,0.0,0.0,529566.9,0.0,0.0,22081.0,23647.86,,,,,,,,,,3925.62,1374.23,2027.04,2.761,2.548,5.906,0.0,0.7364,11.068,13.847,10.562,0.922,0.001,0.0,82.474,1374.229,2027.0374,73.1307,3.3251,4.1973,0.4308,18.4094,7.3638,0.3884,,0.8435,,,,0.0,0.0,194.9804,100.0,2.7,50.6
510730,São José do Rio Claro,51004,Centro Norte,5106,Centro-Noroeste,2020,21011.0,IBGE estimativa,6.0,12.0,12.0,False,True,21863785.14,7108560.31,10870758.21,2310560.83,21448573.0,415212.14,14844567.59,11.92,19.17,35.33,6.67,43.17,210.3,22.0,0.0,77.0,17.75,7.58,1.0,0.0,5.75,0.0,5.75,28163.0,2777.0,47099.0,76078.0,22488.0,5565.0,16278.0,4106.0,16632.0,103220.0,113183.0,567124.17,15655.0,107601.04,559.0,727.0,0.0,0.0,21040.0,273949.93,0.0,11.0,559.0,738.0,199.0,1412.0,0.0,297029.8,519172.37,22.0,439.0,261666.0,828064.47,254.0,105.0,8.0,31.5,5.0,78.74,7.87,51.18,21.26,1040.59,338.33,517.38,0.567,0.912,2.055,1.047,0.2737,1.34,2.242,3.621,5.387,0.0,26.605,35.124,338.3257,517.3841,67.8957,1.8991,1.6815,0.3175,36.6475,2.7367,0.1322,16.1654,0.7747,78.5331,3.9356,2.5259,0.0,14.1369,24.7096,26.9648,26.0,61.6
510730,São José do Rio Claro,51004,Centro Norte,5106,Centro-Noroeste,2021,21351.0,IBGE estimativa,6.0,12.0,12.0,False,True,23579093.23,5208810.17,12151420.9,5671041.26,22024259.59,1554833.64,15051370.33,13.02,24.1,41.21,6.01,41.42,225.24,22.0,0.0,81.0,19.0,8.0,1.0,0.0,6.0,0.0,6.0,34808.0,4145.0,43504.0,64606.0,22603.0,11899.0,12044.0,4181.0,12933.0,213977.0,141461.0,797954.15,23936.0,193189.59,812.0,1014.0,0.0,0.0,15986.0,251975.04,0.0,22.0,812.0,1036.0,244.0,2407.0,0.0,463177.91,1617650.1,24.0,695.0,419866.0,1162005.35,248.0,134.0,6.0,24.19,6.28,90.32,4.84,52.02,14.52,1104.36,243.96,569.13,0.61,1.129,1.94,1.03,0.281,1.63,2.038,3.026,6.625,0.0,38.031,48.522,243.9609,569.1265,63.8335,6.5941,1.9301,0.2815,37.9373,2.8102,0.1941,16.8589,0.5641,85.5911,2.9557,2.9643,0.0,21.6935,75.7646,23.5521,22.5,48.2
510730,São José do Rio Claro,51004,Centro Norte,5106,Centro-Noroeste,2022,14911.0,IBGE Censo 2022,6.0,12.0,12.0,False,True,27580212.11,6895288.79,16678222.95,3184672.27,26060431.69,1519780.42,19041211.68,11.82,27.48,39.98,5.94,39.67,230.1,22.0,0.0,80.0,19.08,7.75,1.0,0.0,6.0,0.0,6.0,39353.0,6567.0,62512.0,168556.0,24668.0,14578.0,15742.0,4323.0,16170.0,163280.0,164543.0,943747.41,32409.0,257673.83,859.0,1162.0,5.0,275.5,6143.0,349546.76,2.0,25.0,861.0,1187.0,330.0,2436.0,0.0,349586.83,880667.9,8.0,703.0,410661.0,1449533.71,231.0,110.0,1.0,4.33,7.38,86.9,7.79,53.25,14.72,1849.66,462.43,1118.52,0.793,1.843,2.66,1.475,0.4024,2.639,4.192,11.304,11.035,0.0,57.743,79.606,462.4297,1118.5181,69.0394,5.5104,2.6812,0.3984,53.6517,4.0239,0.4404,18.7143,1.0557,81.6492,0.9292,2.8293,0.0,23.4449,59.0616,27.8012,24.0,57.8
510730,São José do Rio Claro,51004,Centro Norte,5106,Centro-Noroeste,2023,14786.0,interpolada (Censo 2022 x IBGE 2024),6.0,12.0,12.0,False,True,31020396.26,8719596.36,17465636.93,3957669.39,30188579.48,831816.78,19552762.47,13.5,28.7,43.44,6.04,39.25,249.07,22.0,0.0,85.5,19.42,7.0,1.0,0.0,6.0,0.0,6.0,39113.0,6760.0,37552.0,108044.0,25418.0,13695.0,11562.0,4070.0,12204.0,50348.0,145421.0,765056.2,23517.0,229027.87,928.0,1300.0,0.0,0.0,12466.0,386988.8,0.0,41.0,928.0,1341.0,423.0,2456.0,0.0,336986.6,1087880.71,19.0,661.0,298259.0,1348420.3,207.0,104.0,6.0,28.99,7.034,82.13,8.7,62.32,14.49,2097.96,589.72,1181.23,0.913,1.941,2.655,1.488,0.4058,2.645,2.54,7.307,9.835,0.0,62.762,90.694,589.7198,1181.228,63.032,2.6815,2.9379,0.4085,57.825,4.0579,0.4572,19.6618,0.782,71.2284,2.0474,2.6466,0.0,22.7909,73.5751,31.5436,24.6,63.0
510730,São José do Rio Claro,51004,Centro Norte,5106,Centro-Noroeste,2024,14662.0,IBGE estimativa,6.0,12.0,12.0,False,True,36225707.02,9649022.95,20368964.34,5162619.27,35245700.78,980006.24,26689806.76,17.85,32.5,52.36,5.72,41.42,287.28,22.0,0.0,105.42,20.5,7.42,1.0,0.0,6.0,0.0,6.0,44150.0,5408.0,40995.0,136697.0,27920.0,15580.0,14217.0,3809.0,14973.0,41335.0,187386.0,955199.78,23989.0,250543.47,887.0,1332.0,0.0,0.0,8527.0,492985.63,0.0,40.0,887.0,1372.0,488.0,2958.0,0.0,365986.37,1310484.8,21.0,524.0,346294.0,1691184.97,219.0,100.0,0.0,0.0,6.82,88.13,4.11,77.63,19.63,2470.72,658.1,1389.24,1.217,2.217,2.825,1.5,0.4092,3.011,2.796,9.323,12.78,0.0,60.497,93.575,658.0973,1389.2351,73.6764,2.7053,3.5711,0.3901,71.9002,4.0922,0.3688,17.3927,0.9696,59.0755,2.3675,3.3348,0.0,24.9616,89.3797,35.5685,29.4,73.5
510730,São José do Rio Claro,51004,Centro Norte,5106,Centro-Noroeste,2025,14455.0,IBGE estimativa,6.0,12.0,12.0,False,True,41104180.4,15072241.38,18803319.14,5940523.64,38513667.6,2590512.8,29667437.61,19.16,31.65,69.6,5.55,25.25,294.33,22.0,0.0,104.0,21.42,7.0,1.0,0.0,6.0,0.0,6.0,44596.0,4042.0,46605.0,129794.0,26363.0,16389.0,13602.0,3859.0,14640.0,43034.0,199481.0,1272513.74,25261.0,252662.93,817.0,1341.0,0.0,0.0,15160.0,593974.24,0.0,43.0,817.0,1384.0,573.0,2391.0,0.0,329190.95,1455230.63,19.0,363.0,367567.0,2036721.29,,,,,,,,,,2843.6,1042.7,1300.82,1.325,2.19,1.747,1.522,0.4151,3.085,3.224,8.979,13.8,0.0,56.52,95.745,1042.7009,1300.8177,72.1762,6.3023,4.8149,0.384,71.9474,4.1508,0.2796,,0.941,44.4308,2.3256,2.9266,0.0,22.7735,100.6732,41.4017,35.3,83.1
510735,São José do Xingu,51003,Araguaia Xingu,5104,Leste,2020,5620.0,IBGE estimativa,6.0,12.0,12.0,False,True,7893589.7,5366294.61,1870541.1,52051.76,7744401.65,149188.05,6516703.97,3.25,5.0,10.25,1.67,25.17,80.92,3.33,0.0,18.92,8.0,2.58,0.0,0.0,2.0,0.0,0.92,8987.0,852.0,17451.0,6878.0,6170.0,2085.0,7058.0,1878.0,6693.0,6899.0,7040.0,32009.47,1814.0,10714.23,0.0,307.0,0.0,0.0,2085.0,42810.77,0.0,3.0,0.0,310.0,310.0,0.0,0.0,0.0,226156.46,0.0,0.0,15299.0,34375.57,125.0,39.0,3.0,24.0,6.94,71.2,8.0,64.8,23.2,1404.55,954.86,332.84,0.578,0.89,4.479,0.593,0.3559,1.599,3.105,1.224,1.253,0.0,0.0,55.16,954.8567,332.8365,82.5569,1.89,1.8238,0.2972,33.6655,3.5587,0.1516,15.024,1.2559,,,,0.0,0.0,40.2414,100.0,13.5,173.6
510735,São José do Xingu,51003,Araguaia Xingu,5104,Leste,2021,5646.0,IBGE estimativa,6.0,12.0,12.0,False,True,9373595.12,6083591.31,2664204.21,0.0,8618345.62,755249.5,7152077.96,3.7,9.5,12.25,2.0,26.0,98.24,0.0,0.0,18.58,8.0,3.0,0.0,0.0,2.0,0.0,1.0,11081.0,1799.0,20531.0,5421.0,7647.0,2151.0,4942.0,1708.0,5274.0,7313.0,6811.0,32089.33,1000.0,11204.67,0.0,303.0,0.0,0.0,1706.0,58639.54,0.0,2.0,0.0,305.0,305.0,0.0,0.0,0.0,486449.66,0.0,0.0,15246.0,35786.98,128.0,52.0,3.0,23.44,9.21,60.94,7.81,60.94,25.0,1660.22,1077.5,471.87,0.655,1.683,4.605,0.0,0.3542,1.963,3.636,0.96,1.206,0.0,0.0,54.021,1077.5047,471.8746,76.3003,8.0572,2.1697,0.3542,32.9083,3.5423,0.3186,13.3438,0.8753,,,,0.0,0.0,86.1583,100.0,24.6,220.5
510735,São José do Xingu,51003,Araguaia Xingu,5104,Leste,2022,5964.0,IBGE Censo 2022,6.0,12.0,12.0,False,True,11784408.03,8047265.16,3028055.8,0.0,10639573.72,1144834.31,8863034.44,4.17,8.58,12.08,2.0,23.0,94.46,0.0,0.0,19.0,8.0,3.0,0.0,0.0,2.0,0.0,1.0,9599.0,2711.0,17028.0,6225.0,5562.0,2478.0,4737.0,1681.0,4833.0,4172.0,10704.0,36791.39,2413.0,13441.02,0.0,364.0,0.0,0.0,339.0,56802.42,0.0,0.0,0.0,364.0,364.0,0.0,0.0,0.0,321414.5,0.0,0.0,15710.0,39513.89,126.0,27.0,4.0,31.75,4.53,61.9,5.56,58.73,26.19,1975.92,1349.31,507.72,0.699,1.439,3.856,0.0,0.3353,1.609,2.855,1.044,1.795,0.0,0.0,61.033,1349.3067,507.7223,75.2098,9.7148,2.0255,0.3353,31.8578,3.3535,0.4546,13.3413,0.7943,,,,0.0,0.0,53.8924,100.0,15.9,180.0
510735,São José do Xingu,51003,Araguaia Xingu,5104,Leste,2023,6065.0,interpolada (Censo 2022 x IBGE 2024),6.0,12.0,12.0,False,True,13480628.42,9991508.38,2612550.87,0.0,12929409.35,551219.07,11170867.53,3.33,10.17,14.75,2.0,23.83,97.67,0.0,0.0,19.58,8.17,2.42,0.0,0.75,2.0,0.0,1.0,14343.0,2429.0,24518.0,14489.0,9120.0,3739.0,5524.0,2098.0,5526.0,4673.0,14657.0,61389.61,4217.0,25968.42,0.0,351.0,0.0,0.0,330.0,47941.71,0.0,2.0,0.0,353.0,353.0,0.0,0.0,0.0,337561.75,0.0,0.0,20184.0,64696.21,148.0,26.0,3.0,20.27,4.287,73.65,8.11,60.81,20.95,2222.69,1647.4,430.76,0.549,1.677,3.929,0.0,0.3298,2.365,4.043,2.389,2.417,0.0,0.0,58.203,1647.4045,430.7586,82.8661,4.089,2.432,0.3298,32.2836,3.2976,0.4005,14.1757,0.9108,,,,0.0,0.0,55.6573,100.0,19.8,209.9
510735,São José do Xingu,51003,Araguaia Xingu,5104,Leste,2024,6168.0,IBGE estimativa,6.0,12.0,12.0,False,True,16361420.42,9159804.89,6453180.21,0.0,13274412.47,3087007.95,10902419.17,4.1,10.17,15.5,2.83,23.92,97.43,0.0,0.0,24.0,9.0,2.0,0.0,2.0,2.0,0.0,1.0,11920.0,1398.0,17400.0,11826.0,7060.0,3394.0,7062.0,2313.0,7418.0,218.0,13399.0,50176.83,2887.0,19918.53,0.0,394.0,0.0,0.0,106.0,21593.42,0.0,5.0,0.0,399.0,399.0,0.0,0.0,0.0,352719.99,0.0,0.0,14421.0,51909.33,116.0,24.0,1.0,8.62,3.89,75.86,4.31,58.62,22.41,2652.63,1485.05,1046.24,0.665,1.649,3.878,0.0,0.3243,1.933,2.821,1.917,2.172,0.0,0.0,64.689,1485.0527,1046.2354,66.6349,18.8676,2.513,0.4588,38.9105,3.2425,0.2267,19.9397,1.1449,,,,0.0,0.0,57.1855,100.0,21.1,214.1
510735,São José do Xingu,51003,Araguaia Xingu,5104,Leste,2025,6234.0,IBGE estimativa,6.0,12.0,12.0,False,True,14844710.64,10111171.86,3745342.19,0.0,12642787.93,2201922.71,12217512.83,4.6,10.33,15.33,2.0,24.33,98.93,0.0,0.0,23.0,9.0,2.0,0.0,2.0,2.0,0.0,1.0,14877.0,2603.0,25023.0,30063.0,8233.0,4283.0,6843.0,1887.0,7640.0,144.0,53393.0,269360.22,5265.0,41179.58,0.0,446.0,0.0,0.0,437.0,53481.03,0.0,7.0,0.0,453.0,453.0,0.0,0.0,0.0,596240.52,0.0,0.0,60805.0,303341.97,,,,,,,,,,2381.25,1621.94,600.79,0.738,1.657,3.903,0.0,0.3208,2.386,4.014,4.822,8.565,0.0,0.0,72.666,1621.9397,600.7928,82.3021,14.833,2.4591,0.3208,36.8944,3.2082,0.4175,,1.0977,,,,0.0,0.0,95.6433,100.0,21.0,206.8
510740,São Pedro da Cipa,51013,Sul Matogrossense,5101,Sul,2020,4771.0,IBGE estimativa,6.0,12.0,12.0,False,True,4621434.77,3334555.77,354697.0,634476.32,3811630.18,809804.59,2102627.39,2.75,2.5,8.25,2.0,15.75,52.33,0.0,0.0,10.0,5.42,3.0,0.0,0.0,2.0,0.0,2.0,9489.0,1327.0,3390.0,7322.0,4958.0,3128.0,2029.0,919.0,2323.0,0.0,8645.0,44830.77,1409.0,20548.1,0.0,199.0,0.0,0.0,3332.0,241330.57,0.0,18.0,0.0,217.0,217.0,0.0,0.0,0.0,291414.65,0.0,0.0,9405.0,47978.97,56.0,34.0,0.0,0.0,7.13,66.07,10.71,76.79,16.07,968.65,698.92,74.34,0.576,0.524,3.301,0.0,0.4192,1.989,0.711,1.535,1.812,0.0,0.0,45.483,698.9218,74.3444,45.4973,17.5228,1.7292,0.4192,20.96,4.192,0.2781,16.4107,0.4253,,,,0.0,0.0,61.0804,100.0,2.3,37.8
510740,São Pedro da Cipa,51013,Sul Matogrossense,5101,Sul,2021,4823.0,IBGE estimativa,6.0,12.0,12.0,False,True,4328642.97,1341940.8,748476.38,2011597.61,4062749.81,265893.16,2626552.6,2.85,2.42,8.0,2.33,16.17,50.98,0.0,0.0,10.0,6.08,3.0,0.0,0.0,2.0,0.0,2.0,8976.0,1569.0,2976.0,10952.0,5902.0,1917.0,2256.0,1002.0,2271.0,0.0,8306.0,44221.31,1403.0,19812.36,0.0,264.0,0.0,0.0,3848.0,184065.41,0.0,7.0,0.0,271.0,271.0,0.0,0.0,0.0,812366.87,0.0,0.0,10185.0,51562.16,56.0,41.0,2.0,35.71,8.5,69.64,10.71,75.0,16.07,897.5,278.24,155.19,0.591,0.502,3.353,0.0,0.4147,1.861,0.617,2.271,1.722,0.0,0.0,56.189,278.2378,155.189,60.6784,6.1426,1.6587,0.4831,20.734,4.1468,0.3253,17.8929,0.4678,,,,0.0,0.0,168.436,100.0,0.0,32.0
510740,São Pedro da Cipa,51013,Sul Matogrossense,5101,Sul,2022,4191.0,IBGE Censo 2022,6.0,12.0,12.0,False,True,6876468.29,4385702.49,912330.59,1372298.39,5609050.42,1267417.87,3182124.16,2.93,3.0,8.75,2.81,16.0,53.25,0.0,0.0,10.0,7.0,3.0,0.0,0.0,2.0,0.0,2.0,12002.0,2377.0,16547.0,14250.0,6439.0,4887.0,3158.0,1037.0,2949.0,0.0,12593.0,65194.87,2636.0,31044.19,0.0,297.0,101.0,18337.05,2643.0,188590.97,0.0,14.0,0.0,311.0,311.0,0.0,0.0,0.0,394111.25,0.0,0.0,17470.0,105113.92,51.0,27.0,0.0,0.0,6.44,64.71,1.96,64.71,15.69,1640.77,1046.46,217.69,0.699,0.716,3.818,0.0,0.4772,2.864,3.948,3.4,3.005,0.024,0.0,74.207,1046.4573,217.688,46.2756,18.4312,2.0878,0.6705,23.8607,4.7721,0.5672,20.3333,0.7535,,,,0.0,0.0,94.0375,100.0,3.5,39.1
510740,São Pedro da Cipa,51013,Sul Matogrossense,5101,Sul,2023,4219.0,interpolada (Censo 2022 x IBGE 2024),6.0,12.0,12.0,False,True,6316843.98,3293355.14,1354630.79,1349124.73,5814076.04,502767.94,2919786.9,2.85,3.08,8.75,2.75,15.5,52.33,0.0,0.0,10.0,7.0,3.0,0.0,0.0,2.0,0.0,2.0,14123.0,2392.0,25562.0,13668.0,9960.0,3438.0,2797.0,1045.0,2662.0,1.0,18619.0,90928.52,2868.0,27802.88,0.0,281.0,185.0,35009.96,3474.0,202731.78,0.0,30.0,0.0,311.0,311.0,0.0,0.0,0.0,791771.91,0.0,0.0,23276.0,155056.78,47.0,24.0,0.0,0.0,5.689,85.11,21.28,65.96,21.28,1497.24,780.6,321.08,0.676,0.73,3.674,0.0,0.474,3.347,6.059,3.24,4.413,0.044,0.0,73.714,780.6009,321.0786,46.2222,7.9592,2.074,0.6518,23.7023,4.7405,0.567,22.234,0.663,,,,0.0,0.0,187.6681,100.0,3.5,44.9
510740,São Pedro da Cipa,51013,Sul Matogrossense,5101,Sul,2024,4247.0,IBGE estimativa,6.0,12.0,12.0,False,True,8812518.0,3542023.86,2752055.51,2382579.86,7997657.43,814860.57,4681734.6,2.85,2.92,9.67,2.75,15.17,53.85,0.0,0.0,10.0,7.0,3.0,0.0,0.0,2.0,0.0,2.0,16027.0,2241.0,28836.0,13117.0,10745.0,4106.0,3497.0,826.0,3523.0,2.0,24513.0,105433.92,3570.0,40513.21,0.0,316.0,264.0,54647.57,5502.0,276692.15,0.0,34.0,0.0,350.0,350.0,0.0,0.0,0.0,633139.47,0.0,0.0,30575.0,205057.19,34.0,29.0,0.0,0.0,6.83,91.18,5.88,76.47,20.59,2075.0,834.01,648.0,0.671,0.688,3.572,0.0,0.4709,3.774,6.79,3.089,5.772,0.062,0.0,82.411,834.0061,647.9999,53.126,9.2466,2.2769,0.6475,23.546,4.7092,0.5277,24.2941,0.8234,,,,0.0,0.0,149.0792,100.0,4.0,43.4
510740,São Pedro da Cipa,51013,Sul Matogrossense,5101,Sul,2025,4250.0,IBGE estimativa,6.0,12.0,12.0,False,True,10817844.76,6451621.34,508787.6,3623190.66,10009755.55,808089.21,5612664.03,3.35,2.75,18.33,2.75,6.92,55.25,0.0,0.0,10.0,7.0,3.0,0.0,0.0,2.0,0.0,2.0,9072.0,1131.0,17178.0,12920.0,7008.0,1749.0,3442.0,748.0,3453.0,2.0,17370.0,79046.88,4425.0,57371.91,0.0,379.0,205.0,34277.77,6322.0,232280.25,0.0,15.0,0.0,394.0,394.0,0.0,0.0,0.0,566905.24,0.0,0.0,21915.0,140614.0,,,,,,,,,,2545.38,1518.03,119.71,0.788,0.647,1.628,0.0,0.4706,2.135,4.042,3.04,4.087,0.048,0.0,92.706,1518.0286,119.7147,51.8834,7.47,4.3129,0.6471,23.5294,4.7059,0.2661,,0.8099,,,,0.0,0.0,133.3895,100.0,5.8,47.0
510757,Rondolândia,51012,Sudoeste Matogrossense,5102,Oeste,2020,4036.0,IBGE estimativa,6.0,12.0,12.0,False,True,5235600.12,1523685.87,790909.1,2690679.56,4980401.14,255198.98,3937398.72,3.28,3.96,11.75,1.0,17.87,53.44,0.0,0.0,8.0,9.0,3.0,0.0,0.0,2.0,0.0,0.92,6837.0,278.0,8244.0,27553.0,5572.0,887.0,1855.0,703.0,1657.0,5900.0,15932.0,92386.74,511.0,15674.24,0.0,6.0,0.0,0.0,18.0,13548.0,0.0,2.0,0.0,8.0,8.0,0.0,0.0,0.0,8774.89,0.0,0.0,26474.0,115711.14,35.0,9.0,0.0,0.0,2.23,94.29,2.86,71.43,14.29,1297.23,377.52,195.96,0.813,0.981,4.428,0.0,0.4955,1.694,2.043,6.827,3.947,0.0,0.0,1.982,377.5238,195.9636,75.2043,4.8743,2.9113,0.2478,19.8216,4.9554,0.0689,20.0857,0.4596,,,,0.0,0.0,2.1742,100.0,50.0,652.4
510757,Rondolândia,51012,Sudoeste Matogrossense,5102,Oeste,2021,4069.0,IBGE estimativa,6.0,12.0,12.0,False,True,4873143.94,533758.2,463087.27,3838732.87,4852260.94,20883.0,4528502.33,3.42,3.71,11.67,1.0,17.21,59.13,0.0,0.0,13.08,9.67,3.0,0.0,0.0,2.0,0.0,1.0,3768.0,301.0,6825.0,23048.0,2876.0,892.0,1251.0,507.0,1121.0,8637.0,19373.0,102570.91,347.0,10594.89,0.0,7.0,0.0,0.0,14.0,427.16,0.0,1.0,0.0,8.0,8.0,0.0,0.0,0.0,13553.79,0.0,0.0,30651.0,114782.56,35.0,13.0,0.0,0.0,3.19,77.14,0.0,77.14,20.0,1197.63,131.18,113.81,0.841,0.912,4.23,0.0,0.4915,0.926,1.677,5.664,4.761,0.0,0.0,1.966,131.1768,113.8086,92.9277,0.4285,2.868,0.2458,32.1455,4.9152,0.074,14.4857,0.3074,,,,0.0,0.0,3.331,100.0,100.0,722.6
510757,Rondolândia,51012,Sudoeste Matogrossense,5102,Oeste,2022,3505.0,IBGE Censo 2022,6.0,12.0,12.0,False,True,9410302.49,4708867.71,88215.14,4398271.72,9305110.49,105192.0,4831138.26,2.99,4.92,12.17,0.5,14.77,57.15,0.0,0.0,15.0,10.0,3.0,0.0,0.0,2.0,0.0,0.5,2035.0,67.0,3479.0,23012.0,850.0,1185.0,1416.0,645.0,1297.0,5158.0,16820.0,81273.2,195.0,5972.36,0.0,5.0,0.0,0.0,19.0,2283.66,0.0,0.0,0.0,5.0,5.0,0.0,0.0,0.0,2571.77,0.0,0.0,24530.0,93385.85,38.0,19.0,3.0,78.95,5.42,73.68,13.16,71.05,2.63,2684.82,1343.47,25.17,0.853,1.404,4.214,0.0,0.5706,0.581,0.993,6.565,4.799,0.0,0.0,1.427,1343.4715,25.1684,51.3388,1.1178,3.4722,0.1427,42.796,5.7061,0.0191,16.9737,0.404,,,,0.0,0.0,0.7337,100.0,60.0,686.1
510757,Rondolândia,51012,Sudoeste Matogrossense,5102,Oeste,2023,3516.0,interpolada (Censo 2022 x IBGE 2024),6.0,12.0,12.0,False,True,8494848.13,3061761.06,170000.0,5086004.94,7928274.97,566573.16,5794049.05,2.9,5.42,12.33,1.0,15.43,56.91,0.0,0.0,15.0,10.0,3.0,0.0,0.0,2.0,0.0,1.0,2445.0,120.0,4537.0,27114.0,2010.0,435.0,1245.0,512.0,1356.0,6892.0,20096.0,84768.67,407.0,11799.27,0.0,18.0,0.0,0.0,34.0,5984.16,0.0,1.0,0.0,19.0,19.0,0.0,0.0,0.0,18221.44,0.0,0.0,30149.0,99524.62,43.0,12.0,1.0,23.26,3.413,86.05,4.65,76.74,11.63,2416.05,870.81,48.35,0.825,1.542,4.389,0.0,0.5688,0.695,1.29,7.712,5.716,0.0,0.0,5.404,870.808,48.3504,68.2066,6.6696,3.5068,0.2844,42.6621,5.6883,0.0341,11.907,0.3541,,,,0.0,0.0,5.1824,100.0,26.3,599.4
510757,Rondolândia,51012,Sudoeste Matogrossense,5102,Oeste,2024,3527.0,IBGE estimativa,6.0,12.0,12.0,False,True,9829997.83,5249295.32,57381.88,4508835.67,9783987.83,46010.0,6355863.85,3.91,7.17,13.5,1.0,16.9,62.41,0.0,0.0,16.17,11.0,3.0,0.0,0.0,2.0,0.0,1.0,1883.0,257.0,3467.0,28895.0,1306.0,577.0,2192.0,520.0,2250.0,10701.0,26058.0,136961.04,908.0,26589.65,0.0,8.0,0.0,0.0,24.0,4470.02,0.0,1.0,0.0,9.0,9.0,0.0,0.0,0.0,9615.48,0.0,0.0,39436.0,149464.74,40.0,22.0,1.0,25.0,6.24,80.0,7.5,75.0,17.5,2787.07,1488.32,16.27,1.109,2.033,4.792,0.0,0.5671,0.534,0.983,8.193,7.388,0.0,0.0,2.552,1488.3174,16.2693,64.6578,0.4681,3.8276,0.2835,45.8463,5.6705,0.0729,13.0,0.6215,,,,0.0,0.0,2.7262,100.0,22.2,593.2
510757,Rondolândia,51012,Sudoeste Matogrossense,5102,Oeste,2025,3518.0,IBGE estimativa,6.0,12.0,12.0,False,True,14877145.98,8869285.96,252811.36,5725734.08,14877145.98,0.0,7247104.34,5.78,10.33,15.16,1.88,33.15,90.38,0.0,0.0,15.08,11.0,3.0,0.0,0.0,2.0,0.0,1.0,2874.0,199.0,5769.0,27133.0,2353.0,521.0,1699.0,449.0,2132.0,7293.0,16239.0,111873.39,962.0,26346.9,0.0,7.0,0.0,0.0,4.0,914.37,0.0,0.0,0.0,7.0,7.0,0.0,0.0,0.0,4280.42,0.0,0.0,28122.0,134707.74,,,,,,,,,,4228.86,2521.12,71.86,1.643,2.936,9.423,0.0,0.5685,0.817,1.64,7.713,4.616,0.0,0.0,1.99,2521.116,71.8622,48.713,0.0,4.3093,0.5344,42.8653,5.685,0.0566,,0.4829,,,,0.0,0.0,1.2167,100.0,57.1,658.3
510760,Rondonópolis,51013,Sul Matogrossense,5101,Sul,2020,236042.0,IBGE estimativa,4.0,12.0,12.0,False,False,320921390.25,55080956.33,205336801.97,50063055.61,300331861.41,20589528.84,157855996.71,344.48,334.6,968.5,57.9,511.06,3345.41,542.25,70.92,1258.42,121.83,56.92,5.67,1.0,39.25,0.0,28.83,123513.0,10580.0,148363.0,264886.0,86899.0,35550.0,97401.0,32578.0,91395.0,1541773.0,1552293.0,9389607.16,83152.0,1400111.73,18223.0,13258.0,58600.0,12452837.03,433735.0,9832944.28,1214.0,868.0,19437.0,14126.0,248.0,94276.0,20745.0,36475075.64,23896087.37,1209.0,16882.0,3276793.0,22321247.33,3828.0,1882.0,42.0,10.97,7.97,70.53,8.18,53.42,13.24,1359.59,233.35,869.92,1.459,1.418,2.165,2.297,0.1663,0.523,0.629,1.122,6.576,0.248,82.346,59.845,233.3524,869.9164,49.1884,6.4158,4.1031,0.2453,53.3134,1.6628,0.0448,8.5104,0.4126,86.855,6.2201,4.8503,87.8869,154.5279,101.2366,1.7556,1.6,3.7
510760,Rondonópolis,51013,Sul Matogrossense,5101,Sul,2021,239613.0,IBGE estimativa,6.0,12.0,12.0,False,True,346584627.24,55994630.31,219673443.14,56417095.8,340015892.75,6568734.49,185976031.76,378.99,380.16,1062.7,60.9,638.24,3688.78,568.75,90.58,1465.42,122.67,61.25,6.0,1.0,53.0,0.0,38.17,210390.0,62648.0,320329.0,450423.0,126592.0,81315.0,104270.0,37233.0,96713.0,2241167.0,1858539.0,11600561.83,229930.0,2712394.76,21226.0,15464.0,63223.0,14453160.91,455128.0,11132743.87,1343.0,859.0,22569.0,16323.0,303.0,104195.0,25856.0,49551673.58,30118976.61,1363.0,18442.0,4269819.0,26721975.21,3917.0,1799.0,36.0,9.19,7.51,72.19,7.58,54.53,12.48,1446.43,233.69,916.78,1.582,1.587,2.664,2.374,0.2212,0.878,1.337,1.88,7.756,0.264,94.189,68.122,233.6878,916.7843,53.6596,1.8953,4.4351,0.2542,61.1578,2.2119,0.2615,9.5055,0.4352,81.7139,6.0393,4.6167,107.9073,206.7988,125.6984,1.8563,1.7,3.9
510760,Rondonópolis,51013,Sul Matogrossense,5101,Sul,2022,244911.0,IBGE Censo 2022,6.0,12.0,12.0,False,True,388285184.7,60030851.76,250521513.72,55753966.5,368359551.45,19925633.25,223241194.75,445.48,434.95,1196.2,66.88,632.77,4025.27,561.08,66.0,1676.67,126.83,63.58,6.75,1.0,58.0,0.0,44.42,341758.0,71429.0,524422.0,581577.0,216107.0,121936.0,128923.0,43477.0,121016.0,529812.0,2170550.0,13302439.64,414662.0,3824784.12,23015.0,16868.0,70172.0,17697960.82,523834.0,13006503.5,1830.0,1046.0,24845.0,17914.0,391.0,109341.0,21913.0,42428948.18,26090689.15,893.0,18424.0,2876640.0,31665321.27,3758.0,1510.0,33.0,8.78,6.17,77.97,7.5,54.31,11.76,1585.41,245.11,1022.91,1.819,1.776,2.584,2.291,0.2368,1.395,2.141,2.375,8.863,0.287,101.445,73.145,245.1129,1022.9084,57.4941,5.1317,4.8842,0.2731,68.4604,2.3682,0.2917,11.5692,0.5264,74.1558,3.5943,4.4009,89.4733,173.2423,106.5313,2.1827,2.0,4.3
510760,Rondonópolis,51013,Sul Matogrossense,5101,Sul,2023,251938.0,interpolada (Censo 2022 x IBGE 2024),6.0,12.0,12.0,False,True,442677092.68,78463763.32,274116741.28,64222070.39,432349066.73,10328025.95,263315188.36,446.22,479.34,1334.56,73.35,635.73,4414.01,529.17,66.0,1791.83,126.83,65.42,5.33,1.0,59.33,0.0,47.0,352297.0,76689.0,572614.0,730887.0,236620.0,114546.0,190392.0,60400.0,172758.0,273061.0,2138350.0,12849491.03,886343.0,6099941.03,24961.0,18143.0,74662.0,19176301.7,599272.0,15186917.9,2471.0,1511.0,27432.0,19654.0,545.0,118608.0,22798.0,47173608.27,28026437.29,1028.0,20887.0,2583731.0,32433123.12,3964.0,1540.0,44.0,11.1,6.113,79.21,7.54,55.73,11.43,1757.09,311.44,1088.03,1.771,1.903,2.523,2.1,0.2355,1.398,2.273,2.901,8.488,0.296,108.884,78.011,311.4408,1088.0325,59.4825,2.3331,5.2972,0.2911,71.1219,2.3549,0.3044,15.2371,0.7557,76.141,3.7474,4.3237,90.4905,187.2429,111.2434,2.773,2.6,5.5
510760,Rondonópolis,51013,Sul Matogrossense,5101,Sul,2024,259167.0,IBGE estimativa,6.0,12.0,12.0,False,True,455932632.47,90819018.23,266618266.45,72333250.12,444586345.35,11346287.12,257264963.78,507.96,522.34,1449.89,79.4,639.08,4795.81,505.17,66.0,1935.92,134.08,66.42,4.92,1.0,60.33,0.58,55.25,413995.0,96153.0,711066.0,758380.0,268329.0,145158.0,214448.0,54776.0,197545.0,289441.0,2148705.0,13033484.98,1538905.0,9402010.08,25276.0,17439.0,75789.0,20545140.3,786216.0,16052287.1,2532.0,1542.0,27808.0,18981.0,432.0,117831.0,22857.0,49531661.51,28830829.62,987.0,21492.0,2624605.0,33949755.23,3680.0,1533.0,42.0,11.41,5.92,83.34,7.96,53.53,10.68,1759.22,350.43,1028.75,1.96,2.015,2.466,1.949,0.2328,1.597,2.744,2.926,8.291,0.292,107.298,73.238,350.4266,1028.7508,56.4261,2.4886,5.5944,0.3064,74.6978,2.3278,0.371,14.8848,0.8275,77.2871,3.5493,4.2373,88.1941,191.1187,111.2442,2.276,2.1,4.5
510760,Rondonópolis,51013,Sul Matogrossense,5101,Sul,2025,263708.0,IBGE estimativa,6.0,12.0,12.0,False,True,484244798.27,102703644.73,271167448.47,79930277.85,479386974.67,4857823.6,257935254.57,543.14,516.9,1442.8,98.87,632.05,4971.63,503.58,66.0,2034.83,149.17,66.75,5.5,1.0,62.0,2.0,56.0,385156.0,86869.0,697541.0,728147.0,275060.0,109679.0,206857.0,56128.0,194779.0,344169.0,2122018.0,13402123.09,1426757.0,9269163.74,26818.0,19066.0,82509.0,22664137.09,735733.0,17925643.85,2417.0,1585.0,29235.0,20651.0,567.0,121366.0,23038.0,50933386.76,30738398.48,1123.0,23491.0,2665805.0,36356919.18,,,,,,,,,,1836.29,389.46,1028.29,2.06,1.96,2.397,1.91,0.2351,1.461,2.645,2.761,8.047,0.313,110.861,78.31,389.4597,1028.2868,53.2655,1.0032,5.4712,0.3749,77.1622,2.3511,0.3294,,0.7844,80.3523,3.8413,4.1514,87.3618,193.1431,116.5623,2.7456,2.5,5.6
510770,Rosário Oeste,51004,Centro Norte,5106,Centro-Noroeste,2020,17054.0,IBGE estimativa,6.0,12.0,12.0,False,True,19304108.12,8188044.51,5960554.16,2230171.0,18663980.08,640128.04,10932881.75,10.25,12.53,25.11,5.35,68.5,141.85,56.0,0.0,58.0,18.0,7.0,1.0,0.0,5.58,0.0,5.0,13584.0,1354.0,30331.0,49537.0,9508.0,3776.0,9666.0,2205.0,8695.0,11160.0,37691.0,214871.63,5665.0,50182.42,817.0,1152.0,0.0,0.0,19992.0,294295.4,0.0,23.0,817.0,1175.0,362.0,2881.0,0.0,474936.44,1159137.17,21.0,817.0,60002.0,265930.88,164.0,113.0,1.0,6.1,6.63,79.27,9.76,45.12,18.29,1131.94,480.12,349.51,0.601,0.735,4.017,3.284,0.3272,0.797,1.779,2.905,2.21,0.0,47.907,68.899,480.1246,349.5106,56.635,3.316,1.4724,0.3137,34.0096,3.272,0.0794,13.4451,0.5668,100.0,2.5704,3.5263,0.0,27.849,67.9686,30.8085,29.5,28.0
510770,Rosário Oeste,51004,Centro Norte,5106,Centro-Noroeste,2021,16999.0,IBGE estimativa,6.0,12.0,12.0,False,True,21900689.72,9379604.18,6991883.38,3287043.06,21231932.82,668756.9,15030166.71,12.0,15.35,32.77,6.14,69.17,172.19,61.0,0.0,71.17,18.83,7.0,1.0,0.0,6.0,0.0,5.0,20448.0,3254.0,35535.0,71373.0,14075.0,5882.0,12000.0,2619.0,10535.0,40565.0,42480.0,206263.3,38717.0,201016.74,763.0,1102.0,0.0,0.0,15994.0,332951.14,0.0,30.0,763.0,1132.0,410.0,2949.0,0.0,507190.17,1484545.21,10.0,751.0,91667.0,246064.6,186.0,139.0,4.0,21.51,8.18,79.46,7.53,54.84,17.2,1288.35,551.77,411.31,0.706,0.903,4.069,3.588,0.353,1.203,2.09,4.199,2.499,0.0,44.885,66.592,551.7739,411.3115,68.6287,3.0536,1.9278,0.3612,41.8672,3.5296,0.1914,14.0806,0.7059,98.4273,1.3106,3.865,0.0,29.8365,87.3313,36.2191,34.3,32.4
510770,Rosário Oeste,51004,Centro Norte,5106,Centro-Noroeste,2022,15453.0,IBGE Censo 2022,6.0,12.0,12.0,False,True,26885452.35,12206578.49,9700433.67,3026892.95,26011313.12,874139.23,16713345.88,19.58,19.11,32.21,6.08,67.73,183.86,66.5,0.0,74.0,19.58,7.0,1.0,0.0,6.0,0.0,5.0,23600.0,5747.0,47909.0,99922.0,16228.0,6660.0,17516.0,3280.0,14954.0,33241.0,47681.0,225490.94,50164.0,261935.5,616.0,1012.0,0.0,0.0,13264.0,386099.63,0.0,20.0,616.0,1032.0,422.0,2313.0,0.0,281734.45,965202.67,14.0,616.0,81573.0,226352.24,178.0,129.0,1.0,5.62,8.35,83.15,8.43,60.67,17.98,1739.82,789.92,627.74,1.267,1.237,4.383,4.303,0.3883,1.527,3.1,6.466,3.086,0.0,39.863,66.783,789.9164,627.7379,62.165,3.2513,2.0844,0.3935,47.8871,3.8827,0.3719,18.427,1.1335,100.0,2.2727,3.7549,0.0,18.2317,62.4605,40.8915,35.7,36.9
510770,Rosário Oeste,51004,Centro Norte,5106,Centro-Noroeste,2023,15344.0,interpolada (Censo 2022 x IBGE 2024),6.0,12.0,12.0,False,True,32895082.07,11019086.24,13316239.4,5963301.26,31386098.22,1508983.85,19872269.56,20.22,20.35,38.11,5.89,68.75,193.44,80.0,0.0,74.08,22.5,6.25,1.0,0.0,6.0,0.0,5.0,31715.0,4938.0,62504.0,95308.0,22336.0,8869.0,15370.0,3163.0,13687.0,47032.0,60614.0,332679.86,63898.0,382852.07,762.0,1043.0,0.0,0.0,15045.0,534545.21,0.0,22.0,762.0,1065.0,340.0,2361.0,0.0,356946.76,972721.95,14.0,615.0,108142.0,345619.46,188.0,138.0,2.0,10.64,8.994,78.19,9.04,54.55,18.09,2143.84,718.14,867.85,1.318,1.326,4.481,5.214,0.391,2.067,4.074,6.211,3.95,0.0,49.661,69.408,718.1365,867.8467,60.4111,4.5873,2.4837,0.3839,48.2795,3.9103,0.3218,16.8245,1.0017,80.7087,1.8373,3.0984,0.0,23.263,63.3943,31.9249,29.4,28.9
510770,Rosário Oeste,51004,Centro Norte,5106,Centro-Noroeste,2024,15236.0,IBGE estimativa,6.0,12.0,12.0,False,True,36250348.41,13984350.14,14035256.09,5670102.83,35483857.65,766490.76,23198357.61,25.53,27.4,47.55,7.93,68.6,220.45,82.08,0.0,82.08,24.5,6.92,1.0,0.0,6.08,0.0,5.08,33352.0,6219.0,66183.0,97952.0,21565.0,11337.0,17012.0,2916.0,15324.0,77436.0,46884.0,217583.63,50358.0,282213.29,939.0,1170.0,0.0,0.0,14444.0,591467.11,0.0,20.0,939.0,1190.0,325.0,3233.0,0.0,442614.65,1036510.69,27.0,799.0,124979.0,232458.83,146.0,137.0,4.0,27.4,8.99,86.99,6.85,63.7,9.59,2379.26,917.85,921.19,1.676,1.798,4.502,5.387,0.3991,2.189,4.344,6.429,3.077,0.0,61.63,78.104,917.8492,921.1903,63.9949,2.1144,3.1209,0.5205,53.8724,3.9905,0.4082,19.9726,1.1166,85.0905,2.8754,3.443,0.0,29.0506,68.0304,27.3109,26.5,26.4
510770,Rosário Oeste,51004,Centro Norte,5106,Centro-Noroeste,2025,15041.0,IBGE estimativa,6.0,12.0,12.0,False,True,35361099.25,16298113.16,12523113.39,4448500.93,34001317.86,1359781.39,25494075.99,28.53,28.6,52.3,8.1,66.0,234.22,85.0,0.0,127.5,26.75,7.0,1.0,0.0,7.0,0.0,6.0,35853.0,6064.0,73505.0,98893.0,24677.0,10136.0,13311.0,2610.0,13713.0,55698.0,62841.0,366756.88,59954.0,397501.3,766.0,1133.0,347.0,55411.62,27641.0,832263.25,0.0,33.0,766.0,1166.0,422.0,2669.0,0.0,368626.37,1343003.57,23.0,669.0,119430.0,422381.35,,,,,,,,,,2350.98,1083.58,832.6,1.897,1.901,4.388,5.651,0.4654,2.384,4.887,6.575,4.178,0.023,50.927,77.521,1083.5791,832.5985,72.0964,3.8454,3.4772,0.5385,84.7683,4.6539,0.4032,,0.885,87.3368,3.0026,3.4843,0.0,24.5081,89.2895,36.1921,35.5,33.9
510774,Santa Cruz do Xingu,51003,Araguaia Xingu,5104,Leste,2020,2633.0,IBGE estimativa,6.0,12.0,12.0,False,True,5113730.68,2039764.3,2938158.24,0.0,4909607.93,204122.75,4872415.77,3.48,2.92,11.88,2.25,15.33,62.22,0.0,0.0,5.33,6.0,1.33,0.0,0.67,1.0,0.0,1.0,1953.0,228.0,4217.0,4427.0,1085.0,856.0,1671.0,499.0,1890.0,6236.0,8044.0,21326.55,86.0,423.77,0.0,88.0,0.0,0.0,3237.0,10815.41,0.0,1.0,0.0,89.0,89.0,0.0,0.0,0.0,53172.88,0.0,0.0,15060.0,21326.55,34.0,9.0,0.0,0.0,3.42,79.41,8.82,55.88,14.71,1942.17,774.69,1115.9,1.322,1.109,5.822,0.0,0.3798,0.742,1.602,1.681,3.055,0.0,0.0,33.802,774.6921,1115.8975,95.281,3.9917,4.512,0.8545,20.2431,3.7979,0.0866,14.6765,0.6346,,,,0.0,0.0,20.1948,100.0,10.1,165.0
510774,Santa Cruz do Xingu,51003,Araguaia Xingu,5104,Leste,2021,2700.0,IBGE estimativa,6.0,12.0,12.0,False,True,6119563.1,1970861.58,3894870.4,0.0,5629373.16,490189.94,4401293.47,3.98,3.17,15.5,1.33,13.5,64.65,2.67,0.0,11.67,6.67,1.0,0.0,1.0,1.0,0.0,1.0,3457.0,527.0,7627.0,5239.0,3271.0,186.0,1894.0,799.0,1945.0,6099.0,11467.0,28075.02,235.0,2028.33,0.0,123.0,0.0,0.0,3281.0,12693.77,0.0,6.0,0.0,129.0,129.0,0.0,0.0,0.0,213108.7,0.0,0.0,18235.0,28075.02,36.0,11.0,0.0,0.0,4.07,58.33,8.33,66.67,25.0,2266.5,729.95,1442.54,1.474,1.174,5.0,0.989,0.3704,1.28,2.825,1.94,4.247,0.0,0.0,47.778,729.9487,1442.5446,71.9217,8.0102,5.7407,0.4926,43.2222,3.7037,0.1952,22.1944,0.7015,,,,0.0,0.0,78.9291,100.0,18.6,214.3
510774,Santa Cruz do Xingu,51003,Araguaia Xingu,5104,Leste,2022,2661.0,IBGE Censo 2022,6.0,12.0,12.0,False,True,7453095.35,2921407.8,4382206.22,0.0,6605394.03,847701.32,6276987.58,3.5,3.57,14.92,1.0,11.5,60.09,4.0,0.0,12.0,7.0,1.0,0.0,1.0,1.0,0.0,1.0,6480.0,531.0,13481.0,6085.0,5358.0,1122.0,2550.0,1014.0,2051.0,2655.0,15966.0,61476.33,4716.0,8231.28,0.0,135.0,0.0,0.0,4348.0,11061.13,0.0,4.0,0.0,139.0,139.0,0.0,0.0,0.0,161809.69,0.0,0.0,19137.0,62208.93,37.0,5.0,0.0,0.0,1.88,83.78,5.41,64.86,10.81,2800.86,1097.86,1646.83,1.315,1.342,4.322,1.503,0.3758,2.435,5.066,2.287,6.0,0.0,0.0,52.236,1097.8609,1646.8268,84.2199,11.3738,5.6069,0.3758,45.0958,3.758,0.1995,27.4054,0.9583,,,,0.0,0.0,60.8079,100.0,15.1,194.7
510774,Santa Cruz do Xingu,51003,Araguaia Xingu,5104,Leste,2023,2746.0,interpolada (Censo 2022 x IBGE 2024),6.0,12.0,12.0,False,True,8811495.96,3824048.54,4452108.32,0.0,8397710.94,413785.02,7069789.18,3.74,3.37,14.42,1.83,11.08,57.07,4.0,0.0,12.92,7.0,1.0,0.0,1.0,1.0,0.0,1.0,5086.0,801.0,11829.0,5226.0,3714.0,1372.0,2920.0,736.0,2027.0,107.0,14783.0,73319.1,1388.0,11875.84,0.0,149.0,152.0,17006.84,3889.0,32023.61,0.0,3.0,0.0,152.0,152.0,0.0,0.0,0.0,98993.31,0.0,0.0,20721.0,115506.59,41.0,15.0,3.0,73.17,5.462,85.37,9.76,75.61,14.63,3208.85,1392.59,1621.31,1.362,1.227,4.035,1.457,0.3642,1.852,4.308,1.903,5.383,0.055,0.0,55.353,1392.5887,1621.3067,80.2337,4.696,5.2513,0.6664,47.0503,3.6417,0.2917,17.9512,1.0634,,,,0.0,0.0,36.05,100.0,9.9,158.7
510774,Santa Cruz do Xingu,51003,Araguaia Xingu,5104,Leste,2024,2834.0,IBGE estimativa,6.0,12.0,12.0,False,True,9062542.33,3883293.09,5030111.73,0.0,8920620.49,141921.84,7542183.42,2.88,4.83,12.75,1.58,12.0,57.38,4.0,0.0,14.0,7.0,1.0,0.0,1.0,1.0,0.0,1.0,6778.0,808.0,11793.0,7585.0,5292.0,1486.0,2942.0,917.0,2463.0,6144.0,22342.0,136288.04,893.0,10842.89,0.0,157.0,68.0,9944.43,4159.0,37471.3,0.0,4.0,0.0,161.0,161.0,0.0,0.0,0.0,210781.22,0.0,0.0,32627.0,165547.37,37.0,7.0,0.0,0.0,2.47,83.78,8.11,83.78,21.62,3197.79,1370.25,1774.92,1.016,1.704,4.234,1.411,0.3529,2.392,4.161,2.676,7.884,0.024,0.0,56.81,1370.2516,1774.9159,83.2237,1.566,4.4989,0.5575,49.4001,3.5286,0.2851,24.7838,1.0381,,,,0.0,0.0,74.3759,100.0,16.1,199.5
510774,Santa Cruz do Xingu,51003,Araguaia Xingu,5104,Leste,2025,2904.0,IBGE estimativa,6.0,12.0,12.0,False,True,10420099.24,4457176.82,5851811.13,0.0,9668487.48,751611.76,8092085.6,3.05,6.0,13.25,1.0,12.33,61.15,4.0,0.0,13.67,7.75,1.0,0.0,1.0,1.0,0.0,1.0,7262.0,860.0,12785.0,8366.0,4995.0,1618.0,3242.0,867.0,2833.0,6099.0,26168.0,151448.13,1764.0,25084.36,0.0,223.0,21.0,2627.97,6887.0,45106.87,0.0,3.0,0.0,226.0,226.0,0.0,0.0,0.0,201878.1,0.0,0.0,44898.0,214599.75,,,,,,,,,,3588.19,1534.84,2015.09,1.05,2.066,4.246,1.377,0.3444,2.501,4.403,2.881,9.011,0.007,0.0,77.824,1534.8405,2015.0865,77.6584,7.2131,4.5627,0.3444,47.073,3.4435,0.2961,,1.1164,,,,0.0,0.0,69.5173,100.0,16.8,208.1
510775,Salto do Céu,51011,Oeste Matogrossense,5102,Oeste,2020,3295.0,IBGE estimativa,6.0,12.0,12.0,False,True,4914705.42,2557771.21,1274176.37,808251.56,4831140.76,83564.66,2953824.71,4.5,2.9,13.67,2.0,18.0,62.44,14.0,0.0,24.0,8.0,2.0,1.0,0.0,2.0,0.0,2.0,11551.0,2259.0,18278.0,14627.0,7486.0,2698.0,2503.0,947.0,2757.0,3441.0,16085.0,57653.25,2002.0,15954.1,104.0,217.0,0.0,0.0,12661.0,131797.56,0.0,5.0,104.0,222.0,125.0,260.0,0.0,35114.62,176388.28,3.0,103.0,19887.0,58821.45,57.0,21.0,1.0,17.54,6.37,92.98,10.53,52.63,14.04,1491.56,776.26,386.7,1.366,0.88,5.463,4.249,0.607,3.506,5.547,4.439,4.882,0.0,31.563,67.375,776.2583,386.7,60.1018,1.7003,4.1487,0.607,72.8376,6.0698,0.6856,16.614,0.7596,99.0385,2.8846,2.5,0.0,10.6569,53.5321,56.3063,4.1,69.5
510775,Salto do Céu,51011,Oeste Matogrossense,5102,Oeste,2021,3226.0,IBGE estimativa,6.0,12.0,12.0,False,True,5805407.38,2969636.63,2017839.78,540689.08,5506216.52,299190.86,3679669.04,4.96,3.0,14.75,2.0,19.42,79.08,14.0,0.0,24.0,8.0,2.0,1.0,0.0,2.0,0.0,2.0,10978.0,2080.0,17751.0,18275.0,8941.0,1231.0,1711.0,775.0,1950.0,3165.0,15950.0,72788.33,3244.0,26188.72,112.0,266.0,0.0,0.0,9540.0,140554.15,0.0,3.0,112.0,269.0,159.0,437.0,0.0,45384.58,289932.18,2.0,107.0,20350.0,75976.13,43.0,39.0,1.0,23.26,12.09,88.37,11.63,67.44,11.63,1799.57,920.53,625.49,1.538,0.93,6.02,4.34,0.62,3.403,5.502,5.665,4.944,0.0,34.718,83.385,920.5321,625.4928,63.3835,5.1537,4.5722,0.62,74.3955,6.1996,0.6448,18.0233,0.5304,95.5357,1.7857,3.9018,0.0,14.0684,89.8736,59.1078,5.2,73.7
510775,Salto do Céu,51011,Oeste Matogrossense,5102,Oeste,2022,3679.0,IBGE Censo 2022,5.0,12.0,12.0,False,False,6835228.57,3787790.39,2323164.23,410461.89,6455258.29,379970.28,3781385.49,5.24,3.75,14.75,1.92,20.0,83.29,14.0,0.0,24.83,9.67,3.0,1.0,0.0,2.0,0.0,2.0,15413.0,2538.0,22239.0,35421.0,10798.0,3391.0,2152.0,947.0,2437.0,4894.0,19221.0,81317.49,3001.0,29786.76,135.0,272.0,0.0,0.0,3898.0,170061.1,0.0,2.0,135.0,274.0,140.0,457.0,0.0,30439.04,153159.14,6.0,130.0,30773.0,111022.44,60.0,30.0,0.0,0.0,8.15,85.0,5.0,56.67,16.67,1857.9,1029.57,631.47,1.424,1.019,5.436,3.805,0.5436,4.189,6.045,9.628,5.225,0.0,36.695,74.477,1029.5706,631.4662,55.322,5.559,4.0092,0.5219,67.4912,5.4363,0.6899,15.7833,0.5849,96.2963,4.4444,3.3852,0.0,8.2737,41.6306,51.0949,2.9,63.5
510775,Salto do Céu,51011,Oeste Matogrossense,5102,Oeste,2023,3679.0,interpolada (Censo 2022 x IBGE 2024),6.0,12.0,12.0,False,True,7360322.74,3659527.88,3139909.45,265437.45,6766145.74,594177.0,4404549.77,5.08,4.5,11.75,1.75,20.0,83.08,14.0,0.0,25.17,10.0,4.0,1.0,0.0,2.0,0.0,2.0,18066.0,2739.0,24003.0,35595.0,11960.0,5066.0,2209.0,765.0,2458.0,4989.0,21798.0,93480.44,3185.0,39254.82,103.0,248.0,8.0,2150.0,7124.0,222978.38,0.0,2.0,103.0,250.0,148.0,342.0,0.0,32790.53,187970.97,3.0,93.0,33917.0,128300.44,40.0,22.0,2.0,50.0,5.98,82.5,5.0,62.5,15.0,2000.63,994.71,853.47,1.381,1.223,5.436,3.805,0.5436,4.911,6.524,9.675,5.925,0.002,27.997,67.953,994.7072,853.4682,59.8418,8.0727,3.1938,0.4757,68.4153,5.4363,0.7445,19.125,0.6004,90.2913,2.9126,3.3204,0.0,8.9129,51.093,59.2,6.4,76.6
510775,Salto do Céu,51011,Oeste Matogrossense,5102,Oeste,2024,3679.0,IBGE estimativa,6.0,12.0,12.0,False,True,7848815.07,2789122.53,4276197.97,512324.67,7006884.51,841930.56,4956394.03,5.75,4.0,10.58,1.92,19.5,82.3,14.0,0.0,27.0,10.0,4.0,1.0,0.0,2.0,0.0,2.0,17471.0,1529.0,23515.0,33323.0,9939.0,6023.0,3791.0,976.0,4124.0,5897.0,28919.0,156889.04,4812.0,59935.99,92.0,292.0,26.0,6712.44,1198.0,187390.64,0.0,3.0,92.0,295.0,206.0,331.0,0.0,36419.77,287808.34,6.0,92.0,42598.0,198538.58,41.0,32.0,0.0,0.0,8.7,92.68,2.44,56.1,7.32,2133.41,758.12,1162.33,1.563,1.087,5.3,3.805,0.5436,4.749,6.392,9.058,7.861,0.007,25.007,80.185,758.1197,1162.3262,63.1483,10.7268,2.8758,0.5219,73.3895,5.4363,0.4156,23.8049,1.0304,100.0,6.5217,3.5978,0.0,9.8994,78.23,69.8305,6.8,88.4
510775,Salto do Céu,51011,Oeste Matogrossense,5102,Oeste,2025,3657.0,IBGE estimativa,6.0,12.0,12.0,False,True,8725684.2,3509620.08,4344043.93,551096.46,8081795.93,643888.27,5821477.97,5.44,4.0,11.27,2.25,19.5,86.38,14.0,0.0,26.33,10.0,4.0,1.0,0.0,2.0,0.0,2.0,23835.0,1427.0,28617.0,40625.0,11138.0,11190.0,3369.0,772.0,3690.0,5344.0,33548.0,163052.94,5687.0,58473.89,68.0,355.0,77.0,20486.25,14912.0,268352.32,0.0,11.0,68.0,366.0,299.0,363.0,0.0,20867.23,487792.12,1.0,68.0,47086.0,219530.64,,,,,,,,,,2386.02,959.7,1187.87,1.488,1.094,5.332,3.828,0.5469,6.518,7.825,11.109,9.174,0.021,18.594,100.082,959.6992,1187.8709,66.7166,7.3792,3.0818,0.6153,71.9989,5.469,0.3902,,0.9212,100.0,1.4706,5.3382,0.0,5.7061,133.3859,81.694,17.8,114.0
510776,Santa Rita do Trivelato,51014,Teles Pires,5103,Norte,2020,3506.0,IBGE estimativa,6.0,12.0,9.0,False,False,6737827.86,1661978.96,3606248.22,1263496.44,6304244.85,433583.01,5371819.59,3.26,7.83,6.5,2.67,8.17,59.7,0.0,0.0,10.0,10.67,3.0,0.0,0.0,2.0,0.0,1.0,5349.0,624.0,4952.0,3390.0,3777.0,1448.0,2262.0,646.0,2824.0,9781.0,15585.0,79270.75,1197.0,6328.23,0.0,98.0,0.0,0.0,3241.0,47957.96,0.0,0.0,0.0,98.0,98.0,0.0,0.0,0.0,121636.96,0.0,0.0,25545.0,79270.75,43.0,9.0,1.0,23.26,2.57,51.16,9.3,60.47,13.95,1921.8,474.04,1028.59,0.93,2.233,2.33,0.0,0.5705,1.526,1.412,0.967,4.445,0.0,0.0,27.952,474.0385,1028.5933,79.7263,6.4351,1.854,0.7616,28.5225,5.7045,0.178,15.0233,0.6452,,,,0.0,0.0,34.6939,100.0,5.1,147.9
510776,Santa Rita do Trivelato,51014,Teles Pires,5103,Norte,2021,3602.0,IBGE estimativa,6.0,12.0,12.0,False,True,8016465.13,1796498.98,4929653.52,1019655.23,7303225.0,713240.13,7398918.35,3.67,8.96,6.17,3.58,8.0,63.9,0.0,0.0,10.0,10.0,2.67,0.0,0.0,2.0,0.0,1.0,6561.0,1020.0,11886.0,5234.0,2256.0,4238.0,3082.0,898.0,3060.0,14177.0,14343.0,84401.72,1340.0,13016.53,0.0,141.0,0.0,0.0,5330.0,58524.12,0.0,0.0,0.0,141.0,141.0,0.0,0.0,0.0,244639.88,0.0,0.0,28570.0,84401.72,49.0,16.0,1.0,20.41,4.44,63.27,12.24,55.1,12.24,2225.56,498.75,1368.59,1.019,2.488,2.221,0.0,0.5552,1.821,3.3,1.453,3.982,0.0,0.0,39.145,498.7504,1368.5879,92.2965,8.8972,1.7129,0.9939,27.7624,5.5525,0.2832,18.3265,0.8556,,,,0.0,0.0,67.9178,100.0,6.4,146.1
510776,Santa Rita do Trivelato,51014,Teles Pires,5103,Norte,2022,3276.0,IBGE Censo 2022,6.0,12.0,12.0,False,True,9751973.59,2141270.62,5601982.52,1670991.72,8878836.67,873136.92,8259943.89,4.54,9.88,8.5,3.44,7.58,64.35,0.0,0.0,12.33,10.0,3.0,0.0,0.0,2.0,0.0,1.58,11575.0,2461.0,18988.0,17469.0,5659.0,5775.0,5985.0,1100.0,5240.0,15508.0,13450.0,70420.98,1859.0,15037.89,0.0,121.0,0.0,0.0,7261.0,51053.53,0.0,6.0,0.0,127.0,127.0,0.0,0.0,0.0,157932.69,0.0,0.0,29219.0,70420.98,50.0,10.0,0.0,0.0,3.05,72.0,8.0,70.0,8.0,2976.79,653.62,1710.01,1.386,3.016,2.314,0.0,0.6105,3.533,5.796,5.332,4.106,0.0,0.0,38.767,653.6235,1710.0069,84.7002,8.9534,2.5946,1.0501,37.6374,6.105,0.7512,22.0,1.8269,,,,0.0,0.0,48.209,100.0,7.9,144.5
510776,Santa Rita do Trivelato,51014,Teles Pires,5103,Norte,2023,3368.0,interpolada (Censo 2022 x IBGE 2024),6.0,12.0,12.0,False,True,10077790.31,2363742.51,5447351.75,1581205.71,9770044.75,307745.56,8869162.73,5.56,9.68,7.83,3.7,7.75,68.68,0.0,0.0,14.25,10.5,3.0,0.0,0.33,2.0,0.0,2.0,11609.0,2615.0,19412.0,14651.0,6320.0,5175.0,5273.0,1132.0,5019.0,43574.0,10554.0,45019.42,10197.0,63542.64,0.0,179.0,0.0,0.0,7238.0,75380.38,0.0,6.0,0.0,185.0,185.0,0.0,0.0,0.0,238910.23,0.0,0.0,54425.0,45019.42,58.0,13.0,0.0,0.0,3.86,75.86,17.24,72.41,10.34,2992.22,701.82,1617.38,1.651,2.874,2.301,0.0,0.5938,3.447,5.764,4.35,3.134,0.0,0.0,54.929,701.8238,1617.3847,88.007,3.0537,2.3248,1.0986,42.31,5.9382,0.7764,19.5172,1.5656,,,,0.0,0.0,70.9353,100.0,28.6,152.3
510776,Santa Rita do Trivelato,51014,Teles Pires,5103,Norte,2024,3463.0,IBGE estimativa,6.0,12.0,12.0,False,True,12578198.64,4019943.26,5615381.57,2272399.01,11401282.51,1176916.13,10719022.06,5.66,12.94,8.82,4.28,7.58,84.94,0.0,0.0,17.58,11.0,3.92,0.0,1.0,2.0,0.0,2.0,13806.0,2690.0,21452.0,20185.0,7831.0,5235.0,4255.0,835.0,4895.0,5599.0,32073.0,169120.55,32787.0,180614.59,0.0,183.0,76.0,15023.43,11730.0,90581.22,0.0,2.0,0.0,185.0,185.0,0.0,0.0,0.0,209921.96,0.0,0.0,96319.0,472288.43,38.0,21.0,1.0,26.32,6.06,81.58,2.63,78.95,15.79,3632.17,1160.83,1621.54,1.634,3.737,2.189,0.0,0.5775,3.987,6.195,5.829,9.262,0.022,0.0,53.422,1160.8268,1621.5367,85.2191,9.3568,2.5469,1.2359,50.7652,5.7753,0.7768,21.9737,1.2287,,,,0.0,0.0,60.6185,100.0,23.8,144.3
510776,Santa Rita do Trivelato,51014,Teles Pires,5103,Norte,2025,3536.0,IBGE estimativa,6.0,12.0,12.0,False,True,15378783.33,5275115.33,5302208.11,4141886.89,12503655.18,2875128.15,12212535.96,6.14,11.62,7.67,4.63,8.0,82.05,0.0,0.0,18.0,11.0,4.0,0.0,1.0,1.92,0.0,2.0,16759.0,3256.0,27548.0,21623.0,8641.0,5685.0,3872.0,646.0,4367.0,4403.0,38567.0,224875.3,36804.0,232269.04,0.0,140.0,425.0,82612.45,15603.0,121603.28,0.0,7.0,0.0,147.0,147.0,0.0,0.0,0.0,156365.13,0.0,0.0,80344.0,488301.35,,,,,,,,,,4349.2,1491.83,1499.49,1.736,3.286,2.262,0.0,0.543,4.74,7.791,6.115,10.907,0.12,0.0,41.572,1491.8313,1499.4932,79.4116,18.6954,2.1691,1.3094,50.905,5.4299,0.9208,,1.095,,,,0.0,0.0,44.2209,100.0,40.8,144.9
510777,Santa Terezinha,51003,Araguaia Xingu,5104,Leste,2020,8460.0,IBGE estimativa,6.0,12.0,12.0,False,True,5691120.29,2272430.79,2869921.6,169487.97,5492021.24,199099.05,2939007.03,4.18,7.33,20.0,3.0,48.92,127.06,22.0,0.0,9.0,8.0,2.0,1.0,0.0,2.67,0.0,2.0,1784.0,208.0,3888.0,10291.0,1386.0,398.0,6131.0,1469.0,5449.0,11256.0,6753.0,42116.58,2689.0,26444.0,176.0,397.0,0.0,0.0,1361.0,4105.2,0.0,1.0,176.0,398.0,241.0,559.0,0.0,58013.68,197084.04,1.0,176.0,18035.0,42116.58,120.0,34.0,1.0,8.33,4.02,41.67,10.83,56.67,30.0,672.71,268.61,339.23,0.494,0.866,5.783,2.6,0.3156,0.211,0.46,1.216,0.798,0.0,20.804,47.045,268.6088,339.2342,51.642,3.4984,2.3641,0.3546,10.6383,3.156,0.0246,12.2417,0.7247,100.0,0.5682,3.1761,0.0,6.8574,23.296,60.5528,8.8,129.4
510777,Santa Terezinha,51003,Araguaia Xingu,5104,Leste,2021,8547.0,IBGE estimativa,6.0,12.0,12.0,False,True,8745406.96,2763724.65,4516976.77,920780.98,8201462.86,543944.1,5533639.79,5.82,7.58,24.25,3.0,44.83,136.51,26.17,0.0,9.83,8.83,2.0,1.0,0.0,3.0,0.0,2.0,3518.0,607.0,8109.0,26441.0,2125.0,1393.0,4516.0,1399.0,4240.0,15122.0,16445.0,76043.95,3369.0,32439.95,416.0,659.0,0.0,0.0,1145.0,16786.65,0.0,3.0,416.0,662.0,262.0,1144.0,0.0,183757.96,463167.93,8.0,416.0,31567.0,76043.95,112.0,46.0,3.0,26.79,5.38,42.86,7.14,63.39,27.68,1023.21,323.36,528.49,0.681,0.887,5.245,3.062,0.351,0.412,0.949,3.094,1.924,0.0,48.672,77.454,323.3561,528.4868,63.2748,6.2198,2.8373,0.351,11.5011,3.51,0.071,12.4911,0.5284,100.0,1.9231,2.75,0.0,21.4997,54.1907,39.577,4.8,77.8
510777,Santa Terezinha,51003,Araguaia Xingu,5104,Leste,2022,7596.0,IBGE Censo 2022,6.0,12.0,12.0,False,True,10794006.78,3766614.7,5952888.74,504197.58,10275719.26,518287.52,5819026.48,5.21,7.83,25.21,3.0,48.25,145.34,24.08,0.0,9.42,8.42,2.0,1.0,0.0,3.0,0.0,2.0,8516.0,1634.0,18043.0,59203.0,6802.0,1714.0,4251.0,1683.0,4361.0,9075.0,16014.0,67832.12,2813.0,24537.05,477.0,711.0,0.0,0.0,488.0,66908.98,0.0,2.0,477.0,713.0,262.0,1228.0,0.0,195237.32,373018.88,5.0,477.0,25089.0,67832.12,102.0,41.0,3.0,29.41,5.4,59.8,2.94,68.63,25.49,1421.01,495.87,783.69,0.686,1.031,6.352,3.17,0.3949,1.121,2.375,7.794,2.108,0.0,62.796,93.865,495.8682,783.6873,53.9098,4.8016,3.3189,0.3949,12.4013,3.9494,0.2151,16.5,0.5596,100.0,1.0482,2.5744,0.0,25.7026,49.1073,36.7461,3.6,64.4
510777,Santa Terezinha,51003,Araguaia Xingu,5104,Leste,2023,7658.0,interpolada (Censo 2022 x IBGE 2024),6.0,12.0,12.0,False,True,11803782.37,4119085.92,6078274.52,708014.19,11509031.58,294750.79,7257851.0,4.88,4.92,27.5,2.83,47.92,157.33,22.0,0.0,10.08,8.42,2.0,1.0,0.0,3.0,0.0,2.0,11178.0,1360.0,21126.0,49376.0,8130.0,3048.0,4216.0,1534.0,4458.0,25023.0,15593.0,112062.07,9733.0,97834.24,471.0,759.0,0.0,0.0,1588.0,41899.76,0.0,6.0,471.0,765.0,333.0,1025.0,0.0,149129.29,552904.8,9.0,470.0,41225.0,115076.62,104.0,54.0,2.0,19.23,7.051,66.35,8.65,54.81,15.38,1541.37,537.88,793.72,0.637,0.642,6.258,2.873,0.3917,1.46,2.759,6.448,2.036,0.0,61.504,99.896,537.8801,793.7157,61.4875,2.4971,3.591,0.3695,13.1627,3.9175,0.1776,14.75,0.5505,99.7877,1.9108,2.1762,0.0,19.4737,72.1996,43.5294,7.3,101.1
510777,Santa Terezinha,51003,Araguaia Xingu,5104,Leste,2024,7720.0,IBGE estimativa,6.0,12.0,12.0,False,True,14384043.08,3963853.44,8925122.33,1022846.4,12822848.38,1561194.7,8067759.04,5.47,5.79,32.75,2.58,48.5,167.19,21.58,0.0,26.08,9.0,2.0,1.0,0.0,3.0,0.0,2.0,13888.0,2164.0,23938.0,37662.0,9464.0,4184.0,6781.0,1663.0,6798.0,28342.0,29216.0,166345.94,28531.0,167000.01,563.0,913.0,80.0,10209.72,738.0,69852.1,0.0,13.0,563.0,926.0,399.0,1170.0,0.0,185675.94,537754.32,7.0,560.0,74604.0,315284.81,96.0,44.0,2.0,20.83,5.7,72.92,5.21,72.92,16.67,1863.22,513.45,1156.1,0.709,0.75,6.282,2.795,0.3886,1.799,3.101,4.878,3.784,0.01,72.927,119.948,513.4525,1156.1039,56.0883,10.8537,4.2422,0.3342,33.7824,3.886,0.2803,17.3229,0.8784,99.4671,1.2433,2.0782,0.0,24.0513,69.6573,43.0886,7.7,96.0
510777,Santa Terezinha,51003,Araguaia Xingu,5104,Leste,2025,7737.0,IBGE estimativa,6.0,12.0,12.0,False,True,14073097.64,4411266.89,8416912.69,735466.54,11912187.52,2160910.12,5995003.21,5.06,8.96,30.52,2.5,48.33,165.43,14.33,0.0,30.17,9.17,2.0,1.0,0.0,3.0,0.0,2.0,12388.0,1972.0,23682.0,59877.0,8174.0,3586.0,5750.0,1416.0,7641.0,30711.0,42259.0,228128.87,41415.0,236975.87,597.0,934.0,2.0,275.04,2393.0,138172.27,0.0,9.0,597.0,943.0,398.0,1686.0,0.0,196931.92,838826.38,4.0,596.0,87577.0,359325.41,,,,,,,,,,1818.93,570.15,1087.88,0.654,1.158,6.247,1.852,0.3877,1.601,3.061,7.739,5.462,0.0,77.162,121.882,570.1521,1087.8781,42.599,15.3549,3.9447,0.3231,38.9944,3.8775,0.2549,,0.7432,99.8325,0.67,2.8241,0.0,25.4533,108.4175,42.2057,11.3,118.1
510779,Santo Antônio do Leste,51013,Sul Matogrossense,5101,Sul,2020,5334.0,IBGE estimativa,6.0,12.0,12.0,False,True,8650248.08,1279305.89,4920560.89,2099768.67,7899999.27,750248.81,6039126.67,3.0,8.83,10.0,2.0,13.0,65.25,0.0,0.0,9.0,7.0,2.0,0.0,0.0,0.92,0.0,0.33,2608.0,415.0,4179.0,4150.0,1553.0,488.0,3489.0,961.0,3755.0,28859.0,36452.0,173826.59,3242.0,37380.77,0.0,177.0,0.0,0.0,8453.0,45313.92,0.0,6.0,0.0,183.0,183.0,0.0,0.0,0.0,321677.43,0.0,0.0,89844.0,301769.99,60.0,18.0,0.0,0.0,3.37,54.24,3.33,56.67,21.67,1621.72,239.84,922.49,0.562,1.655,2.437,0.0,0.1725,0.489,0.783,0.778,6.834,0.0,0.0,34.308,239.8399,922.4899,69.8145,8.6731,1.8748,0.375,16.8729,1.7248,0.0778,16.0167,0.6541,,,,0.0,0.0,60.307,100.0,6.0,142.4
510779,Santo Antônio do Leste,51013,Sul Matogrossense,5101,Sul,2021,5459.0,IBGE estimativa,6.0,12.0,12.0,False,True,8894720.77,1294805.45,4879619.87,2361763.85,8894720.77,0.0,6174080.92,3.19,9.75,10.75,2.0,14.17,66.25,0.0,0.0,9.0,7.0,2.0,0.0,0.0,1.0,0.0,1.0,1872.0,1612.0,4390.0,11111.0,1192.0,467.0,3636.0,1068.0,3474.0,29484.0,40699.0,211634.52,4066.0,47712.15,0.0,212.0,3.0,322.82,4902.0,29813.16,0.0,5.0,0.0,217.0,217.0,0.0,0.0,0.0,325873.24,0.0,0.0,100441.0,376897.94,84.0,21.0,2.0,23.81,3.85,61.73,8.33,47.62,28.57,1629.37,237.19,893.87,0.584,1.786,2.596,0.0,0.1832,0.343,0.804,2.035,7.455,0.001,0.0,39.751,237.1873,893.867,69.4129,0.0,1.9692,0.3664,16.4865,1.8318,0.2953,12.7143,0.6661,,,,0.0,0.0,59.6947,100.0,1.8,143.7
510779,Santo Antônio do Leste,51013,Sul Matogrossense,5101,Sul,2022,4099.0,IBGE Censo 2022,6.0,12.0,12.0,False,True,11584224.56,2001414.55,7069118.86,2031102.24,10394180.06,1190044.5,8849845.94,3.54,8.5,13.0,1.75,13.33,65.17,0.0,0.0,9.0,7.0,2.0,0.0,0.0,1.0,0.0,1.0,3284.0,1294.0,7097.0,11007.0,1887.0,1397.0,4351.0,1164.0,4126.0,73891.0,76068.0,370986.51,6556.0,67145.07,0.0,198.0,248.0,47011.02,980.0,67569.78,0.0,8.0,0.0,206.0,206.0,0.0,0.0,0.0,304688.37,0.0,0.0,189866.0,628364.13,72.0,11.0,0.0,0.0,2.68,44.44,8.33,45.83,26.39,2826.11,488.27,1724.6,0.864,2.074,3.252,0.0,0.244,0.801,1.731,2.685,18.558,0.061,0.0,50.256,488.269,1724.596,76.3957,10.273,3.1715,0.4269,21.9566,2.4396,0.3157,16.1667,1.0615,,,,0.0,0.0,74.3324,100.0,6.3,145.6
510779,Santo Antônio do Leste,51013,Sul Matogrossense,5101,Sul,2023,4155.0,interpolada (Censo 2022 x IBGE 2024),6.0,12.0,12.0,False,True,12208622.83,2815142.53,7832992.2,1124133.49,11469546.25,739076.58,9197418.63,3.73,7.25,13.0,2.0,13.25,65.18,0.0,0.0,9.0,7.0,2.0,0.0,0.0,1.0,0.0,1.0,4976.0,2052.0,8897.0,7746.0,3294.0,1576.0,3948.0,843.0,4494.0,75441.0,65794.0,336612.3,25635.0,137539.4,0.0,183.0,212.0,41869.8,1709.0,74983.25,0.0,13.0,0.0,196.0,196.0,0.0,0.0,0.0,266407.46,0.0,0.0,179743.0,583748.4,76.0,17.0,3.0,39.47,4.091,64.86,9.21,52.63,21.05,2938.3,677.53,1885.2,0.898,1.745,3.189,0.0,0.2407,1.198,2.141,1.864,15.835,0.051,0.0,47.172,677.5313,1885.1967,75.3354,6.0537,3.1288,0.4813,21.6606,2.4067,0.4939,11.0921,0.9502,,,,0.0,0.0,64.1173,100.0,6.6,146.0
510779,Santo Antônio do Leste,51013,Sul Matogrossense,5101,Sul,2024,4212.0,IBGE estimativa,6.0,12.0,12.0,False,True,14391204.12,2347988.85,9209135.15,2174809.83,12926795.79,1464408.33,11797986.88,4.01,5.17,13.0,2.0,15.75,64.74,0.0,0.0,9.83,7.0,2.0,0.0,0.0,1.0,0.0,1.0,5884.0,1857.0,9139.0,7435.0,4006.0,1873.0,3443.0,944.0,4144.0,70102.0,65005.0,300441.2,59853.0,294155.8,0.0,288.0,197.0,40589.61,553.0,131421.62,0.0,11.0,0.0,299.0,299.0,0.0,0.0,0.0,334044.67,0.0,0.0,177302.0,573884.66,75.0,18.0,2.0,26.67,4.27,66.67,6.67,57.33,30.67,3416.72,557.45,2186.4,0.952,1.227,3.739,0.0,0.2374,1.397,2.17,1.765,15.433,0.047,0.0,70.988,557.4522,2186.4044,81.9805,10.1757,3.0864,0.4748,23.3381,2.3742,0.4409,12.5867,0.8174,,,,0.0,0.0,79.3079,100.0,8.0,147.4
510779,Santo Antônio do Leste,51013,Sul Matogrossense,5101,Sul,2025,4244.0,IBGE estimativa,6.0,12.0,12.0,False,True,17660466.75,2716141.07,12008042.77,1961053.95,15673454.66,1987012.09,14920785.78,3.71,5.69,13.94,1.67,16.5,73.25,0.0,0.0,10.67,7.0,2.0,0.0,0.0,1.0,0.25,1.0,5040.0,1233.0,10055.0,11237.0,3144.0,1458.0,3730.0,846.0,4800.0,57512.0,71649.0,363242.15,66830.0,352989.14,0.0,354.0,140.0,26471.9,2449.0,155887.59,0.0,16.0,0.0,370.0,370.0,0.0,0.0,0.0,513638.07,0.0,0.0,162396.0,568764.1,,,,,,,,,,4161.28,640.0,2829.42,0.874,1.341,3.888,0.0,0.2356,1.188,2.369,2.648,16.882,0.033,0.0,87.182,639.9955,2829.4163,84.4869,11.2512,3.2846,0.3935,25.1414,2.3563,0.2905,,0.8789,,,,0.0,0.0,121.0269,100.0,13.8,148.3
510780,Santo Antônio do Leverger,51002,Baixada Cuiabana,5105,Centro-Norte,2020,16999.0,IBGE estimativa,6.0,12.0,12.0,False,True,21382248.36,4368388.28,12882207.3,3801602.52,19183751.52,2198496.84,12486790.92,12.38,15.57,26.68,8.83,54.85,183.01,21.0,0.0,56.83,11.83,8.0,1.0,0.0,6.08,0.0,4.25,10017.0,2130.0,8497.0,24390.0,7678.0,2339.0,11720.0,3041.0,11588.0,32107.0,43749.0,195864.82,3655.0,28233.11,0.0,564.0,0.0,0.0,20690.0,459512.87,0.0,18.0,0.0,582.0,582.0,0.0,0.0,0.0,785788.43,0.0,0.0,76070.0,195864.82,222.0,139.0,3.0,13.51,8.18,57.66,9.01,43.24,16.22,1257.85,256.98,757.82,0.728,0.916,3.227,1.235,0.3577,0.589,0.5,1.435,2.574,0.0,0.0,34.237,256.9791,757.8215,58.3979,10.2819,1.5695,0.5194,33.4314,3.5767,0.1253,13.6982,0.6895,,,,0.0,0.0,46.2256,100.0,4.0,36.4
510780,Santo Antônio do Leverger,51002,Baixada Cuiabana,5105,Centro-Norte,2021,17188.0,IBGE estimativa,6.0,12.0,12.0,False,True,13095763.72,3612175.43,5488705.66,3939789.97,12956162.29,139601.43,7560841.62,14.56,19.22,34.72,10.15,51.21,201.41,21.0,0.0,54.42,13.17,9.17,1.0,0.0,7.42,0.33,5.5,11508.0,2615.0,15748.0,25133.0,10199.0,1309.0,7621.0,2728.0,8365.0,19188.0,33745.0,138915.04,8092.0,49955.54,0.0,544.0,0.0,0.0,29955.0,568428.71,0.0,25.0,0.0,569.0,569.0,0.0,0.0,0.0,1167831.63,0.0,0.0,53155.0,138915.04,233.0,163.0,2.0,8.58,9.48,66.38,6.87,54.94,14.59,761.91,210.16,319.33,0.847,1.118,2.979,1.222,0.4317,0.67,0.916,1.462,1.963,0.0,0.0,33.104,210.1568,319.3336,57.735,1.066,2.02,0.5905,31.6616,4.317,0.1521,11.7082,0.4434,,,,0.0,0.0,67.9446,100.0,5.6,38.6
510780,Santo Antônio do Leverger,51002,Baixada Cuiabana,5105,Centro-Norte,2022,15246.0,IBGE Censo 2022,6.0,12.0,12.0,False,True,22763520.36,11178705.14,6611192.38,4769392.77,22403260.67,360259.69,13726274.41,17.08,18.33,37.75,11.0,46.35,208.53,21.0,0.0,54.0,15.0,10.0,1.0,0.0,6.42,1.0,6.0,15536.0,2583.0,20961.0,20694.0,13245.0,2291.0,9263.0,3396.0,10309.0,100426.0,104321.0,462981.2,12736.0,89985.29,0.0,667.0,0.0,0.0,31754.0,740828.67,0.0,28.0,0.0,695.0,695.0,0.0,0.0,0.0,1431963.66,0.0,0.0,206695.0,486001.7,232.0,140.0,2.0,8.62,9.18,66.81,9.91,44.83,16.81,1493.08,733.22,433.63,1.12,1.202,3.04,1.377,0.4211,1.019,1.375,1.357,6.843,0.0,0.0,45.586,733.2222,433.6346,60.2994,1.5826,2.4761,0.7215,35.4191,4.2109,0.1694,14.6379,0.6076,,,,0.0,0.0,93.9239,100.0,5.3,38.5
510780,Santo Antônio do Leverger,51002,Baixada Cuiabana,5105,Centro-Norte,2023,16002.0,interpolada (Censo 2022 x IBGE 2024),6.0,12.0,12.0,False,True,22763520.36,11178705.14,6611192.38,4769392.77,22403260.67,360259.69,13726274.41,17.45,21.45,40.85,7.76,43.33,240.41,21.0,0.0,67.5,14.08,7.0,1.0,0.0,6.0,1.0,6.0,30114.0,4057.0,33262.0,16413.0,17376.0,12738.0,12749.0,3567.0,13916.0,57429.0,137063.0,723924.94,12628.0,121152.6,0.0,808.0,0.0,0.0,41808.0,705901.11,0.0,43.0,0.0,851.0,851.0,0.0,0.0,0.0,1521031.14,0.0,0.0,199837.0,771753.19,256.0,150.0,6.0,23.44,9.374,66.41,9.38,51.17,15.63,1422.54,698.58,413.15,1.09,1.34,2.708,1.312,0.375,1.882,2.079,1.026,8.565,0.0,0.0,53.181,698.5817,413.1479,60.2994,1.5826,2.5528,0.4849,42.1822,3.7495,0.2535,13.9336,0.7967,,,,0.0,0.0,95.0526,100.0,4.6,38.9
510780,Santo Antônio do Leverger,51002,Baixada Cuiabana,5105,Centro-Norte,2024,16795.0,IBGE estimativa,6.0,12.0,12.0,False,True,25489709.93,10446740.59,10070870.56,4631959.39,24695942.56,793767.37,10009705.67,20.75,26.53,50.38,7.85,49.01,308.6,19.33,0.0,138.92,15.0,7.0,1.0,0.0,6.0,1.0,6.0,38817.0,4246.0,37577.0,22653.0,17359.0,21452.0,15546.0,3632.0,16333.0,8849.0,148105.0,856912.83,12933.0,134285.53,0.0,804.0,0.0,0.0,44836.0,959364.6,0.0,60.0,0.0,864.0,864.0,0.0,0.0,0.0,1869362.67,0.0,0.0,165339.0,897364.23,208.0,153.0,6.0,28.85,9.11,71.15,12.5,47.12,15.38,1517.7,622.01,599.64,1.235,1.58,2.918,1.151,0.3572,2.311,2.237,1.349,8.818,0.0,0.0,51.444,622.0149,599.635,39.2696,3.1141,2.9997,0.4674,82.7151,3.5725,0.2528,17.4615,0.9256,,,,0.0,0.0,111.3047,100.0,4.4,38.2
510780,Santo Antônio do Leverger,51002,Baixada Cuiabana,5105,Centro-Norte,2025,16839.0,IBGE estimativa,6.0,12.0,12.0,False,True,24375374.77,11087641.45,10802066.23,2202348.88,23863746.32,511628.45,9073520.14,23.65,24.43,58.42,9.55,38.95,300.73,16.0,0.0,146.08,14.58,7.0,1.0,0.0,6.0,1.0,6.0,32092.0,3015.0,34256.0,27740.0,15422.0,16373.0,13897.0,3053.0,15452.0,12823.0,83476.0,556663.86,71556.0,532578.91,0.0,1020.0,0.0,0.0,55356.0,931030.36,0.0,70.0,0.0,1090.0,1090.0,0.0,0.0,0.0,2131347.49,0.0,0.0,106554.0,606317.31,,,,,,,,,,1447.55,658.45,641.49,1.404,1.451,2.313,0.95,0.3563,1.906,2.034,1.647,4.957,0.0,0.0,64.731,658.4501,641.491,37.2241,2.099,3.4693,0.5671,86.751,3.5632,0.179,,0.8253,,,,0.0,0.0,126.5721,100.0,2.9,34.6
510785,São Félix do Araguaia,51009,Norte Araguaia Karajá,5104,Leste,2020,11843.0,IBGE estimativa,6.0,12.0,12.0,False,True,16259356.87,10830342.02,1911630.0,0.0,16024178.44,235178.43,8297398.11,13.99,18.13,43.9,6.67,60.67,244.14,40.67,0.0,94.17,18.67,8.0,1.0,0.0,4.0,0.0,3.67,10726.0,1421.0,17694.0,24554.0,8263.0,2463.0,7242.0,2723.0,8202.0,591085.0,44552.0,264023.89,34698.0,214558.96,1322.0,848.0,0.0,0.0,12685.0,17394.31,0.0,2.0,1322.0,850.0,96.0,2906.0,0.0,575448.59,491965.6,22.0,1204.0,637882.0,264023.89,157.0,51.0,3.0,19.11,4.31,62.42,4.46,65.61,21.02,1372.91,914.49,161.41,1.181,1.531,5.123,3.434,0.3378,0.906,1.494,2.073,3.762,0.0,111.627,71.772,914.4931,161.4143,51.0315,1.4464,3.7068,0.5632,79.5153,3.3775,0.12,17.3439,0.6115,91.0741,1.6641,2.1982,0.0,48.5898,41.5406,11.2941,11.3,56.7
510785,São Félix do Araguaia,51009,Norte Araguaia Karajá,5104,Leste,2021,11934.0,IBGE estimativa,6.0,12.0,12.0,False,True,17982974.97,14882552.67,1723686.89,17127.15,17655007.79,327967.18,16839672.44,14.28,19.25,42.18,6.42,67.25,253.25,40.83,0.0,111.5,19.83,6.33,1.0,0.0,4.0,0.0,4.0,15996.0,2421.0,27520.0,50416.0,10881.0,5115.0,5513.0,2388.0,6605.0,2991.0,37390.0,234491.66,30323.0,184807.82,1359.0,835.0,0.0,0.0,14468.0,28331.55,0.0,8.0,1359.0,843.0,117.0,3349.0,0.0,778143.99,1147064.2,27.0,1262.0,42000.0,234491.66,151.0,63.0,4.0,26.49,5.28,60.26,9.27,60.0,29.8,1506.87,1247.07,144.43,1.197,1.613,5.635,3.421,0.3352,1.34,2.306,4.225,3.133,0.0,113.876,70.639,1247.0716,144.435,93.6423,1.8238,3.5344,0.538,93.4305,3.3518,0.2029,15.8146,0.462,92.8624,1.9868,2.4643,0.0,65.204,96.1173,13.879,13.9,68.4
510785,São Félix do Araguaia,51009,Norte Araguaia Karajá,5104,Leste,2022,13621.0,IBGE Censo 2022,6.0,12.0,12.0,False,True,21457300.22,16838657.4,3220466.63,37034.2,20666534.53,790765.69,12083931.98,14.74,21.33,44.9,7.08,70.42,262.96,32.0,0.0,117.83,21.58,6.67,1.0,0.0,4.0,0.0,4.0,20874.0,3249.0,37261.0,65547.0,12946.0,7928.0,8142.0,2939.0,8691.0,8764.0,65658.0,442526.09,47484.0,318924.81,1376.0,850.0,0.0,0.0,2910.0,45852.55,1.0,5.0,1377.0,855.0,127.0,3360.0,0.0,654217.26,596062.27,40.0,1082.0,82298.0,476423.69,138.0,78.0,1.0,7.25,5.73,73.19,10.87,65.22,19.57,1575.31,1236.23,236.43,1.082,1.566,5.17,2.349,0.2937,1.532,2.736,4.812,4.82,0.0,101.094,62.771,1236.2277,236.4339,56.3162,3.6853,3.2964,0.5198,86.5061,2.9366,0.2385,21.2971,0.5978,78.5766,2.9049,2.4401,0.0,48.03,43.7605,14.8538,14.9,82.2
510785,São Félix do Araguaia,51009,Norte Araguaia Karajá,5104,Leste,2023,13972.0,interpolada (Censo 2022 x IBGE 2024),6.0,12.0,12.0,False,True,24370505.68,18287078.14,4321951.93,1719.76,23873262.69,497242.99,13246883.94,14.72,22.42,52.61,7.17,64.33,276.13,31.67,0.0,123.17,22.08,7.0,1.0,0.0,4.0,0.0,4.0,29245.0,3555.0,55313.0,63106.0,16920.0,12308.0,8407.0,2978.0,8947.0,7988.0,82873.0,520397.79,43937.0,258735.88,1571.0,925.0,0.0,0.0,2858.0,124439.84,0.0,15.0,1571.0,940.0,131.0,4231.0,0.0,737082.97,668115.08,36.0,1284.0,130237.0,710027.34,134.0,57.0,0.0,0.0,4.08,70.9,4.48,66.92,17.16,1744.24,1308.84,309.33,1.054,1.605,4.604,2.267,0.2863,2.093,3.959,4.517,5.931,0.0,112.439,67.277,1308.8375,309.3295,54.3562,2.0403,3.7654,0.5132,88.1549,2.8629,0.2544,22.2239,0.6017,81.7314,2.2915,2.6932,0.0,52.7543,47.8181,13.9362,13.9,72.9
510785,São Félix do Araguaia,51009,Norte Araguaia Karajá,5104,Leste,2024,14332.0,IBGE estimativa,6.0,12.0,12.0,False,True,27258133.3,19890511.89,5794882.22,0.0,26792663.75,465469.55,13949844.22,14.43,24.98,59.69,6.15,60.33,284.65,31.67,0.0,133.67,22.0,7.0,1.0,0.0,4.0,0.0,4.0,37138.0,3558.0,70924.0,77068.0,23048.0,14090.0,14376.0,2767.0,12071.0,7344.0,77450.0,505499.16,48047.0,302541.64,1812.0,1060.0,0.0,0.0,713.0,130021.12,0.0,9.0,1812.0,1069.0,141.0,4983.0,0.0,813096.75,706676.3,33.0,1463.0,119690.0,672858.66,124.0,68.0,3.0,24.19,4.74,68.55,7.26,63.71,19.35,1901.91,1387.84,404.33,1.007,1.743,4.209,2.21,0.2791,2.591,4.949,5.377,5.404,0.0,126.43,74.588,1387.8392,404.3317,51.1768,1.7076,4.1648,0.4291,93.2668,2.791,0.2483,22.3145,1.0031,80.7395,1.8212,2.75,0.0,56.733,49.3076,13.1899,13.2,65.3
510785,São Félix do Araguaia,51009,Norte Araguaia Karajá,5104,Leste,2025,14604.0,IBGE estimativa,6.0,12.0,12.0,False,True,26642906.15,23300102.29,2684854.78,142.34,25466670.18,1176235.97,21874996.15,16.36,28.85,63.44,5.65,59.33,320.83,32.0,0.0,130.58,22.0,7.0,1.0,0.0,4.0,0.0,4.0,46745.0,4953.0,73986.0,101323.0,25104.0,21610.0,17811.0,3414.0,11955.0,12921.0,110172.0,743635.21,53162.0,321211.43,1906.0,1160.0,103.0,79474.8,2437.0,109494.7,0.0,12.0,1906.0,1172.0,134.0,5745.0,0.0,852439.05,882960.6,49.0,1470.0,155250.0,975698.71,,,,,,,,,,1824.36,1595.46,183.84,1.12,1.975,4.063,2.191,0.2739,3.201,5.066,6.938,7.544,0.007,130.512,80.252,1595.4603,183.8438,82.1044,4.4148,4.344,0.3869,89.4139,2.739,0.3392,,1.2196,77.1249,2.5708,3.0142,0.0,58.3702,60.4602,11.4334,11.4,58.2
510787,Sapezal,51007,Médio Norte Matogrossense,5106,Centro-Noroeste,2020,26688.0,IBGE estimativa,6.0,12.0,12.0,False,True,37479276.06,10326168.88,18920298.53,4702844.57,34806425.58,2672850.48,29462823.08,35.57,18.17,59.46,6.25,61.42,258.05,35.0,0.0,99.5,17.42,6.42,1.0,0.0,5.25,0.0,4.58,47170.0,1601.0,136251.0,25753.0,35661.0,11509.0,23503.0,7899.0,28263.0,163368.0,31293.0,231490.3,7378.0,50193.88,1308.0,1490.0,0.0,0.0,28057.0,272452.81,0.0,19.0,1308.0,1509.0,201.0,3830.0,0.0,647055.14,1156049.77,10.0,1198.0,195094.0,231490.3,589.0,92.0,6.0,10.19,3.45,84.16,8.15,73.34,13.58,1404.35,386.92,708.94,1.333,0.681,2.301,1.311,0.1967,1.767,5.105,0.965,1.173,0.0,49.011,56.542,386.9218,708.944,78.611,7.1315,2.228,0.2342,37.2827,1.9672,0.06,13.4109,0.8807,91.5902,0.7645,2.9281,0.0,24.2452,43.3172,13.3201,12.7,47.9
510787,Sapezal,51007,Médio Norte Matogrossense,5106,Centro-Noroeste,2021,27485.0,IBGE estimativa,6.0,12.0,12.0,False,True,42005686.99,10558646.5,21602375.98,6626932.3,40437857.84,1567829.15,37161704.08,32.42,21.17,66.29,7.0,59.42,272.0,34.0,0.0,134.67,19.5,7.75,1.0,0.0,6.0,0.0,5.0,71191.0,4819.0,207477.0,15180.0,47393.0,23341.0,28127.0,7813.0,31245.0,218371.0,58340.0,400662.04,13067.0,109925.82,1336.0,1562.0,179.0,22015.67,25591.0,299896.39,0.0,21.0,1336.0,1583.0,248.0,4187.0,0.0,858561.4,1908296.63,13.0,1154.0,276920.0,422677.71,574.0,118.0,5.0,8.71,4.29,86.93,7.14,73.65,13.94,1528.31,384.16,785.97,1.18,0.77,2.162,1.237,0.2183,2.59,7.549,0.552,2.123,0.007,48.608,57.595,384.1603,785.9697,88.4683,3.7324,2.4119,0.2547,48.9976,2.183,0.1753,13.6115,1.0234,86.3772,0.9731,3.134,0.0,31.2375,69.4305,15.6665,14.7,57.2
510787,Sapezal,51007,Médio Norte Matogrossense,5106,Centro-Noroeste,2022,28944.0,IBGE Censo 2022,6.0,12.0,12.0,False,True,45007022.97,13836689.28,23842382.56,4155839.16,43672810.6,1334212.37,39690774.14,35.82,18.17,69.33,7.48,52.92,287.46,34.0,0.0,201.33,20.33,7.25,1.0,0.0,6.0,0.0,5.0,63388.0,7274.0,214182.0,35878.0,34468.0,28920.0,32468.0,8729.0,33897.0,81395.0,212514.0,1330862.18,21195.0,245926.03,1341.0,1594.0,1412.0,173418.18,8300.0,506966.77,0.0,24.0,1341.0,1618.0,278.0,4357.0,0.0,663393.54,1404700.7,9.0,1119.0,300691.0,1504280.36,612.0,96.0,12.0,19.61,3.32,76.8,8.82,78.59,11.93,1554.97,478.05,823.74,1.238,0.628,1.828,1.175,0.2073,2.19,7.4,1.24,7.342,0.049,46.331,55.901,478.0503,823.7418,88.188,2.9645,2.3953,0.2584,69.5585,2.073,0.2513,14.2631,1.1218,83.4452,0.6711,3.2491,0.0,22.9199,48.5317,17.1817,16.7,63.1
510787,Sapezal,51007,Médio Norte Matogrossense,5106,Centro-Noroeste,2023,30194.0,interpolada (Censo 2022 x IBGE 2024),6.0,12.0,12.0,False,True,57568730.22,18111270.69,30283673.58,5153537.6,55930239.9,1638490.32,49194727.3,38.19,20.28,74.58,8.75,54.08,301.93,34.0,0.0,203.75,21.0,6.33,1.0,0.0,6.0,0.0,5.0,59055.0,7893.0,206425.0,47644.0,39228.0,19827.0,30096.0,8267.0,32414.0,56256.0,220364.0,1356099.71,24002.0,251162.65,1704.0,1951.0,1358.0,164697.38,12392.0,605723.12,0.0,41.0,1704.0,1992.0,289.0,5780.0,0.0,781836.54,1497442.1,28.0,1430.0,280179.0,1520797.09,597.0,111.0,11.0,18.43,3.676,75.04,8.54,82.24,12.73,1906.63,599.83,1002.97,1.265,0.672,1.791,1.126,0.1987,1.956,6.837,1.578,7.298,0.045,56.435,65.973,599.8301,1002.9699,85.4539,2.8461,2.47,0.2898,67.4803,1.9871,0.2614,13.8476,0.9968,83.9202,1.6432,3.392,0.0,25.8938,49.594,14.508,14.1,52.9
510787,Sapezal,51007,Médio Norte Matogrossense,5106,Centro-Noroeste,2024,31499.0,IBGE estimativa,6.0,12.0,12.0,False,True,66921681.04,26165455.62,31303690.08,5361092.73,64609126.8,2312554.24,56011888.5,43.87,23.04,81.52,9.27,75.25,373.25,34.0,0.0,217.0,23.0,6.0,1.0,0.0,6.0,0.0,5.0,64060.0,7437.0,180138.0,154147.0,45345.0,18715.0,31709.0,7754.0,35973.0,57295.0,245241.0,1509471.75,18400.0,296683.55,1750.0,2042.0,1298.0,180233.66,6799.0,675497.56,0.0,43.0,1750.0,2085.0,336.0,6287.0,0.0,805631.75,1643165.84,21.0,1494.0,304560.0,1695780.41,544.0,82.0,6.0,11.03,2.6,78.31,8.27,77.53,12.87,2124.57,830.68,993.8,1.393,0.731,2.389,1.079,0.1905,2.034,5.719,4.894,7.786,0.041,55.557,66.193,830.6758,993.7995,83.6977,3.4556,2.588,0.2943,68.8911,1.9048,0.2361,14.2537,1.0067,85.3714,1.2,3.5926,0.0,25.5764,52.1657,16.1151,15.7,58.4
510787,Sapezal,51007,Médio Norte Matogrossense,5106,Centro-Noroeste,2025,32514.0,IBGE estimativa,6.0,12.0,12.0,False,True,72624653.07,30072353.26,32827281.49,5328033.27,70899617.56,1725035.51,62893799.77,46.62,24.43,106.25,10.04,59.67,407.45,34.0,0.0,235.75,26.25,6.67,1.0,0.0,6.58,0.0,5.17,67197.0,7532.0,225928.0,143898.0,50637.0,16490.0,25549.0,7827.0,30264.0,35487.0,314179.0,2008086.79,26504.0,370726.32,1685.0,1972.0,2688.0,406258.63,62002.0,974616.76,0.0,47.0,1685.0,2019.0,336.0,7819.0,0.0,859709.8,1711732.49,17.0,1453.0,353575.0,2435720.42,,,,,,,,,,2233.64,924.9,1009.64,1.434,0.751,1.835,1.046,0.2024,2.067,6.949,4.426,9.663,0.083,51.824,62.096,924.9048,1009.6353,86.6012,2.3753,3.2678,0.3088,72.5072,2.0237,0.2317,,0.7858,86.2315,1.0089,4.6404,0.0,26.4412,52.646,16.6419,16.1,60.8
510788,Serra Nova Dourada,51009,Norte Araguaia Karajá,5104,Leste,2020,1678.0,IBGE estimativa,6.0,12.0,12.0,False,True,4243463.71,2110966.46,115295.58,1827061.83,4180684.55,62779.16,3116906.9,2.25,1.25,6.25,1.13,11.0,35.26,0.0,0.0,6.0,4.83,1.0,0.0,0.0,1.0,0.0,1.0,2248.0,494.0,9841.0,4289.0,1574.0,661.0,1088.0,345.0,1351.0,76.0,4864.0,14366.26,290.0,3110.38,0.0,67.0,0.0,0.0,444.0,6666.6,0.0,4.0,0.0,71.0,71.0,0.0,0.0,0.0,83444.72,0.0,0.0,5661.0,46466.26,18.0,10.0,0.0,0.0,5.96,77.78,0.0,72.22,22.22,2528.88,1258.03,68.71,1.341,0.745,6.555,0.0,0.5959,1.34,5.865,2.556,2.899,0.0,0.0,42.312,1258.0253,68.7101,73.452,1.4794,3.7247,0.6734,35.7569,5.9595,0.2944,19.1667,0.6484,,,,0.0,0.0,49.7287,100.0,98.6,269.0
510788,Serra Nova Dourada,51009,Norte Araguaia Karajá,5104,Leste,2021,1705.0,IBGE estimativa,6.0,12.0,12.0,False,True,5018706.61,2055257.47,31660.0,2503173.45,4847174.78,171531.83,4232425.16,2.33,2.08,6.92,1.13,13.33,50.87,0.0,0.0,6.75,6.58,2.58,0.0,0.0,1.0,0.0,1.0,5435.0,503.0,10798.0,8179.0,3353.0,1956.0,661.0,334.0,813.0,157.0,4021.0,11837.8,414.0,3159.89,0.0,101.0,0.0,0.0,435.0,637.96,0.0,0.0,0.0,101.0,101.0,0.0,0.0,0.0,114299.85,0.0,0.0,4629.0,20387.8,19.0,12.0,0.0,0.0,7.04,63.16,10.53,78.95,21.05,2943.52,1205.43,18.57,1.367,1.22,7.818,0.0,0.5865,3.188,6.333,4.797,2.358,0.0,0.0,59.238,1205.4296,18.5689,84.333,3.4178,4.0587,0.6628,39.5894,5.8651,0.295,17.5789,0.3877,,,,0.0,0.0,67.038,100.0,99.0,232.4
510788,Serra Nova Dourada,51009,Norte Araguaia Karajá,5104,Leste,2022,1800.0,IBGE Censo 2022,6.0,12.0,12.0,False,True,6106082.77,2436054.65,44264.89,2930892.77,5847193.93,258888.84,5320980.39,2.36,2.0,6.25,1.13,12.0,46.8,0.0,0.0,6.0,6.0,1.5,0.0,0.0,1.0,0.0,1.0,8788.0,791.0,18115.0,11413.0,5897.0,2719.0,1154.0,485.0,1255.0,976.0,16867.0,56958.67,2840.0,22511.73,0.0,125.0,0.0,0.0,27.0,11006.11,0.0,2.0,0.0,127.0,127.0,0.0,0.0,0.0,101224.2,0.0,0.0,18460.0,73513.42,28.0,6.0,0.0,0.0,3.33,92.86,14.29,85.71,10.71,3392.27,1353.36,24.59,1.311,1.111,6.667,0.0,0.5556,4.882,10.064,6.341,9.371,0.0,0.0,70.556,1353.3637,24.5916,87.1423,4.2399,3.4722,0.6278,33.3333,5.5556,0.4394,17.3214,0.6411,,,,0.0,0.0,56.2357,100.0,99.2,248.1
510788,Serra Nova Dourada,51009,Norte Araguaia Karajá,5104,Leste,2023,1850.0,interpolada (Censo 2022 x IBGE 2024),6.0,12.0,12.0,False,True,6317908.9,2749869.35,84665.51,3168286.33,6039410.9,278498.0,5355978.18,3.13,2.42,6.75,1.13,11.0,51.9,0.0,0.0,6.83,6.0,1.0,0.0,0.0,1.0,0.0,1.0,9083.0,1090.0,19474.0,12847.0,6293.0,2666.0,1058.0,317.0,1182.0,716.0,14758.0,64780.17,2919.0,37090.98,0.0,93.0,0.0,0.0,170.0,10461.54,0.0,1.0,0.0,94.0,94.0,0.0,0.0,0.0,89914.3,0.0,0.0,16727.0,89602.92,22.0,7.0,0.0,0.0,3.784,95.45,18.18,90.91,13.64,3415.09,1486.42,45.77,1.692,1.308,5.946,0.0,0.5405,4.91,10.526,6.944,7.977,0.0,0.0,50.811,1486.4159,45.7651,84.7745,4.4081,3.6486,0.6108,36.9189,5.4054,0.5892,14.4091,0.5719,,,,0.0,0.0,48.6023,100.0,100.0,248.7
510788,Serra Nova Dourada,51009,Norte Araguaia Karajá,5104,Leste,2024,1901.0,IBGE estimativa,6.0,12.0,12.0,False,True,7790576.85,4139773.44,29866.36,3216693.48,6981917.45,808659.4,6527654.82,3.33,2.17,7.17,1.13,10.42,51.35,0.0,0.0,8.17,6.0,1.0,0.0,0.0,1.0,0.0,1.0,8755.0,655.0,19395.0,10612.0,6565.0,2190.0,1479.0,403.0,1548.0,573.0,14082.0,62389.83,2857.0,37345.99,0.0,129.0,0.0,0.0,163.0,22565.11,0.0,2.0,0.0,131.0,131.0,0.0,0.0,0.0,98019.02,0.0,0.0,26585.0,125844.33,27.0,8.0,1.0,37.04,4.21,88.89,7.41,81.48,29.63,4098.15,2177.68,15.71,1.752,1.142,5.481,0.0,0.526,4.605,10.203,5.582,7.408,0.0,0.0,68.911,2177.682,15.7109,83.7891,10.38,3.7717,0.5944,42.9774,5.2604,0.3446,14.9259,0.778,,,,0.0,0.0,51.5618,100.0,95.4,248.5
510788,Serra Nova Dourada,51009,Norte Araguaia Karajá,5104,Leste,2025,1941.0,IBGE estimativa,6.0,12.0,12.0,False,True,7749194.94,4695692.73,40452.19,2797332.84,7251460.28,497734.66,5898859.72,3.56,2.67,5.33,1.13,10.5,50.23,0.0,0.0,8.75,6.0,1.0,0.0,0.0,1.0,0.0,1.0,8750.0,792.0,18671.0,8844.0,7213.0,1397.0,2072.0,384.0,2171.0,255.0,13356.0,61706.52,3220.0,39810.17,0.0,137.0,0.0,0.0,499.0,50815.16,0.0,2.0,0.0,139.0,139.0,0.0,0.0,0.0,144300.65,0.0,0.0,33423.0,194908.32,,,,,,,,,,3992.37,2419.21,20.84,1.834,1.376,5.41,0.0,0.5152,4.508,9.619,4.556,6.881,0.0,0.0,71.613,2419.2132,20.8409,76.1222,6.423,2.746,0.5822,45.0799,5.152,0.408,,1.0675,,,,0.0,0.0,74.3435,100.0,99.3,262.1
510790,Sinop,51014,Teles Pires,5103,Norte,2020,146005.0,IBGE estimativa,6.0,12.0,12.0,False,True,130554133.69,48774766.61,49702041.18,19489200.62,125282782.78,5271350.91,90919369.37,223.98,257.9,552.73,32.58,281.73,2299.67,156.58,25.25,820.67,106.17,28.75,2.75,1.0,33.0,0.67,20.5,213694.0,11386.0,342844.0,56968.0,155516.0,57228.0,127930.0,41546.0,133477.0,612767.0,1078778.0,6149513.47,276867.0,1875779.21,7121.0,6039.0,49277.0,10482622.0,569626.0,6016167.7,613.0,318.0,7734.0,6357.0,509.0,27369.0,5649.0,11291068.26,8541066.67,382.0,7709.0,1808915.0,17219350.31,3136.0,852.0,30.0,9.57,5.84,75.85,9.5,60.46,12.91,894.18,334.06,340.41,1.534,1.766,1.93,1.072,0.226,1.464,2.348,0.39,7.389,0.338,52.971,43.54,334.0623,340.4133,69.6411,4.0377,3.7857,0.2231,56.2083,2.2602,0.078,13.2481,0.8762,99.6768,4.9392,3.5388,38.6905,77.3334,58.4985,8.0069,5.2,21.9
510790,Sinop,51014,Teles Pires,5103,Norte,2021,148960.0,IBGE estimativa,6.0,12.0,12.0,False,True,146775180.28,54495371.27,55606059.61,23629144.58,145221095.81,1554084.47,103512889.07,272.16,348.49,645.03,32.79,250.1,2549.32,196.5,36.33,952.67,128.67,31.67,4.0,1.0,33.0,1.0,21.0,239454.0,19769.0,484905.0,20544.0,157852.0,79576.0,115870.0,39987.0,120091.0,568012.0,1240484.0,7651284.62,600810.0,4157486.93,7715.0,6517.0,54187.0,10804431.44,542752.0,6421550.23,680.0,339.0,8395.0,6856.0,609.0,33674.0,7904.0,15959407.96,11310962.25,464.0,8395.0,1946700.0,19147785.28,3351.0,1107.0,37.0,11.04,7.43,82.26,8.98,62.52,13.76,985.33,365.84,373.3,1.827,2.339,1.679,1.319,0.2215,1.608,3.255,0.138,8.328,0.364,56.357,46.026,365.839,373.2952,70.5248,1.0588,4.3302,0.2201,63.9548,2.2154,0.1327,11.9329,0.7779,100.0,5.5271,4.0112,53.0612,107.1389,75.9329,8.8827,5.5,24.4
510790,Sinop,51014,Teles Pires,5103,Norte,2022,196312.0,IBGE Censo 2022,6.0,12.0,12.0,False,True,176401781.6,64541343.82,71702329.71,13384372.7,172638799.21,3762982.39,130008330.75,290.3,349.02,617.14,34.64,228.6,2570.51,170.83,14.75,1252.08,136.33,30.5,3.75,1.0,33.0,1.0,21.58,235579.0,28138.0,490259.0,47669.0,171787.0,62449.0,162657.0,50805.0,157449.0,782117.0,1541939.0,10135758.87,587707.0,4317487.26,7534.0,6850.0,67124.0,12340767.43,598510.0,7894061.7,1051.0,466.0,8585.0,7316.0,1164.0,34544.0,4742.0,11688950.29,9246719.93,243.0,8584.0,2546934.0,23657159.4,3545.0,874.0,50.0,14.1,4.45,86.29,8.07,60.17,12.78,898.58,328.77,365.25,1.479,1.778,1.164,0.87,0.1681,1.2,2.497,0.243,7.855,0.342,43.731,37.267,328.7692,365.2468,73.7001,2.1332,3.1437,0.1765,63.7801,1.681,0.1433,14.3315,0.8286,99.9884,2.8305,4.0238,24.1554,59.5427,47.1022,15.9103,6.8,38.0
510790,Sinop,51014,Teles Pires,5103,Norte,2023,205935.0,interpolada (Censo 2022 x IBGE 2024),6.0,12.0,12.0,False,True,216254332.26,74892039.94,102221551.99,14810334.37,212850599.17,3403733.09,174655504.32,306.05,380.75,675.84,43.32,227.88,2763.84,238.33,16.0,1416.0,147.17,30.0,4.0,1.0,35.08,2.92,23.92,240521.0,39049.0,492373.0,86367.0,178089.0,61877.0,201471.0,59787.0,186702.0,737844.0,1744233.0,11775047.27,1090474.0,7385785.96,8475.0,8188.0,59173.0,13050648.17,803007.0,8137968.15,1297.0,714.0,9772.0,8902.0,1950.0,36891.0,4920.0,12764233.11,11118469.23,236.0,9182.0,2695183.0,26247653.38,3668.0,918.0,31.0,8.45,4.458,88.28,9.16,57.33,11.01,1050.11,363.67,496.38,1.486,1.849,1.107,1.157,0.1703,1.168,2.391,0.419,8.47,0.287,47.452,43.227,363.6683,496.3778,80.7639,1.5739,3.2818,0.2104,68.7596,1.7035,0.1896,16.2996,0.9783,93.9623,2.4151,3.7752,23.891,61.9819,53.9902,21.9052,11.3,50.3
510790,Sinop,51014,Teles Pires,5103,Norte,2024,216029.0,IBGE estimativa,6.0,12.0,12.0,False,True,288571973.77,84607962.81,155466839.7,15969816.78,238019583.93,50552389.84,247398122.38,433.39,454.38,737.86,46.72,268.48,3243.51,271.5,16.0,1765.33,162.0,30.17,4.42,1.0,36.67,3.33,25.67,287066.0,44222.0,609296.0,168216.0,224163.0,60767.0,202208.0,58780.0,190375.0,751961.0,2112075.0,15002036.15,1283880.0,8376988.75,7928.0,8153.0,67700.0,15664339.8,978408.0,9554295.15,1534.0,669.0,9462.0,8822.0,2251.0,36298.0,5232.0,14111430.78,12139836.95,275.0,8767.0,3118568.0,32099252.19,3559.0,928.0,48.0,13.49,4.3,89.1,7.92,57.54,10.65,1335.8,391.65,719.66,2.006,2.103,1.243,1.257,0.1697,1.329,2.82,0.779,9.777,0.313,43.8,40.837,391.6509,719.6573,85.7319,17.5181,3.4156,0.2163,81.7173,1.6975,0.2047,16.5159,0.936,92.6548,2.9064,3.8362,24.219,65.3219,56.1954,25.5158,8.4,57.3
510790,Sinop,51014,Teles Pires,5103,Norte,2025,223780.0,IBGE estimativa,6.0,12.0,12.0,False,True,294500706.54,94986142.84,145696556.83,18395958.0,287155551.13,7345155.41,236188368.84,563.04,517.5,764.61,59.32,293.38,3525.38,287.83,16.0,1923.0,174.5,31.0,6.08,1.0,36.58,3.42,26.58,332776.0,53529.0,697729.0,297417.0,260509.0,68827.0,214058.0,59905.0,203370.0,1120260.0,2717275.0,18984502.11,1350614.0,8220688.65,7140.0,7660.0,79140.0,15885532.15,1089756.0,11141350.58,1396.0,671.0,8536.0,8331.0,2159.0,28341.0,5490.0,12494601.37,11375487.5,232.0,8099.0,4105537.0,36143375.61,,,,,,,,,,1316.03,424.46,651.07,2.516,2.313,1.311,1.286,0.1635,1.487,3.118,1.329,12.143,0.354,38.145,37.229,424.4622,651.0705,80.1996,2.4941,3.4168,0.2651,85.9326,1.6346,0.2392,,0.9566,94.8805,2.7179,3.3202,24.533,55.8343,50.8334,25.9153,9.0,64.4
510792,Sorriso,51014,Teles Pires,5103,Norte,2020,92769.0,IBGE estimativa,6.0,12.0,12.0,False,True,102929774.0,47175735.45,34330614.07,7831099.08,99221852.62,3707921.38,73459588.69,147.73,133.4,297.65,40.71,230.25,1377.01,131.83,17.0,1028.17,99.17,28.67,2.58,1.0,25.67,0.0,25.33,155551.0,19302.0,313767.0,255208.0,118321.0,36737.0,83242.0,26231.0,89839.0,981025.0,847028.0,5398698.2,109260.0,1027238.12,6335.0,3947.0,5187.0,716824.94,134939.0,1767747.25,6.0,159.0,6341.0,4106.0,533.0,30975.0,3383.0,6376713.89,5407209.71,346.0,6256.0,1858210.0,6306567.34,1959.0,518.0,30.0,15.31,5.58,74.73,6.99,58.91,14.29,1109.53,508.53,370.07,1.592,1.438,2.482,1.421,0.2767,1.677,3.382,2.751,9.131,0.056,68.353,44.26,508.5291,370.0656,71.3686,3.6024,3.2085,0.4388,110.8312,2.7671,0.2081,13.39,0.8973,98.6595,5.4566,4.8849,36.4669,68.7376,58.2868,12.981,5.7,25.9
510792,Sorriso,51014,Teles Pires,5103,Norte,2021,94941.0,IBGE estimativa,6.0,12.0,12.0,False,True,116639642.91,46525298.95,44196095.23,10396900.73,111868140.15,4771502.76,92371691.02,162.44,144.22,303.15,40.7,216.42,1453.9,159.67,16.0,1066.67,99.92,28.83,3.0,1.0,25.5,2.33,26.75,188494.0,32140.0,373284.0,304268.0,137783.0,50233.0,77230.0,26410.0,81697.0,1468424.0,1219872.0,7350152.92,221445.0,2097640.32,6858.0,4156.0,8786.0,1200150.22,133496.0,2145641.33,9.0,162.0,6867.0,4318.0,535.0,33119.0,3040.0,7026909.6,6659559.6,353.0,6858.0,2760150.0,8955881.69,2096.0,510.0,24.0,11.45,5.37,77.72,8.02,62.36,13.36,1228.55,490.04,465.51,1.711,1.519,2.28,1.682,0.2686,1.985,3.932,3.205,12.849,0.093,72.329,45.481,490.0443,465.5112,79.1941,4.0908,3.193,0.4287,112.3508,2.6859,0.3385,12.6002,0.8135,99.8689,5.1405,4.8229,32.0199,74.0134,70.1442,12.39,5.3,24.8
510792,Sorriso,51014,Teles Pires,5103,Norte,2022,110635.0,IBGE Censo 2022,6.0,12.0,12.0,False,True,127417411.95,59562621.3,33942616.71,13777537.76,122223150.72,5194261.23,100907444.16,173.58,138.66,288.53,40.07,217.42,1418.95,164.0,16.0,1162.58,101.92,29.33,3.83,1.0,25.17,3.17,28.25,224826.0,38592.0,369353.0,362617.0,164149.0,59694.0,84623.0,26946.0,86867.0,1514648.0,1418438.0,8184773.27,258930.0,2284255.04,6741.0,4421.0,10387.0,1313694.89,153662.0,2325372.55,8.0,205.0,6749.0,4626.0,800.0,33009.0,3103.0,7052387.05,5632392.16,296.0,6737.0,3016570.0,9939957.76,2090.0,474.0,24.0,11.48,4.28,77.32,8.33,62.54,12.54,1151.69,538.37,306.8,1.569,1.253,1.965,1.482,0.2275,2.032,3.338,3.278,12.821,0.094,61.002,41.813,538.3705,306.7982,79.1944,4.0766,2.6079,0.3622,105.0825,2.275,0.3488,12.8928,0.7649,99.8222,4.3858,4.8909,28.0472,63.7446,50.9097,17.2936,4.7,29.3
510792,Sorriso,51014,Teles Pires,5103,Norte,2023,115694.0,interpolada (Censo 2022 x IBGE 2024),6.0,12.0,12.0,False,True,165852596.23,76305837.97,55801567.87,18996696.11,155648887.03,10203709.2,135184364.44,188.7,139.91,306.47,43.16,254.0,1530.26,190.42,16.0,1205.33,107.67,29.0,3.83,1.0,26.0,3.0,29.0,249501.0,42971.0,409723.0,463504.0,189705.0,58604.0,88773.0,30399.0,91033.0,1028060.0,1375311.0,7912110.44,662443.0,3957140.33,7240.0,4545.0,7093.0,1122017.92,224374.0,2393572.43,79.0,290.0,7319.0,4835.0,936.0,33848.0,2995.0,7783006.41,6361481.07,285.0,6747.0,2497706.0,9699220.91,2193.0,500.0,24.0,10.94,4.322,81.52,7.75,63.55,11.4,1433.55,659.55,482.32,1.631,1.209,2.195,1.646,0.2247,2.157,3.541,4.006,11.887,0.061,63.262,41.791,659.5488,482.3203,81.5087,6.1523,2.649,0.3731,104.1826,2.2473,0.3714,13.8618,0.7673,92.1847,3.894,4.6247,25.8873,67.2723,54.9854,19.3588,7.6,35.2
510792,Sorriso,51014,Teles Pires,5103,Norte,2024,120985.0,IBGE estimativa,6.0,12.0,12.0,False,True,186269144.66,81471895.13,66305220.18,21265561.59,179128163.45,7140981.21,145727039.42,242.83,163.04,324.7,51.55,300.33,1699.44,244.42,16.0,1645.67,123.17,29.67,4.0,1.0,26.58,3.0,29.58,263041.0,45568.0,440727.0,671971.0,197042.0,64977.0,118272.0,32076.0,122079.0,355424.0,1460436.0,8360486.45,802461.0,4645499.82,8955.0,6350.0,8064.0,1246561.5,295184.0,2466003.31,92.0,334.0,9047.0,6684.0,1208.0,37263.0,4396.0,11254255.3,9303980.57,321.0,7845.0,1922927.0,10432099.6,2117.0,575.0,21.0,9.92,4.75,86.01,8.64,64.81,10.16,1539.61,673.4,548.04,2.007,1.348,2.482,2.02,0.2197,2.174,3.643,5.554,12.071,0.067,74.778,55.247,673.4049,548.045,78.2347,3.8337,2.6838,0.4261,136.0226,2.197,0.3766,15.1516,0.9776,86.7138,3.5481,4.1188,36.3351,93.0219,76.9019,18.073,5.7,32.6
510792,Sorriso,51014,Teles Pires,5103,Norte,2025,124665.0,IBGE estimativa,6.0,12.0,12.0,False,True,214995798.33,82856238.36,84073226.76,22056560.81,208683093.47,6312704.86,164424526.73,295.59,161.56,318.22,52.85,297.67,1773.1,259.42,16.0,2049.08,136.25,30.42,4.0,1.0,27.42,3.0,30.42,258128.0,45256.0,434922.0,640932.0,191741.0,65713.0,125985.0,33256.0,132159.0,260820.0,1355342.0,7811908.2,669482.0,4078874.12,6706.0,4901.0,4964.0,893462.47,293607.0,1848331.12,90.0,355.0,6796.0,5256.0,1192.0,30469.0,4403.0,9197357.34,8145895.39,257.0,6024.0,1705760.0,9263018.4,,,,,,,,,,1724.59,664.63,674.39,2.371,1.296,2.388,2.081,0.2199,2.071,3.489,5.141,10.872,0.04,54.514,42.161,664.6311,674.3932,76.478,2.9362,2.5526,0.4239,164.3669,2.1995,0.363,,1.0106,88.6404,3.7816,4.4834,35.3187,73.7766,65.3423,22.6788,6.9,41.7
510794,Tabaporã,51016,Vale dos Arinos,5103,Norte,2020,9429.0,IBGE estimativa,6.0,12.0,12.0,False,True,11075055.7,4145875.18,5045225.21,952582.32,10442359.06,632696.64,6367768.93,6.8,10.04,21.06,4.17,38.5,126.9,16.0,0.0,44.5,14.5,4.5,1.0,0.0,4.0,0.0,2.83,25848.0,2523.0,46251.0,50290.0,14969.0,8289.0,14921.0,3579.0,15208.0,443193.0,66744.0,312414.08,4629.0,46542.38,246.0,398.0,0.0,0.0,8889.0,102103.74,0.0,8.0,246.0,406.0,175.0,530.0,0.0,98482.04,376898.53,1.0,243.0,547497.0,405211.58,132.0,37.0,1.0,7.58,3.92,84.85,6.82,79.55,15.15,1174.57,439.69,535.08,0.721,1.065,4.083,1.697,0.4242,2.741,4.905,5.334,7.079,0.0,26.09,43.059,439.694,535.0753,57.4965,5.7128,2.2335,0.4423,47.1948,4.2422,0.2676,27.1136,1.5825,98.7805,0.4065,2.1545,0.0,10.4446,39.9723,43.1034,20.9,71.3
510794,Tabaporã,51016,Vale dos Arinos,5103,Norte,2021,9357.0,IBGE estimativa,6.0,12.0,12.0,False,True,12552560.83,5154126.0,5481815.95,991716.37,12044382.14,508178.69,8701340.67,7.7,10.4,25.05,4.42,32.58,125.16,16.0,0.0,54.5,14.67,4.67,1.0,0.0,4.0,0.0,3.0,30292.0,3229.0,53431.0,78593.0,14873.0,11442.0,8112.0,3273.0,9105.0,204676.0,74154.0,305544.51,9673.0,80904.78,507.0,665.0,0.0,0.0,7231.0,127273.6,0.0,1.0,507.0,666.0,159.0,1183.0,0.0,275971.04,575642.78,14.0,507.0,286123.0,309851.01,152.0,65.0,1.0,6.58,6.95,86.18,7.24,82.24,12.5,1341.52,550.83,585.85,0.823,1.111,3.482,1.71,0.4275,3.237,5.71,8.399,7.925,0.0,54.184,71.177,550.831,585.8519,69.3192,4.0484,2.6771,0.4724,58.2452,4.2749,0.3451,21.5329,0.8669,100.0,2.7613,2.3333,0.0,29.4935,61.52,23.8739,9.5,38.0
510794,Tabaporã,51016,Vale dos Arinos,5103,Norte,2022,9818.0,IBGE Censo 2022,6.0,12.0,12.0,False,True,17477475.62,6092129.82,9078683.82,1183843.67,16475057.21,1002418.41,10909176.86,8.08,9.4,25.09,4.0,31.75,129.65,16.0,0.0,63.25,12.75,3.67,1.0,0.0,4.0,0.0,3.0,34437.0,3732.0,60630.0,74627.0,16809.0,13752.0,8209.0,3472.0,9210.0,625060.0,74373.0,481511.51,42911.0,265355.47,520.0,679.0,2.0,194.0,2191.0,157157.29,0.0,10.0,520.0,689.0,169.0,889.0,0.0,204786.6,448339.74,3.0,520.0,702165.0,487690.06,185.0,53.0,3.0,16.22,5.4,88.11,6.49,76.76,9.73,1780.15,620.51,924.7,0.823,0.957,3.234,1.63,0.4074,3.508,6.175,7.601,7.575,0.0,52.964,70.177,620.5062,924.6979,62.4185,5.7355,2.5555,0.4074,64.4225,4.0741,0.3801,18.7676,0.8361,100.0,0.5769,1.7096,0.0,20.8583,45.6651,24.5283,10.4,41.1
510794,Tabaporã,51016,Vale dos Arinos,5103,Norte,2023,9863.0,interpolada (Censo 2022 x IBGE 2024),6.0,12.0,12.0,False,True,19808677.66,6836383.26,10572255.7,1425646.1,18477335.28,1331342.38,12465632.61,7.67,9.0,24.42,3.17,34.42,128.46,16.0,0.0,60.83,11.5,3.0,1.0,0.0,4.0,0.0,3.0,35403.0,6042.0,62922.0,90823.0,20047.0,12768.0,9291.0,3487.0,10556.0,1088.0,1252.0,12551.37,5474.0,51516.9,32.0,255.0,0.0,0.0,5402.0,132166.4,0.0,13.0,32.0,268.0,236.0,91.0,0.0,12577.24,363624.69,2.0,32.0,2340.0,12551.37,185.0,54.0,2.0,10.81,5.475,88.11,4.86,79.89,16.22,2008.38,693.13,1071.91,0.778,0.913,3.49,1.622,0.4056,3.589,6.38,9.208,0.127,0.0,3.244,27.172,693.1343,1071.9107,62.9302,6.721,2.4759,0.3214,61.6749,4.0556,0.6126,18.8486,0.942,100.0,6.25,2.8438,0.0,1.2752,36.8676,88.0597,42.9,161.5
510794,Tabaporã,51016,Vale dos Arinos,5103,Norte,2024,9908.0,IBGE estimativa,6.0,12.0,12.0,False,True,23533403.47,7645668.76,12525328.69,1851899.99,21241555.59,2291847.88,16130178.32,7.36,10.25,25.92,3.17,35.75,135.82,15.33,0.0,73.67,12.0,3.0,1.0,0.0,4.0,0.0,3.0,31081.0,5015.0,60314.0,92884.0,16919.0,13108.0,9246.0,3189.0,10392.0,62469.0,37808.0,179123.96,18324.0,114700.46,332.0,511.0,0.0,0.0,1561.0,117556.36,0.0,10.0,332.0,521.0,192.0,933.0,0.0,131646.37,403285.2,11.0,332.0,104687.0,180945.56,158.0,52.0,4.0,25.32,5.25,90.45,5.06,81.01,15.19,2375.19,771.67,1264.16,0.743,1.035,3.608,1.547,0.4037,3.137,6.087,9.375,3.816,0.0,33.508,52.584,771.6662,1264.1632,68.5416,9.7387,2.6161,0.3199,74.3541,4.0371,0.5062,20.1835,0.9332,100.0,3.3133,2.8102,0.0,13.2869,40.703,36.8522,18.8,74.1
510794,Tabaporã,51016,Vale dos Arinos,5103,Norte,2025,9895.0,IBGE estimativa,6.0,12.0,12.0,False,True,26375732.16,8282561.28,15310226.34,1458498.52,23286878.73,3088853.43,21264782.99,11.38,10.7,27.48,3.5,34.58,151.0,13.17,0.0,93.83,14.25,3.0,1.0,0.0,4.0,0.0,3.0,28506.0,4447.0,58944.0,71408.0,18317.0,8310.0,8569.0,2484.0,9372.0,60847.0,84825.0,392520.86,74379.0,373096.22,434.0,678.0,745.0,159571.98,6798.0,256426.81,0.0,15.0,434.0,693.0,261.0,1220.0,0.0,192209.24,635864.66,7.0,432.0,148697.0,560646.44,,,,,,,,,,2665.56,837.05,1547.27,1.15,1.081,3.495,1.331,0.4042,2.881,5.957,7.217,8.573,0.075,43.861,70.035,837.0451,1547.269,80.6225,11.711,2.7772,0.3537,94.8257,4.0424,0.4494,,0.866,99.5392,1.6129,2.8111,0.0,19.4249,64.2612,37.6623,16.9,72.4
510795,Tangará da Serra,51007,Médio Norte Matogrossense,5106,Centro-Noroeste,2020,105711.0,IBGE estimativa,6.0,12.0,12.0,False,True,95495728.95,15592161.26,61265041.91,12192421.06,93185589.66,2310139.29,49612951.47,98.1,92.49,273.43,20.33,192.2,1011.23,131.33,4.58,558.83,70.25,29.0,4.0,1.0,22.67,0.0,10.0,127171.0,4133.0,245082.0,58357.0,84149.0,43007.0,79581.0,24704.0,76325.0,51012.0,560082.0,3426614.4,156044.0,1074357.75,4145.0,4439.0,25809.0,5020491.15,249147.0,3697152.99,0.0,83.0,4145.0,4522.0,522.0,15603.0,413.0,3460843.0,4461113.35,221.0,4136.0,691241.0,8638504.2,1673.0,642.0,14.0,8.37,6.07,75.37,7.41,85.77,14.41,903.37,147.5,579.55,0.928,0.875,1.818,1.242,0.2145,1.203,2.318,0.552,5.298,0.244,39.211,42.777,147.498,579.5522,51.9531,2.4191,2.5866,0.1923,52.8639,2.1445,0.0391,14.7663,0.7528,99.7829,5.3317,3.7643,3.9069,32.7387,42.201,11.5436,10.0,20.3
510795,Tangará da Serra,51007,Médio Norte Matogrossense,5106,Centro-Noroeste,2021,107631.0,IBGE estimativa,6.0,12.0,12.0,False,True,118763500.56,15990251.62,73211022.83,23014049.1,110662781.79,8100718.77,57039861.75,113.66,113.55,323.19,21.31,193.83,1119.98,125.0,11.92,716.83,71.92,29.83,3.92,1.0,23.0,0.0,10.0,137991.0,9162.0,278334.0,125308.0,92061.0,45928.0,93907.0,24583.0,89722.0,58958.0,702004.0,4096610.93,114868.0,977740.79,5033.0,5308.0,25108.0,4871038.31,197736.0,3895397.71,0.0,84.0,5033.0,5392.0,562.0,19337.0,2335.0,7628333.35,8175877.25,323.0,5006.0,843196.0,9170668.27,1749.0,859.0,21.0,12.01,7.98,75.04,9.83,84.79,14.12,1103.43,148.57,680.2,1.056,1.055,1.801,1.161,0.2137,1.282,2.586,1.164,6.522,0.233,46.762,50.097,148.5655,680.2039,48.0281,6.8209,3.0028,0.198,66.6007,2.1369,0.0851,14.0555,0.8725,99.4635,6.4176,3.842,21.6945,70.8749,75.9621,10.4228,9.6,19.4
510795,Tangará da Serra,51007,Médio Norte Matogrossense,5106,Centro-Noroeste,2022,106434.0,IBGE Censo 2022,6.0,12.0,12.0,False,True,117816250.34,19509838.0,82614932.44,7680680.62,115670500.08,2145750.26,58761944.1,123.07,112.65,326.03,21.6,179.83,1116.95,92.58,1.67,915.17,73.58,30.0,4.0,1.0,23.0,0.0,11.33,157133.0,11452.0,337467.0,133096.0,99305.0,57828.0,92849.0,25190.0,90656.0,82147.0,749402.0,4757248.24,195410.0,1557068.96,4688.0,5150.0,26208.0,5659739.37,52886.0,4426838.32,0.0,97.0,4688.0,5247.0,730.0,19416.0,446.0,3399774.4,4711309.6,186.0,4667.0,901693.0,10579938.8,1729.0,623.0,31.0,17.93,5.85,81.09,8.56,85.66,11.8,1106.94,183.3,776.21,1.156,1.058,1.69,0.87,0.2161,1.476,3.171,1.251,7.041,0.246,44.046,49.298,183.3046,776.2081,49.8759,1.8213,3.0632,0.2029,85.9847,2.161,0.1076,14.5691,0.8724,99.552,3.9676,4.1416,4.1904,31.9426,44.2651,13.9127,12.3,24.9
510795,Tangará da Serra,51007,Médio Norte Matogrossense,5106,Centro-Noroeste,2023,109448.0,interpolada (Censo 2022 x IBGE 2024),6.0,12.0,12.0,False,True,155765628.42,25582436.82,116225597.43,3079410.57,151094596.63,4671031.79,85432691.04,109.31,112.04,346.57,22.57,204.21,1208.5,97.25,0.0,960.5,77.33,29.42,3.58,1.0,23.0,0.0,14.0,164622.0,20439.0,327909.0,151872.0,107454.0,57134.0,94564.0,27636.0,92469.0,92647.0,827337.0,5433027.3,392691.0,3166285.76,2356.0,3023.0,31577.0,6485689.13,78887.0,4827651.06,0.0,133.0,2356.0,3156.0,874.0,9739.0,0.0,1110672.15,3189082.12,86.0,2346.0,988387.0,12192250.15,1513.0,606.0,25.0,16.52,5.537,79.78,8.59,80.11,11.1,1423.19,233.74,1061.93,0.999,1.024,1.866,0.889,0.2101,1.504,2.996,1.388,7.559,0.289,21.526,28.836,233.7406,1061.9253,54.8469,2.9988,3.1665,0.2062,87.7586,2.1015,0.1867,18.2657,0.864,99.5756,3.6503,4.1337,0.0,10.1479,29.1379,27.6933,25.1,52.0
510795,Tangará da Serra,51007,Médio Norte Matogrossense,5106,Centro-Noroeste,2024,112547.0,IBGE estimativa,6.0,12.0,12.0,False,True,177502127.84,27111780.36,136028260.66,3079716.69,173732326.12,3769801.72,106301105.33,115.51,109.53,363.23,22.75,200.98,1267.91,150.08,0.0,1046.75,89.67,29.25,3.0,1.0,23.0,0.0,14.0,176811.0,17928.0,364207.0,149053.0,120892.0,55823.0,98081.0,27427.0,96644.0,115711.0,950012.0,6154708.92,446094.0,3646569.84,5677.0,6242.0,37407.0,7539060.22,90243.0,5916474.42,0.0,153.0,5677.0,6395.0,766.0,21290.0,0.0,2988574.89,5213423.84,164.0,5671.0,1209996.0,14334742.22,1469.0,739.0,15.0,10.21,6.57,80.94,7.28,81.28,10.89,1577.14,240.89,1208.64,1.026,0.973,1.786,1.333,0.2044,1.571,3.236,1.324,8.441,0.332,50.441,56.821,240.893,1208.6352,59.8872,2.1238,3.2274,0.2021,93.0056,2.0436,0.1593,18.6705,0.8715,99.8943,2.8888,3.7502,0.0,26.554,46.3222,11.9781,11.4,22.2
510795,Tangará da Serra,51007,Médio Norte Matogrossense,5106,Centro-Noroeste,2025,114603.0,IBGE estimativa,6.0,12.0,12.0,False,True,198706020.57,29681606.62,153922787.32,3387163.05,192188142.76,6517877.81,121268731.95,127.19,107.91,353.66,23.83,199.38,1282.79,174.33,0.0,1060.92,96.67,30.17,3.17,1.0,23.0,0.0,14.33,162547.0,16843.0,323235.0,165491.0,111567.0,50672.0,88973.0,25594.0,88825.0,100643.0,918747.0,5968073.32,414917.0,3431964.06,6019.0,6680.0,40227.0,7806191.52,271910.0,6642690.89,3.0,206.0,6022.0,6886.0,964.0,23606.0,0.0,3348392.2,6104280.17,141.0,5814.0,1163552.0,14522967.29,,,,,,,,,,1733.86,259.0,1343.1,1.11,0.942,1.74,1.521,0.2007,1.418,2.82,1.444,8.017,0.351,52.547,60.086,258.995,1343.0956,61.0292,3.2802,3.086,0.2079,92.5735,2.0069,0.147,,0.7764,96.546,2.3414,3.92,0.0,29.2173,53.2646,13.9994,13.5,26.0
510800,Tapurah,51014,Teles Pires,5103,Norte,2020,14046.0,IBGE estimativa,6.0,12.0,12.0,False,True,12477539.81,4073767.21,5768447.98,1852707.3,11997780.89,479758.92,9452844.47,8.71,9.46,22.81,3.85,32.92,118.05,22.0,0.0,18.0,18.0,6.0,1.0,0.0,4.0,0.0,4.0,35684.0,2081.0,51047.0,53043.0,22086.0,12194.0,500.0,404.0,5323.0,140382.0,73441.0,475718.22,10790.0,122734.25,260.0,744.0,49.0,9353.02,26125.0,197747.37,0.0,14.0,260.0,758.0,500.0,864.0,0.0,115964.9,743919.85,0.0,255.0,233201.0,582201.34,225.0,68.0,2.0,8.89,4.84,85.33,9.33,57.78,18.22,888.33,290.03,410.68,0.62,0.674,2.344,1.566,0.2848,2.541,3.634,3.776,5.229,0.003,18.511,53.966,290.0304,410.6826,75.7589,3.845,1.6239,0.2741,12.815,2.8478,0.1482,1.7956,0.0356,98.0769,0.0,3.3231,0.0,8.2561,52.9631,65.9631,4.4,70.7
510800,Tapurah,51014,Teles Pires,5103,Norte,2021,14380.0,IBGE estimativa,6.0,12.0,12.0,False,True,11969847.88,4091190.93,6043042.18,1411983.93,11937009.99,32837.89,9689515.63,7.49,10.38,22.92,3.67,29.5,117.78,22.0,0.0,18.0,18.75,6.0,1.0,0.0,4.0,0.0,4.0,28601.0,2475.0,25979.0,29376.0,19410.0,8306.0,353.0,281.0,4324.0,181793.0,107845.0,753910.05,18243.0,201104.87,136.0,624.0,605.0,108216.23,22866.0,375511.0,0.0,22.0,136.0,646.0,510.0,496.0,0.0,73561.05,1000698.83,0.0,136.0,328939.0,1050864.83,217.0,72.0,3.0,13.82,5.01,83.41,10.6,61.75,14.29,832.4,284.51,420.24,0.521,0.722,2.051,1.53,0.2782,1.989,1.807,2.043,7.5,0.042,9.458,44.924,284.5056,420.2394,80.9494,0.2743,1.5939,0.2552,12.5174,2.7816,0.1721,1.2949,0.0245,100.0,0.0,3.6471,0.0,5.1155,69.5896,78.9474,7.0,90.7
510800,Tapurah,51014,Teles Pires,5103,Norte,2022,14370.0,IBGE Censo 2022,6.0,12.0,12.0,False,True,20290943.06,5461856.32,9953113.13,3545564.04,19191512.64,1099430.42,16847349.27,8.54,12.65,23.91,3.33,38.09,141.0,22.0,0.0,20.0,19.67,6.25,1.0,0.0,4.0,0.0,3.58,38885.0,3616.0,29742.0,54081.0,25038.0,12215.0,4532.0,2877.0,7858.0,153658.0,120686.0,772768.32,28736.0,230554.72,424.0,919.0,418.0,72775.4,5852.0,480815.57,0.0,42.0,424.0,961.0,537.0,1279.0,0.0,126622.47,810843.38,1.0,385.0,302924.0,980644.07,251.0,68.0,2.0,7.97,4.73,85.26,7.57,62.55,14.34,1412.04,380.09,692.63,0.594,0.88,2.651,1.531,0.2784,2.706,2.07,3.763,8.398,0.029,29.506,66.875,380.0874,692.6314,83.0289,5.4183,1.6639,0.2317,13.9179,2.7836,0.2516,11.4622,0.3154,90.8019,0.2358,3.0165,0.0,8.8116,56.4261,55.8793,7.0,70.0
510800,Tapurah,51014,Teles Pires,5103,Norte,2023,14814.0,interpolada (Censo 2022 x IBGE 2024),6.0,12.0,12.0,False,True,22721288.93,6273976.1,10846878.94,3739911.53,22346694.23,374594.7,18615255.46,9.88,14.96,23.2,4.17,45.34,164.71,22.0,0.0,23.33,20.0,7.0,1.0,0.0,4.0,0.5,4.0,36984.0,4312.0,27535.0,73583.0,23437.0,11226.0,11025.0,4365.0,13669.0,52808.0,117432.0,681498.94,38201.0,259958.01,531.0,1076.0,669.0,109893.99,8337.0,411347.26,0.0,50.0,531.0,1126.0,599.0,1746.0,0.0,140453.77,916989.49,6.0,436.0,217817.0,1018340.53,221.0,77.0,3.0,13.57,5.198,79.19,9.5,65.16,11.31,1533.77,423.52,732.2,0.667,1.01,3.061,1.485,0.27,2.497,1.859,4.967,7.927,0.045,35.844,76.009,423.5167,732.2046,81.9287,1.6487,1.5661,0.2815,15.7486,2.7001,0.2911,19.7511,0.7442,82.1092,1.1299,3.2881,0.0,9.4812,61.9002,53.1972,8.6,67.3
510800,Tapurah,51014,Teles Pires,5103,Norte,2024,15272.0,IBGE estimativa,6.0,12.0,12.0,False,True,28011925.85,6841839.05,13975796.54,4569203.13,24513163.98,3498761.87,20954891.75,11.7,16.56,27.83,4.42,44.25,169.33,22.0,0.0,31.0,20.0,7.0,1.0,0.0,4.0,2.0,4.83,40669.0,4765.0,28670.0,58751.0,25545.0,12554.0,12842.0,3655.0,15931.0,42372.0,118100.0,761229.4,48327.0,400111.23,260.0,996.0,1043.0,195454.5,5440.0,468174.97,0.0,69.0,260.0,1065.0,805.0,972.0,0.0,61589.32,1311457.64,4.0,259.0,203466.0,1171751.05,216.0,83.0,4.0,18.52,5.43,87.96,8.33,64.81,13.89,1834.2,448.0,915.13,0.766,1.084,2.897,1.441,0.2619,2.663,1.877,3.847,7.733,0.068,17.025,69.735,447.9989,915.1255,74.807,12.4903,1.8223,0.2894,20.2986,2.6192,0.312,16.9213,0.8409,99.6154,1.5385,3.7385,0.0,4.0328,85.8733,75.5869,6.3,86.5
510800,Tapurah,51014,Teles Pires,5103,Norte,2025,15638.0,IBGE estimativa,6.0,12.0,12.0,False,True,29837431.54,8227834.4,14837413.6,4192133.81,29352404.67,485026.87,21282346.42,15.22,17.51,29.46,5.33,46.83,188.7,19.08,0.0,34.5,20.5,6.67,1.0,0.0,4.0,2.0,6.0,38953.0,4484.0,45443.0,54742.0,25365.0,11529.0,12993.0,3757.0,15385.0,45376.0,160814.0,985993.32,46639.0,361126.09,344.0,1069.0,1377.0,239707.17,10276.0,630083.55,0.0,60.0,344.0,1129.0,786.0,1233.0,0.0,69483.39,1284213.67,7.0,333.0,258538.0,1476794.19,,,,,,,,,,1908.01,526.14,948.81,0.973,1.12,2.995,1.22,0.2558,2.491,2.906,3.501,10.284,0.088,21.998,72.196,526.1437,948.8051,71.3277,1.6256,1.8839,0.3408,22.0616,2.5579,0.2867,,0.8309,96.8023,2.0349,3.5843,0.0,4.4432,82.1213,69.6191,9.0,86.2
510805,Terra Nova do Norte,51015,Vale do Peixoto,5103,Norte,2020,9473.0,IBGE estimativa,6.0,12.0,12.0,False,True,11401971.94,3636340.48,5509540.6,1776656.82,11086011.38,315960.56,4520725.36,8.52,7.75,30.83,3.0,45.25,134.82,38.0,0.0,46.0,11.0,4.58,0.0,0.0,4.0,0.0,3.0,13482.0,1046.0,16087.0,54877.0,9790.0,3129.0,9693.0,2639.0,9395.0,1631151.0,58626.0,283019.79,15293.0,110728.18,375.0,659.0,1.0,180.0,25428.0,286088.06,0.0,17.0,375.0,676.0,335.0,1640.0,0.0,167394.92,547956.18,26.0,374.0,1710140.0,394678.44,157.0,96.0,0.0,0.0,10.13,71.97,7.64,82.17,18.47,1203.63,383.86,581.6,0.899,0.818,4.777,4.011,0.4223,1.423,1.698,5.793,6.189,0.0,39.586,71.361,383.8637,581.6046,39.6486,2.7711,3.2545,0.3167,48.5591,4.2225,0.1104,16.8089,1.0232,99.7333,6.9333,4.3733,0.0,17.6707,57.844,49.5562,11.7,57.8
510805,Terra Nova do Norte,51015,Vale do Peixoto,5103,Norte,2021,9284.0,IBGE estimativa,6.0,12.0,12.0,False,True,13422250.56,4575129.23,7545196.53,635810.26,12867519.46,554731.1,8256331.69,7.59,8.58,28.5,2.33,48.25,131.28,38.0,0.0,54.17,12.17,4.58,0.42,0.0,4.0,0.0,2.67,16115.0,1440.0,25344.0,61368.0,12615.0,2838.0,5910.0,2340.0,6319.0,16193.0,90778.0,407306.11,21380.0,135694.5,362.0,699.0,0.0,0.0,26221.0,255969.9,0.0,12.0,362.0,711.0,364.0,1982.0,0.0,231862.14,793190.23,34.0,360.0,128644.0,532053.31,168.0,120.0,2.0,11.9,12.93,78.57,8.33,77.38,13.1,1445.74,492.8,812.71,0.818,0.924,5.197,4.093,0.4308,1.736,2.73,6.61,9.778,0.0,38.992,76.583,492.7972,812.7097,61.5123,4.1329,3.0698,0.251,58.3477,4.3085,0.1551,13.9286,0.6366,99.4475,9.3923,5.4751,0.0,24.9744,85.4363,51.1955,8.0,40.2
510805,Terra Nova do Norte,51015,Vale do Peixoto,5103,Norte,2022,10616.0,IBGE Censo 2022,6.0,12.0,12.0,False,True,16219432.22,5941727.85,8723790.63,528215.44,15598022.12,621410.1,8012758.64,7.86,8.42,33.02,3.5,50.17,141.59,38.0,0.0,60.0,12.42,4.5,1.0,0.0,4.0,0.0,3.5,24435.0,2803.0,50006.0,86382.0,18864.0,4747.0,8539.0,2652.0,8479.0,40870.0,69112.0,343693.87,29564.0,211690.69,383.0,653.0,0.0,0.0,4929.0,246947.45,0.0,27.0,383.0,680.0,310.0,1602.0,0.0,165547.32,616457.11,17.0,327.0,128526.0,464173.87,170.0,70.0,1.0,5.88,6.59,81.76,7.65,84.12,12.35,1527.83,559.7,821.76,0.74,0.793,4.726,3.58,0.3768,2.302,4.71,8.137,6.51,0.0,36.078,64.054,559.6955,821.7587,49.4022,3.8313,3.1104,0.3297,56.5185,3.7679,0.264,15.6,0.8044,85.3786,4.4386,4.1828,0.0,15.5941,58.0687,45.5882,11.5,46.1
510805,Terra Nova do Norte,51015,Vale do Peixoto,5103,Norte,2023,10628.0,interpolada (Censo 2022 x IBGE 2024),5.0,12.0,12.0,False,False,18186512.31,6600251.84,10134203.28,545766.36,16581957.12,1604555.19,8473076.27,10.6,9.04,34.08,4.0,49.67,147.52,38.0,0.0,61.08,12.0,4.0,1.0,0.0,4.0,0.0,4.0,20040.0,2888.0,43759.0,56255.0,15411.0,4079.0,5763.0,2224.0,6169.0,22360.0,92738.0,405180.23,91296.0,453888.14,487.0,833.0,12.0,1164.0,13029.0,380751.74,0.0,24.0,487.0,857.0,416.0,1693.0,0.0,199119.5,605472.89,30.0,372.0,161219.0,657796.28,174.0,101.0,4.0,22.99,9.503,82.18,6.32,79.77,16.67,1711.19,621.02,953.54,0.997,0.851,4.674,3.575,0.3764,1.886,4.117,5.293,8.726,0.001,45.822,80.636,621.0248,953.5381,46.5899,8.8228,3.2066,0.3764,57.4708,3.7636,0.2717,12.7816,0.5422,76.386,6.1602,3.4764,0.0,18.7354,56.9696,48.5414,9.8,51.1
510805,Terra Nova do Norte,51015,Vale do Peixoto,5103,Norte,2024,10641.0,IBGE estimativa,6.0,12.0,12.0,False,True,29812147.14,8281631.75,19699632.73,711716.0,24227652.04,5584495.1,9728863.0,12.9,10.0,36.96,4.08,48.58,164.43,38.0,0.0,62.0,12.0,4.0,1.0,0.0,4.0,0.0,3.92,20164.0,3099.0,48169.0,50321.0,15647.0,3804.0,7070.0,2246.0,7693.0,50697.0,152705.0,586141.97,146101.0,632863.33,452.0,705.0,13.0,1261.0,3836.0,456952.05,14.0,40.0,466.0,745.0,320.0,1674.0,0.0,201717.85,670105.85,14.0,310.0,252968.0,876179.22,146.0,84.0,1.0,6.85,7.89,78.77,8.22,89.04,9.59,2801.63,778.28,1851.3,1.212,0.94,4.565,3.571,0.3759,1.895,4.527,4.729,14.351,0.001,43.793,70.012,778.2757,1851.2952,32.6339,18.7323,3.4734,0.3834,58.2652,3.759,0.2912,15.3836,0.6644,66.5236,3.0043,3.5923,0.0,18.9567,62.974,42.953,13.4,59.4
510805,Terra Nova do Norte,51015,Vale do Peixoto,5103,Norte,2025,10591.0,IBGE estimativa,5.0,12.0,12.0,False,False,35236607.69,9802545.5,22683185.14,964143.77,30755403.66,4481204.03,16731576.18,13.56,11.76,37.25,4.04,50.75,176.8,30.83,0.0,61.0,12.0,4.0,1.0,0.0,4.0,0.0,4.0,22006.0,2781.0,50051.0,54810.0,16846.0,4387.0,6273.0,1936.0,7191.0,110764.0,192391.0,685508.49,177320.0,754357.66,548.0,954.0,80.0,39872.55,6289.0,559183.3,0.0,46.0,548.0,1000.0,482.0,2266.0,0.0,438842.41,957398.29,18.0,451.0,369838.0,1095947.04,,,,,,,,,,3327.03,925.55,2141.74,1.28,1.11,4.792,2.911,0.3777,2.078,4.726,5.175,18.166,0.008,51.742,94.42,925.5543,2141.7416,47.4835,12.7175,3.5171,0.3815,57.5961,3.7768,0.2626,,0.5923,82.2993,3.2847,4.135,0.0,41.4354,90.3973,48.2,19.1,84.6
510810,Tesouro,51013,Sul Matogrossense,5101,Sul,2020,3824.0,IBGE estimativa,6.0,12.0,12.0,False,True,4709764.5,1011819.73,2116374.81,1526308.51,3976083.01,733681.49,3988686.64,2.35,2.27,10.17,1.0,7.0,39.96,15.0,0.0,16.0,6.0,2.0,1.0,0.0,1.0,0.0,1.0,701.0,557.0,10981.0,3282.0,192.0,365.0,1509.0,681.0,1652.0,5398.0,10061.0,54046.76,1181.0,9834.59,61.0,153.0,0.0,0.0,636.0,35074.14,0.0,4.0,61.0,157.0,97.0,233.0,0.0,25785.39,243513.29,1.0,61.0,16147.0,57452.36,27.0,21.0,0.0,0.0,5.49,70.37,7.41,40.74,14.81,1231.63,264.6,553.45,0.615,0.594,1.831,3.923,0.2615,0.183,2.872,0.858,2.631,0.0,15.952,41.056,264.5972,553.4453,84.6897,15.5779,2.6595,0.2615,41.841,2.6151,0.1457,25.2222,0.3946,100.0,1.6393,3.8197,0.0,6.743,63.6803,61.7834,0.0,75.1
510810,Tesouro,51013,Sul Matogrossense,5101,Sul,2021,3761.0,IBGE estimativa,6.0,12.0,12.0,False,True,5773815.39,1620251.05,2332296.57,1474260.78,5705931.57,67883.82,4449169.42,3.96,4.78,11.01,0.92,9.58,63.46,15.0,0.0,16.0,7.0,3.0,1.0,0.0,1.42,0.0,1.0,4539.0,491.0,10881.0,4954.0,2859.0,1423.0,1521.0,553.0,1573.0,4873.0,10403.0,51577.34,3880.0,20253.76,70.0,194.0,0.0,0.0,1223.0,50546.11,0.0,6.0,70.0,200.0,132.0,251.0,0.0,26873.5,441575.19,3.0,70.0,15956.0,54943.34,23.0,37.0,0.0,0.0,9.84,78.26,4.35,30.43,21.74,1535.18,430.8,620.13,1.053,1.271,2.547,3.988,0.3776,1.207,2.893,1.317,2.766,0.0,18.612,53.177,430.8033,620.1267,77.0577,1.1757,2.9274,0.2446,42.5419,3.7756,0.1306,24.0435,0.4044,100.0,4.2857,3.5857,0.0,7.1453,117.409,66.0,2.5,84.1
510810,Tesouro,51013,Sul Matogrossense,5101,Sul,2022,3025.0,IBGE Censo 2022,6.0,12.0,12.0,False,True,7801628.31,3614958.29,2711200.35,1447731.79,7394406.83,407221.48,5111704.97,4.07,6.55,9.78,1.0,11.83,70.45,15.0,0.0,21.33,6.0,1.83,1.0,0.0,2.0,0.0,1.0,7516.0,1050.0,16329.0,11336.0,2870.0,3315.0,2730.0,731.0,2346.0,9474.0,14745.0,77618.87,12717.0,69332.71,94.0,207.0,83.0,15749.3,470.0,75818.11,0.0,10.0,94.0,217.0,127.0,288.0,0.0,37101.88,249896.64,5.0,94.0,27129.0,107223.22,50.0,28.0,1.0,20.0,9.26,80.0,4.0,58.0,16.0,2579.05,1195.03,896.26,1.345,2.165,3.911,4.959,0.6612,2.485,5.398,3.747,4.874,0.027,31.074,71.736,1195.0275,896.2646,65.521,5.2197,3.2331,0.3306,70.5124,6.6116,0.3471,14.62,0.9025,100.0,5.3191,3.0638,0.0,12.2651,82.6105,58.5253,1.4,74.5
510810,Tesouro,51013,Sul Matogrossense,5101,Sul,2023,3001.0,interpolada (Censo 2022 x IBGE 2024),6.0,12.0,12.0,False,True,7074081.78,3164659.81,2518337.98,1323505.59,6764081.78,310000.0,5002620.5,3.22,6.56,9.1,1.0,10.5,73.2,15.0,0.0,19.58,6.0,2.0,1.0,0.0,2.0,0.0,1.0,10079.0,1594.0,19090.0,13710.0,5048.0,4039.0,2870.0,632.0,2526.0,16823.0,31508.0,166186.69,26686.0,143165.77,94.0,207.0,192.0,38140.43,768.0,106092.28,0.0,27.0,94.0,234.0,148.0,375.0,0.0,36822.77,318190.46,4.0,93.0,56135.0,241630.32,23.0,24.0,0.0,0.0,7.997,95.65,4.35,47.83,13.04,2357.24,1054.54,839.17,1.073,2.186,3.499,4.998,0.6664,3.359,6.361,4.568,10.499,0.064,31.323,77.974,1054.5351,839.1663,70.7176,4.3822,3.0323,0.3332,65.2449,6.6644,0.5312,27.4783,0.9563,98.9362,4.2553,3.9894,0.0,12.2702,106.0281,63.2479,3.4,82.1
510810,Tesouro,51013,Sul Matogrossense,5101,Sul,2024,2977.0,IBGE estimativa,6.0,12.0,12.0,False,True,7606278.13,3584965.47,2925113.79,998283.58,7003335.61,602942.52,6055632.75,3.38,6.65,12.06,1.0,7.42,74.51,15.0,0.0,22.0,6.0,2.0,1.0,0.0,2.0,0.0,1.0,9432.0,1385.0,18973.0,12443.0,5288.0,2995.0,2864.0,585.0,2751.0,22038.0,36316.0,200700.33,28910.0,175249.91,68.0,220.0,62.0,10729.56,325.0,116612.73,0.0,22.0,68.0,242.0,178.0,257.0,0.0,24708.25,369518.59,4.0,68.0,68294.0,259776.54,33.0,26.0,0.0,0.0,8.73,87.88,9.09,45.45,27.27,2555.01,1204.22,982.57,1.135,2.234,2.492,5.039,0.6718,3.168,6.373,4.18,12.199,0.021,22.842,81.29,1204.2208,982.571,79.6136,7.9269,4.0511,0.3359,73.8999,6.7182,0.4652,17.7273,0.962,100.0,5.8824,3.7794,0.0,8.2997,124.1245,73.5537,2.1,91.0
510810,Tesouro,51013,Sul Matogrossense,5101,Sul,2025,2935.0,IBGE estimativa,6.0,12.0,12.0,False,True,8159545.48,4048748.71,2689153.94,1294537.13,8027065.88,132479.6,5062556.56,3.31,6.34,15.1,1.0,8.0,80.41,15.0,0.0,21.67,6.0,2.0,1.0,0.0,2.0,0.0,1.0,6393.0,1527.0,15765.0,19697.0,4152.0,1414.0,2023.0,358.0,2003.0,23548.0,48427.0,263010.03,39068.0,217037.35,64.0,243.0,130.0,22410.14,636.0,120934.86,0.0,11.0,64.0,254.0,204.0,349.0,0.0,21433.45,466746.06,5.0,64.0,88110.0,364446.92,,,,,,,,,,2780.08,1379.47,916.24,1.128,2.16,2.726,5.111,0.6814,2.178,5.371,6.711,16.5,0.044,21.806,86.542,1379.4715,916.2364,62.0446,1.6236,5.1448,0.3407,73.833,6.8143,0.5203,,0.6893,100.0,7.8125,5.4531,0.0,7.3027,159.0276,80.315,4.3,101.4
510820,Torixoréu,51005,Garças Araguaia,5104,Leste,2020,3547.0,IBGE estimativa,6.0,12.0,12.0,False,True,8364898.75,2698741.93,4171937.09,1256569.35,8146736.05,218162.7,4409214.45,7.66,3.83,14.67,2.0,17.0,81.28,22.0,0.0,13.0,9.0,2.0,1.0,0.0,2.0,0.0,2.0,274.0,488.0,370.0,2001.0,169.0,71.0,2310.0,883.0,2070.0,117358.0,7436.0,68488.86,2682.0,15086.98,242.0,272.0,0.0,0.0,7515.0,103655.16,1.0,2.0,243.0,274.0,73.0,582.0,0.0,100655.46,235167.88,2.0,243.0,124854.0,68488.86,39.0,32.0,2.0,51.28,9.02,28.21,12.82,82.05,20.51,2358.3,760.85,1176.19,2.16,1.08,4.793,6.202,0.5639,0.077,0.104,0.564,2.096,0.0,68.509,77.248,760.852,1176.1875,52.7109,2.6081,4.1359,0.5639,36.6507,5.6386,0.1376,22.641,0.6513,100.0,0.823,2.3951,0.0,28.3776,66.3005,26.6423,4.7,27.7
510820,Torixoréu,51005,Garças Araguaia,5104,Leste,2021,3487.0,IBGE estimativa,6.0,12.0,12.0,False,True,6881222.23,3636084.36,3056560.2,200.6,6651229.23,229993.0,4635573.06,5.36,5.06,15.83,2.0,21.58,101.79,22.0,0.0,13.0,9.92,2.0,1.0,0.0,2.0,0.0,2.0,1658.0,912.0,920.0,7367.0,1251.0,278.0,1808.0,817.0,1699.0,19154.0,4790.0,34166.54,2232.0,14935.75,197.0,253.0,0.0,0.0,13527.0,141902.78,0.0,2.0,197.0,255.0,64.0,633.0,0.0,118888.49,335264.56,5.0,184.0,25109.0,39715.49,50.0,50.0,1.0,20.0,14.34,70.0,2.0,76.0,14.0,1973.39,1042.75,876.56,1.537,1.451,6.189,6.309,0.5736,0.475,0.264,2.113,1.374,0.0,56.496,73.129,1042.7543,876.5587,67.3655,3.3423,4.5397,0.5736,37.2813,5.7356,0.2615,16.34,0.5185,93.401,2.5381,3.2132,0.0,34.0948,96.147,25.098,4.7,28.6
510820,Torixoréu,51005,Garças Araguaia,5104,Leste,2022,4164.0,IBGE Censo 2022,6.0,12.0,12.0,False,True,8241703.4,5304307.76,2849320.82,0.0,7424417.7,817285.7,4398053.89,6.25,6.5,14.36,2.0,17.67,95.14,22.67,0.0,13.33,10.5,2.0,1.0,0.0,2.0,0.0,2.0,8189.0,1651.0,11699.0,19772.0,3838.0,4144.0,2279.0,862.0,2081.0,2901.0,15832.0,117081.53,6807.0,71677.59,210.0,230.0,15.0,11574.0,9491.0,202495.81,0.0,1.0,210.0,231.0,55.0,498.0,0.0,111113.16,168125.11,6.0,96.0,35450.0,231293.78,35.0,42.0,0.0,0.0,10.09,88.57,0.0,85.71,17.14,1979.28,1273.85,684.27,1.501,1.561,4.244,5.444,0.4803,1.967,2.81,4.748,3.802,0.004,50.432,55.476,1273.8491,684.2749,53.3634,9.9165,3.4486,0.4803,32.0125,4.8031,0.3965,24.6286,0.5473,45.7143,2.8571,2.3714,0.0,26.6842,40.3759,23.8095,6.5,30.8
510820,Torixoréu,51005,Garças Araguaia,5104,Leste,2023,4197.0,interpolada (Censo 2022 x IBGE 2024),6.0,12.0,12.0,False,True,9766060.28,4503471.06,5167392.6,0.0,8831676.43,934383.85,4335620.3,8.12,8.06,15.13,2.0,18.17,97.03,23.33,0.0,16.0,10.0,2.0,1.0,0.0,2.0,0.0,2.0,12094.0,1497.0,14699.0,22289.0,4888.0,6270.0,2128.0,685.0,1944.0,17956.0,53892.0,327962.65,8090.0,78575.07,386.0,239.0,210.0,119433.97,10265.0,192757.74,0.0,3.0,386.0,242.0,52.0,577.0,0.0,258843.16,180368.79,5.0,19.0,88955.0,568762.67,27.0,32.0,0.0,0.0,7.624,92.59,3.7,100.0,11.11,2326.91,1073.02,1231.21,1.935,1.92,4.329,5.559,0.4765,2.882,3.502,5.311,12.841,0.05,91.97,57.66,1073.0215,1231.211,44.3948,9.5677,3.605,0.4765,38.1225,4.7653,0.3567,25.3704,0.507,4.9223,1.2953,1.4948,0.0,61.6734,42.9756,21.4876,3.7,25.0
510820,Torixoréu,51005,Garças Araguaia,5104,Leste,2024,4230.0,IBGE estimativa,6.0,12.0,12.0,False,True,12686409.37,4802853.9,7822306.85,0.0,10906836.59,1779572.78,5893067.97,9.06,7.25,14.92,2.0,15.33,99.48,24.0,0.0,19.0,10.0,2.0,1.0,0.0,2.0,0.0,2.0,10238.0,2071.0,16846.0,22446.0,6005.0,3612.0,3140.0,660.0,2970.0,13778.0,61288.0,359854.43,6982.0,63248.53,453.0,227.0,576.0,287267.14,28755.0,274201.83,0.0,1.0,453.0,228.0,63.0,608.0,0.0,287076.32,174623.66,3.0,12.0,96928.0,889625.67,31.0,42.0,0.0,0.0,9.93,87.1,3.23,87.1,16.13,2999.15,1135.43,1849.25,2.142,1.714,3.624,5.674,0.4728,2.42,3.983,5.306,14.489,0.136,107.092,53.901,1135.4265,1849.2451,46.4518,14.0274,3.5272,0.4728,44.9173,4.7281,0.4896,21.2903,0.7423,2.649,0.6623,1.3422,0.0,67.8667,41.2822,27.6316,6.1,35.5
510820,Torixoréu,51005,Garças Araguaia,5104,Leste,2025,4238.0,IBGE estimativa,6.0,12.0,12.0,False,True,21563289.57,12850991.13,8685468.63,0.0,18739667.45,2823622.12,8009211.66,12.0,8.04,15.25,2.0,14.75,105.1,24.5,0.0,20.17,9.92,2.0,1.0,0.0,2.0,0.0,2.0,13530.0,1627.0,21446.0,23130.0,7559.0,3788.0,2963.0,575.0,2952.0,13859.0,70452.0,432133.5,8789.0,75757.97,413.0,267.0,619.0,224128.53,42115.0,240276.34,8.0,6.0,421.0,273.0,88.0,652.0,0.0,333518.91,350295.8,8.0,45.0,102925.0,840227.88,,,,,,,,,,5088.08,3032.32,2049.43,2.832,1.897,3.48,5.781,0.4719,3.193,5.06,5.458,16.624,0.146,99.339,64.417,3032.3245,2049.4263,37.1428,13.0946,3.5984,0.4719,47.5932,4.7192,0.3839,,0.6992,10.6888,1.9002,1.5487,0.0,78.6972,82.6559,32.2344,7.0,36.4
510830,União do Sul,51014,Teles Pires,5103,Norte,2020,3490.0,IBGE estimativa,6.0,12.0,12.0,False,True,5999871.76,2509396.66,1661872.61,1216527.51,5518185.76,481686.0,3200339.61,2.67,5.73,10.38,3.0,16.17,53.41,0.0,0.0,36.0,9.0,2.0,0.0,1.0,2.0,0.0,2.0,13143.0,1899.0,28049.0,16589.0,8384.0,4491.0,4444.0,936.0,4440.0,17936.0,31623.0,121596.08,5616.0,31272.24,0.0,140.0,0.0,0.0,5080.0,102968.58,0.0,4.0,0.0,144.0,144.0,0.0,0.0,0.0,130252.09,0.0,0.0,57994.0,176744.93,49.0,23.0,0.0,0.0,6.59,89.8,8.16,61.22,24.49,1719.16,719.02,476.18,0.765,1.642,4.633,0.0,0.5731,3.766,8.037,4.753,9.061,0.0,0.0,41.261,719.0248,476.1813,53.3401,8.0283,2.9742,0.8596,103.1519,5.7307,0.5441,19.102,1.2734,,,,0.0,0.0,37.3215,100.0,4.9,167.1
510830,União do Sul,51014,Teles Pires,5103,Norte,2021,3455.0,IBGE estimativa,6.0,12.0,12.0,False,True,7052325.02,2698025.78,2853406.65,831564.38,6037030.67,1015294.35,5304193.6,2.63,6.75,11.04,3.0,16.5,66.93,0.0,0.0,36.0,9.0,2.0,0.0,1.0,2.0,0.0,2.0,14079.0,2003.0,29610.0,21096.0,8797.0,5217.0,2392.0,836.0,2675.0,16028.0,38290.0,155119.23,6461.0,42843.3,0.0,190.0,75.0,7374.28,2459.0,137143.15,0.0,8.0,0.0,198.0,198.0,0.0,0.0,0.0,389692.26,0.0,0.0,66365.0,224076.46,41.0,37.0,0.0,0.0,10.71,95.12,4.88,60.98,17.07,2041.19,780.9,825.88,0.761,1.954,4.776,0.0,0.5789,4.075,8.57,6.106,11.082,0.022,0.0,57.308,780.9047,825.8775,75.212,14.3966,3.1954,0.8683,104.1968,5.7887,0.5797,20.3902,0.6923,,,,0.0,0.0,112.7908,100.0,6.6,181.4
510830,União do Sul,51014,Teles Pires,5103,Norte,2022,3838.0,IBGE Censo 2022,6.0,12.0,12.0,False,True,6181838.5,2430038.63,2205947.2,911842.19,5770613.52,411224.98,4232042.44,2.63,7.0,10.63,3.0,17.83,71.09,0.0,0.0,36.0,9.0,2.0,0.0,1.0,2.0,0.0,2.0,18074.0,2529.0,36030.0,18898.0,11544.0,6505.0,3217.0,1268.0,3309.0,18496.0,44154.0,186854.38,7138.0,56430.52,0.0,209.0,344.0,45077.66,1085.0,148499.27,0.0,4.0,0.0,213.0,213.0,0.0,0.0,0.0,220932.87,0.0,0.0,76282.0,312405.84,73.0,17.0,0.0,0.0,4.43,83.56,15.07,61.64,28.77,1610.69,633.15,574.76,0.685,1.824,4.646,0.0,0.5211,4.709,9.388,4.924,11.504,0.09,0.0,55.498,633.1523,574.7648,68.4593,6.6521,2.7697,0.7817,93.7989,5.211,0.6589,17.3699,0.8382,,,,0.0,0.0,57.5646,100.0,8.5,183.4
510830,União do Sul,51014,Teles Pires,5103,Norte,2023,3867.0,interpolada (Censo 2022 x IBGE 2024),6.0,12.0,12.0,False,True,8555050.48,3788595.28,2895426.81,1125467.67,8290617.53,264432.95,6194746.37,2.63,7.46,11.1,3.17,18.83,74.31,0.0,0.0,36.25,9.5,2.0,0.0,1.0,2.0,0.0,2.0,19068.0,3908.0,38384.0,28007.0,13752.0,5265.0,3587.0,1413.0,3788.0,19982.0,49330.0,226349.69,9963.0,77357.87,0.0,208.0,278.0,41839.67,1479.0,172909.75,0.0,14.0,0.0,222.0,222.0,0.0,0.0,0.0,263625.25,0.0,0.0,87219.0,375528.31,73.0,18.0,0.0,0.0,4.655,94.52,5.48,65.75,10.96,2212.32,979.72,748.75,0.68,1.929,4.869,0.0,0.5172,4.931,9.926,7.243,12.757,0.072,0.0,57.409,979.7247,748.7527,72.4104,3.091,2.8704,0.8198,93.7419,5.172,1.0106,19.3562,0.9276,,,,0.0,0.0,68.1731,100.0,14.9,197.4
510830,União do Sul,51014,Teles Pires,5103,Norte,2024,3897.0,IBGE estimativa,6.0,12.0,12.0,False,True,10636852.0,3685760.96,4179168.14,1957036.44,9176441.0,1460411.0,8083506.69,2.5,8.6,10.9,3.17,19.5,81.16,0.0,0.0,39.0,10.42,2.42,0.0,1.0,2.0,0.0,2.0,20506.0,3280.0,40534.0,27500.0,14053.0,5613.0,4831.0,1350.0,5258.0,25922.0,51703.0,250115.42,8742.0,82960.95,0.0,221.0,376.0,51787.23,1638.0,145894.76,0.0,10.0,0.0,231.0,231.0,0.0,0.0,0.0,282602.45,0.0,0.0,103831.0,452748.05,69.0,17.0,1.0,14.49,4.36,92.75,13.04,52.17,11.59,2729.5,945.79,1072.41,0.642,2.207,5.004,0.0,0.5132,5.262,10.401,7.057,13.267,0.096,0.0,59.276,945.7944,1072.4065,75.9953,13.7297,2.797,0.8134,100.077,5.1322,0.8417,19.5652,1.2397,,,,0.0,0.0,72.5179,100.0,5.6,181.5
510830,União do Sul,51014,Teles Pires,5103,Norte,2025,3904.0,IBGE estimativa,6.0,12.0,12.0,False,True,12329393.95,5122174.97,5042837.55,1263133.96,11247695.05,1081698.9,8624566.55,2.61,7.78,10.5,3.25,18.25,80.66,0.0,0.0,38.0,11.0,3.0,0.0,1.0,2.0,0.0,2.0,21552.0,3684.0,43047.0,28091.0,15608.0,4784.0,3990.0,874.0,4315.0,23100.0,45340.0,238604.43,7811.0,81432.9,0.0,174.0,491.0,81610.14,3477.0,245262.2,0.0,16.0,0.0,190.0,190.0,0.0,0.0,0.0,212878.43,0.0,0.0,116678.0,610648.47,,,,,,,,,,3158.14,1312.03,1291.71,0.669,1.993,4.675,0.0,0.5123,5.52,11.026,7.195,11.614,0.126,0.0,48.668,1312.0325,1291.7104,69.9513,8.7733,2.6895,0.8325,97.3361,5.123,0.9436,,1.022,,,,0.0,0.0,54.5283,100.0,7.9,184.3
510835,Vale de São Domingos,51012,Sudoeste Matogrossense,5102,Oeste,2020,3126.0,IBGE estimativa,6.0,12.0,12.0,False,True,4954296.28,3205476.54,509887.15,822977.57,4632474.2,321822.08,2599018.75,2.53,3.04,7.67,4.33,14.33,53.68,5.0,0.0,7.0,12.0,3.0,0.0,0.0,2.0,0.0,2.0,4142.0,253.0,9226.0,21197.0,3133.0,1005.0,1840.0,527.0,2090.0,664.0,5259.0,33332.08,2863.0,24791.48,0.0,166.0,0.0,0.0,5277.0,107404.59,0.0,7.0,0.0,173.0,173.0,0.0,0.0,0.0,92672.29,0.0,0.0,18396.0,98132.53,31.0,20.0,1.0,32.26,6.4,67.74,6.45,77.42,12.9,1584.87,1025.42,163.11,0.809,0.972,4.584,1.599,0.6398,1.325,2.951,6.781,1.682,0.0,0.0,55.342,1025.4244,163.1117,52.4599,6.4958,2.4536,1.3852,22.3928,6.398,0.0809,17.0,0.5886,,,,0.0,0.0,29.6456,100.0,28.9,89.2
510835,Vale de São Domingos,51012,Sudoeste Matogrossense,5102,Oeste,2021,3124.0,IBGE estimativa,6.0,12.0,12.0,False,True,5515631.18,3568695.95,1152584.08,313215.99,5098081.9,417549.28,3301442.27,2.56,3.75,9.04,2.67,20.67,69.19,5.0,0.0,7.0,12.0,3.0,0.0,0.0,2.0,0.0,2.0,4262.0,1074.0,9440.0,11501.0,3557.0,658.0,1274.0,470.0,1700.0,1145.0,7744.0,47571.46,3932.0,28082.0,0.0,148.0,0.0,0.0,7049.0,100692.13,0.0,1.0,0.0,149.0,149.0,0.0,0.0,0.0,84153.0,0.0,0.0,20985.0,121357.21,35.0,29.0,1.0,28.57,9.28,51.43,17.14,82.86,20.0,1765.57,1142.35,368.94,0.819,1.2,6.617,1.601,0.6402,1.364,3.022,3.681,2.479,0.0,0.0,47.695,1142.3483,368.945,59.8561,7.5703,2.8937,0.8547,22.4072,6.402,0.3438,13.4286,0.4078,,,,0.0,0.0,26.9376,100.0,28.9,82.2
510835,Vale de São Domingos,51012,Sudoeste Matogrossense,5102,Oeste,2022,2904.0,IBGE Censo 2022,6.0,12.0,12.0,False,True,5810865.98,3602545.02,1444235.16,306067.89,5335938.6,474927.38,3589792.39,2.58,4.31,9.0,2.5,21.5,69.09,2.5,0.0,7.0,12.0,3.0,0.0,0.0,2.0,0.0,2.0,5734.0,1603.0,12337.0,15444.0,4494.0,1220.0,1327.0,609.0,1765.0,620.0,5586.0,35718.06,3638.0,28394.65,0.0,135.0,0.0,0.0,1607.0,94330.52,0.0,4.0,0.0,139.0,139.0,0.0,0.0,0.0,161474.4,0.0,0.0,18424.0,125127.21,39.0,18.0,0.0,0.0,6.2,61.54,7.69,84.62,25.64,2000.99,1240.55,497.33,0.888,1.484,7.404,0.861,0.6887,1.975,4.248,5.318,1.924,0.0,0.0,47.865,1240.5458,497.3262,61.7772,8.1731,3.0992,0.8609,24.1047,6.8871,0.552,15.6154,0.457,,,,0.0,0.0,55.6041,100.0,31.7,93.1
510835,Vale de São Domingos,51012,Sudoeste Matogrossense,5102,Oeste,2023,2905.0,interpolada (Censo 2022 x IBGE 2024),6.0,12.0,12.0,False,True,6841002.76,3965280.38,2080345.18,350486.68,6058141.78,782860.98,4677325.17,2.64,4.75,9.0,3.0,22.5,72.46,0.0,0.0,7.0,12.0,3.0,0.0,0.0,2.0,0.0,2.0,7581.0,1258.0,16373.0,20768.0,5245.0,2329.0,1603.0,622.0,1951.0,288.0,4160.0,31083.37,5971.0,48822.71,0.0,180.0,0.0,0.0,2273.0,141686.14,0.0,11.0,0.0,191.0,191.0,0.0,0.0,0.0,262956.45,0.0,0.0,22114.0,128949.82,34.0,21.0,0.0,0.0,7.229,61.76,5.88,79.41,11.76,2354.91,1364.98,716.13,0.909,1.635,7.745,0.0,0.6885,2.61,5.636,7.149,1.432,0.0,0.0,65.749,1364.9846,716.1257,68.3719,11.4437,3.0981,1.0327,24.0964,6.8847,0.433,18.2941,0.5518,,,,0.0,0.0,90.5186,100.0,40.3,121.8
510835,Vale de São Domingos,51012,Sudoeste Matogrossense,5102,Oeste,2024,2907.0,IBGE estimativa,6.0,12.0,12.0,False,True,7490809.58,4393951.0,2213484.02,388094.15,7220532.93,270276.65,4829264.84,3.15,4.29,9.75,3.5,22.58,74.98,0.0,0.0,7.0,12.0,3.0,0.0,0.33,2.0,0.0,2.0,8787.0,1358.0,18907.0,25338.0,6681.0,1846.0,1886.0,522.0,2074.0,4923.0,16603.0,97855.95,7793.0,64962.44,0.0,221.0,0.0,0.0,730.0,151629.4,0.0,7.0,0.0,228.0,228.0,0.0,0.0,0.0,366714.32,0.0,0.0,44962.0,295276.35,28.0,23.0,1.0,35.71,7.91,74.07,7.14,100.0,14.29,2576.82,1511.51,761.43,1.084,1.476,7.767,0.0,0.688,3.023,6.504,8.716,5.711,0.0,0.0,78.431,1511.5071,761.4324,64.4692,3.6081,3.354,1.204,24.0798,6.8799,0.4671,18.6429,0.6488,,,,0.0,0.0,126.1487,100.0,41.2,127.5
510835,Vale de São Domingos,51012,Sudoeste Matogrossense,5102,Oeste,2025,2892.0,IBGE estimativa,6.0,12.0,12.0,False,True,10057560.05,5071377.45,3789672.59,605472.56,8258754.43,1798805.62,6136187.12,6.06,4.46,9.17,2.25,21.0,75.26,0.0,0.0,8.0,12.0,4.0,0.0,1.0,2.0,0.0,2.0,12360.0,3313.0,24609.0,31857.0,8667.0,2181.0,1880.0,542.0,2239.0,734.0,8823.0,57904.97,8129.0,63977.22,0.0,254.0,42.0,32407.2,1490.0,173011.84,0.0,17.0,0.0,271.0,271.0,0.0,0.0,0.0,270238.11,0.0,0.0,39356.0,315005.72,,,,,,,,,,3477.72,1753.59,1310.4,2.095,1.542,7.261,0.0,0.6916,4.274,8.509,11.016,3.051,0.015,0.0,93.707,1753.5883,1310.3985,61.0107,17.8851,3.1708,0.778,27.6625,6.9156,1.1456,,0.6501,,,,0.0,0.0,93.4433,100.0,31.0,105.4
510840,Várzea Grande,51002,Baixada Cuiabana,5105,Centro-Norte,2020,287526.0,IBGE estimativa,6.0,12.0,12.0,False,True,188982471.65,4954106.58,13336908.31,161397859.16,184913391.48,4069080.17,90423950.54,307.08,315.42,520.0,35.55,311.83,2633.74,418.67,50.83,1272.67,54.0,25.33,2.33,2.0,25.0,0.0,0.0,137062.0,6480.0,139298.0,316160.0,91737.0,42742.0,150918.0,52154.0,159826.0,351645.0,1431399.0,6894580.96,327720.0,1830526.47,9084.0,12773.0,38264.0,7089314.74,701981.0,12974120.99,6.0,496.0,9090.0,13269.0,6678.0,51572.0,10516.0,20674674.99,23223732.72,970.0,7212.0,1824600.0,13993076.48,4733.0,2219.0,68.0,14.37,7.72,56.42,8.31,55.95,13.33,657.27,17.23,46.39,1.068,1.097,1.085,1.456,0.0869,0.477,0.484,1.1,4.978,0.133,31.615,46.149,17.2301,46.3851,47.8478,2.1532,1.8085,0.1236,44.2628,0.8695,0.0225,11.0192,0.5249,79.3399,10.6711,5.6735,36.5741,71.9054,80.7709,50.3278,0.5,7.7
510840,Várzea Grande,51002,Baixada Cuiabana,5105,Centro-Norte,2021,290383.0,IBGE estimativa,6.0,12.0,12.0,False,True,230845973.11,1540840.92,22265054.99,188575246.7,230140352.42,705620.69,116852451.18,383.02,461.79,748.59,34.7,305.42,3535.65,537.5,122.67,1561.67,59.92,29.42,2.33,2.0,26.92,10.33,0.0,198173.0,11745.0,210385.0,325838.0,126273.0,68527.0,149257.0,55562.0,153827.0,418098.0,1763896.0,9269656.13,479321.0,3285436.91,12647.0,14124.0,45586.0,8108836.68,781084.0,14236165.05,1.0,505.0,12648.0,14629.0,5685.0,68832.0,23320.0,46340711.7,33673060.72,1784.0,8960.0,2229874.0,17392573.6,4686.0,2670.0,58.0,12.38,9.19,60.75,8.0,57.42,14.11,794.97,5.31,76.67,1.319,1.59,1.052,1.851,0.0927,0.682,0.725,1.122,6.074,0.157,43.556,50.378,5.3062,76.6748,50.6192,0.3057,2.5779,0.1195,53.7797,0.9271,0.0404,11.857,0.514,70.8412,14.105,5.4421,80.3077,159.5848,115.9609,38.8612,0.5,6.3
510840,Várzea Grande,51002,Baixada Cuiabana,5105,Centro-Norte,2022,300078.0,IBGE Censo 2022,6.0,12.0,12.0,False,True,260545025.36,1568288.09,27135925.01,207913247.67,258085796.84,2459228.52,136991928.16,489.96,562.18,882.95,35.7,296.18,4112.84,480.42,58.33,1761.5,61.42,30.0,2.67,2.0,34.67,9.17,0.0,206524.0,11043.0,234689.0,363256.0,126611.0,75804.0,148366.0,55835.0,158766.0,567283.0,2235689.0,11557147.11,676681.0,4730538.55,10684.0,13540.0,63306.0,11290040.41,957657.0,17911069.02,253.0,654.0,10937.0,14194.0,6293.0,64913.0,15928.0,23613967.14,26882548.17,829.0,8377.0,2869117.0,22884266.43,4565.0,1814.0,71.0,15.55,6.05,62.81,9.27,54.8,13.1,868.26,5.23,90.43,1.633,1.873,0.987,1.601,0.1155,0.688,0.782,1.211,7.45,0.211,36.447,47.301,5.2263,90.4296,52.579,0.9439,2.9424,0.119,58.7014,1.1554,0.0368,12.2311,0.4944,76.5932,7.5798,5.9352,53.0795,78.6928,89.5852,44.3356,0.5,7.0
510840,Várzea Grande,51002,Baixada Cuiabana,5105,Centro-Norte,2023,307266.0,interpolada (Censo 2022 x IBGE 2024),6.0,12.0,12.0,False,True,288186457.52,2301818.94,23174389.65,244385188.56,281857984.89,6328472.63,118258548.73,549.94,650.55,1062.05,40.83,291.01,4486.64,476.83,64.17,2289.75,65.92,29.75,3.58,1.75,78.83,0.0,2.67,256808.0,11664.0,239737.0,271822.0,150477.0,103856.0,151652.0,54413.0,167176.0,554306.0,2749695.0,15009539.44,735292.0,5179158.16,11675.0,13283.0,58770.0,10996111.7,1126185.0,18105153.02,744.0,750.0,12419.0,14033.0,6998.0,67072.0,18553.0,27198908.37,25565197.44,854.0,6539.0,3365955.0,26066196.8,4547.0,1892.0,76.0,16.71,6.158,65.3,9.08,53.92,12.76,937.91,7.49,75.42,1.79,2.117,0.947,1.552,0.2566,0.836,0.78,0.885,8.949,0.191,40.418,45.671,7.4913,75.4213,41.0354,2.196,3.4565,0.1329,74.5201,2.5655,0.038,11.9668,0.4936,52.6532,6.8766,5.4008,60.3809,88.5191,83.2022,49.8682,0.8,8.4
510840,Várzea Grande,51002,Baixada Cuiabana,5105,Centro-Norte,2024,314627.0,IBGE estimativa,6.0,12.0,12.0,False,True,313038891.93,1873094.35,33998060.51,261504266.4,310569803.07,2469088.86,99033336.19,571.37,582.99,1068.41,49.61,317.13,4464.85,483.92,70.0,2507.75,71.17,29.67,4.0,1.67,103.08,0.0,18.0,298877.0,8872.0,309813.0,242050.0,185539.0,112081.0,225604.0,59110.0,235306.0,617112.0,2800460.0,15697229.64,724229.0,5418560.75,14491.0,16293.0,75362.0,14133776.78,1411945.0,23262979.78,631.0,953.0,15122.0,17246.0,7840.0,87240.0,19448.0,29885375.31,31960310.51,838.0,9820.0,3495625.0,29862394.96,4402.0,1981.0,67.0,15.22,6.3,73.14,7.86,56.7,13.81,994.95,5.95,108.06,1.816,1.853,1.008,1.538,0.3276,0.95,0.985,0.769,8.901,0.24,48.063,54.814,5.9534,108.0583,31.6361,0.7887,3.3958,0.1577,79.7055,3.2763,0.0282,13.428,0.7171,64.9385,5.5416,5.7691,61.8129,94.9867,101.5816,45.4598,0.7,7.5
510840,Várzea Grande,51002,Baixada Cuiabana,5105,Centro-Norte,2025,318922.0,IBGE estimativa,6.0,12.0,12.0,False,True,328107887.52,6906338.1,45155775.81,263587038.25,319387757.31,8720130.21,169745518.07,595.14,568.35,1109.69,52.54,336.22,4548.15,564.83,70.0,2665.08,77.5,30.0,4.33,2.0,73.42,0.0,10.5,310122.0,11707.0,414885.0,484041.0,200706.0,108305.0,227738.0,58805.0,238688.0,525662.0,2452525.0,14059703.5,781730.0,6118429.84,18687.0,18993.0,66424.0,13791265.84,1517626.0,23327891.54,780.0,1154.0,19467.0,20147.0,8326.0,104334.0,21875.0,38901314.45,34837257.33,917.0,12658.0,3046072.0,27924335.53,,,,,,,,,,1028.8,21.66,141.59,1.866,1.782,1.054,1.771,0.2302,0.972,1.301,1.518,7.69,0.208,61.04,63.172,21.6553,141.5888,51.7347,2.6577,3.4795,0.1647,83.5653,2.3021,0.0367,,0.7141,65.0229,4.7105,5.3595,68.5904,121.9775,109.2344,41.3263,0.6,7.3
510850,Vera,51014,Teles Pires,5103,Norte,2020,11402.0,IBGE estimativa,6.0,12.0,12.0,False,True,10766045.7,3720977.7,4459844.25,1854650.65,10378422.41,387623.29,6355344.13,7.09,9.14,16.58,2.83,29.08,102.98,0.0,0.0,40.67,11.0,3.0,0.0,0.75,2.67,0.0,2.0,15249.0,1720.0,27336.0,42447.0,11231.0,3741.0,13702.0,3609.0,13289.0,36068.0,52560.0,391682.88,4647.0,48287.44,0.0,426.0,0.0,0.0,20108.0,168747.53,0.0,7.0,0.0,433.0,433.0,0.0,0.0,0.0,448306.61,0.0,0.0,91043.0,402558.03,163.0,53.0,3.0,18.4,4.65,85.89,10.43,54.6,19.63,944.22,326.34,391.15,0.622,0.802,2.55,0.0,0.2342,1.337,2.397,3.723,4.61,0.0,0.0,37.976,326.3443,391.1458,59.0314,3.6004,1.4541,0.2482,35.6692,2.3417,0.1509,22.1411,1.2017,,,,0.0,0.0,39.3182,100.0,5.8,74.6
510850,Vera,51014,Teles Pires,5103,Norte,2021,11731.0,IBGE estimativa,6.0,12.0,12.0,False,True,13262144.24,4732329.9,5514621.71,2170598.43,12333254.22,928890.02,10045735.65,7.13,8.9,15.5,2.58,30.0,102.04,0.0,0.0,46.0,11.0,3.0,0.0,1.0,3.0,0.0,2.0,18683.0,1722.0,42926.0,51266.0,11561.0,6610.0,8235.0,3538.0,8282.0,38954.0,71912.0,527862.56,6095.0,61343.2,0.0,470.0,276.0,0.0,16888.0,300920.26,0.0,22.0,0.0,492.0,492.0,0.0,0.0,0.0,1088802.4,0.0,0.0,111204.0,527862.56,168.0,82.0,2.0,11.9,6.99,83.33,7.14,55.36,17.86,1130.52,403.4,470.09,0.608,0.759,2.557,0.0,0.2557,1.593,3.659,4.37,6.13,0.024,0.0,41.94,403.4038,470.0897,75.7474,7.0041,1.3213,0.2199,39.2123,2.5573,0.1468,21.0595,0.702,,,,0.0,0.0,92.8141,100.0,10.2,90.4
510850,Vera,51014,Teles Pires,5103,Norte,2022,12800.0,IBGE Censo 2022,6.0,12.0,12.0,False,True,16507181.86,3962946.57,8773328.34,2609202.8,15607457.86,899724.0,11825220.78,7.24,9.28,18.83,2.04,30.83,110.15,0.0,0.0,46.0,11.0,3.0,0.0,1.0,3.0,0.0,2.0,16284.0,3233.0,34815.0,67143.0,10791.0,4929.0,13214.0,3498.0,12408.0,47228.0,84101.0,631418.86,8394.0,91627.42,0.0,397.0,289.0,32618.11,3590.0,249346.49,0.0,38.0,0.0,435.0,435.0,0.0,0.0,0.0,538798.09,0.0,0.0,131696.0,664036.97,146.0,60.0,2.0,13.7,4.69,84.93,6.16,55.48,19.86,1289.62,309.61,685.42,0.566,0.725,2.409,0.0,0.2344,1.272,2.72,5.246,6.57,0.023,0.0,33.984,309.6052,685.4163,71.6368,5.4505,1.4711,0.1594,35.9375,2.3438,0.2526,23.9589,1.0323,,,,0.0,0.0,42.0936,100.0,11.5,95.1
510850,Vera,51014,Teles Pires,5103,Norte,2023,13091.0,interpolada (Censo 2022 x IBGE 2024),6.0,12.0,12.0,False,True,17306811.59,5469041.18,6913675.49,2928860.84,17160672.0,146139.59,11784337.16,8.7,9.17,18.75,2.3,30.83,119.7,22.0,0.0,48.25,12.0,3.0,0.67,1.0,3.0,0.0,2.0,25413.0,3681.0,42810.0,74407.0,16539.0,8445.0,11323.0,3502.0,10613.0,33834.0,93302.0,677684.93,16563.0,170594.23,0.0,422.0,900.0,158690.11,15438.0,465927.05,0.0,25.0,0.0,447.0,447.0,0.0,0.0,0.0,572973.56,0.0,0.0,128143.0,836573.04,176.0,74.0,2.0,11.36,5.653,90.91,7.39,65.34,17.61,1322.04,417.77,528.12,0.665,0.7,2.355,1.681,0.2292,1.941,3.27,5.684,7.127,0.069,0.0,34.146,417.7711,528.1243,68.0907,0.8444,1.4323,0.1757,36.8574,2.2917,0.2812,19.8977,0.8649,,,,0.0,0.0,43.7685,100.0,13.0,100.0
510850,Vera,51014,Teles Pires,5103,Norte,2024,13389.0,IBGE estimativa,6.0,12.0,12.0,False,True,19357745.97,7588804.49,7088900.53,3145445.12,18245877.3,1111868.67,13779470.32,10.31,10.18,19.05,2.05,29.67,132.81,33.0,0.0,52.0,13.75,3.0,1.0,1.0,3.0,0.0,2.0,26887.0,3525.0,46112.0,52745.0,21253.0,5583.0,10676.0,2815.0,10685.0,76969.0,70994.0,523534.54,66838.0,517425.62,0.0,494.0,557.0,105220.02,13551.0,471329.21,0.0,37.0,0.0,531.0,531.0,0.0,0.0,0.0,692889.52,0.0,0.0,159540.0,683204.56,160.0,67.0,0.0,0.0,5.0,86.88,7.5,55.63,15.63,1445.79,566.79,529.46,0.77,0.76,2.216,2.465,0.2241,2.008,3.444,3.939,5.302,0.042,0.0,39.659,566.794,529.4571,71.1832,5.7438,1.4228,0.1531,38.8379,2.2406,0.2633,17.5938,0.7974,,,,0.0,0.0,51.7507,100.0,8.5,90.7
510850,Vera,51014,Teles Pires,5103,Norte,2025,10758.0,IBGE estimativa,6.0,12.0,12.0,False,True,22583915.65,8890411.27,9390733.95,3692055.91,19579596.47,3004319.18,13775605.21,12.35,11.03,21.93,2.21,28.92,143.3,27.5,0.0,50.0,14.17,3.58,0.83,1.0,3.0,0.0,2.0,26349.0,4653.0,41523.0,48142.0,20894.0,4679.0,9574.0,2549.0,10077.0,60327.0,93246.0,704021.95,94716.0,730944.71,0.0,419.0,683.0,125637.24,15589.0,478912.36,0.0,38.0,0.0,457.0,457.0,0.0,0.0,0.0,646679.73,0.0,0.0,170292.0,908091.94,,,,,,,,,,2099.27,826.4,872.91,1.148,1.025,2.688,2.556,0.2789,2.449,3.86,4.475,8.668,0.063,0.0,42.48,826.4,872.907,60.9974,13.3029,2.0385,0.2054,46.477,2.7886,0.4325,,0.8899,,,,0.0,0.0,60.1115,100.0,10.1,106.2
510860,Vila Rica,51003,Araguaia Xingu,5104,Leste,2020,26496.0,IBGE estimativa,6.0,12.0,12.0,False,True,19489664.56,5624305.18,9060622.2,3938085.19,18753066.53,736598.03,12449556.23,11.0,11.83,29.17,5.0,68.16,183.58,21.0,0.0,57.17,13.0,5.0,1.0,0.0,5.58,0.0,5.0,21488.0,2183.0,47471.0,79869.0,10588.0,10824.0,25530.0,6599.0,22824.0,15937.0,46119.0,248341.45,2335.0,36047.63,496.0,715.0,1.0,8.09,4977.0,136983.86,0.0,14.0,496.0,729.0,273.0,997.0,0.0,209707.63,621214.41,9.0,495.0,65889.0,253324.29,313.0,103.0,4.0,12.78,3.89,79.23,5.43,53.35,19.81,735.57,212.27,341.96,0.415,0.446,2.572,0.793,0.2106,0.811,1.792,3.014,1.741,0.0,18.72,27.514,212.27,341.9619,63.8777,3.7794,1.1009,0.1887,21.5768,2.106,0.0824,21.0831,0.9635,99.7984,1.8145,2.0101,0.0,7.9147,23.4456,37.4486,12.1,117.7
510860,Vila Rica,51003,Araguaia Xingu,5104,Leste,2021,26946.0,IBGE estimativa,6.0,12.0,12.0,False,True,21705374.14,6279913.71,10214337.93,4389667.3,20771336.58,934037.56,13390040.82,14.17,13.5,35.06,4.83,70.99,212.91,37.67,0.0,60.67,13.67,5.0,1.0,0.0,6.0,0.0,5.0,36845.0,4922.0,78597.0,117050.0,20732.0,14298.0,22401.0,6916.0,19422.0,21041.0,56681.0,289875.75,3431.0,45544.38,1029.0,1299.0,0.0,0.0,2960.0,124855.33,1.0,6.0,1030.0,1305.0,302.0,3113.0,0.0,620168.92,1475241.49,29.0,1021.0,80316.0,301038.0,272.0,137.0,1.0,3.68,5.08,78.68,6.99,51.47,22.06,805.51,233.06,379.07,0.526,0.501,2.635,1.398,0.2227,1.367,2.917,4.344,2.104,0.0,38.225,48.43,233.0555,379.0669,61.69,4.3033,1.3011,0.1792,22.5154,2.2267,0.1827,25.4265,0.8313,99.1262,2.8155,3.0223,0.0,23.0152,54.7481,23.1418,8.3,76.8
510860,Vila Rica,51003,Araguaia Xingu,5104,Leste,2022,19888.0,IBGE Censo 2022,6.0,12.0,12.0,False,True,25091462.75,8843511.64,11429862.09,3997349.91,23211580.82,1879881.93,14305435.82,13.02,12.92,34.5,5.0,64.58,202.2,24.33,0.0,59.92,13.42,5.0,1.0,0.0,6.0,0.0,5.0,43878.0,5152.0,90549.0,129924.0,25596.0,16960.0,26318.0,6835.0,22262.0,13011.0,59512.0,301476.95,2681.0,22198.53,925.0,1215.0,0.0,0.0,640.0,71279.56,1.0,10.0,926.0,1225.0,317.0,2334.0,0.0,404101.33,877597.4,28.0,926.0,74945.0,314356.85,290.0,100.0,4.0,13.79,5.03,84.43,7.93,61.72,21.72,1261.64,444.67,574.71,0.655,0.65,3.247,1.223,0.3017,2.206,4.553,6.533,2.992,0.0,46.561,61.595,444.6657,574.7115,57.0132,7.4921,1.7347,0.2514,30.1287,3.0169,0.2591,23.569,1.3233,100.0,3.0238,2.5205,0.0,20.3189,44.127,25.8776,7.8,74.6
510860,Vila Rica,51003,Araguaia Xingu,5104,Leste,2023,19857.0,interpolada (Censo 2022 x IBGE 2024),6.0,12.0,12.0,False,True,25214275.94,9151425.55,10779200.44,4168394.36,24488193.6,726082.34,15512403.53,14.6,13.17,34.42,5.92,60.24,200.71,21.0,0.0,68.5,14.75,5.75,1.0,0.0,6.75,0.0,5.75,46554.0,7217.0,100163.0,156182.0,29112.0,15984.0,24529.0,6501.0,21073.0,16690.0,54674.0,272127.58,3134.0,28949.79,946.0,1259.0,0.0,0.0,1131.0,81023.4,2.0,18.0,948.0,1277.0,345.0,2867.0,0.0,429408.94,856524.69,33.0,948.0,74289.0,293115.58,304.0,107.0,3.0,9.87,5.389,84.54,6.91,72.04,16.45,1269.79,460.87,542.84,0.735,0.663,3.034,1.058,0.3399,2.344,5.044,7.865,2.753,0.0,47.741,64.31,460.8665,542.8413,61.5223,2.8796,1.7334,0.2981,34.4967,3.3993,0.3634,21.3849,1.2353,100.0,3.481,3.0243,0.0,21.6251,43.1346,27.0164,8.1,78.1
510860,Vila Rica,51003,Araguaia Xingu,5104,Leste,2024,19827.0,IBGE estimativa,6.0,12.0,12.0,False,True,30764949.79,10064704.14,14733083.5,4681357.95,29895112.85,869836.94,19697456.95,16.73,14.33,37.33,6.0,58.92,207.77,21.0,0.0,74.33,15.75,6.0,1.0,0.0,7.0,0.0,6.0,45258.0,7018.0,101127.0,142461.0,28560.0,16122.0,20517.0,5537.0,19034.0,53561.0,126504.0,679965.73,7633.0,85462.26,1001.0,1372.0,1652.0,196526.77,1890.0,238405.46,3.0,10.0,1004.0,1382.0,404.0,3115.0,0.0,447854.53,1018981.15,38.0,901.0,200100.0,1054083.65,291.0,115.0,1.0,3.44,5.8,87.97,5.15,78.35,17.87,1551.67,507.63,743.08,0.844,0.723,2.972,1.059,0.3531,2.283,5.1,7.185,6.38,0.083,50.638,69.703,507.6262,743.0818,64.0256,2.8274,1.8828,0.3026,37.4893,3.5305,0.354,19.0275,1.0348,89.741,3.7849,3.1026,0.0,22.5881,51.3936,29.233,11.5,106.0
510860,Vila Rica,51003,Araguaia Xingu,5104,Leste,2025,19686.0,IBGE estimativa,6.0,12.0,12.0,False,True,34171715.75,11090289.76,17100236.56,4608809.24,32982675.55,1189040.2,22311407.84,18.75,16.17,39.25,5.67,58.5,211.38,21.0,0.0,74.5,16.0,6.0,1.0,0.0,7.0,0.0,5.42,46894.0,6839.0,109080.0,126207.0,30692.0,16084.0,18905.0,5302.0,18082.0,67163.0,182952.0,822916.08,13445.0,161127.04,1175.0,1522.0,2575.0,308762.19,8516.0,460458.42,1.0,34.0,1176.0,1556.0,404.0,3430.0,0.0,633318.16,1528694.91,30.0,810.0,282902.0,1390380.12,,,,,,,,,,1735.84,563.36,868.65,0.952,0.821,2.972,1.067,0.3556,2.382,5.541,6.411,9.294,0.131,59.738,79.041,563.3592,868.6496,65.292,3.4796,1.9938,0.288,37.8442,3.5558,0.3474,,0.9603,68.8776,2.551,2.9167,0.0,32.171,77.6539,25.964,12.5,108.8
510880,Nova Guarita,51010,Norte Matogrossense,5103,Norte,2020,4464.0,IBGE estimativa,6.0,12.0,12.0,False,True,5855112.7,5119420.72,45360.93,446164.5,5512768.99,342343.71,3101076.59,3.02,4.25,9.58,1.83,29.25,60.94,0.0,0.0,27.0,4.0,1.0,0.0,0.0,2.0,0.0,1.0,6849.0,1237.0,11072.0,9614.0,4284.0,2565.0,4109.0,1289.0,3528.0,7639.0,23506.0,74506.77,2319.0,16688.11,0.0,167.0,0.0,0.0,6549.0,101132.97,0.0,2.0,0.0,169.0,169.0,0.0,0.0,0.0,183462.44,0.0,0.0,41400.0,166774.02,72.0,31.0,0.0,0.0,6.94,86.11,2.78,83.33,19.44,1311.63,1146.82,10.16,0.677,0.952,6.552,0.0,0.448,1.534,2.48,2.154,5.266,0.0,0.0,37.858,1146.8236,10.1615,52.9636,5.8469,2.1461,0.4099,60.4839,4.4803,0.2771,17.9028,0.9205,,,,0.0,0.0,41.0982,100.0,16.0,80.4
510880,Nova Guarita,51010,Norte Matogrossense,5103,Norte,2021,4407.0,IBGE estimativa,6.0,12.0,12.0,False,True,6434221.7,5365269.69,101589.12,573343.03,5791670.08,642551.62,4492747.71,3.73,5.0,10.92,1.58,26.33,66.07,0.0,0.0,27.25,4.08,1.0,0.0,0.0,2.0,0.0,1.0,12770.0,812.0,21278.0,9705.0,10717.0,2053.0,3088.0,1384.0,2661.0,6234.0,26937.0,81204.79,3803.0,25088.1,0.0,156.0,33.0,6192.27,5616.0,115342.56,0.0,12.0,0.0,168.0,168.0,0.0,0.0,0.0,344535.3,0.0,0.0,41641.0,136929.76,68.0,33.0,1.0,14.71,7.49,83.82,8.82,75.0,13.24,1460.0,1217.44,23.05,0.846,1.135,5.975,0.0,0.4538,2.898,4.828,2.202,6.112,0.007,0.0,38.121,1217.4426,23.0518,69.8258,9.9865,2.4779,0.3585,61.8334,4.5382,0.1843,20.3529,0.7007,,,,0.0,0.0,78.1791,100.0,31.5,125.4
510880,Nova Guarita,51010,Norte Matogrossense,5103,Norte,2022,4590.0,IBGE Censo 2022,6.0,12.0,12.0,False,True,7811409.5,6856474.45,0.0,562523.54,7461645.14,349764.36,4784414.46,4.35,5.71,11.29,1.83,23.92,69.58,0.0,0.0,32.42,5.0,1.0,0.0,0.0,2.0,0.0,1.0,13425.0,2235.0,22891.0,9710.0,10246.0,3179.0,3601.0,1590.0,3162.0,9984.0,25641.0,103399.82,4582.0,53626.13,0.0,205.0,7.0,1096.09,2004.0,172756.1,0.0,31.0,0.0,236.0,236.0,0.0,0.0,0.0,481183.27,0.0,0.0,48747.0,171879.06,68.0,19.0,0.0,0.0,4.14,91.18,11.76,89.71,13.24,1701.83,1493.79,0.0,0.948,1.244,5.211,0.0,0.4357,2.925,4.987,2.115,5.586,0.002,0.0,51.416,1493.7853,0.0,61.2491,4.4776,2.4597,0.3987,70.6318,4.3573,0.4869,23.3824,0.7845,,,,0.0,0.0,104.833,100.0,27.1,104.8
510880,Nova Guarita,51010,Norte Matogrossense,5103,Norte,2023,4584.0,interpolada (Censo 2022 x IBGE 2024),6.0,12.0,12.0,False,True,9497886.78,8271286.14,71718.97,578387.46,9206380.93,291505.85,6854388.24,5.14,5.75,13.79,2.17,23.17,73.51,0.0,0.0,34.08,5.0,1.0,0.0,0.0,2.0,0.0,1.0,17329.0,4267.0,35440.0,51815.0,11814.0,5515.0,3695.0,1319.0,3327.0,7134.0,35972.0,162960.26,7103.0,94272.3,0.0,191.0,6.0,1641.09,3769.0,175257.86,0.0,38.0,0.0,229.0,229.0,0.0,0.0,0.0,423811.41,0.0,0.0,66240.0,287440.1,74.0,29.0,1.0,13.51,6.326,89.19,10.81,85.14,13.51,2071.96,1804.38,15.65,1.121,1.254,5.055,0.0,0.4363,3.78,7.731,11.303,7.847,0.001,0.0,49.956,1804.3818,15.6455,72.1675,3.0692,3.0083,0.4734,74.3455,4.363,0.9308,17.8243,0.8061,,,,0.0,0.0,92.4545,100.0,38.0,132.7
510880,Nova Guarita,51010,Norte Matogrossense,5103,Norte,2024,4579.0,IBGE estimativa,6.0,12.0,12.0,False,True,11132088.91,9669799.13,25428.53,708630.87,10458259.8,673829.11,7501229.28,6.58,5.75,13.13,1.67,23.88,77.6,0.0,0.0,37.17,5.0,1.0,0.0,0.0,2.0,0.0,1.58,20050.0,4842.0,36894.0,52024.0,13618.0,4729.0,4104.0,1069.0,4029.0,10103.0,31758.0,139550.09,9183.0,104662.0,0.0,283.0,0.0,0.0,4887.0,362586.48,0.0,58.0,0.0,341.0,341.0,0.0,0.0,0.0,666642.98,0.0,0.0,68417.0,268885.94,62.0,40.0,0.0,0.0,8.74,86.89,19.35,85.48,6.45,2431.12,2111.77,5.55,1.437,1.256,5.215,0.0,0.4368,4.379,8.057,11.361,6.936,0.0,0.0,74.47,2111.7709,5.5533,67.3838,6.053,2.8674,0.3647,81.1749,4.3678,1.0574,17.2419,0.8963,,,,0.0,0.0,145.587,100.0,37.8,132.5
510880,Nova Guarita,51010,Norte Matogrossense,5103,Norte,2025,4546.0,IBGE estimativa,6.0,12.0,12.0,False,True,13092722.36,10815242.23,982537.4,1011756.35,12721382.26,371340.1,9984129.74,8.37,8.04,21.96,2.08,15.08,88.18,0.0,0.0,53.92,9.0,1.0,0.0,1.0,2.0,0.0,2.0,22599.0,4231.0,37996.0,46943.0,14931.0,3490.0,4134.0,1064.0,4086.0,2340.0,15794.0,109939.01,11020.0,112933.02,0.0,320.0,252.0,62473.73,8135.0,347378.81,0.0,38.0,0.0,358.0,358.0,0.0,0.0,0.0,583216.1,0.0,0.0,31159.0,240376.54,,,,,,,,,,2880.05,2379.07,216.13,1.841,1.769,3.317,0.0,0.4399,4.971,8.358,10.326,3.474,0.055,0.0,78.751,2379.0678,216.1323,76.2571,2.8362,4.8306,0.4575,118.6098,4.3995,0.9307,,0.9094,,,,0.0,0.0,128.2921,100.0,38.0,154.9
510885,Nova Marilândia,51007,Médio Norte Matogrossense,5106,Centro-Noroeste,2020,3304.0,IBGE estimativa,6.0,12.0,12.0,False,True,4760814.78,4077700.25,467849.73,0.0,4557648.32,203166.46,2810777.15,4.25,5.04,9.17,1.0,12.92,62.18,8.0,0.0,39.5,7.0,1.0,0.0,0.0,1.0,0.0,1.0,4219.0,713.0,7789.0,9414.0,2832.0,971.0,2608.0,817.0,3079.0,21931.0,9201.0,35678.29,665.0,7986.58,0.0,96.0,0.0,0.0,4301.0,36774.3,0.0,2.0,0.0,98.0,98.0,0.0,0.0,0.0,148469.54,0.0,0.0,31854.0,35678.29,33.0,16.0,0.0,0.0,4.84,78.79,3.03,60.61,12.12,1440.92,1234.17,141.6,1.286,1.525,3.91,2.421,0.3027,1.277,2.357,2.849,2.785,0.0,0.0,29.661,1234.1708,141.601,59.0398,4.2675,2.7754,0.3027,119.5521,3.0266,0.2158,24.7576,0.7893,,,,0.0,0.0,44.9363,100.0,58.2,113.2
510885,Nova Marilândia,51007,Médio Norte Matogrossense,5106,Centro-Noroeste,2021,3332.0,IBGE estimativa,6.0,12.0,12.0,False,True,6158537.66,5686771.71,160522.99,0.0,5643976.37,514561.29,4556799.36,5.02,5.2,9.38,1.0,11.92,67.15,8.0,0.0,49.33,7.0,1.0,0.0,0.0,1.0,0.0,1.0,6559.0,1033.0,11877.0,10815.0,4553.0,1697.0,2398.0,938.0,2756.0,20385.0,34371.0,182554.94,1340.0,27673.91,0.0,146.0,0.0,0.0,5016.0,60803.78,0.0,4.0,0.0,150.0,150.0,0.0,0.0,0.0,154581.41,0.0,0.0,66544.0,236683.19,50.0,20.0,0.0,0.0,6.0,88.0,6.0,82.0,16.0,1848.3,1706.71,48.18,1.507,1.561,3.577,2.401,0.3001,1.968,3.565,3.246,10.315,0.0,0.0,45.018,1706.7142,48.1762,73.9916,8.3553,2.8151,0.3001,148.0492,3.0012,0.31,18.76,0.7197,,,,0.0,0.0,46.393,100.0,28.0,58.4
510885,Nova Marilândia,51007,Médio Norte Matogrossense,5106,Centro-Noroeste,2022,3529.0,IBGE Censo 2022,6.0,12.0,12.0,False,True,7527698.1,4217580.29,1672464.75,1291163.15,7115235.54,412462.56,6327299.32,5.29,7.18,10.58,1.0,13.17,74.74,6.0,0.0,54.0,7.0,1.0,0.0,0.25,1.0,0.0,1.0,8110.0,1430.0,15387.0,18512.0,5734.0,2030.0,3263.0,975.0,3494.0,18891.0,41598.0,168961.61,2391.0,33689.05,0.0,179.0,0.0,0.0,1255.0,125815.19,0.0,4.0,0.0,183.0,183.0,0.0,0.0,0.0,187994.8,0.0,0.0,83740.0,282197.81,50.0,16.0,1.0,20.0,4.53,88.0,6.0,56.0,18.0,2133.1,1195.12,473.92,1.499,2.035,3.732,1.7,0.2834,2.298,4.36,5.246,11.787,0.0,0.0,51.856,1195.1205,473.9203,84.0536,5.4793,2.998,0.2834,153.0179,2.8337,0.4052,19.5,0.9246,,,,0.0,0.0,53.2714,100.0,33.9,69.7
510885,Nova Marilândia,51007,Médio Norte Matogrossense,5106,Centro-Noroeste,2023,3603.0,interpolada (Censo 2022 x IBGE 2024),6.0,12.0,12.0,False,True,9346099.87,4124241.76,4026639.1,546488.4,8993875.23,352224.64,6907890.39,7.25,6.93,14.33,1.58,14.0,84.73,0.0,0.0,54.17,7.0,1.0,0.0,0.67,1.0,0.0,1.0,8700.0,1596.0,16253.0,20098.0,5373.0,2697.0,3289.0,1085.0,3627.0,30941.0,65886.0,238992.01,3546.0,41947.65,0.0,208.0,0.0,0.0,3606.0,159775.78,0.0,9.0,0.0,217.0,217.0,0.0,0.0,0.0,255107.5,0.0,0.0,126941.0,385804.06,59.0,18.0,1.0,16.95,4.996,84.75,5.08,83.05,22.03,2593.98,1144.67,1117.58,2.012,1.923,3.886,0.0,0.2775,2.415,4.511,5.578,18.286,0.0,0.0,60.228,1144.6688,1117.5795,73.912,3.7687,3.9772,0.4385,150.3469,2.7755,0.443,18.3898,0.9129,,,,0.0,0.0,70.8042,100.0,35.9,75.0
510885,Nova Marilândia,51007,Médio Norte Matogrossense,5106,Centro-Noroeste,2024,3678.0,IBGE estimativa,6.0,12.0,12.0,False,True,11408691.63,5360792.24,4557397.86,819346.1,10846507.1,562184.53,8658733.08,6.69,7.13,16.25,2.08,15.25,89.79,0.0,0.0,56.0,7.0,1.0,0.0,0.0,1.0,0.0,1.0,7196.0,1708.0,14250.0,16961.0,5170.0,1433.0,3497.0,763.0,3731.0,33191.0,60795.0,168549.33,4362.0,49442.36,0.0,211.0,0.0,0.0,7479.0,306762.1,0.0,21.0,0.0,232.0,232.0,0.0,0.0,0.0,239290.81,0.0,0.0,135288.0,371573.58,43.0,28.0,3.0,69.77,7.61,79.07,13.95,67.44,18.6,3101.87,1457.53,1239.1,1.819,1.939,4.146,0.0,0.2719,1.956,3.874,4.611,16.529,0.0,0.0,63.078,1457.5292,1239.0968,75.8959,4.9277,4.4182,0.5655,152.2567,2.7189,0.4644,17.7442,0.9508,,,,0.0,0.0,65.06,100.0,39.7,87.6
510885,Nova Marilândia,51007,Médio Norte Matogrossense,5106,Centro-Noroeste,2025,3731.0,IBGE estimativa,6.0,12.0,12.0,False,True,12576257.43,6959860.49,3953461.17,880381.69,12016055.18,560202.25,9356013.77,6.22,7.31,20.92,1.5,14.42,93.0,0.0,0.0,55.33,7.75,1.0,0.0,0.0,1.0,0.0,1.0,10372.0,2303.0,21792.0,30077.0,7583.0,1644.0,3611.0,870.0,3817.0,33368.0,84543.0,358355.94,17055.0,175321.07,0.0,228.0,228.0,38747.65,6936.0,124714.69,0.0,7.0,0.0,235.0,235.0,0.0,0.0,0.0,247460.55,0.0,0.0,160040.0,603865.09,,,,,,,,,,3370.75,1865.41,1059.63,1.667,1.959,3.865,0.0,0.268,2.78,5.841,8.061,22.66,0.061,0.0,62.986,1865.4142,1059.6251,74.3943,4.4544,5.6071,0.402,148.298,2.6802,0.6173,,0.9678,,,,0.0,0.0,66.3255,100.0,28.5,62.1
510890,Nova Maringá,51004,Centro Norte,5106,Centro-Noroeste,2020,8850.0,IBGE estimativa,6.0,12.0,12.0,False,True,10185770.25,3342788.95,4114428.4,1669744.8,9944489.01,241281.24,7959149.65,6.79,11.83,12.08,3.25,24.75,102.1,6.0,0.0,31.0,9.92,4.0,0.0,1.0,3.0,0.0,3.0,11620.0,765.0,14604.0,20023.0,6516.0,3256.0,2780.0,964.0,3901.0,113600.0,35643.0,182011.08,769.0,5105.82,0.0,180.0,0.0,0.0,1304.0,54441.81,0.0,2.0,0.0,182.0,182.0,0.0,0.0,0.0,154315.32,0.0,0.0,150346.0,185139.48,69.0,21.0,0.0,0.0,2.37,81.16,7.25,56.52,21.74,1150.93,377.72,464.91,0.767,1.337,2.797,0.678,0.339,1.313,1.65,2.262,4.027,0.0,0.0,20.565,377.7163,464.9072,78.1399,2.3688,1.365,0.3672,35.0282,3.3898,0.0864,13.971,0.3141,,,,0.0,0.0,17.4368,100.0,92.9,164.6
510890,Nova Maringá,51004,Centro Norte,5106,Centro-Noroeste,2021,9056.0,IBGE estimativa,6.0,12.0,12.0,False,True,12261546.43,5167281.53,4451567.45,1979880.08,10543789.75,1717756.68,9335629.7,6.39,14.52,13.35,2.42,26.25,110.52,6.0,0.0,31.17,10.0,4.0,0.0,1.0,3.0,0.0,2.67,12947.0,1468.0,21057.0,34911.0,6935.0,3975.0,2368.0,999.0,3008.0,91663.0,21356.0,122050.67,2229.0,13656.2,0.0,201.0,0.0,0.0,5740.0,97775.71,0.0,1.0,0.0,202.0,202.0,0.0,0.0,0.0,547627.68,0.0,0.0,114323.0,126852.17,78.0,44.0,3.0,38.46,4.86,83.33,10.26,57.69,20.51,1353.97,570.59,491.56,0.706,1.603,2.899,0.663,0.3313,1.43,2.325,3.855,2.358,0.0,0.0,22.306,570.592,491.56,76.1375,14.0093,1.4742,0.2672,34.4192,3.3127,0.1621,12.8077,0.2615,,,,0.0,0.0,60.4713,100.0,96.0,162.4
510890,Nova Maringá,51004,Centro Norte,5106,Centro-Noroeste,2022,5846.0,IBGE Censo 2022,6.0,12.0,12.0,False,True,13099849.53,3736760.54,4926400.89,3743760.76,11716950.87,1382898.66,10009397.0,5.23,14.73,13.71,2.0,25.01,112.04,3.0,0.0,32.5,9.42,4.0,0.0,1.0,3.0,0.0,2.0,23138.0,1777.0,35498.0,64628.0,9568.0,13084.0,4278.0,1423.0,4620.0,36979.0,37342.0,205386.52,4263.0,41708.14,0.0,202.0,0.0,0.0,4883.0,210158.44,0.0,5.0,0.0,207.0,207.0,0.0,0.0,0.0,264114.43,0.0,0.0,86884.0,264444.97,86.0,24.0,1.0,11.63,4.11,74.42,3.49,52.33,15.12,2240.82,639.2,842.7,0.895,2.52,4.278,0.513,0.5132,3.958,6.072,11.055,6.388,0.0,0.0,35.409,639.1995,842.696,76.4085,10.5566,2.3452,0.3421,55.5936,5.1317,0.304,16.5465,0.7318,,,,0.0,0.0,45.1787,100.0,95.7,189.5
510890,Nova Maringá,51004,Centro Norte,5106,Centro-Noroeste,2023,5810.0,interpolada (Censo 2022 x IBGE 2024),6.0,12.0,12.0,False,True,12764895.54,4246182.93,4423042.11,3480133.9,11553227.4,1211668.14,10253641.43,5.43,12.65,16.28,2.08,24.93,112.98,0.0,0.0,33.17,9.0,4.0,0.0,1.0,3.0,0.0,2.0,24051.0,1959.0,22630.0,48133.0,10595.0,13037.0,4353.0,1619.0,4662.0,21035.0,54066.0,259303.92,5791.0,60280.73,0.0,149.0,0.0,0.0,8923.0,192470.57,0.0,1.0,0.0,150.0,150.0,0.0,0.0,0.0,204039.88,0.0,0.0,86590.0,314768.67,85.0,33.0,0.0,0.0,5.68,81.93,10.59,52.94,23.53,2197.06,730.84,761.28,0.935,2.177,4.291,0.0,0.5164,4.14,3.895,8.285,9.306,0.0,0.0,25.818,730.8404,761.2809,80.3269,9.4922,2.8021,0.358,57.0912,5.1635,0.3372,19.0471,0.7492,,,,0.0,0.0,35.1187,100.0,82.7,182.0
510890,Nova Maringá,51004,Centro Norte,5106,Centro-Noroeste,2024,5775.0,IBGE estimativa,6.0,12.0,12.0,False,True,13959465.51,4490828.05,4966554.96,3924242.15,10731167.76,3228297.75,10998675.44,6.83,13.47,17.94,2.2,24.56,115.21,0.0,0.0,64.17,9.0,4.0,0.0,1.0,3.5,0.0,2.0,21446.0,1327.0,23314.0,39207.0,11510.0,9629.0,4731.0,1255.0,4988.0,33716.0,77890.0,412162.5,15872.0,180481.35,0.0,156.0,248.0,44438.48,12716.0,233601.93,0.0,8.0,0.0,164.0,164.0,0.0,0.0,0.0,263651.72,0.0,0.0,137156.0,581133.08,68.0,28.0,0.0,0.0,4.85,77.94,2.94,61.76,11.76,2417.22,777.63,860.01,1.183,2.332,4.253,0.0,0.6061,3.714,4.037,6.789,13.487,0.043,0.0,28.398,777.6326,860.0095,78.7901,23.1262,3.1065,0.381,111.1169,6.0606,0.2298,18.4559,0.8192,,,,0.0,0.0,45.654,100.0,67.1,206.8
510890,Nova Maringá,51004,Centro Norte,5106,Centro-Noroeste,2025,5705.0,IBGE estimativa,6.0,12.0,12.0,False,True,14410760.81,4536261.68,4307677.87,4829094.2,11005828.38,3404932.43,10709432.11,6.01,12.0,18.21,2.13,20.89,107.59,0.0,0.0,70.92,9.0,4.0,0.0,1.0,3.0,0.0,2.0,21257.0,1810.0,19574.0,43596.0,12525.0,8732.0,4629.0,1261.0,4981.0,23944.0,76951.0,397433.72,14097.0,161461.68,0.0,164.0,285.0,51002.44,11608.0,288329.3,0.0,3.0,0.0,167.0,167.0,0.0,0.0,0.0,241939.06,0.0,0.0,128491.0,593619.66,,,,,,,,,,2525.99,795.14,755.07,1.053,2.103,3.662,0.0,0.5259,3.726,3.431,7.642,13.488,0.05,0.0,29.273,795.1379,755.0706,74.3155,23.6277,3.1919,0.3734,124.312,5.2585,0.3173,,0.8114,,,,0.0,0.0,42.4082,100.0,66.5,226.1
510895,Nova Monte Verde,51001,Alto Tapajós,5103,Norte,2020,9277.0,IBGE estimativa,6.0,12.0,12.0,False,True,5642460.89,2537160.73,3013237.97,0.0,5557486.71,84974.18,2938636.92,3.96,5.58,18.58,3.0,26.0,97.88,13.0,0.0,31.0,11.0,4.0,0.0,0.0,3.0,0.0,3.0,4223.0,1490.0,7558.0,25836.0,2610.0,1089.0,6491.0,1955.0,7771.0,55012.0,12731.0,40175.0,1713.0,19134.05,0.0,355.0,0.0,0.0,3830.0,61054.29,0.0,5.0,0.0,360.0,360.0,0.0,0.0,0.0,267429.13,0.0,0.0,68032.0,59225.0,103.0,53.0,0.0,0.0,5.71,82.35,4.85,78.64,7.77,608.22,273.49,324.81,0.427,0.601,2.803,1.401,0.3234,0.455,0.815,2.785,1.372,0.0,0.0,38.806,273.4894,324.8074,52.0808,1.506,2.0028,0.3234,33.416,3.2338,0.1606,18.9806,0.6997,,,,0.0,0.0,28.8271,100.0,9.7,201.0
510895,Nova Monte Verde,51001,Alto Tapajós,5103,Norte,2021,9375.0,IBGE estimativa,6.0,12.0,12.0,False,True,9700167.93,3630316.34,5657137.23,277980.11,9366294.66,333873.27,6016073.5,5.15,6.67,17.75,3.08,26.92,103.06,13.0,0.0,31.0,10.5,4.0,0.0,0.0,3.0,0.0,3.0,14529.0,3278.0,22724.0,57465.0,5354.0,6785.0,8759.0,2221.0,9175.0,23808.0,27202.0,122073.23,1347.0,21182.25,0.0,411.0,0.0,0.0,6941.0,58014.16,0.0,10.0,0.0,421.0,421.0,0.0,0.0,0.0,869836.64,0.0,0.0,51248.0,157773.23,115.0,73.0,1.0,8.7,7.79,80.0,4.35,84.35,23.48,1034.68,387.23,603.43,0.549,0.711,2.871,1.387,0.32,1.55,2.424,6.13,2.902,0.0,0.0,44.907,387.2337,603.428,62.0203,3.4419,1.8933,0.3285,33.0667,3.2,0.3497,19.313,0.9343,,,,0.0,0.0,92.7826,100.0,13.5,214.9
510895,Nova Monte Verde,51001,Alto Tapajós,5103,Norte,2022,8313.0,IBGE Censo 2022,6.0,12.0,12.0,False,True,12505106.04,4130702.0,6826137.61,808781.14,11286374.17,1218731.87,7636974.65,6.1,9.08,15.75,2.75,23.0,101.67,13.0,0.0,31.0,10.92,3.75,0.0,0.0,3.0,0.0,3.0,24726.0,3674.0,35679.0,52612.0,10745.0,10291.0,6001.0,2395.0,6797.0,58251.0,41745.0,193920.18,7810.0,65435.18,0.0,471.0,15.0,3262.95,7773.0,125674.03,0.0,9.0,0.0,480.0,480.0,0.0,0.0,0.0,352032.2,0.0,0.0,102074.0,237257.28,126.0,43.0,1.0,7.94,5.17,80.95,10.32,78.57,16.67,1504.28,496.9,821.14,0.734,1.092,2.767,1.564,0.3609,2.974,4.292,6.329,5.022,0.002,0.0,57.741,496.8967,821.1401,61.0709,9.7459,1.8946,0.3308,37.291,3.6088,0.442,19.0079,0.7219,,,,0.0,0.0,42.3472,100.0,9.8,188.6
510895,Nova Monte Verde,51001,Alto Tapajós,5103,Norte,2023,8382.0,interpolada (Censo 2022 x IBGE 2024),6.0,12.0,12.0,False,True,12402243.39,3817351.24,5895357.07,2238825.32,12127922.43,274320.96,7177154.15,5.52,10.22,17.88,3.0,22.25,105.34,13.0,0.0,31.17,11.0,3.0,0.0,0.0,3.0,0.0,3.0,28769.0,4369.0,37891.0,48834.0,11759.0,15011.0,6385.0,2477.0,7054.0,95411.0,47027.0,316041.8,27795.0,151767.85,0.0,438.0,230.0,1263.57,14495.0,100442.32,0.0,11.0,0.0,449.0,449.0,0.0,0.0,0.0,371828.03,0.0,0.0,155654.0,433250.42,124.0,45.0,3.0,24.19,5.369,92.74,7.26,78.23,16.94,1479.63,455.42,703.34,0.659,1.219,2.654,1.551,0.3579,3.432,4.521,5.826,5.61,0.027,0.0,53.567,455.4225,703.3354,57.8698,2.2119,2.1331,0.3579,37.1868,3.5791,0.5212,19.9758,0.7618,,,,0.0,0.0,44.3603,100.0,15.6,210.8
510895,Nova Monte Verde,51001,Alto Tapajós,5103,Norte,2024,8451.0,IBGE estimativa,6.0,12.0,12.0,False,True,16207939.67,4912755.12,7122634.62,3662855.9,14352818.96,1855120.71,8346316.46,5.98,11.38,18.97,3.17,21.5,107.24,13.0,0.0,33.0,10.75,3.0,0.0,0.0,3.0,0.0,3.0,44970.0,4553.0,57086.0,44250.0,18528.0,18572.0,7399.0,2012.0,8023.0,102587.0,37313.0,292444.88,19389.0,135269.56,0.0,585.0,435.0,0.0,27189.0,165924.49,0.0,17.0,0.0,602.0,602.0,0.0,0.0,0.0,656491.01,0.0,0.0,174367.0,543743.78,114.0,48.0,1.0,8.77,5.68,84.21,7.89,83.33,13.16,1917.87,581.32,842.82,0.708,1.347,2.544,1.538,0.355,5.321,6.755,5.236,4.415,0.051,0.0,71.234,581.3223,842.8156,51.4952,11.4458,2.2447,0.3751,39.0486,3.5499,0.5388,17.6491,0.8755,,,,0.0,0.0,77.6821,100.0,18.1,211.9
510895,Nova Monte Verde,51001,Alto Tapajós,5103,Norte,2025,8470.0,IBGE estimativa,6.0,12.0,12.0,False,True,19102983.8,5446907.81,9569134.46,3524775.7,16388792.51,2714191.29,12008257.44,5.9,11.37,19.8,3.42,22.25,115.58,13.0,0.0,32.42,10.0,3.0,0.0,0.0,3.0,0.0,3.0,52850.0,4624.0,64483.0,38968.0,21873.0,24088.0,7338.0,2090.0,8286.0,109279.0,34193.0,245113.53,20695.0,145669.33,0.0,673.0,471.0,1032.5,25493.0,259215.41,0.0,15.0,0.0,688.0,688.0,0.0,0.0,0.0,681865.94,0.0,0.0,170600.0,439322.48,,,,,,,,,,2255.37,643.08,1129.77,0.697,1.342,2.627,1.535,0.3542,6.24,7.613,4.601,4.037,0.056,0.0,81.228,643.0824,1129.7679,62.8606,14.2082,2.3377,0.4038,38.2763,3.5419,0.5459,,0.8664,,,,0.0,0.0,80.5037,100.0,12.9,194.8
