co_regsaud,regiao_saude,macrorregiao,grupo,indicador,rotulo,unidade,ano,valor
51001,Alto Tapajós,Norte,atencao_basica,atend_individual_pc,Atendimentos individuais na atenção básica por habitante,atendimentos por hab.,2020,1.0295
51001,Alto Tapajós,Norte,atencao_basica,atend_individual_pc,Atendimentos individuais na atenção básica por habitante,atendimentos por hab.,2021,1.4722
51001,Alto Tapajós,Norte,atencao_basica,atend_individual_pc,Atendimentos individuais na atenção básica por habitante,atendimentos por hab.,2022,1.8614
51001,Alto Tapajós,Norte,atencao_basica,atend_individual_pc,Atendimentos individuais na atenção básica por habitante,atendimentos por hab.,2023,2.0232
51001,Alto Tapajós,Norte,atencao_basica,atend_individual_pc,Atendimentos individuais na atenção básica por habitante,atendimentos por hab.,2024,2.3499
51001,Alto Tapajós,Norte,atencao_basica,atend_individual_pc,Atendimentos individuais na atenção básica por habitante,atendimentos por hab.,2025,2.7343
51001,Alto Tapajós,Norte,atencao_basica,atend_odonto_pc,Atendimentos odontológicos por habitante,atendimentos por hab.,2020,0.1764
51001,Alto Tapajós,Norte,atencao_basica,atend_odonto_pc,Atendimentos odontológicos por habitante,atendimentos por hab.,2021,0.2366
51001,Alto Tapajós,Norte,atencao_basica,atend_odonto_pc,Atendimentos odontológicos por habitante,atendimentos por hab.,2022,0.3088
51001,Alto Tapajós,Norte,atencao_basica,atend_odonto_pc,Atendimentos odontológicos por habitante,atendimentos por hab.,2023,0.3962
51001,Alto Tapajós,Norte,atencao_basica,atend_odonto_pc,Atendimentos odontológicos por habitante,atendimentos por hab.,2024,0.4144
51001,Alto Tapajós,Norte,atencao_basica,atend_odonto_pc,Atendimentos odontológicos por habitante,atendimentos por hab.,2025,0.4453
51001,Alto Tapajós,Norte,atencao_basica,doses_menor1_por_nv,Doses de vacina em menores de 1 ano por nascido vivo,doses por nascido vivo,2020,14.3085
51001,Alto Tapajós,Norte,atencao_basica,doses_menor1_por_nv,Doses de vacina em menores de 1 ano por nascido vivo,doses por nascido vivo,2021,14.0539
51001,Alto Tapajós,Norte,atencao_basica,doses_menor1_por_nv,Doses de vacina em menores de 1 ano por nascido vivo,doses por nascido vivo,2022,15.4759
51001,Alto Tapajós,Norte,atencao_basica,doses_menor1_por_nv,Doses de vacina em menores de 1 ano por nascido vivo,doses por nascido vivo,2023,15.8044
51001,Alto Tapajós,Norte,atencao_basica,doses_menor1_por_nv,Doses de vacina em menores de 1 ano por nascido vivo,doses por nascido vivo,2024,16.3506
51001,Alto Tapajós,Norte,atencao_basica,doses_pc,Doses de vacina aplicadas por habitante,doses por hab.,2020,0.7074
51001,Alto Tapajós,Norte,atencao_basica,doses_pc,Doses de vacina aplicadas por habitante,doses por hab.,2021,0.6302
51001,Alto Tapajós,Norte,atencao_basica,doses_pc,Doses de vacina aplicadas por habitante,doses por hab.,2022,0.6989
51001,Alto Tapajós,Norte,atencao_basica,doses_pc,Doses de vacina aplicadas por habitante,doses por hab.,2023,0.7516
51001,Alto Tapajós,Norte,atencao_basica,doses_pc,Doses de vacina aplicadas por habitante,doses por hab.,2024,0.8221
51001,Alto Tapajós,Norte,atencao_basica,doses_pc,Doses de vacina aplicadas por habitante,doses por hab.,2025,0.8667
51001,Alto Tapajós,Norte,atencao_basica,procedimentos_ab_pc,Procedimentos na atenção básica por habitante,procedimentos por hab.,2020,1.4068
51001,Alto Tapajós,Norte,atencao_basica,procedimentos_ab_pc,Procedimentos na atenção básica por habitante,procedimentos por hab.,2021,2.3864
51001,Alto Tapajós,Norte,atencao_basica,procedimentos_ab_pc,Procedimentos na atenção básica por habitante,procedimentos por hab.,2022,3.6976
51001,Alto Tapajós,Norte,atencao_basica,procedimentos_ab_pc,Procedimentos na atenção básica por habitante,procedimentos por hab.,2023,4.1988
51001,Alto Tapajós,Norte,atencao_basica,procedimentos_ab_pc,Procedimentos na atenção básica por habitante,procedimentos por hab.,2024,4.6523
51001,Alto Tapajós,Norte,atencao_basica,procedimentos_ab_pc,Procedimentos na atenção básica por habitante,procedimentos por hab.,2025,5.4436
51001,Alto Tapajós,Norte,atencao_basica,visitas_pc,Visitas domiciliares por habitante,visitas por hab.,2020,2.2641
51001,Alto Tapajós,Norte,atencao_basica,visitas_pc,Visitas domiciliares por habitante,visitas por hab.,2021,2.4306
51001,Alto Tapajós,Norte,atencao_basica,visitas_pc,Visitas domiciliares por habitante,visitas por hab.,2022,3.6947
51001,Alto Tapajós,Norte,atencao_basica,visitas_pc,Visitas domiciliares por habitante,visitas por hab.,2023,5.9583
51001,Alto Tapajós,Norte,atencao_basica,visitas_pc,Visitas domiciliares por habitante,visitas por hab.,2024,4.8287
51001,Alto Tapajós,Norte,atencao_basica,visitas_pc,Visitas domiciliares por habitante,visitas por hab.,2025,4.471
51001,Alto Tapajós,Norte,capacidade,equip_sus_p10000,Equipamentos SUS em uso por 10 mil habitantes,equipamentos por 10 mil hab.,2020,58.1314
51001,Alto Tapajós,Norte,capacidade,equip_sus_p10000,Equipamentos SUS em uso por 10 mil habitantes,equipamentos por 10 mil hab.,2021,90.8869
51001,Alto Tapajós,Norte,capacidade,equip_sus_p10000,Equipamentos SUS em uso por 10 mil habitantes,equipamentos por 10 mil hab.,2022,110.9794
51001,Alto Tapajós,Norte,capacidade,equip_sus_p10000,Equipamentos SUS em uso por 10 mil habitantes,equipamentos por 10 mil hab.,2023,94.6652
51001,Alto Tapajós,Norte,capacidade,equip_sus_p10000,Equipamentos SUS em uso por 10 mil habitantes,equipamentos por 10 mil hab.,2024,136.4216
51001,Alto Tapajós,Norte,capacidade,equip_sus_p10000,Equipamentos SUS em uso por 10 mil habitantes,equipamentos por 10 mil hab.,2025,121.4578
51001,Alto Tapajós,Norte,capacidade,equipes_esf_p10000,Equipes de Saúde da Família por 10 mil habitantes,equipes por 10 mil hab.,2020,2.9766
51001,Alto Tapajós,Norte,capacidade,equipes_esf_p10000,Equipes de Saúde da Família por 10 mil habitantes,equipes por 10 mil hab.,2021,3.0179
51001,Alto Tapajós,Norte,capacidade,equipes_esf_p10000,Equipes de Saúde da Família por 10 mil habitantes,equipes por 10 mil hab.,2022,2.9617
51001,Alto Tapajós,Norte,capacidade,equipes_esf_p10000,Equipes de Saúde da Família por 10 mil habitantes,equipes por 10 mil hab.,2023,2.913
51001,Alto Tapajós,Norte,capacidade,equipes_esf_p10000,Equipes de Saúde da Família por 10 mil habitantes,equipes por 10 mil hab.,2024,3.1765
51001,Alto Tapajós,Norte,capacidade,equipes_esf_p10000,Equipes de Saúde da Família por 10 mil habitantes,equipes por 10 mil hab.,2025,3.3836
51001,Alto Tapajós,Norte,capacidade,fte_acs_p1000,Agentes comunitários de saúde por mil habitantes,FTE por mil hab.,2020,2.8152
51001,Alto Tapajós,Norte,capacidade,fte_acs_p1000,Agentes comunitários de saúde por mil habitantes,FTE por mil hab.,2021,2.7682
51001,Alto Tapajós,Norte,capacidade,fte_acs_p1000,Agentes comunitários de saúde por mil habitantes,FTE por mil hab.,2022,2.6973
51001,Alto Tapajós,Norte,capacidade,fte_acs_p1000,Agentes comunitários de saúde por mil habitantes,FTE por mil hab.,2023,2.681
51001,Alto Tapajós,Norte,capacidade,fte_acs_p1000,Agentes comunitários de saúde por mil habitantes,FTE por mil hab.,2024,2.6317
51001,Alto Tapajós,Norte,capacidade,fte_acs_p1000,Agentes comunitários de saúde por mil habitantes,FTE por mil hab.,2025,2.4085
51001,Alto Tapajós,Norte,capacidade,fte_dentistas_p1000,Dentistas SUS por mil habitantes,FTE por mil hab.,2020,0.26
51001,Alto Tapajós,Norte,capacidade,fte_dentistas_p1000,Dentistas SUS por mil habitantes,FTE por mil hab.,2021,0.247
51001,Alto Tapajós,Norte,capacidade,fte_dentistas_p1000,Dentistas SUS por mil habitantes,FTE por mil hab.,2022,0.2413
51001,Alto Tapajós,Norte,capacidade,fte_dentistas_p1000,Dentistas SUS por mil habitantes,FTE por mil hab.,2023,0.2706
51001,Alto Tapajós,Norte,capacidade,fte_dentistas_p1000,Dentistas SUS por mil habitantes,FTE por mil hab.,2024,0.2877
51001,Alto Tapajós,Norte,capacidade,fte_dentistas_p1000,Dentistas SUS por mil habitantes,FTE por mil hab.,2025,0.327
51001,Alto Tapajós,Norte,capacidade,fte_enfermeiros_p1000,Enfermeiros SUS por mil habitantes,FTE por mil hab.,2020,1.0788
51001,Alto Tapajós,Norte,capacidade,fte_enfermeiros_p1000,Enfermeiros SUS por mil habitantes,FTE por mil hab.,2021,1.4072
51001,Alto Tapajós,Norte,capacidade,fte_enfermeiros_p1000,Enfermeiros SUS por mil habitantes,FTE por mil hab.,2022,1.3672
51001,Alto Tapajós,Norte,capacidade,fte_enfermeiros_p1000,Enfermeiros SUS por mil habitantes,FTE por mil hab.,2023,1.3158
51001,Alto Tapajós,Norte,capacidade,fte_enfermeiros_p1000,Enfermeiros SUS por mil habitantes,FTE por mil hab.,2024,1.4211
51001,Alto Tapajós,Norte,capacidade,fte_enfermeiros_p1000,Enfermeiros SUS por mil habitantes,FTE por mil hab.,2025,1.5337
51001,Alto Tapajós,Norte,capacidade,fte_medicos_p1000,Médicos SUS por mil habitantes,FTE por mil hab.,2020,0.7485
51001,Alto Tapajós,Norte,capacidade,fte_medicos_p1000,Médicos SUS por mil habitantes,FTE por mil hab.,2021,0.9733
51001,Alto Tapajós,Norte,capacidade,fte_medicos_p1000,Médicos SUS por mil habitantes,FTE por mil hab.,2022,1.0264
51001,Alto Tapajós,Norte,capacidade,fte_medicos_p1000,Médicos SUS por mil habitantes,FTE por mil hab.,2023,1.2542
51001,Alto Tapajós,Norte,capacidade,fte_medicos_p1000,Médicos SUS por mil habitantes,FTE por mil hab.,2024,1.4486
51001,Alto Tapajós,Norte,capacidade,fte_medicos_p1000,Médicos SUS por mil habitantes,FTE por mil hab.,2025,1.5292
51001,Alto Tapajós,Norte,capacidade,fte_tec_enfermagem_p1000,Técnicos de enfermagem SUS por mil habitantes,FTE por mil hab.,2020,2.5503
51001,Alto Tapajós,Norte,capacidade,fte_tec_enfermagem_p1000,Técnicos de enfermagem SUS por mil habitantes,FTE por mil hab.,2021,3.0322
51001,Alto Tapajós,Norte,capacidade,fte_tec_enfermagem_p1000,Técnicos de enfermagem SUS por mil habitantes,FTE por mil hab.,2022,2.9772
51001,Alto Tapajós,Norte,capacidade,fte_tec_enfermagem_p1000,Técnicos de enfermagem SUS por mil habitantes,FTE por mil hab.,2023,2.9878
51001,Alto Tapajós,Norte,capacidade,fte_tec_enfermagem_p1000,Técnicos de enfermagem SUS por mil habitantes,FTE por mil hab.,2024,3.1495
51001,Alto Tapajós,Norte,capacidade,fte_tec_enfermagem_p1000,Técnicos de enfermagem SUS por mil habitantes,FTE por mil hab.,2025,3.0988
51001,Alto Tapajós,Norte,capacidade,leitos_sus_p1000,Leitos SUS por mil habitantes,leitos por mil hab.,2020,1.7465
51001,Alto Tapajós,Norte,capacidade,leitos_sus_p1000,Leitos SUS por mil habitantes,leitos por mil hab.,2021,2.2566
51001,Alto Tapajós,Norte,capacidade,leitos_sus_p1000,Leitos SUS por mil habitantes,leitos por mil hab.,2022,2.0175
51001,Alto Tapajós,Norte,capacidade,leitos_sus_p1000,Leitos SUS por mil habitantes,leitos por mil hab.,2023,1.4844
51001,Alto Tapajós,Norte,capacidade,leitos_sus_p1000,Leitos SUS por mil habitantes,leitos por mil hab.,2024,2.1119
51001,Alto Tapajós,Norte,capacidade,leitos_sus_p1000,Leitos SUS por mil habitantes,leitos por mil hab.,2025,1.4583
51001,Alto Tapajós,Norte,capacidade,leitos_uti_sus,Leitos de UTI SUS,leitos,2020,2.0
51001,Alto Tapajós,Norte,capacidade,leitos_uti_sus,Leitos de UTI SUS,leitos,2021,18.0
51001,Alto Tapajós,Norte,capacidade,leitos_uti_sus,Leitos de UTI SUS,leitos,2022,2.0
51001,Alto Tapajós,Norte,capacidade,leitos_uti_sus,Leitos de UTI SUS,leitos,2023,0.0
51001,Alto Tapajós,Norte,capacidade,leitos_uti_sus,Leitos de UTI SUS,leitos,2024,0.0
51001,Alto Tapajós,Norte,capacidade,leitos_uti_sus,Leitos de UTI SUS,leitos,2025,0.0
51001,Alto Tapajós,Norte,capacidade,n_equipes_eap,Equipes de atenção primária (eAP),equipes,2020,1.0
51001,Alto Tapajós,Norte,capacidade,n_equipes_eap,Equipes de atenção primária (eAP),equipes,2021,1.0
51001,Alto Tapajós,Norte,capacidade,n_equipes_eap,Equipes de atenção primária (eAP),equipes,2022,1.0
51001,Alto Tapajós,Norte,capacidade,n_equipes_eap,Equipes de atenção primária (eAP),equipes,2023,0.0
51001,Alto Tapajós,Norte,capacidade,n_equipes_eap,Equipes de atenção primária (eAP),equipes,2024,0.0
51001,Alto Tapajós,Norte,capacidade,n_equipes_eap,Equipes de atenção primária (eAP),equipes,2025,0.0
51001,Alto Tapajós,Norte,capacidade,n_equipes_esb,Equipes de saúde bucal,equipes,2020,26.0
51001,Alto Tapajós,Norte,capacidade,n_equipes_esb,Equipes de saúde bucal,equipes,2021,27.0
51001,Alto Tapajós,Norte,capacidade,n_equipes_esb,Equipes de saúde bucal,equipes,2022,28.0
51001,Alto Tapajós,Norte,capacidade,n_equipes_esb,Equipes de saúde bucal,equipes,2023,29.0
51001,Alto Tapajós,Norte,capacidade,n_equipes_esb,Equipes de saúde bucal,equipes,2024,31.0
51001,Alto Tapajós,Norte,capacidade,n_equipes_esb,Equipes de saúde bucal,equipes,2025,33.0
51001,Alto Tapajós,Norte,capacidade,n_estab_sus,Estabelecimentos com atendimento SUS,estabelecimentos,2020,115.0
51001,Alto Tapajós,Norte,capacidade,n_estab_sus,Estabelecimentos com atendimento SUS,estabelecimentos,2021,122.0
51001,Alto Tapajós,Norte,capacidade,n_estab_sus,Estabelecimentos com atendimento SUS,estabelecimentos,2022,127.0
51001,Alto Tapajós,Norte,capacidade,n_estab_sus,Estabelecimentos com atendimento SUS,estabelecimentos,2023,138.0
51001,Alto Tapajós,Norte,capacidade,n_estab_sus,Estabelecimentos com atendimento SUS,estabelecimentos,2024,156.0
51001,Alto Tapajós,Norte,capacidade,n_estab_sus,Estabelecimentos com atendimento SUS,estabelecimentos,2025,162.0
51001,Alto Tapajós,Norte,capacidade,n_hospitais_sus,Hospitais SUS,hospitais,2020,5.0
51001,Alto Tapajós,Norte,capacidade,n_hospitais_sus,Hospitais SUS,hospitais,2021,5.0
51001,Alto Tapajós,Norte,capacidade,n_hospitais_sus,Hospitais SUS,hospitais,2022,5.0
51001,Alto Tapajós,Norte,capacidade,n_hospitais_sus,Hospitais SUS,hospitais,2023,5.0
51001,Alto Tapajós,Norte,capacidade,n_hospitais_sus,Hospitais SUS,hospitais,2024,6.0
51001,Alto Tapajós,Norte,capacidade,n_hospitais_sus,Hospitais SUS,hospitais,2025,5.0
51001,Alto Tapajós,Norte,capacidade,n_ubs,Unidades básicas de saúde,unidades,2020,48.0
51001,Alto Tapajós,Norte,capacidade,n_ubs,Unidades básicas de saúde,unidades,2021,49.0
51001,Alto Tapajós,Norte,capacidade,n_ubs,Unidades básicas de saúde,unidades,2022,49.0
51001,Alto Tapajós,Norte,capacidade,n_ubs,Unidades básicas de saúde,unidades,2023,47.0
51001,Alto Tapajós,Norte,capacidade,n_ubs,Unidades básicas de saúde,unidades,2024,49.0
51001,Alto Tapajós,Norte,capacidade,n_ubs,Unidades básicas de saúde,unidades,2025,50.0
51001,Alto Tapajós,Norte,capacidade,n_upa,Unidades de pronto atendimento,unidades,2020,0.0
51001,Alto Tapajós,Norte,capacidade,n_upa,Unidades de pronto atendimento,unidades,2021,1.0
51001,Alto Tapajós,Norte,capacidade,n_upa,Unidades de pronto atendimento,unidades,2022,1.0
51001,Alto Tapajós,Norte,capacidade,n_upa,Unidades de pronto atendimento,unidades,2023,1.0
51001,Alto Tapajós,Norte,capacidade,n_upa,Unidades de pronto atendimento,unidades,2024,1.0
51001,Alto Tapajós,Norte,capacidade,n_upa,Unidades de pronto atendimento,unidades,2025,1.0
51001,Alto Tapajós,Norte,contexto,populacao,População,habitantes,2020,108647.0
51001,Alto Tapajós,Norte,contexto,populacao,População,habitantes,2021,109348.0
51001,Alto Tapajós,Norte,contexto,populacao,População,habitantes,2022,111154.0
51001,Alto Tapajós,Norte,contexto,populacao,População,habitantes,2023,113012.0
51001,Alto Tapajós,Norte,contexto,populacao,População,habitantes,2024,114907.0
51001,Alto Tapajós,Norte,contexto,populacao,População,habitantes,2025,116000.0
51001,Alto Tapajós,Norte,deslocamento,km_medio_internacao,Distância média até a internação,km,2020,80.1134
51001,Alto Tapajós,Norte,deslocamento,km_medio_internacao,Distância média até a internação,km,2021,70.0319
51001,Alto Tapajós,Norte,deslocamento,km_medio_internacao,Distância média até a internação,km,2022,83.6716
51001,Alto Tapajós,Norte,deslocamento,km_medio_internacao,Distância média até a internação,km,2023,98.1182
51001,Alto Tapajós,Norte,deslocamento,km_medio_internacao,Distância média até a internação,km,2024,95.1121
51001,Alto Tapajós,Norte,deslocamento,km_medio_internacao,Distância média até a internação,km,2025,92.1171
51001,Alto Tapajós,Norte,deslocamento,pct_internacoes_fora_mun,Internações fora do município de residência,% das internações de residentes,2020,40.4255
51001,Alto Tapajós,Norte,deslocamento,pct_internacoes_fora_mun,Internações fora do município de residência,% das internações de residentes,2021,35.626
51001,Alto Tapajós,Norte,deslocamento,pct_internacoes_fora_mun,Internações fora do município de residência,% das internações de residentes,2022,42.3608
51001,Alto Tapajós,Norte,deslocamento,pct_internacoes_fora_mun,Internações fora do município de residência,% das internações de residentes,2023,41.9477
51001,Alto Tapajós,Norte,deslocamento,pct_internacoes_fora_mun,Internações fora do município de residência,% das internações de residentes,2024,43.584
51001,Alto Tapajós,Norte,deslocamento,pct_internacoes_fora_mun,Internações fora do município de residência,% das internações de residentes,2025,43.2533
51001,Alto Tapajós,Norte,deslocamento,pct_internacoes_fora_regiao,Internações fora da região de saúde,% das internações de residentes,2020,9.3761
51001,Alto Tapajós,Norte,deslocamento,pct_internacoes_fora_regiao,Internações fora da região de saúde,% das internações de residentes,2021,7.6102
51001,Alto Tapajós,Norte,deslocamento,pct_internacoes_fora_regiao,Internações fora da região de saúde,% das internações de residentes,2022,9.3182
51001,Alto Tapajós,Norte,deslocamento,pct_internacoes_fora_regiao,Internações fora da região de saúde,% das internações de residentes,2023,13.8268
51001,Alto Tapajós,Norte,deslocamento,pct_internacoes_fora_regiao,Internações fora da região de saúde,% das internações de residentes,2024,13.4
51001,Alto Tapajós,Norte,deslocamento,pct_internacoes_fora_regiao,Internações fora da região de saúde,% das internações de residentes,2025,11.8886
51001,Alto Tapajós,Norte,financiamento,desp_ab_pc,Despesa em atenção básica por habitante,R$ por habitante,2020,361.9362
51001,Alto Tapajós,Norte,financiamento,desp_ab_pc,Despesa em atenção básica por habitante,R$ por habitante,2021,425.495
51001,Alto Tapajós,Norte,financiamento,desp_ab_pc,Despesa em atenção básica por habitante,R$ por habitante,2022,501.7848
51001,Alto Tapajós,Norte,financiamento,desp_ab_pc,Despesa em atenção básica por habitante,R$ por habitante,2023,560.5868
51001,Alto Tapajós,Norte,financiamento,desp_ab_pc,Despesa em atenção básica por habitante,R$ por habitante,2024,529.132
51001,Alto Tapajós,Norte,financiamento,desp_ab_pc,Despesa em atenção básica por habitante,R$ por habitante,2025,574.6268
51001,Alto Tapajós,Norte,financiamento,desp_mac_pc,Despesa em média e alta complexidade por habitante,R$ por habitante,2020,303.0329
51001,Alto Tapajós,Norte,financiamento,desp_mac_pc,Despesa em média e alta complexidade por habitante,R$ por habitante,2021,522.1997
51001,Alto Tapajós,Norte,financiamento,desp_mac_pc,Despesa em média e alta complexidade por habitante,R$ por habitante,2022,520.7645
51001,Alto Tapajós,Norte,financiamento,desp_mac_pc,Despesa em média e alta complexidade por habitante,R$ por habitante,2023,550.5199
51001,Alto Tapajós,Norte,financiamento,desp_mac_pc,Despesa em média e alta complexidade por habitante,R$ por habitante,2024,689.7092
51001,Alto Tapajós,Norte,financiamento,desp_mac_pc,Despesa em média e alta complexidade por habitante,R$ por habitante,2025,759.0835
51001,Alto Tapajós,Norte,financiamento,desp_total_pc,Despesa em saúde por habitante,R$ por habitante,2020,857.8706
51001,Alto Tapajós,Norte,financiamento,desp_total_pc,Despesa em saúde por habitante,R$ por habitante,2021,1180.1163
51001,Alto Tapajós,Norte,financiamento,desp_total_pc,Despesa em saúde por habitante,R$ por habitante,2022,1214.0898
51001,Alto Tapajós,Norte,financiamento,desp_total_pc,Despesa em saúde por habitante,R$ por habitante,2023,1315.2597
51001,Alto Tapajós,Norte,financiamento,desp_total_pc,Despesa em saúde por habitante,R$ por habitante,2024,1497.9514
51001,Alto Tapajós,Norte,financiamento,desp_total_pc,Despesa em saúde por habitante,R$ por habitante,2025,1637.9712
51001,Alto Tapajós,Norte,financiamento,pct_capital,Despesa de capital,% da despesa total,2020,6.0623
51001,Alto Tapajós,Norte,financiamento,pct_capital,Despesa de capital,% da despesa total,2021,5.6965
51001,Alto Tapajós,Norte,financiamento,pct_capital,Despesa de capital,% da despesa total,2022,6.5335
51001,Alto Tapajós,Norte,financiamento,pct_capital,Despesa de capital,% da despesa total,2023,7.9584
51001,Alto Tapajós,Norte,financiamento,pct_capital,Despesa de capital,% da despesa total,2024,8.5595
51001,Alto Tapajós,Norte,financiamento,pct_capital,Despesa de capital,% da despesa total,2025,7.4084
51001,Alto Tapajós,Norte,financiamento,pct_recursos_proprios,Despesa com recursos próprios,% da despesa total,2020,54.6612
51001,Alto Tapajós,Norte,financiamento,pct_recursos_proprios,Despesa com recursos próprios,% da despesa total,2021,56.3968
51001,Alto Tapajós,Norte,financiamento,pct_recursos_proprios,Despesa com recursos próprios,% da despesa total,2022,60.3061
51001,Alto Tapajós,Norte,financiamento,pct_recursos_proprios,Despesa com recursos próprios,% da despesa total,2023,54.4915
51001,Alto Tapajós,Norte,financiamento,pct_recursos_proprios,Despesa com recursos próprios,% da despesa total,2024,56.9409
51001,Alto Tapajós,Norte,financiamento,pct_recursos_proprios,Despesa com recursos próprios,% da despesa total,2025,54.2124
51001,Alto Tapajós,Norte,media_alta,diarias_uti_p1000,Diárias de UTI por mil habitantes,diárias por mil hab.,2020,1.1229
51001,Alto Tapajós,Norte,media_alta,diarias_uti_p1000,Diárias de UTI por mil habitantes,diárias por mil hab.,2021,29.2278
51001,Alto Tapajós,Norte,media_alta,diarias_uti_p1000,Diárias de UTI por mil habitantes,diárias por mil hab.,2022,4.1024
51001,Alto Tapajós,Norte,media_alta,diarias_uti_p1000,Diárias de UTI por mil habitantes,diárias por mil hab.,2023,0.0
51001,Alto Tapajós,Norte,media_alta,diarias_uti_p1000,Diárias de UTI por mil habitantes,diárias por mil hab.,2024,0.0
51001,Alto Tapajós,Norte,media_alta,diarias_uti_p1000,Diárias de UTI por mil habitantes,diárias por mil hab.,2025,0.0
51001,Alto Tapajós,Norte,media_alta,internacoes_local_p1000,Internações realizadas no município por mil habitantes,internações por mil hab.,2020,46.9134
51001,Alto Tapajós,Norte,media_alta,internacoes_local_p1000,Internações realizadas no município por mil habitantes,internações por mil hab.,2021,56.3339
51001,Alto Tapajós,Norte,media_alta,internacoes_local_p1000,Internações realizadas no município por mil habitantes,internações por mil hab.,2022,57.092
51001,Alto Tapajós,Norte,media_alta,internacoes_local_p1000,Internações realizadas no município por mil habitantes,internações por mil hab.,2023,54.8526
51001,Alto Tapajós,Norte,media_alta,internacoes_local_p1000,Internações realizadas no município por mil habitantes,internações por mil hab.,2024,63.4774
51001,Alto Tapajós,Norte,media_alta,internacoes_local_p1000,Internações realizadas no município por mil habitantes,internações por mil hab.,2025,71.7672
51001,Alto Tapajós,Norte,media_alta,internacoes_res_p1000,Internações de residentes por mil habitantes,internações por mil hab.,2020,51.046
51001,Alto Tapajós,Norte,media_alta,internacoes_res_p1000,Internações de residentes por mil habitantes,internações por mil hab.,2021,59.9645
51001,Alto Tapajós,Norte,media_alta,internacoes_res_p1000,Internações de residentes por mil habitantes,internações por mil hab.,2022,61.8871
51001,Alto Tapajós,Norte,media_alta,internacoes_res_p1000,Internações de residentes por mil habitantes,internações por mil hab.,2023,60.6042
51001,Alto Tapajós,Norte,media_alta,internacoes_res_p1000,Internações de residentes por mil habitantes,internações por mil hab.,2024,70.4657
51001,Alto Tapajós,Norte,media_alta,internacoes_res_p1000,Internações de residentes por mil habitantes,internações por mil hab.,2025,78.9655
51001,Alto Tapajós,Norte,media_alta,mortalidade_hosp_pct,Mortalidade hospitalar,% das internações locais,2020,3.9043
51001,Alto Tapajós,Norte,media_alta,mortalidade_hosp_pct,Mortalidade hospitalar,% das internações locais,2021,5.4708
51001,Alto Tapajós,Norte,media_alta,mortalidade_hosp_pct,Mortalidade hospitalar,% das internações locais,2022,3.1673
51001,Alto Tapajós,Norte,media_alta,mortalidade_hosp_pct,Mortalidade hospitalar,% das internações locais,2023,2.1616
51001,Alto Tapajós,Norte,media_alta,mortalidade_hosp_pct,Mortalidade hospitalar,% das internações locais,2024,1.7
51001,Alto Tapajós,Norte,media_alta,mortalidade_hosp_pct,Mortalidade hospitalar,% das internações locais,2025,1.5616
51001,Alto Tapajós,Norte,media_alta,pct_urgencia,Internações de urgência,% das internações locais,2020,91.9168
51001,Alto Tapajós,Norte,media_alta,pct_urgencia,Internações de urgência,% das internações locais,2021,89.1558
51001,Alto Tapajós,Norte,media_alta,pct_urgencia,Internações de urgência,% das internações locais,2022,67.6016
51001,Alto Tapajós,Norte,media_alta,pct_urgencia,Internações de urgência,% das internações locais,2023,65.8009
51001,Alto Tapajós,Norte,media_alta,pct_urgencia,Internações de urgência,% das internações locais,2024,56.3888
51001,Alto Tapajós,Norte,media_alta,pct_urgencia,Internações de urgência,% das internações locais,2025,60.7688
51001,Alto Tapajós,Norte,media_alta,permanencia_media,Permanência média das internações,dias,2020,3.5248
51001,Alto Tapajós,Norte,media_alta,permanencia_media,Permanência média das internações,dias,2021,3.5349
51001,Alto Tapajós,Norte,media_alta,permanencia_media,Permanência média das internações,dias,2022,3.4355
51001,Alto Tapajós,Norte,media_alta,permanencia_media,Permanência média das internações,dias,2023,3.4477
51001,Alto Tapajós,Norte,media_alta,permanencia_media,Permanência média das internações,dias,2024,3.108
51001,Alto Tapajós,Norte,media_alta,permanencia_media,Permanência média das internações,dias,2025,3.2156
51001,Alto Tapajós,Norte,media_alta,qtd_ac_local_pc,Procedimentos de alta complexidade por habitante,procedimentos por hab.,2020,0.0371
51001,Alto Tapajós,Norte,media_alta,qtd_ac_local_pc,Procedimentos de alta complexidade por habitante,procedimentos por hab.,2021,0.069
51001,Alto Tapajós,Norte,media_alta,qtd_ac_local_pc,Procedimentos de alta complexidade por habitante,procedimentos por hab.,2022,0.0671
51001,Alto Tapajós,Norte,media_alta,qtd_ac_local_pc,Procedimentos de alta complexidade por habitante,procedimentos por hab.,2023,0.0516
51001,Alto Tapajós,Norte,media_alta,qtd_ac_local_pc,Procedimentos de alta complexidade por habitante,procedimentos por hab.,2024,0.0657
51001,Alto Tapajós,Norte,media_alta,qtd_ac_local_pc,Procedimentos de alta complexidade por habitante,procedimentos por hab.,2025,0.0893
51001,Alto Tapajós,Norte,media_alta,qtd_mc_local_pc,Procedimentos de média complexidade por habitante,procedimentos por hab.,2020,8.2176
51001,Alto Tapajós,Norte,media_alta,qtd_mc_local_pc,Procedimentos de média complexidade por habitante,procedimentos por hab.,2021,10.2551
51001,Alto Tapajós,Norte,media_alta,qtd_mc_local_pc,Procedimentos de média complexidade por habitante,procedimentos por hab.,2022,10.848
51001,Alto Tapajós,Norte,media_alta,qtd_mc_local_pc,Procedimentos de média complexidade por habitante,procedimentos por hab.,2023,11.151
51001,Alto Tapajós,Norte,media_alta,qtd_mc_local_pc,Procedimentos de média complexidade por habitante,procedimentos por hab.,2024,10.7558
51001,Alto Tapajós,Norte,media_alta,qtd_mc_local_pc,Procedimentos de média complexidade por habitante,procedimentos por hab.,2025,12.3064
51001,Alto Tapajós,Norte,media_alta,valor_sih_local_pc,Valor das internações realizadas no município por habitante,R$ por habitante,2020,29.0877
51001,Alto Tapajós,Norte,media_alta,valor_sih_local_pc,Valor das internações realizadas no município por habitante,R$ por habitante,2021,89.2078
51001,Alto Tapajós,Norte,media_alta,valor_sih_local_pc,Valor das internações realizadas no município por habitante,R$ por habitante,2022,40.2184
51001,Alto Tapajós,Norte,media_alta,valor_sih_local_pc,Valor das internações realizadas no município por habitante,R$ por habitante,2023,31.879
51001,Alto Tapajós,Norte,media_alta,valor_sih_local_pc,Valor das internações realizadas no município por habitante,R$ por habitante,2024,46.8892
51001,Alto Tapajós,Norte,media_alta,valor_sih_local_pc,Valor das internações realizadas no município por habitante,R$ por habitante,2025,54.2326
51001,Alto Tapajós,Norte,media_alta,valor_sih_res_pc,Valor das internações de residentes por habitante,R$ por habitante,2020,42.1233
51001,Alto Tapajós,Norte,media_alta,valor_sih_res_pc,Valor das internações de residentes por habitante,R$ por habitante,2021,95.382
51001,Alto Tapajós,Norte,media_alta,valor_sih_res_pc,Valor das internações de residentes por habitante,R$ por habitante,2022,55.0881
51001,Alto Tapajós,Norte,media_alta,valor_sih_res_pc,Valor das internações de residentes por habitante,R$ por habitante,2023,49.5498
51001,Alto Tapajós,Norte,media_alta,valor_sih_res_pc,Valor das internações de residentes por habitante,R$ por habitante,2024,68.8002
51001,Alto Tapajós,Norte,media_alta,valor_sih_res_pc,Valor das internações de residentes por habitante,R$ por habitante,2025,76.1522
51001,Alto Tapajós,Norte,resultados,pct_baixo_peso,Nascidos vivos com baixo peso,% dos nascidos vivos,2020,6.4056
51001,Alto Tapajós,Norte,resultados,pct_baixo_peso,Nascidos vivos com baixo peso,% dos nascidos vivos,2021,6.4713
51001,Alto Tapajós,Norte,resultados,pct_baixo_peso,Nascidos vivos com baixo peso,% dos nascidos vivos,2022,8.3744
51001,Alto Tapajós,Norte,resultados,pct_baixo_peso,Nascidos vivos com baixo peso,% dos nascidos vivos,2023,6.9532
51001,Alto Tapajós,Norte,resultados,pct_baixo_peso,Nascidos vivos com baixo peso,% dos nascidos vivos,2024,7.2023
51001,Alto Tapajós,Norte,resultados,pct_cesarea,Partos cesáreos,% dos nascidos vivos,2020,73.1335
51001,Alto Tapajós,Norte,resultados,pct_cesarea,Partos cesáreos,% dos nascidos vivos,2021,75.0758
51001,Alto Tapajós,Norte,resultados,pct_cesarea,Partos cesáreos,% dos nascidos vivos,2022,74.3092
51001,Alto Tapajós,Norte,resultados,pct_cesarea,Partos cesáreos,% dos nascidos vivos,2023,76.9626
51001,Alto Tapajós,Norte,resultados,pct_cesarea,Partos cesáreos,% dos nascidos vivos,2024,82.5621
51001,Alto Tapajós,Norte,resultados,pct_mae_adolescente,Nascidos vivos de mães adolescentes,% dos nascidos vivos,2020,13.0606
51001,Alto Tapajós,Norte,resultados,pct_mae_adolescente,Nascidos vivos de mães adolescentes,% dos nascidos vivos,2021,15.2206
51001,Alto Tapajós,Norte,resultados,pct_mae_adolescente,Nascidos vivos de mães adolescentes,% dos nascidos vivos,2022,14.2608
51001,Alto Tapajós,Norte,resultados,pct_mae_adolescente,Nascidos vivos de mães adolescentes,% dos nascidos vivos,2023,12.3351
51001,Alto Tapajós,Norte,resultados,pct_mae_adolescente,Nascidos vivos de mães adolescentes,% dos nascidos vivos,2024,12.2572
51001,Alto Tapajós,Norte,resultados,pct_prenatal_7mais,Nascidos vivos com 7 ou mais consultas de pré-natal,% dos nascidos vivos,2020,82.2625
51001,Alto Tapajós,Norte,resultados,pct_prenatal_7mais,Nascidos vivos com 7 ou mais consultas de pré-natal,% dos nascidos vivos,2021,84.0522
51001,Alto Tapajós,Norte,resultados,pct_prenatal_7mais,Nascidos vivos com 7 ou mais consultas de pré-natal,% dos nascidos vivos,2022,83.7015
51001,Alto Tapajós,Norte,resultados,pct_prenatal_7mais,Nascidos vivos com 7 ou mais consultas de pré-natal,% dos nascidos vivos,2023,87.3272
51001,Alto Tapajós,Norte,resultados,pct_prenatal_7mais,Nascidos vivos com 7 ou mais consultas de pré-natal,% dos nascidos vivos,2024,85.9736
51001,Alto Tapajós,Norte,resultados,taxa_mortalidade_geral,Taxa de mortalidade geral,óbitos por mil habitantes,2020,6.0747
51001,Alto Tapajós,Norte,resultados,taxa_mortalidade_geral,Taxa de mortalidade geral,óbitos por mil habitantes,2021,7.6728
51001,Alto Tapajós,Norte,resultados,taxa_mortalidade_geral,Taxa de mortalidade geral,óbitos por mil habitantes,2022,6.4235
51001,Alto Tapajós,Norte,resultados,taxa_mortalidade_geral,Taxa de mortalidade geral,óbitos por mil habitantes,2023,6.2029
51001,Alto Tapajós,Norte,resultados,taxa_mortalidade_geral,Taxa de mortalidade geral,óbitos por mil habitantes,2024,5.8656
51001,Alto Tapajós,Norte,resultados,taxa_mortalidade_infantil,Taxa de mortalidade infantil,óbitos por mil nascidos vivos,2020,9.9502
51001,Alto Tapajós,Norte,resultados,taxa_mortalidade_infantil,Taxa de mortalidade infantil,óbitos por mil nascidos vivos,2021,13.7807
51001,Alto Tapajós,Norte,resultados,taxa_mortalidade_infantil,Taxa de mortalidade infantil,óbitos por mil nascidos vivos,2022,11.8846
51001,Alto Tapajós,Norte,resultados,taxa_mortalidade_infantil,Taxa de mortalidade infantil,óbitos por mil nascidos vivos,2023,15.6951
51001,Alto Tapajós,Norte,resultados,taxa_mortalidade_infantil,Taxa de mortalidade infantil,óbitos por mil nascidos vivos,2024,12.0025
51002,Baixada Cuiabana,Centro-Norte,atencao_basica,atend_individual_pc,Atendimentos individuais na atenção básica por habitante,atendimentos por hab.,2020,0.5158
51002,Baixada Cuiabana,Centro-Norte,atencao_basica,atend_individual_pc,Atendimentos individuais na atenção básica por habitante,atendimentos por hab.,2021,0.727
51002,Baixada Cuiabana,Centro-Norte,atencao_basica,atend_individual_pc,Atendimentos individuais na atenção básica por habitante,atendimentos por hab.,2022,0.8222
51002,Baixada Cuiabana,Centro-Norte,atencao_basica,atend_individual_pc,Atendimentos individuais na atenção básica por habitante,atendimentos por hab.,2023,0.9153
51002,Baixada Cuiabana,Centro-Norte,atencao_basica,atend_individual_pc,Atendimentos individuais na atenção básica por habitante,atendimentos por hab.,2024,1.0776
51002,Baixada Cuiabana,Centro-Norte,atencao_basica,atend_individual_pc,Atendimentos individuais na atenção básica por habitante,atendimentos por hab.,2025,1.2474
51002,Baixada Cuiabana,Centro-Norte,atencao_basica,atend_odonto_pc,Atendimentos odontológicos por habitante,atendimentos por hab.,2020,0.038
51002,Baixada Cuiabana,Centro-Norte,atencao_basica,atend_odonto_pc,Atendimentos odontológicos por habitante,atendimentos por hab.,2021,0.0688
51002,Baixada Cuiabana,Centro-Norte,atencao_basica,atend_odonto_pc,Atendimentos odontológicos por habitante,atendimentos por hab.,2022,0.1023
51002,Baixada Cuiabana,Centro-Norte,atencao_basica,atend_odonto_pc,Atendimentos odontológicos por habitante,atendimentos por hab.,2023,0.1146
51002,Baixada Cuiabana,Centro-Norte,atencao_basica,atend_odonto_pc,Atendimentos odontológicos por habitante,atendimentos por hab.,2024,0.12
51002,Baixada Cuiabana,Centro-Norte,atencao_basica,atend_odonto_pc,Atendimentos odontológicos por habitante,atendimentos por hab.,2025,0.1215
51002,Baixada Cuiabana,Centro-Norte,atencao_basica,doses_menor1_por_nv,Doses de vacina em menores de 1 ano por nascido vivo,doses por nascido vivo,2020,12.5945
51002,Baixada Cuiabana,Centro-Norte,atencao_basica,doses_menor1_por_nv,Doses de vacina em menores de 1 ano por nascido vivo,doses por nascido vivo,2021,12.5763
51002,Baixada Cuiabana,Centro-Norte,atencao_basica,doses_menor1_por_nv,Doses de vacina em menores de 1 ano por nascido vivo,doses por nascido vivo,2022,13.1074
51002,Baixada Cuiabana,Centro-Norte,atencao_basica,doses_menor1_por_nv,Doses de vacina em menores de 1 ano por nascido vivo,doses por nascido vivo,2023,13.3436
51002,Baixada Cuiabana,Centro-Norte,atencao_basica,doses_menor1_por_nv,Doses de vacina em menores de 1 ano por nascido vivo,doses por nascido vivo,2024,14.2786
51002,Baixada Cuiabana,Centro-Norte,atencao_basica,doses_pc,Doses de vacina aplicadas por habitante,doses por hab.,2020,0.6421
51002,Baixada Cuiabana,Centro-Norte,atencao_basica,doses_pc,Doses de vacina aplicadas por habitante,doses por hab.,2021,0.5971
51002,Baixada Cuiabana,Centro-Norte,atencao_basica,doses_pc,Doses de vacina aplicadas por habitante,doses por hab.,2022,0.65
51002,Baixada Cuiabana,Centro-Norte,atencao_basica,doses_pc,Doses de vacina aplicadas por habitante,doses por hab.,2023,0.6447
51002,Baixada Cuiabana,Centro-Norte,atencao_basica,doses_pc,Doses de vacina aplicadas por habitante,doses por hab.,2024,0.7447
51002,Baixada Cuiabana,Centro-Norte,atencao_basica,doses_pc,Doses de vacina aplicadas por habitante,doses por hab.,2025,0.7786
51002,Baixada Cuiabana,Centro-Norte,atencao_basica,procedimentos_ab_pc,Procedimentos na atenção básica por habitante,procedimentos por hab.,2020,0.8265
51002,Baixada Cuiabana,Centro-Norte,atencao_basica,procedimentos_ab_pc,Procedimentos na atenção básica por habitante,procedimentos por hab.,2021,1.1894
51002,Baixada Cuiabana,Centro-Norte,atencao_basica,procedimentos_ab_pc,Procedimentos na atenção básica por habitante,procedimentos por hab.,2022,1.4268
51002,Baixada Cuiabana,Centro-Norte,atencao_basica,procedimentos_ab_pc,Procedimentos na atenção básica por habitante,procedimentos por hab.,2023,1.551
51002,Baixada Cuiabana,Centro-Norte,atencao_basica,procedimentos_ab_pc,Procedimentos na atenção básica por habitante,procedimentos por hab.,2024,1.8399
51002,Baixada Cuiabana,Centro-Norte,atencao_basica,procedimentos_ab_pc,Procedimentos na atenção básica por habitante,procedimentos por hab.,2025,2.2527
51002,Baixada Cuiabana,Centro-Norte,atencao_basica,visitas_pc,Visitas domiciliares por habitante,visitas por hab.,2020,1.1088
51002,Baixada Cuiabana,Centro-Norte,atencao_basica,visitas_pc,Visitas domiciliares por habitante,visitas por hab.,2021,1.2009
51002,Baixada Cuiabana,Centro-Norte,atencao_basica,visitas_pc,Visitas domiciliares por habitante,visitas por hab.,2022,1.6607
51002,Baixada Cuiabana,Centro-Norte,atencao_basica,visitas_pc,Visitas domiciliares por habitante,visitas por hab.,2023,1.5846
51002,Baixada Cuiabana,Centro-Norte,atencao_basica,visitas_pc,Visitas domiciliares por habitante,visitas por hab.,2024,1.4913
51002,Baixada Cuiabana,Centro-Norte,atencao_basica,visitas_pc,Visitas domiciliares por habitante,visitas por hab.,2025,1.827
51002,Baixada Cuiabana,Centro-Norte,capacidade,equip_sus_p10000,Equipamentos SUS em uso por 10 mil habitantes,equipamentos por 10 mil hab.,2020,83.2389
51002,Baixada Cuiabana,Centro-Norte,capacidade,equip_sus_p10000,Equipamentos SUS em uso por 10 mil habitantes,equipamentos por 10 mil hab.,2021,87.8517
51002,Baixada Cuiabana,Centro-Norte,capacidade,equip_sus_p10000,Equipamentos SUS em uso por 10 mil habitantes,equipamentos por 10 mil hab.,2022,93.0132
51002,Baixada Cuiabana,Centro-Norte,capacidade,equip_sus_p10000,Equipamentos SUS em uso por 10 mil habitantes,equipamentos por 10 mil hab.,2023,100.9754
51002,Baixada Cuiabana,Centro-Norte,capacidade,equip_sus_p10000,Equipamentos SUS em uso por 10 mil habitantes,equipamentos por 10 mil hab.,2024,108.3026
51002,Baixada Cuiabana,Centro-Norte,capacidade,equip_sus_p10000,Equipamentos SUS em uso por 10 mil habitantes,equipamentos por 10 mil hab.,2025,115.9597
51002,Baixada Cuiabana,Centro-Norte,capacidade,equipes_esf_p10000,Equipes de Saúde da Família por 10 mil habitantes,equipes por 10 mil hab.,2020,1.511
51002,Baixada Cuiabana,Centro-Norte,capacidade,equipes_esf_p10000,Equipes de Saúde da Família por 10 mil habitantes,equipes por 10 mil hab.,2021,1.6751
51002,Baixada Cuiabana,Centro-Norte,capacidade,equipes_esf_p10000,Equipes de Saúde da Família por 10 mil habitantes,equipes por 10 mil hab.,2022,1.7225
51002,Baixada Cuiabana,Centro-Norte,capacidade,equipes_esf_p10000,Equipes de Saúde da Família por 10 mil habitantes,equipes por 10 mil hab.,2023,2.1145
51002,Baixada Cuiabana,Centro-Norte,capacidade,equipes_esf_p10000,Equipes de Saúde da Família por 10 mil habitantes,equipes por 10 mil hab.,2024,2.4658
51002,Baixada Cuiabana,Centro-Norte,capacidade,equipes_esf_p10000,Equipes de Saúde da Família por 10 mil habitantes,equipes por 10 mil hab.,2025,2.286
51002,Baixada Cuiabana,Centro-Norte,capacidade,fte_acs_p1000,Agentes comunitários de saúde por mil habitantes,FTE por mil hab.,2020,1.537
51002,Baixada Cuiabana,Centro-Norte,capacidade,fte_acs_p1000,Agentes comunitários de saúde por mil habitantes,FTE por mil hab.,2021,1.5149
51002,Baixada Cuiabana,Centro-Norte,capacidade,fte_acs_p1000,Agentes comunitários de saúde por mil habitantes,FTE por mil hab.,2022,1.5224
51002,Baixada Cuiabana,Centro-Norte,capacidade,fte_acs_p1000,Agentes comunitários de saúde por mil habitantes,FTE por mil hab.,2023,1.428
51002,Baixada Cuiabana,Centro-Norte,capacidade,fte_acs_p1000,Agentes comunitários de saúde por mil habitantes,FTE por mil hab.,2024,1.4102
51002,Baixada Cuiabana,Centro-Norte,capacidade,fte_acs_p1000,Agentes comunitários de saúde por mil habitantes,FTE por mil hab.,2025,1.5592
51002,Baixada Cuiabana,Centro-Norte,capacidade,fte_dentistas_p1000,Dentistas SUS por mil habitantes,FTE por mil hab.,2020,0.2905
51002,Baixada Cuiabana,Centro-Norte,capacidade,fte_dentistas_p1000,Dentistas SUS por mil habitantes,FTE por mil hab.,2021,0.2818
51002,Baixada Cuiabana,Centro-Norte,capacidade,fte_dentistas_p1000,Dentistas SUS por mil habitantes,FTE por mil hab.,2022,0.2844
51002,Baixada Cuiabana,Centro-Norte,capacidade,fte_dentistas_p1000,Dentistas SUS por mil habitantes,FTE por mil hab.,2023,0.2843
51002,Baixada Cuiabana,Centro-Norte,capacidade,fte_dentistas_p1000,Dentistas SUS por mil habitantes,FTE por mil hab.,2024,0.2978
51002,Baixada Cuiabana,Centro-Norte,capacidade,fte_dentistas_p1000,Dentistas SUS por mil habitantes,FTE por mil hab.,2025,0.3124
51002,Baixada Cuiabana,Centro-Norte,capacidade,fte_enfermeiros_p1000,Enfermeiros SUS por mil habitantes,FTE por mil hab.,2020,1.6854
51002,Baixada Cuiabana,Centro-Norte,capacidade,fte_enfermeiros_p1000,Enfermeiros SUS por mil habitantes,FTE por mil hab.,2021,2.1042
51002,Baixada Cuiabana,Centro-Norte,capacidade,fte_enfermeiros_p1000,Enfermeiros SUS por mil habitantes,FTE por mil hab.,2022,2.2358
51002,Baixada Cuiabana,Centro-Norte,capacidade,fte_enfermeiros_p1000,Enfermeiros SUS por mil habitantes,FTE por mil hab.,2023,2.3473
51002,Baixada Cuiabana,Centro-Norte,capacidade,fte_enfermeiros_p1000,Enfermeiros SUS por mil habitantes,FTE por mil hab.,2024,2.3039
51002,Baixada Cuiabana,Centro-Norte,capacidade,fte_enfermeiros_p1000,Enfermeiros SUS por mil habitantes,FTE por mil hab.,2025,2.2615
51002,Baixada Cuiabana,Centro-Norte,capacidade,fte_medicos_p1000,Médicos SUS por mil habitantes,FTE por mil hab.,2020,1.5422
51002,Baixada Cuiabana,Centro-Norte,capacidade,fte_medicos_p1000,Médicos SUS por mil habitantes,FTE por mil hab.,2021,1.7308
51002,Baixada Cuiabana,Centro-Norte,capacidade,fte_medicos_p1000,Médicos SUS por mil habitantes,FTE por mil hab.,2022,1.867
51002,Baixada Cuiabana,Centro-Norte,capacidade,fte_medicos_p1000,Médicos SUS por mil habitantes,FTE por mil hab.,2023,2.0001
51002,Baixada Cuiabana,Centro-Norte,capacidade,fte_medicos_p1000,Médicos SUS por mil habitantes,FTE por mil hab.,2024,2.2088
51002,Baixada Cuiabana,Centro-Norte,capacidade,fte_medicos_p1000,Médicos SUS por mil habitantes,FTE por mil hab.,2025,2.3941
51002,Baixada Cuiabana,Centro-Norte,capacidade,fte_tec_enfermagem_p1000,Técnicos de enfermagem SUS por mil habitantes,FTE por mil hab.,2020,3.6203
51002,Baixada Cuiabana,Centro-Norte,capacidade,fte_tec_enfermagem_p1000,Técnicos de enfermagem SUS por mil habitantes,FTE por mil hab.,2021,4.1995
51002,Baixada Cuiabana,Centro-Norte,capacidade,fte_tec_enfermagem_p1000,Técnicos de enfermagem SUS por mil habitantes,FTE por mil hab.,2022,4.4845
51002,Baixada Cuiabana,Centro-Norte,capacidade,fte_tec_enfermagem_p1000,Técnicos de enfermagem SUS por mil habitantes,FTE por mil hab.,2023,4.7871
51002,Baixada Cuiabana,Centro-Norte,capacidade,fte_tec_enfermagem_p1000,Técnicos de enfermagem SUS por mil habitantes,FTE por mil hab.,2024,4.644
51002,Baixada Cuiabana,Centro-Norte,capacidade,fte_tec_enfermagem_p1000,Técnicos de enfermagem SUS por mil habitantes,FTE por mil hab.,2025,4.6684
51002,Baixada Cuiabana,Centro-Norte,capacidade,leitos_sus_p1000,Leitos SUS por mil habitantes,leitos por mil hab.,2020,2.0259
51002,Baixada Cuiabana,Centro-Norte,capacidade,leitos_sus_p1000,Leitos SUS por mil habitantes,leitos por mil hab.,2021,2.1171
51002,Baixada Cuiabana,Centro-Norte,capacidade,leitos_sus_p1000,Leitos SUS por mil habitantes,leitos por mil hab.,2022,1.9855
51002,Baixada Cuiabana,Centro-Norte,capacidade,leitos_sus_p1000,Leitos SUS por mil habitantes,leitos por mil hab.,2023,1.952
51002,Baixada Cuiabana,Centro-Norte,capacidade,leitos_sus_p1000,Leitos SUS por mil habitantes,leitos por mil hab.,2024,1.9767
51002,Baixada Cuiabana,Centro-Norte,capacidade,leitos_sus_p1000,Leitos SUS por mil habitantes,leitos por mil hab.,2025,2.0895
51002,Baixada Cuiabana,Centro-Norte,capacidade,leitos_uti_sus,Leitos de UTI SUS,leitos,2020,269.0
51002,Baixada Cuiabana,Centro-Norte,capacidade,leitos_uti_sus,Leitos de UTI SUS,leitos,2021,439.0
51002,Baixada Cuiabana,Centro-Norte,capacidade,leitos_uti_sus,Leitos de UTI SUS,leitos,2022,290.0
51002,Baixada Cuiabana,Centro-Norte,capacidade,leitos_uti_sus,Leitos de UTI SUS,leitos,2023,302.0
51002,Baixada Cuiabana,Centro-Norte,capacidade,leitos_uti_sus,Leitos de UTI SUS,leitos,2024,318.0
51002,Baixada Cuiabana,Centro-Norte,capacidade,leitos_uti_sus,Leitos de UTI SUS,leitos,2025,318.0
51002,Baixada Cuiabana,Centro-Norte,capacidade,n_equipes_eap,Equipes de atenção primária (eAP),equipes,2020,4.0
51002,Baixada Cuiabana,Centro-Norte,capacidade,n_equipes_eap,Equipes de atenção primária (eAP),equipes,2021,20.0
51002,Baixada Cuiabana,Centro-Norte,capacidade,n_equipes_eap,Equipes de atenção primária (eAP),equipes,2022,15.0
51002,Baixada Cuiabana,Centro-Norte,capacidade,n_equipes_eap,Equipes de atenção primária (eAP),equipes,2023,5.0
51002,Baixada Cuiabana,Centro-Norte,capacidade,n_equipes_eap,Equipes de atenção primária (eAP),equipes,2024,4.0
51002,Baixada Cuiabana,Centro-Norte,capacidade,n_equipes_eap,Equipes de atenção primária (eAP),equipes,2025,3.0
51002,Baixada Cuiabana,Centro-Norte,capacidade,n_equipes_esb,Equipes de saúde bucal,equipes,2020,66.0
51002,Baixada Cuiabana,Centro-Norte,capacidade,n_equipes_esb,Equipes de saúde bucal,equipes,2021,77.0
51002,Baixada Cuiabana,Centro-Norte,capacidade,n_equipes_esb,Equipes de saúde bucal,equipes,2022,81.0
51002,Baixada Cuiabana,Centro-Norte,capacidade,n_equipes_esb,Equipes de saúde bucal,equipes,2023,91.0
51002,Baixada Cuiabana,Centro-Norte,capacidade,n_equipes_esb,Equipes de saúde bucal,equipes,2024,113.0
51002,Baixada Cuiabana,Centro-Norte,capacidade,n_equipes_esb,Equipes de saúde bucal,equipes,2025,109.0
51002,Baixada Cuiabana,Centro-Norte,capacidade,n_estab_sus,Estabelecimentos com atendimento SUS,estabelecimentos,2020,403.0
51002,Baixada Cuiabana,Centro-Norte,capacidade,n_estab_sus,Estabelecimentos com atendimento SUS,estabelecimentos,2021,422.0
51002,Baixada Cuiabana,Centro-Norte,capacidade,n_estab_sus,Estabelecimentos com atendimento SUS,estabelecimentos,2022,434.0
51002,Baixada Cuiabana,Centro-Norte,capacidade,n_estab_sus,Estabelecimentos com atendimento SUS,estabelecimentos,2023,450.0
51002,Baixada Cuiabana,Centro-Norte,capacidade,n_estab_sus,Estabelecimentos com atendimento SUS,estabelecimentos,2024,463.0
51002,Baixada Cuiabana,Centro-Norte,capacidade,n_estab_sus,Estabelecimentos com atendimento SUS,estabelecimentos,2025,482.0
51002,Baixada Cuiabana,Centro-Norte,capacidade,n_hospitais_sus,Hospitais SUS,hospitais,2020,22.0
51002,Baixada Cuiabana,Centro-Norte,capacidade,n_hospitais_sus,Hospitais SUS,hospitais,2021,21.0
51002,Baixada Cuiabana,Centro-Norte,capacidade,n_hospitais_sus,Hospitais SUS,hospitais,2022,22.0
51002,Baixada Cuiabana,Centro-Norte,capacidade,n_hospitais_sus,Hospitais SUS,hospitais,2023,24.0
51002,Baixada Cuiabana,Centro-Norte,capacidade,n_hospitais_sus,Hospitais SUS,hospitais,2024,25.0
51002,Baixada Cuiabana,Centro-Norte,capacidade,n_hospitais_sus,Hospitais SUS,hospitais,2025,26.0
51002,Baixada Cuiabana,Centro-Norte,capacidade,n_ubs,Unidades básicas de saúde,unidades,2020,168.0
51002,Baixada Cuiabana,Centro-Norte,capacidade,n_ubs,Unidades básicas de saúde,unidades,2021,175.0
51002,Baixada Cuiabana,Centro-Norte,capacidade,n_ubs,Unidades básicas de saúde,unidades,2022,176.0
51002,Baixada Cuiabana,Centro-Norte,capacidade,n_ubs,Unidades básicas de saúde,unidades,2023,173.0
51002,Baixada Cuiabana,Centro-Norte,capacidade,n_ubs,Unidades básicas de saúde,unidades,2024,170.0
51002,Baixada Cuiabana,Centro-Norte,capacidade,n_ubs,Unidades básicas de saúde,unidades,2025,172.0
51002,Baixada Cuiabana,Centro-Norte,capacidade,n_upa,Unidades de pronto atendimento,unidades,2020,9.0
51002,Baixada Cuiabana,Centro-Norte,capacidade,n_upa,Unidades de pronto atendimento,unidades,2021,9.0
51002,Baixada Cuiabana,Centro-Norte,capacidade,n_upa,Unidades de pronto atendimento,unidades,2022,9.0
51002,Baixada Cuiabana,Centro-Norte,capacidade,n_upa,Unidades de pronto atendimento,unidades,2023,9.0
51002,Baixada Cuiabana,Centro-Norte,capacidade,n_upa,Unidades de pronto atendimento,unidades,2024,10.0
51002,Baixada Cuiabana,Centro-Norte,capacidade,n_upa,Unidades de pronto atendimento,unidades,2025,11.0
51002,Baixada Cuiabana,Centro-Norte,contexto,populacao,População,habitantes,2020,1016924.0
51002,Baixada Cuiabana,Centro-Norte,contexto,populacao,População,habitantes,2021,1028372.0
51002,Baixada Cuiabana,Centro-Norte,contexto,populacao,População,habitantes,2022,1056139.0
51002,Baixada Cuiabana,Centro-Norte,contexto,populacao,População,habitantes,2023,1079470.0
51002,Baixada Cuiabana,Centro-Norte,contexto,populacao,População,habitantes,2024,1103436.0
51002,Baixada Cuiabana,Centro-Norte,contexto,populacao,População,habitantes,2025,1116572.0
51002,Baixada Cuiabana,Centro-Norte,deslocamento,km_medio_internacao,Distância média até a internação,km,2020,8.7291
51002,Baixada Cuiabana,Centro-Norte,deslocamento,km_medio_internacao,Distância média até a internação,km,2021,8.4082
51002,Baixada Cuiabana,Centro-Norte,deslocamento,km_medio_internacao,Distância média até a internação,km,2022,8.2724
51002,Baixada Cuiabana,Centro-Norte,deslocamento,km_medio_internacao,Distância média até a internação,km,2023,9.2393
51002,Baixada Cuiabana,Centro-Norte,deslocamento,km_medio_internacao,Distância média até a internação,km,2024,9.2339
51002,Baixada Cuiabana,Centro-Norte,deslocamento,km_medio_internacao,Distância média até a internação,km,2025,9.613
51002,Baixada Cuiabana,Centro-Norte,deslocamento,pct_internacoes_fora_mun,Internações fora do município de residência,% das internações de residentes,2020,27.8859
51002,Baixada Cuiabana,Centro-Norte,deslocamento,pct_internacoes_fora_mun,Internações fora do município de residência,% das internações de residentes,2021,24.4078
51002,Baixada Cuiabana,Centro-Norte,deslocamento,pct_internacoes_fora_mun,Internações fora do município de residência,% das internações de residentes,2022,23.4995
51002,Baixada Cuiabana,Centro-Norte,deslocamento,pct_internacoes_fora_mun,Internações fora do município de residência,% das internações de residentes,2023,24.6414
51002,Baixada Cuiabana,Centro-Norte,deslocamento,pct_internacoes_fora_mun,Internações fora do município de residência,% das internações de residentes,2024,24.8403
51002,Baixada Cuiabana,Centro-Norte,deslocamento,pct_internacoes_fora_mun,Internações fora do município de residência,% das internações de residentes,2025,24.7619
51002,Baixada Cuiabana,Centro-Norte,deslocamento,pct_internacoes_fora_regiao,Internações fora da região de saúde,% das internações de residentes,2020,0.6838
51002,Baixada Cuiabana,Centro-Norte,deslocamento,pct_internacoes_fora_regiao,Internações fora da região de saúde,% das internações de residentes,2021,0.8599
51002,Baixada Cuiabana,Centro-Norte,deslocamento,pct_internacoes_fora_regiao,Internações fora da região de saúde,% das internações de residentes,2022,0.7486
51002,Baixada Cuiabana,Centro-Norte,deslocamento,pct_internacoes_fora_regiao,Internações fora da região de saúde,% das internações de residentes,2023,0.9655
51002,Baixada Cuiabana,Centro-Norte,deslocamento,pct_internacoes_fora_regiao,Internações fora da região de saúde,% das internações de residentes,2024,1.0627
51002,Baixada Cuiabana,Centro-Norte,deslocamento,pct_internacoes_fora_regiao,Internações fora da região de saúde,% das internações de residentes,2025,0.8954
51002,Baixada Cuiabana,Centro-Norte,financiamento,desp_ab_pc,Despesa em atenção básica por habitante,R$ por habitante,2020,105.3966
51002,Baixada Cuiabana,Centro-Norte,financiamento,desp_ab_pc,Despesa em atenção básica por habitante,R$ por habitante,2021,111.6834
51002,Baixada Cuiabana,Centro-Norte,financiamento,desp_ab_pc,Despesa em atenção básica por habitante,R$ por habitante,2022,111.0569
51002,Baixada Cuiabana,Centro-Norte,financiamento,desp_ab_pc,Despesa em atenção básica por habitante,R$ por habitante,2023,117.5752
51002,Baixada Cuiabana,Centro-Norte,financiamento,desp_ab_pc,Despesa em atenção básica por habitante,R$ por habitante,2024,111.5813
51002,Baixada Cuiabana,Centro-Norte,financiamento,desp_ab_pc,Despesa em atenção básica por habitante,R$ por habitante,2025,126.9639
51002,Baixada Cuiabana,Centro-Norte,financiamento,desp_mac_pc,Despesa em média e alta complexidade por habitante,R$ por habitante,2020,602.4753
51002,Baixada Cuiabana,Centro-Norte,financiamento,desp_mac_pc,Despesa em média e alta complexidade por habitante,R$ por habitante,2021,702.1283
51002,Baixada Cuiabana,Centro-Norte,financiamento,desp_mac_pc,Despesa em média e alta complexidade por habitante,R$ por habitante,2022,725.3786
51002,Baixada Cuiabana,Centro-Norte,financiamento,desp_mac_pc,Despesa em média e alta complexidade por habitante,R$ por habitante,2023,715.0802
51002,Baixada Cuiabana,Centro-Norte,financiamento,desp_mac_pc,Despesa em média e alta complexidade por habitante,R$ por habitante,2024,663.1843
51002,Baixada Cuiabana,Centro-Norte,financiamento,desp_mac_pc,Despesa em média e alta complexidade por habitante,R$ por habitante,2025,733.6663
51002,Baixada Cuiabana,Centro-Norte,financiamento,desp_total_pc,Despesa em saúde por habitante,R$ por habitante,2020,1286.2221
51002,Baixada Cuiabana,Centro-Norte,financiamento,desp_total_pc,Despesa em saúde por habitante,R$ por habitante,2021,1462.2185
51002,Baixada Cuiabana,Centro-Norte,financiamento,desp_total_pc,Despesa em saúde por habitante,R$ por habitante,2022,1510.2625
51002,Baixada Cuiabana,Centro-Norte,financiamento,desp_total_pc,Despesa em saúde por habitante,R$ por habitante,2023,1565.7723
51002,Baixada Cuiabana,Centro-Norte,financiamento,desp_total_pc,Despesa em saúde por habitante,R$ por habitante,2024,1547.6223
51002,Baixada Cuiabana,Centro-Norte,financiamento,desp_total_pc,Despesa em saúde por habitante,R$ por habitante,2025,1697.7855
51002,Baixada Cuiabana,Centro-Norte,financiamento,pct_capital,Despesa de capital,% da despesa total,2020,2.1896
51002,Baixada Cuiabana,Centro-Norte,financiamento,pct_capital,Despesa de capital,% da despesa total,2021,0.5906
51002,Baixada Cuiabana,Centro-Norte,financiamento,pct_capital,Despesa de capital,% da despesa total,2022,1.0287
51002,Baixada Cuiabana,Centro-Norte,financiamento,pct_capital,Despesa de capital,% da despesa total,2023,0.8866
51002,Baixada Cuiabana,Centro-Norte,financiamento,pct_capital,Despesa de capital,% da despesa total,2024,0.7142
51002,Baixada Cuiabana,Centro-Norte,financiamento,pct_capital,Despesa de capital,% da despesa total,2025,0.8182
51002,Baixada Cuiabana,Centro-Norte,financiamento,pct_recursos_proprios,Despesa com recursos próprios,% da despesa total,2020,47.2143
51002,Baixada Cuiabana,Centro-Norte,financiamento,pct_recursos_proprios,Despesa com recursos próprios,% da despesa total,2021,46.8439
51002,Baixada Cuiabana,Centro-Norte,financiamento,pct_recursos_proprios,Despesa com recursos próprios,% da despesa total,2022,47.7112
51002,Baixada Cuiabana,Centro-Norte,financiamento,pct_recursos_proprios,Despesa com recursos próprios,% da despesa total,2023,44.0755
51002,Baixada Cuiabana,Centro-Norte,financiamento,pct_recursos_proprios,Despesa com recursos próprios,% da despesa total,2024,40.5414
51002,Baixada Cuiabana,Centro-Norte,financiamento,pct_recursos_proprios,Despesa com recursos próprios,% da despesa total,2025,45.4992
51002,Baixada Cuiabana,Centro-Norte,media_alta,diarias_uti_p1000,Diárias de UTI por mil habitantes,diárias por mil hab.,2020,49.1089
51002,Baixada Cuiabana,Centro-Norte,media_alta,diarias_uti_p1000,Diárias de UTI por mil habitantes,diárias por mil hab.,2021,71.9409
51002,Baixada Cuiabana,Centro-Norte,media_alta,diarias_uti_p1000,Diárias de UTI por mil habitantes,diárias por mil hab.,2022,60.207
51002,Baixada Cuiabana,Centro-Norte,media_alta,diarias_uti_p1000,Diárias de UTI por mil habitantes,diárias por mil hab.,2023,65.484
51002,Baixada Cuiabana,Centro-Norte,media_alta,diarias_uti_p1000,Diárias de UTI por mil habitantes,diárias por mil hab.,2024,79.7572
51002,Baixada Cuiabana,Centro-Norte,media_alta,diarias_uti_p1000,Diárias de UTI por mil habitantes,diárias por mil hab.,2025,81.683
51002,Baixada Cuiabana,Centro-Norte,media_alta,internacoes_local_p1000,Internações realizadas no município por mil habitantes,internações por mil hab.,2020,46.8619
51002,Baixada Cuiabana,Centro-Norte,media_alta,internacoes_local_p1000,Internações realizadas no município por mil habitantes,internações por mil hab.,2021,51.0768
51002,Baixada Cuiabana,Centro-Norte,media_alta,internacoes_local_p1000,Internações realizadas no município por mil habitantes,internações por mil hab.,2022,53.1246
51002,Baixada Cuiabana,Centro-Norte,media_alta,internacoes_local_p1000,Internações realizadas no município por mil habitantes,internações por mil hab.,2023,59.8238
51002,Baixada Cuiabana,Centro-Norte,media_alta,internacoes_local_p1000,Internações realizadas no município por mil habitantes,internações por mil hab.,2024,65.0577
51002,Baixada Cuiabana,Centro-Norte,media_alta,internacoes_local_p1000,Internações realizadas no município por mil habitantes,internações por mil hab.,2025,72.2605
51002,Baixada Cuiabana,Centro-Norte,media_alta,internacoes_res_p1000,Internações de residentes por mil habitantes,internações por mil hab.,2020,39.118
51002,Baixada Cuiabana,Centro-Norte,media_alta,internacoes_res_p1000,Internações de residentes por mil habitantes,internações por mil hab.,2021,42.4059
51002,Baixada Cuiabana,Centro-Norte,media_alta,internacoes_res_p1000,Internações de residentes por mil habitantes,internações por mil hab.,2022,43.5075
51002,Baixada Cuiabana,Centro-Norte,media_alta,internacoes_res_p1000,Internações de residentes por mil habitantes,internações por mil hab.,2023,47.3992
51002,Baixada Cuiabana,Centro-Norte,media_alta,internacoes_res_p1000,Internações de residentes por mil habitantes,internações por mil hab.,2024,51.5073
51002,Baixada Cuiabana,Centro-Norte,media_alta,internacoes_res_p1000,Internações de residentes por mil habitantes,internações por mil hab.,2025,56.4119
51002,Baixada Cuiabana,Centro-Norte,media_alta,mortalidade_hosp_pct,Mortalidade hospitalar,% das internações locais,2020,5.9007
51002,Baixada Cuiabana,Centro-Norte,media_alta,mortalidade_hosp_pct,Mortalidade hospitalar,% das internações locais,2021,8.6319
51002,Baixada Cuiabana,Centro-Norte,media_alta,mortalidade_hosp_pct,Mortalidade hospitalar,% das internações locais,2022,4.6483
51002,Baixada Cuiabana,Centro-Norte,media_alta,mortalidade_hosp_pct,Mortalidade hospitalar,% das internações locais,2023,4.3126
51002,Baixada Cuiabana,Centro-Norte,media_alta,mortalidade_hosp_pct,Mortalidade hospitalar,% das internações locais,2024,4.6262
51002,Baixada Cuiabana,Centro-Norte,media_alta,mortalidade_hosp_pct,Mortalidade hospitalar,% das internações locais,2025,4.3689
51002,Baixada Cuiabana,Centro-Norte,media_alta,pct_urgencia,Internações de urgência,% das internações locais,2020,81.9536
51002,Baixada Cuiabana,Centro-Norte,media_alta,pct_urgencia,Internações de urgência,% das internações locais,2021,77.9347
51002,Baixada Cuiabana,Centro-Norte,media_alta,pct_urgencia,Internações de urgência,% das internações locais,2022,80.0114
51002,Baixada Cuiabana,Centro-Norte,media_alta,pct_urgencia,Internações de urgência,% das internações locais,2023,66.7844
51002,Baixada Cuiabana,Centro-Norte,media_alta,pct_urgencia,Internações de urgência,% das internações locais,2024,73.1247
51002,Baixada Cuiabana,Centro-Norte,media_alta,pct_urgencia,Internações de urgência,% das internações locais,2025,73.2772
51002,Baixada Cuiabana,Centro-Norte,media_alta,permanencia_media,Permanência média das internações,dias,2020,5.1356
51002,Baixada Cuiabana,Centro-Norte,media_alta,permanencia_media,Permanência média das internações,dias,2021,5.3118
51002,Baixada Cuiabana,Centro-Norte,media_alta,permanencia_media,Permanência média das internações,dias,2022,5.5848
51002,Baixada Cuiabana,Centro-Norte,media_alta,permanencia_media,Permanência média das internações,dias,2023,5.1282
51002,Baixada Cuiabana,Centro-Norte,media_alta,permanencia_media,Permanência média das internações,dias,2024,5.3898
51002,Baixada Cuiabana,Centro-Norte,media_alta,permanencia_media,Permanência média das internações,dias,2025,5.2729
51002,Baixada Cuiabana,Centro-Norte,media_alta,qtd_ac_local_pc,Procedimentos de alta complexidade por habitante,procedimentos por hab.,2020,7.4926
51002,Baixada Cuiabana,Centro-Norte,media_alta,qtd_ac_local_pc,Procedimentos de alta complexidade por habitante,procedimentos por hab.,2021,7.9934
51002,Baixada Cuiabana,Centro-Norte,media_alta,qtd_ac_local_pc,Procedimentos de alta complexidade por habitante,procedimentos por hab.,2022,7.9713
51002,Baixada Cuiabana,Centro-Norte,media_alta,qtd_ac_local_pc,Procedimentos de alta complexidade por habitante,procedimentos por hab.,2023,9.5431
51002,Baixada Cuiabana,Centro-Norte,media_alta,qtd_ac_local_pc,Procedimentos de alta complexidade por habitante,procedimentos por hab.,2024,11.7307
51002,Baixada Cuiabana,Centro-Norte,media_alta,qtd_ac_local_pc,Procedimentos de alta complexidade por habitante,procedimentos por hab.,2025,13.4054
51002,Baixada Cuiabana,Centro-Norte,media_alta,qtd_mc_local_pc,Procedimentos de média complexidade por habitante,procedimentos por hab.,2020,8.9919
51002,Baixada Cuiabana,Centro-Norte,media_alta,qtd_mc_local_pc,Procedimentos de média complexidade por habitante,procedimentos por hab.,2021,10.6788
51002,Baixada Cuiabana,Centro-Norte,media_alta,qtd_mc_local_pc,Procedimentos de média complexidade por habitante,procedimentos por hab.,2022,11.0815
51002,Baixada Cuiabana,Centro-Norte,media_alta,qtd_mc_local_pc,Procedimentos de média complexidade por habitante,procedimentos por hab.,2023,10.9304
51002,Baixada Cuiabana,Centro-Norte,media_alta,qtd_mc_local_pc,Procedimentos de média complexidade por habitante,procedimentos por hab.,2024,12.8653
51002,Baixada Cuiabana,Centro-Norte,media_alta,qtd_mc_local_pc,Procedimentos de média complexidade por habitante,procedimentos por hab.,2025,13.5291
51002,Baixada Cuiabana,Centro-Norte,media_alta,valor_sih_local_pc,Valor das internações realizadas no município por habitante,R$ por habitante,2020,91.4096
51002,Baixada Cuiabana,Centro-Norte,media_alta,valor_sih_local_pc,Valor das internações realizadas no município por habitante,R$ por habitante,2021,140.4333
51002,Baixada Cuiabana,Centro-Norte,media_alta,valor_sih_local_pc,Valor das internações realizadas no município por habitante,R$ por habitante,2022,104.0656
51002,Baixada Cuiabana,Centro-Norte,media_alta,valor_sih_local_pc,Valor das internações realizadas no município por habitante,R$ por habitante,2023,117.3437
51002,Baixada Cuiabana,Centro-Norte,media_alta,valor_sih_local_pc,Valor das internações realizadas no município por habitante,R$ por habitante,2024,142.2996
51002,Baixada Cuiabana,Centro-Norte,media_alta,valor_sih_local_pc,Valor das internações realizadas no município por habitante,R$ por habitante,2025,155.961
51002,Baixada Cuiabana,Centro-Norte,media_alta,valor_sih_res_pc,Valor das internações de residentes por habitante,R$ por habitante,2020,67.5094
51002,Baixada Cuiabana,Centro-Norte,media_alta,valor_sih_res_pc,Valor das internações de residentes por habitante,R$ por habitante,2021,99.776
51002,Baixada Cuiabana,Centro-Norte,media_alta,valor_sih_res_pc,Valor das internações de residentes por habitante,R$ por habitante,2022,75.9148
51002,Baixada Cuiabana,Centro-Norte,media_alta,valor_sih_res_pc,Valor das internações de residentes por habitante,R$ por habitante,2023,81.4377
51002,Baixada Cuiabana,Centro-Norte,media_alta,valor_sih_res_pc,Valor das internações de residentes por habitante,R$ por habitante,2024,97.0043
51002,Baixada Cuiabana,Centro-Norte,media_alta,valor_sih_res_pc,Valor das internações de residentes por habitante,R$ por habitante,2025,105.7627
51002,Baixada Cuiabana,Centro-Norte,resultados,pct_baixo_peso,Nascidos vivos com baixo peso,% dos nascidos vivos,2020,8.389
51002,Baixada Cuiabana,Centro-Norte,resultados,pct_baixo_peso,Nascidos vivos com baixo peso,% dos nascidos vivos,2021,8.4327
51002,Baixada Cuiabana,Centro-Norte,resultados,pct_baixo_peso,Nascidos vivos com baixo peso,% dos nascidos vivos,2022,8.9278
51002,Baixada Cuiabana,Centro-Norte,resultados,pct_baixo_peso,Nascidos vivos com baixo peso,% dos nascidos vivos,2023,8.7543
51002,Baixada Cuiabana,Centro-Norte,resultados,pct_baixo_peso,Nascidos vivos com baixo peso,% dos nascidos vivos,2024,8.6565
51002,Baixada Cuiabana,Centro-Norte,resultados,pct_cesarea,Partos cesáreos,% dos nascidos vivos,2020,55.6855
51002,Baixada Cuiabana,Centro-Norte,resultados,pct_cesarea,Partos cesáreos,% dos nascidos vivos,2021,56.0718
51002,Baixada Cuiabana,Centro-Norte,resultados,pct_cesarea,Partos cesáreos,% dos nascidos vivos,2022,53.4878
51002,Baixada Cuiabana,Centro-Norte,resultados,pct_cesarea,Partos cesáreos,% dos nascidos vivos,2023,53.1053
51002,Baixada Cuiabana,Centro-Norte,resultados,pct_cesarea,Partos cesáreos,% dos nascidos vivos,2024,55.6638
51002,Baixada Cuiabana,Centro-Norte,resultados,pct_mae_adolescente,Nascidos vivos de mães adolescentes,% dos nascidos vivos,2020,12.4112
51002,Baixada Cuiabana,Centro-Norte,resultados,pct_mae_adolescente,Nascidos vivos de mães adolescentes,% dos nascidos vivos,2021,13.1792
51002,Baixada Cuiabana,Centro-Norte,resultados,pct_mae_adolescente,Nascidos vivos de mães adolescentes,% dos nascidos vivos,2022,12.1744
51002,Baixada Cuiabana,Centro-Norte,resultados,pct_mae_adolescente,Nascidos vivos de mães adolescentes,% dos nascidos vivos,2023,11.9914
51002,Baixada Cuiabana,Centro-Norte,resultados,pct_mae_adolescente,Nascidos vivos de mães adolescentes,% dos nascidos vivos,2024,12.299
51002,Baixada Cuiabana,Centro-Norte,resultados,pct_prenatal_7mais,Nascidos vivos com 7 ou mais consultas de pré-natal,% dos nascidos vivos,2020,65.6982
51002,Baixada Cuiabana,Centro-Norte,resultados,pct_prenatal_7mais,Nascidos vivos com 7 ou mais consultas de pré-natal,% dos nascidos vivos,2021,68.488
51002,Baixada Cuiabana,Centro-Norte,resultados,pct_prenatal_7mais,Nascidos vivos com 7 ou mais consultas de pré-natal,% dos nascidos vivos,2022,68.2685
51002,Baixada Cuiabana,Centro-Norte,resultados,pct_prenatal_7mais,Nascidos vivos com 7 ou mais consultas de pré-natal,% dos nascidos vivos,2023,70.8009
51002,Baixada Cuiabana,Centro-Norte,resultados,pct_prenatal_7mais,Nascidos vivos com 7 ou mais consultas de pré-natal,% dos nascidos vivos,2024,77.2357
51002,Baixada Cuiabana,Centro-Norte,resultados,taxa_mortalidade_geral,Taxa de mortalidade geral,óbitos por mil habitantes,2020,7.7911
51002,Baixada Cuiabana,Centro-Norte,resultados,taxa_mortalidade_geral,Taxa de mortalidade geral,óbitos por mil habitantes,2021,9.2
51002,Baixada Cuiabana,Centro-Norte,resultados,taxa_mortalidade_geral,Taxa de mortalidade geral,óbitos por mil habitantes,2022,6.2236
51002,Baixada Cuiabana,Centro-Norte,resultados,taxa_mortalidade_geral,Taxa de mortalidade geral,óbitos por mil habitantes,2023,6.2734
51002,Baixada Cuiabana,Centro-Norte,resultados,taxa_mortalidade_geral,Taxa de mortalidade geral,óbitos por mil habitantes,2024,6.3764
51002,Baixada Cuiabana,Centro-Norte,resultados,taxa_mortalidade_infantil,Taxa de mortalidade infantil,óbitos por mil nascidos vivos,2020,13.0961
51002,Baixada Cuiabana,Centro-Norte,resultados,taxa_mortalidade_infantil,Taxa de mortalidade infantil,óbitos por mil nascidos vivos,2021,11.5422
51002,Baixada Cuiabana,Centro-Norte,resultados,taxa_mortalidade_infantil,Taxa de mortalidade infantil,óbitos por mil nascidos vivos,2022,13.8422
51002,Baixada Cuiabana,Centro-Norte,resultados,taxa_mortalidade_infantil,Taxa de mortalidade infantil,óbitos por mil nascidos vivos,2023,13.8626
51002,Baixada Cuiabana,Centro-Norte,resultados,taxa_mortalidade_infantil,Taxa de mortalidade infantil,óbitos por mil nascidos vivos,2024,15.348
51003,Araguaia Xingu,Leste,atencao_basica,atend_individual_pc,Atendimentos individuais na atenção básica por habitante,atendimentos por hab.,2020,0.9808
51003,Araguaia Xingu,Leste,atencao_basica,atend_individual_pc,Atendimentos individuais na atenção básica por habitante,atendimentos por hab.,2021,1.3338
51003,Araguaia Xingu,Leste,atencao_basica,atend_individual_pc,Atendimentos individuais na atenção básica por habitante,atendimentos por hab.,2022,1.8758
51003,Araguaia Xingu,Leste,atencao_basica,atend_individual_pc,Atendimentos individuais na atenção básica por habitante,atendimentos por hab.,2023,2.0769
51003,Araguaia Xingu,Leste,atencao_basica,atend_individual_pc,Atendimentos individuais na atenção básica por habitante,atendimentos por hab.,2024,2.0789
51003,Araguaia Xingu,Leste,atencao_basica,atend_individual_pc,Atendimentos individuais na atenção básica por habitante,atendimentos por hab.,2025,2.1157
51003,Araguaia Xingu,Leste,atencao_basica,atend_odonto_pc,Atendimentos odontológicos por habitante,atendimentos por hab.,2020,0.0608
51003,Araguaia Xingu,Leste,atencao_basica,atend_odonto_pc,Atendimentos odontológicos por habitante,atendimentos por hab.,2021,0.1304
51003,Araguaia Xingu,Leste,atencao_basica,atend_odonto_pc,Atendimentos odontológicos por habitante,atendimentos por hab.,2022,0.2196
51003,Araguaia Xingu,Leste,atencao_basica,atend_odonto_pc,Atendimentos odontológicos por habitante,atendimentos por hab.,2023,0.2335
51003,Araguaia Xingu,Leste,atencao_basica,atend_odonto_pc,Atendimentos odontológicos por habitante,atendimentos por hab.,2024,0.2117
51003,Araguaia Xingu,Leste,atencao_basica,atend_odonto_pc,Atendimentos odontológicos por habitante,atendimentos por hab.,2025,0.2585
51003,Araguaia Xingu,Leste,atencao_basica,doses_menor1_por_nv,Doses de vacina em menores de 1 ano por nascido vivo,doses por nascido vivo,2020,13.6981
51003,Araguaia Xingu,Leste,atencao_basica,doses_menor1_por_nv,Doses de vacina em menores de 1 ano por nascido vivo,doses por nascido vivo,2021,15.0692
51003,Araguaia Xingu,Leste,atencao_basica,doses_menor1_por_nv,Doses de vacina em menores de 1 ano por nascido vivo,doses por nascido vivo,2022,15.7373
51003,Araguaia Xingu,Leste,atencao_basica,doses_menor1_por_nv,Doses de vacina em menores de 1 ano por nascido vivo,doses por nascido vivo,2023,16.2991
51003,Araguaia Xingu,Leste,atencao_basica,doses_menor1_por_nv,Doses de vacina em menores de 1 ano por nascido vivo,doses por nascido vivo,2024,17.0097
51003,Araguaia Xingu,Leste,atencao_basica,doses_pc,Doses de vacina aplicadas por habitante,doses por hab.,2020,0.7555
51003,Araguaia Xingu,Leste,atencao_basica,doses_pc,Doses de vacina aplicadas por habitante,doses por hab.,2021,0.6568
51003,Araguaia Xingu,Leste,atencao_basica,doses_pc,Doses de vacina aplicadas por habitante,doses por hab.,2022,0.8163
51003,Araguaia Xingu,Leste,atencao_basica,doses_pc,Doses de vacina aplicadas por habitante,doses por hab.,2023,0.8217
51003,Araguaia Xingu,Leste,atencao_basica,doses_pc,Doses de vacina aplicadas por habitante,doses por hab.,2024,0.8938
51003,Araguaia Xingu,Leste,atencao_basica,doses_pc,Doses de vacina aplicadas por habitante,doses por hab.,2025,0.8952
51003,Araguaia Xingu,Leste,atencao_basica,procedimentos_ab_pc,Procedimentos na atenção básica por habitante,procedimentos por hab.,2020,1.543
51003,Araguaia Xingu,Leste,atencao_basica,procedimentos_ab_pc,Procedimentos na atenção básica por habitante,procedimentos por hab.,2021,2.2323
51003,Araguaia Xingu,Leste,atencao_basica,procedimentos_ab_pc,Procedimentos na atenção básica por habitante,procedimentos por hab.,2022,3.7166
51003,Araguaia Xingu,Leste,atencao_basica,procedimentos_ab_pc,Procedimentos na atenção básica por habitante,procedimentos por hab.,2023,3.5686
51003,Araguaia Xingu,Leste,atencao_basica,procedimentos_ab_pc,Procedimentos na atenção básica por habitante,procedimentos por hab.,2024,3.6017
51003,Araguaia Xingu,Leste,atencao_basica,procedimentos_ab_pc,Procedimentos na atenção básica por habitante,procedimentos por hab.,2025,3.9744
51003,Araguaia Xingu,Leste,atencao_basica,visitas_pc,Visitas domiciliares por habitante,visitas por hab.,2020,2.2014
51003,Araguaia Xingu,Leste,atencao_basica,visitas_pc,Visitas domiciliares por habitante,visitas por hab.,2021,2.9667
51003,Araguaia Xingu,Leste,atencao_basica,visitas_pc,Visitas domiciliares por habitante,visitas por hab.,2022,4.8509
51003,Araguaia Xingu,Leste,atencao_basica,visitas_pc,Visitas domiciliares por habitante,visitas por hab.,2023,4.8335
51003,Araguaia Xingu,Leste,atencao_basica,visitas_pc,Visitas domiciliares por habitante,visitas por hab.,2024,5.1235
51003,Araguaia Xingu,Leste,atencao_basica,visitas_pc,Visitas domiciliares por habitante,visitas por hab.,2025,5.9345
51003,Araguaia Xingu,Leste,capacidade,equip_sus_p10000,Equipamentos SUS em uso por 10 mil habitantes,equipamentos por 10 mil hab.,2020,21.3921
51003,Araguaia Xingu,Leste,capacidade,equip_sus_p10000,Equipamentos SUS em uso por 10 mil habitantes,equipamentos por 10 mil hab.,2021,23.3121
51003,Araguaia Xingu,Leste,capacidade,equip_sus_p10000,Equipamentos SUS em uso por 10 mil habitantes,equipamentos por 10 mil hab.,2022,27.5457
51003,Araguaia Xingu,Leste,capacidade,equip_sus_p10000,Equipamentos SUS em uso por 10 mil habitantes,equipamentos por 10 mil hab.,2023,29.449
51003,Araguaia Xingu,Leste,capacidade,equip_sus_p10000,Equipamentos SUS em uso por 10 mil habitantes,equipamentos por 10 mil hab.,2024,34.4787
51003,Araguaia Xingu,Leste,capacidade,equip_sus_p10000,Equipamentos SUS em uso por 10 mil habitantes,equipamentos por 10 mil hab.,2025,35.6792
51003,Araguaia Xingu,Leste,capacidade,equipes_esf_p10000,Equipes de Saúde da Família por 10 mil habitantes,equipes por 10 mil hab.,2020,2.9577
51003,Araguaia Xingu,Leste,capacidade,equipes_esf_p10000,Equipes de Saúde da Família por 10 mil habitantes,equipes por 10 mil hab.,2021,3.1024
51003,Araguaia Xingu,Leste,capacidade,equipes_esf_p10000,Equipes de Saúde da Família por 10 mil habitantes,equipes por 10 mil hab.,2022,3.3031
51003,Araguaia Xingu,Leste,capacidade,equipes_esf_p10000,Equipes de Saúde da Família por 10 mil habitantes,equipes por 10 mil hab.,2023,3.327
51003,Araguaia Xingu,Leste,capacidade,equipes_esf_p10000,Equipes de Saúde da Família por 10 mil habitantes,equipes por 10 mil hab.,2024,3.2933
51003,Araguaia Xingu,Leste,capacidade,equipes_esf_p10000,Equipes de Saúde da Família por 10 mil habitantes,equipes por 10 mil hab.,2025,3.1665
51003,Araguaia Xingu,Leste,capacidade,fte_acs_p1000,Agentes comunitários de saúde por mil habitantes,FTE por mil hab.,2020,3.5401
51003,Araguaia Xingu,Leste,capacidade,fte_acs_p1000,Agentes comunitários de saúde por mil habitantes,FTE por mil hab.,2021,3.4223
51003,Araguaia Xingu,Leste,capacidade,fte_acs_p1000,Agentes comunitários de saúde por mil habitantes,FTE por mil hab.,2022,3.5243
51003,Araguaia Xingu,Leste,capacidade,fte_acs_p1000,Agentes comunitários de saúde por mil habitantes,FTE por mil hab.,2023,3.335
51003,Araguaia Xingu,Leste,capacidade,fte_acs_p1000,Agentes comunitários de saúde por mil habitantes,FTE por mil hab.,2024,3.7217
51003,Araguaia Xingu,Leste,capacidade,fte_acs_p1000,Agentes comunitários de saúde por mil habitantes,FTE por mil hab.,2025,3.8447
51003,Araguaia Xingu,Leste,capacidade,fte_dentistas_p1000,Dentistas SUS por mil habitantes,FTE por mil hab.,2020,0.2569
51003,Araguaia Xingu,Leste,capacidade,fte_dentistas_p1000,Dentistas SUS por mil habitantes,FTE por mil hab.,2021,0.2566
51003,Araguaia Xingu,Leste,capacidade,fte_dentistas_p1000,Dentistas SUS por mil habitantes,FTE por mil hab.,2022,0.2731
51003,Araguaia Xingu,Leste,capacidade,fte_dentistas_p1000,Dentistas SUS por mil habitantes,FTE por mil hab.,2023,0.2933
51003,Araguaia Xingu,Leste,capacidade,fte_dentistas_p1000,Dentistas SUS por mil habitantes,FTE por mil hab.,2024,0.2954
51003,Araguaia Xingu,Leste,capacidade,fte_dentistas_p1000,Dentistas SUS por mil habitantes,FTE por mil hab.,2025,0.2682
51003,Araguaia Xingu,Leste,capacidade,fte_enfermeiros_p1000,Enfermeiros SUS por mil habitantes,FTE por mil hab.,2020,0.7877
51003,Araguaia Xingu,Leste,capacidade,fte_enfermeiros_p1000,Enfermeiros SUS por mil habitantes,FTE por mil hab.,2021,0.9199
51003,Araguaia Xingu,Leste,capacidade,fte_enfermeiros_p1000,Enfermeiros SUS por mil habitantes,FTE por mil hab.,2022,1.017
51003,Araguaia Xingu,Leste,capacidade,fte_enfermeiros_p1000,Enfermeiros SUS por mil habitantes,FTE por mil hab.,2023,0.9986
51003,Araguaia Xingu,Leste,capacidade,fte_enfermeiros_p1000,Enfermeiros SUS por mil habitantes,FTE por mil hab.,2024,1.057
51003,Araguaia Xingu,Leste,capacidade,fte_enfermeiros_p1000,Enfermeiros SUS por mil habitantes,FTE por mil hab.,2025,1.2163
51003,Araguaia Xingu,Leste,capacidade,fte_medicos_p1000,Médicos SUS por mil habitantes,FTE por mil hab.,2020,0.5384
51003,Araguaia Xingu,Leste,capacidade,fte_medicos_p1000,Médicos SUS por mil habitantes,FTE por mil hab.,2021,0.6612
51003,Araguaia Xingu,Leste,capacidade,fte_medicos_p1000,Médicos SUS por mil habitantes,FTE por mil hab.,2022,0.766
51003,Araguaia Xingu,Leste,capacidade,fte_medicos_p1000,Médicos SUS por mil habitantes,FTE por mil hab.,2023,0.7578
51003,Araguaia Xingu,Leste,capacidade,fte_medicos_p1000,Médicos SUS por mil habitantes,FTE por mil hab.,2024,0.849
51003,Araguaia Xingu,Leste,capacidade,fte_medicos_p1000,Médicos SUS por mil habitantes,FTE por mil hab.,2025,0.9205
51003,Araguaia Xingu,Leste,capacidade,fte_tec_enfermagem_p1000,Técnicos de enfermagem SUS por mil habitantes,FTE por mil hab.,2020,1.6489
51003,Araguaia Xingu,Leste,capacidade,fte_tec_enfermagem_p1000,Técnicos de enfermagem SUS por mil habitantes,FTE por mil hab.,2021,1.9976
51003,Araguaia Xingu,Leste,capacidade,fte_tec_enfermagem_p1000,Técnicos de enfermagem SUS por mil habitantes,FTE por mil hab.,2022,2.3629
51003,Araguaia Xingu,Leste,capacidade,fte_tec_enfermagem_p1000,Técnicos de enfermagem SUS por mil habitantes,FTE por mil hab.,2023,2.3959
51003,Araguaia Xingu,Leste,capacidade,fte_tec_enfermagem_p1000,Técnicos de enfermagem SUS por mil habitantes,FTE por mil hab.,2024,2.5939
51003,Araguaia Xingu,Leste,capacidade,fte_tec_enfermagem_p1000,Técnicos de enfermagem SUS por mil habitantes,FTE por mil hab.,2025,2.7506
51003,Araguaia Xingu,Leste,capacidade,leitos_sus_p1000,Leitos SUS por mil habitantes,leitos por mil hab.,2020,1.3188
51003,Araguaia Xingu,Leste,capacidade,leitos_sus_p1000,Leitos SUS por mil habitantes,leitos por mil hab.,2021,1.5682
51003,Araguaia Xingu,Leste,capacidade,leitos_sus_p1000,Leitos SUS por mil habitantes,leitos por mil hab.,2022,1.4247
51003,Araguaia Xingu,Leste,capacidade,leitos_sus_p1000,Leitos SUS por mil habitantes,leitos por mil hab.,2023,1.4911
51003,Araguaia Xingu,Leste,capacidade,leitos_sus_p1000,Leitos SUS por mil habitantes,leitos por mil hab.,2024,1.5432
51003,Araguaia Xingu,Leste,capacidade,leitos_sus_p1000,Leitos SUS por mil habitantes,leitos por mil hab.,2025,1.3976
51003,Araguaia Xingu,Leste,capacidade,leitos_uti_sus,Leitos de UTI SUS,leitos,2020,0.0
51003,Araguaia Xingu,Leste,capacidade,leitos_uti_sus,Leitos de UTI SUS,leitos,2021,0.0
51003,Araguaia Xingu,Leste,capacidade,leitos_uti_sus,Leitos de UTI SUS,leitos,2022,0.0
51003,Araguaia Xingu,Leste,capacidade,leitos_uti_sus,Leitos de UTI SUS,leitos,2023,0.0
51003,Araguaia Xingu,Leste,capacidade,leitos_uti_sus,Leitos de UTI SUS,leitos,2024,0.0
51003,Araguaia Xingu,Leste,capacidade,leitos_uti_sus,Leitos de UTI SUS,leitos,2025,0.0
51003,Araguaia Xingu,Leste,capacidade,n_equipes_eap,Equipes de atenção primária (eAP),equipes,2020,0.0
51003,Araguaia Xingu,Leste,capacidade,n_equipes_eap,Equipes de atenção primária (eAP),equipes,2021,0.0
51003,Araguaia Xingu,Leste,capacidade,n_equipes_eap,Equipes de atenção primária (eAP),equipes,2022,0.0
51003,Araguaia Xingu,Leste,capacidade,n_equipes_eap,Equipes de atenção primária (eAP),equipes,2023,1.0
51003,Araguaia Xingu,Leste,capacidade,n_equipes_eap,Equipes de atenção primária (eAP),equipes,2024,2.0
51003,Araguaia Xingu,Leste,capacidade,n_equipes_eap,Equipes de atenção primária (eAP),equipes,2025,2.0
51003,Araguaia Xingu,Leste,capacidade,n_equipes_esb,Equipes de saúde bucal,equipes,2020,19.0
51003,Araguaia Xingu,Leste,capacidade,n_equipes_esb,Equipes de saúde bucal,equipes,2021,19.0
51003,Araguaia Xingu,Leste,capacidade,n_equipes_esb,Equipes de saúde bucal,equipes,2022,20.0
51003,Araguaia Xingu,Leste,capacidade,n_equipes_esb,Equipes de saúde bucal,equipes,2023,21.0
51003,Araguaia Xingu,Leste,capacidade,n_equipes_esb,Equipes de saúde bucal,equipes,2024,22.0
51003,Araguaia Xingu,Leste,capacidade,n_equipes_esb,Equipes de saúde bucal,equipes,2025,20.0
51003,Araguaia Xingu,Leste,capacidade,n_estab_sus,Estabelecimentos com atendimento SUS,estabelecimentos,2020,80.0
51003,Araguaia Xingu,Leste,capacidade,n_estab_sus,Estabelecimentos com atendimento SUS,estabelecimentos,2021,84.0
51003,Araguaia Xingu,Leste,capacidade,n_estab_sus,Estabelecimentos com atendimento SUS,estabelecimentos,2022,88.0
51003,Araguaia Xingu,Leste,capacidade,n_estab_sus,Estabelecimentos com atendimento SUS,estabelecimentos,2023,95.0
51003,Araguaia Xingu,Leste,capacidade,n_estab_sus,Estabelecimentos com atendimento SUS,estabelecimentos,2024,99.0
51003,Araguaia Xingu,Leste,capacidade,n_estab_sus,Estabelecimentos com atendimento SUS,estabelecimentos,2025,101.0
51003,Araguaia Xingu,Leste,capacidade,n_hospitais_sus,Hospitais SUS,hospitais,2020,4.0
51003,Araguaia Xingu,Leste,capacidade,n_hospitais_sus,Hospitais SUS,hospitais,2021,4.0
51003,Araguaia Xingu,Leste,capacidade,n_hospitais_sus,Hospitais SUS,hospitais,2022,4.0
51003,Araguaia Xingu,Leste,capacidade,n_hospitais_sus,Hospitais SUS,hospitais,2023,4.0
51003,Araguaia Xingu,Leste,capacidade,n_hospitais_sus,Hospitais SUS,hospitais,2024,4.0
51003,Araguaia Xingu,Leste,capacidade,n_hospitais_sus,Hospitais SUS,hospitais,2025,4.0
51003,Araguaia Xingu,Leste,capacidade,n_ubs,Unidades básicas de saúde,unidades,2020,26.0
51003,Araguaia Xingu,Leste,capacidade,n_ubs,Unidades básicas de saúde,unidades,2021,26.0
51003,Araguaia Xingu,Leste,capacidade,n_ubs,Unidades básicas de saúde,unidades,2022,26.0
51003,Araguaia Xingu,Leste,capacidade,n_ubs,Unidades básicas de saúde,unidades,2023,27.0
51003,Araguaia Xingu,Leste,capacidade,n_ubs,Unidades básicas de saúde,unidades,2024,26.0
51003,Araguaia Xingu,Leste,capacidade,n_ubs,Unidades básicas de saúde,unidades,2025,26.0
51003,Araguaia Xingu,Leste,capacidade,n_upa,Unidades de pronto atendimento,unidades,2020,1.0
51003,Araguaia Xingu,Leste,capacidade,n_upa,Unidades de pronto atendimento,unidades,2021,1.0
51003,Araguaia Xingu,Leste,capacidade,n_upa,Unidades de pronto atendimento,unidades,2022,1.0
51003,Araguaia Xingu,Leste,capacidade,n_upa,Unidades de pronto atendimento,unidades,2023,2.0
51003,Araguaia Xingu,Leste,capacidade,n_upa,Unidades de pronto atendimento,unidades,2024,4.0
51003,Araguaia Xingu,Leste,capacidade,n_upa,Unidades de pronto atendimento,unidades,2025,4.0
51003,Araguaia Xingu,Leste,contexto,populacao,População,habitantes,2020,92132.0
51003,Araguaia Xingu,Leste,contexto,populacao,População,habitantes,2021,93475.0
51003,Araguaia Xingu,Leste,contexto,populacao,População,habitantes,2022,87796.0
51003,Araguaia Xingu,Leste,contexto,populacao,População,habitantes,2023,89419.0
51003,Araguaia Xingu,Leste,contexto,populacao,População,habitantes,2024,91094.0
51003,Araguaia Xingu,Leste,contexto,populacao,População,habitantes,2025,92121.0
51003,Araguaia Xingu,Leste,deslocamento,km_medio_internacao,Distância média até a internação,km,2020,85.436
51003,Araguaia Xingu,Leste,deslocamento,km_medio_internacao,Distância média até a internação,km,2021,79.0527
51003,Araguaia Xingu,Leste,deslocamento,km_medio_internacao,Distância média até a internação,km,2022,65.2981
51003,Araguaia Xingu,Leste,deslocamento,km_medio_internacao,Distância média até a internação,km,2023,83.6007
51003,Araguaia Xingu,Leste,deslocamento,km_medio_internacao,Distância média até a internação,km,2024,109.2951
51003,Araguaia Xingu,Leste,deslocamento,km_medio_internacao,Distância média até a internação,km,2025,112.0918
51003,Araguaia Xingu,Leste,deslocamento,pct_internacoes_fora_mun,Internações fora do município de residência,% das internações de residentes,2020,40.0835
51003,Araguaia Xingu,Leste,deslocamento,pct_internacoes_fora_mun,Internações fora do município de residência,% das internações de residentes,2021,33.2094
51003,Araguaia Xingu,Leste,deslocamento,pct_internacoes_fora_mun,Internações fora do município de residência,% das internações de residentes,2022,32.8204
51003,Araguaia Xingu,Leste,deslocamento,pct_internacoes_fora_mun,Internações fora do município de residência,% das internações de residentes,2023,35.9665
51003,Araguaia Xingu,Leste,deslocamento,pct_internacoes_fora_mun,Internações fora do município de residência,% das internações de residentes,2024,38.1189
51003,Araguaia Xingu,Leste,deslocamento,pct_internacoes_fora_mun,Internações fora do município de residência,% das internações de residentes,2025,38.6661
51003,Araguaia Xingu,Leste,deslocamento,pct_internacoes_fora_regiao,Internações fora da região de saúde,% das internações de residentes,2020,8.9838
51003,Araguaia Xingu,Leste,deslocamento,pct_internacoes_fora_regiao,Internações fora da região de saúde,% das internações de residentes,2021,9.2971
51003,Araguaia Xingu,Leste,deslocamento,pct_internacoes_fora_regiao,Internações fora da região de saúde,% das internações de residentes,2022,7.0642
51003,Araguaia Xingu,Leste,deslocamento,pct_internacoes_fora_regiao,Internações fora da região de saúde,% das internações de residentes,2023,9.1891
51003,Araguaia Xingu,Leste,deslocamento,pct_internacoes_fora_regiao,Internações fora da região de saúde,% das internações de residentes,2024,12.9692
51003,Araguaia Xingu,Leste,deslocamento,pct_internacoes_fora_regiao,Internações fora da região de saúde,% das internações de residentes,2025,13.5843
51003,Araguaia Xingu,Leste,financiamento,desp_ab_pc,Despesa em atenção básica por habitante,R$ por habitante,2020,346.1408
51003,Araguaia Xingu,Leste,financiamento,desp_ab_pc,Despesa em atenção básica por habitante,R$ por habitante,2021,446.2502
51003,Araguaia Xingu,Leste,financiamento,desp_ab_pc,Despesa em atenção básica por habitante,R$ por habitante,2022,511.8642
51003,Araguaia Xingu,Leste,financiamento,desp_ab_pc,Despesa em atenção básica por habitante,R$ por habitante,2023,614.9133
51003,Araguaia Xingu,Leste,financiamento,desp_ab_pc,Despesa em atenção básica por habitante,R$ por habitante,2024,712.8211
51003,Araguaia Xingu,Leste,financiamento,desp_ab_pc,Despesa em atenção básica por habitante,R$ por habitante,2025,773.7154
51003,Araguaia Xingu,Leste,financiamento,desp_mac_pc,Despesa em média e alta complexidade por habitante,R$ por habitante,2020,442.244
51003,Araguaia Xingu,Leste,financiamento,desp_mac_pc,Despesa em média e alta complexidade por habitante,R$ por habitante,2021,552.5173
51003,Araguaia Xingu,Leste,financiamento,desp_mac_pc,Despesa em média e alta complexidade por habitante,R$ por habitante,2022,648.3059
51003,Araguaia Xingu,Leste,financiamento,desp_mac_pc,Despesa em média e alta complexidade por habitante,R$ por habitante,2023,686.4213
51003,Araguaia Xingu,Leste,financiamento,desp_mac_pc,Despesa em média e alta complexidade por habitante,R$ por habitante,2024,911.2266
51003,Araguaia Xingu,Leste,financiamento,desp_mac_pc,Despesa em média e alta complexidade por habitante,R$ por habitante,2025,934.7866
51003,Araguaia Xingu,Leste,financiamento,desp_total_pc,Despesa em saúde por habitante,R$ por habitante,2020,958.1521
51003,Araguaia Xingu,Leste,financiamento,desp_total_pc,Despesa em saúde por habitante,R$ por habitante,2021,1173.6291
51003,Araguaia Xingu,Leste,financiamento,desp_total_pc,Despesa em saúde por habitante,R$ por habitante,2022,1366.2315
51003,Araguaia Xingu,Leste,financiamento,desp_total_pc,Despesa em saúde por habitante,R$ por habitante,2023,1531.5555
51003,Araguaia Xingu,Leste,financiamento,desp_total_pc,Despesa em saúde por habitante,R$ por habitante,2024,1847.3687
51003,Araguaia Xingu,Leste,financiamento,desp_total_pc,Despesa em saúde por habitante,R$ por habitante,2025,1942.0356
51003,Araguaia Xingu,Leste,financiamento,pct_capital,Despesa de capital,% da despesa total,2020,6.0488
51003,Araguaia Xingu,Leste,financiamento,pct_capital,Despesa de capital,% da despesa total,2021,7.0969
51003,Araguaia Xingu,Leste,financiamento,pct_capital,Despesa de capital,% da despesa total,2022,6.8587
51003,Araguaia Xingu,Leste,financiamento,pct_capital,Despesa de capital,% da despesa total,2023,3.9517
51003,Araguaia Xingu,Leste,financiamento,pct_capital,Despesa de capital,% da despesa total,2024,5.3016
51003,Araguaia Xingu,Leste,financiamento,pct_capital,Despesa de capital,% da despesa total,2025,5.3533
51003,Araguaia Xingu,Leste,financiamento,pct_recursos_proprios,Despesa com recursos próprios,% da despesa total,2020,53.861
51003,Araguaia Xingu,Leste,financiamento,pct_recursos_proprios,Despesa com recursos próprios,% da despesa total,2021,63.7127
51003,Araguaia Xingu,Leste,financiamento,pct_recursos_proprios,Despesa com recursos próprios,% da despesa total,2022,56.0167
51003,Araguaia Xingu,Leste,financiamento,pct_recursos_proprios,Despesa com recursos próprios,% da despesa total,2023,59.5241
51003,Araguaia Xingu,Leste,financiamento,pct_recursos_proprios,Despesa com recursos próprios,% da despesa total,2024,59.3047
51003,Araguaia Xingu,Leste,financiamento,pct_recursos_proprios,Despesa com recursos próprios,% da despesa total,2025,66.5959
51003,Araguaia Xingu,Leste,media_alta,diarias_uti_p1000,Diárias de UTI por mil habitantes,diárias por mil hab.,2020,0.0
51003,Araguaia Xingu,Leste,media_alta,diarias_uti_p1000,Diárias de UTI por mil habitantes,diárias por mil hab.,2021,0.0
51003,Araguaia Xingu,Leste,media_alta,diarias_uti_p1000,Diárias de UTI por mil habitantes,diárias por mil hab.,2022,0.0
51003,Araguaia Xingu,Leste,media_alta,diarias_uti_p1000,Diárias de UTI por mil habitantes,diárias por mil hab.,2023,0.0
51003,Araguaia Xingu,Leste,media_alta,diarias_uti_p1000,Diárias de UTI por mil habitantes,diárias por mil hab.,2024,0.0
51003,Araguaia Xingu,Leste,media_alta,diarias_uti_p1000,Diárias de UTI por mil habitantes,diárias por mil hab.,2025,0.0
51003,Araguaia Xingu,Leste,media_alta,internacoes_local_p1000,Internações realizadas no município por mil habitantes,internações por mil hab.,2020,41.7227
51003,Araguaia Xingu,Leste,media_alta,internacoes_local_p1000,Internações realizadas no município por mil habitantes,internações por mil hab.,2021,53.4581
51003,Araguaia Xingu,Leste,media_alta,internacoes_local_p1000,Internações realizadas no município por mil habitantes,internações por mil hab.,2022,61.7568
51003,Araguaia Xingu,Leste,media_alta,internacoes_local_p1000,Internações realizadas no município por mil habitantes,internações por mil hab.,2023,64.1027
51003,Araguaia Xingu,Leste,media_alta,internacoes_local_p1000,Internações realizadas no município por mil habitantes,internações por mil hab.,2024,66.8211
51003,Araguaia Xingu,Leste,media_alta,internacoes_local_p1000,Internações realizadas no município por mil habitantes,internações por mil hab.,2025,70.5485
51003,Araguaia Xingu,Leste,media_alta,internacoes_res_p1000,Internações de residentes por mil habitantes,internações por mil hab.,2020,44.2192
51003,Araguaia Xingu,Leste,media_alta,internacoes_res_p1000,Internações de residentes por mil habitantes,internações por mil hab.,2021,57.5341
51003,Araguaia Xingu,Leste,media_alta,internacoes_res_p1000,Internações de residentes por mil habitantes,internações por mil hab.,2022,65.1396
51003,Araguaia Xingu,Leste,media_alta,internacoes_res_p1000,Internações de residentes por mil habitantes,internações por mil hab.,2023,69.37
51003,Araguaia Xingu,Leste,media_alta,internacoes_res_p1000,Internações de residentes por mil habitantes,internações por mil hab.,2024,75.1641
51003,Araguaia Xingu,Leste,media_alta,internacoes_res_p1000,Internações de residentes por mil habitantes,internações por mil hab.,2025,79.591
51003,Araguaia Xingu,Leste,media_alta,mortalidade_hosp_pct,Mortalidade hospitalar,% das internações locais,2020,1.8991
51003,Araguaia Xingu,Leste,media_alta,mortalidade_hosp_pct,Mortalidade hospitalar,% das internações locais,2021,1.9011
51003,Araguaia Xingu,Leste,media_alta,mortalidade_hosp_pct,Mortalidade hospitalar,% das internações locais,2022,1.7706
51003,Araguaia Xingu,Leste,media_alta,mortalidade_hosp_pct,Mortalidade hospitalar,% das internações locais,2023,1.9365
51003,Araguaia Xingu,Leste,media_alta,mortalidade_hosp_pct,Mortalidade hospitalar,% das internações locais,2024,2.2178
51003,Araguaia Xingu,Leste,media_alta,mortalidade_hosp_pct,Mortalidade hospitalar,% das internações locais,2025,2.185
51003,Araguaia Xingu,Leste,media_alta,pct_urgencia,Internações de urgência,% das internações locais,2020,94.563
51003,Araguaia Xingu,Leste,media_alta,pct_urgencia,Internações de urgência,% das internações locais,2021,93.7362
51003,Araguaia Xingu,Leste,media_alta,pct_urgencia,Internações de urgência,% das internações locais,2022,99.502
51003,Araguaia Xingu,Leste,media_alta,pct_urgencia,Internações de urgência,% das internações locais,2023,98.8835
51003,Araguaia Xingu,Leste,media_alta,pct_urgencia,Internações de urgência,% das internações locais,2024,82.7008
51003,Araguaia Xingu,Leste,media_alta,pct_urgencia,Internações de urgência,% das internações locais,2025,72.6727
51003,Araguaia Xingu,Leste,media_alta,permanencia_media,Permanência média das internações,dias,2020,2.642
51003,Araguaia Xingu,Leste,media_alta,permanencia_media,Permanência média das internações,dias,2021,2.7663
51003,Araguaia Xingu,Leste,media_alta,permanencia_media,Permanência média das internações,dias,2022,2.7379
51003,Araguaia Xingu,Leste,media_alta,permanencia_media,Permanência média das internações,dias,2023,2.985
51003,Araguaia Xingu,Leste,media_alta,permanencia_media,Permanência média das internações,dias,2024,3.1794
51003,Araguaia Xingu,Leste,media_alta,permanencia_media,Permanência média das internações,dias,2025,3.174
51003,Araguaia Xingu,Leste,media_alta,qtd_ac_local_pc,Procedimentos de alta complexidade por habitante,procedimentos por hab.,2020,0.0
51003,Araguaia Xingu,Leste,media_alta,qtd_ac_local_pc,Procedimentos de alta complexidade por habitante,procedimentos por hab.,2021,0.0034
51003,Araguaia Xingu,Leste,media_alta,qtd_ac_local_pc,Procedimentos de alta complexidade por habitante,procedimentos por hab.,2022,0.0123
51003,Araguaia Xingu,Leste,media_alta,qtd_ac_local_pc,Procedimentos de alta complexidade por habitante,procedimentos por hab.,2023,0.0156
51003,Araguaia Xingu,Leste,media_alta,qtd_ac_local_pc,Procedimentos de alta complexidade por habitante,procedimentos por hab.,2024,0.0331
51003,Araguaia Xingu,Leste,media_alta,qtd_ac_local_pc,Procedimentos de alta complexidade por habitante,procedimentos por hab.,2025,0.1049
51003,Araguaia Xingu,Leste,media_alta,qtd_mc_local_pc,Procedimentos de média complexidade por habitante,procedimentos por hab.,2020,3.34
51003,Araguaia Xingu,Leste,media_alta,qtd_mc_local_pc,Procedimentos de média complexidade por habitante,procedimentos por hab.,2021,3.8877
51003,Araguaia Xingu,Leste,media_alta,qtd_mc_local_pc,Procedimentos de média complexidade por habitante,procedimentos por hab.,2022,4.243
51003,Araguaia Xingu,Leste,media_alta,qtd_mc_local_pc,Procedimentos de média complexidade por habitante,procedimentos por hab.,2023,5.5372
51003,Araguaia Xingu,Leste,media_alta,qtd_mc_local_pc,Procedimentos de média complexidade por habitante,procedimentos por hab.,2024,6.6668
51003,Araguaia Xingu,Leste,media_alta,qtd_mc_local_pc,Procedimentos de média complexidade por habitante,procedimentos por hab.,2025,8.5554
51003,Araguaia Xingu,Leste,media_alta,valor_sih_local_pc,Valor das internações realizadas no município por habitante,R$ por habitante,2020,19.6981
51003,Araguaia Xingu,Leste,media_alta,valor_sih_local_pc,Valor das internações realizadas no município por habitante,R$ por habitante,2021,27.3598
51003,Araguaia Xingu,Leste,media_alta,valor_sih_local_pc,Valor das internações realizadas no município por habitante,R$ por habitante,2022,30.6045
51003,Araguaia Xingu,Leste,media_alta,valor_sih_local_pc,Valor das internações realizadas no município por habitante,R$ por habitante,2023,32.394
51003,Araguaia Xingu,Leste,media_alta,valor_sih_local_pc,Valor das internações realizadas no município por habitante,R$ por habitante,2024,33.9216
51003,Araguaia Xingu,Leste,media_alta,valor_sih_local_pc,Valor das internações realizadas no município por habitante,R$ por habitante,2025,36.6375
51003,Araguaia Xingu,Leste,media_alta,valor_sih_res_pc,Valor das internações de residentes por habitante,R$ por habitante,2020,32.1997
51003,Araguaia Xingu,Leste,media_alta,valor_sih_res_pc,Valor das internações de residentes por habitante,R$ por habitante,2021,60.5913
51003,Araguaia Xingu,Leste,media_alta,valor_sih_res_pc,Valor das internações de residentes por habitante,R$ por habitante,2022,48.6828
51003,Araguaia Xingu,Leste,media_alta,valor_sih_res_pc,Valor das internações de residentes por habitante,R$ por habitante,2023,53.1295
51003,Araguaia Xingu,Leste,media_alta,valor_sih_res_pc,Valor das internações de residentes por habitante,R$ por habitante,2024,64.1122
51003,Araguaia Xingu,Leste,media_alta,valor_sih_res_pc,Valor das internações de residentes por habitante,R$ por habitante,2025,77.5037
51003,Araguaia Xingu,Leste,resultados,pct_baixo_peso,Nascidos vivos com baixo peso,% dos nascidos vivos,2020,8.0307
51003,Araguaia Xingu,Leste,resultados,pct_baixo_peso,Nascidos vivos com baixo peso,% dos nascidos vivos,2021,7.3247
51003,Araguaia Xingu,Leste,resultados,pct_baixo_peso,Nascidos vivos com baixo peso,% dos nascidos vivos,2022,7.6954
51003,Araguaia Xingu,Leste,resultados,pct_baixo_peso,Nascidos vivos com baixo peso,% dos nascidos vivos,2023,8.1058
51003,Araguaia Xingu,Leste,resultados,pct_baixo_peso,Nascidos vivos com baixo peso,% dos nascidos vivos,2024,6.5165
51003,Araguaia Xingu,Leste,resultados,pct_cesarea,Partos cesáreos,% dos nascidos vivos,2020,66.2731
51003,Araguaia Xingu,Leste,resultados,pct_cesarea,Partos cesáreos,% dos nascidos vivos,2021,68.2703
51003,Araguaia Xingu,Leste,resultados,pct_cesarea,Partos cesáreos,% dos nascidos vivos,2022,70.6411
51003,Araguaia Xingu,Leste,resultados,pct_cesarea,Partos cesáreos,% dos nascidos vivos,2023,69.0686
51003,Araguaia Xingu,Leste,resultados,pct_cesarea,Partos cesáreos,% dos nascidos vivos,2024,74.1876
51003,Araguaia Xingu,Leste,resultados,pct_mae_adolescente,Nascidos vivos de mães adolescentes,% dos nascidos vivos,2020,20.9819
51003,Araguaia Xingu,Leste,resultados,pct_mae_adolescente,Nascidos vivos de mães adolescentes,% dos nascidos vivos,2021,22.6465
51003,Araguaia Xingu,Leste,resultados,pct_mae_adolescente,Nascidos vivos de mães adolescentes,% dos nascidos vivos,2022,19.4016
51003,Araguaia Xingu,Leste,resultados,pct_mae_adolescente,Nascidos vivos de mães adolescentes,% dos nascidos vivos,2023,19.0696
51003,Araguaia Xingu,Leste,resultados,pct_mae_adolescente,Nascidos vivos de mães adolescentes,% dos nascidos vivos,2024,17.6137
51003,Araguaia Xingu,Leste,resultados,pct_prenatal_7mais,Nascidos vivos com 7 ou mais consultas de pré-natal,% dos nascidos vivos,2020,63.7103
51003,Araguaia Xingu,Leste,resultados,pct_prenatal_7mais,Nascidos vivos com 7 ou mais consultas de pré-natal,% dos nascidos vivos,2021,64.4517
51003,Araguaia Xingu,Leste,resultados,pct_prenatal_7mais,Nascidos vivos com 7 ou mais consultas de pré-natal,% dos nascidos vivos,2022,68.8333
51003,Araguaia Xingu,Leste,resultados,pct_prenatal_7mais,Nascidos vivos com 7 ou mais consultas de pré-natal,% dos nascidos vivos,2023,74.4265
51003,Araguaia Xingu,Leste,resultados,pct_prenatal_7mais,Nascidos vivos com 7 ou mais consultas de pré-natal,% dos nascidos vivos,2024,76.9085
51003,Araguaia Xingu,Leste,resultados,taxa_mortalidade_geral,Taxa de mortalidade geral,óbitos por mil habitantes,2020,4.6564
51003,Araguaia Xingu,Leste,resultados,taxa_mortalidade_geral,Taxa de mortalidade geral,óbitos por mil habitantes,2021,6.1942
51003,Araguaia Xingu,Leste,resultados,taxa_mortalidade_geral,Taxa de mortalidade geral,óbitos por mil habitantes,2022,5.0458
51003,Araguaia Xingu,Leste,resultados,taxa_mortalidade_geral,Taxa de mortalidade geral,óbitos por mil habitantes,2023,4.6746
51003,Araguaia Xingu,Leste,resultados,taxa_mortalidade_geral,Taxa de mortalidade geral,óbitos por mil habitantes,2024,5.4669
51003,Araguaia Xingu,Leste,resultados,taxa_mortalidade_infantil,Taxa de mortalidade infantil,óbitos por mil nascidos vivos,2020,13.1579
51003,Araguaia Xingu,Leste,resultados,taxa_mortalidade_infantil,Taxa de mortalidade infantil,óbitos por mil nascidos vivos,2021,12.2034
51003,Araguaia Xingu,Leste,resultados,taxa_mortalidade_infantil,Taxa de mortalidade infantil,óbitos por mil nascidos vivos,2022,17.1756
51003,Araguaia Xingu,Leste,resultados,taxa_mortalidade_infantil,Taxa de mortalidade infantil,óbitos por mil nascidos vivos,2023,14.6684
51003,Araguaia Xingu,Leste,resultados,taxa_mortalidade_infantil,Taxa de mortalidade infantil,óbitos por mil nascidos vivos,2024,13.8696
51004,Centro Norte,Centro-Noroeste,atencao_basica,atend_individual_pc,Atendimentos individuais na atenção básica por habitante,atendimentos por hab.,2020,1.1509
51004,Centro Norte,Centro-Noroeste,atencao_basica,atend_individual_pc,Atendimentos individuais na atenção básica por habitante,atendimentos por hab.,2021,1.3918
51004,Centro Norte,Centro-Noroeste,atencao_basica,atend_individual_pc,Atendimentos individuais na atenção básica por habitante,atendimentos por hab.,2022,2.3029
51004,Centro Norte,Centro-Noroeste,atencao_basica,atend_individual_pc,Atendimentos individuais na atenção básica por habitante,atendimentos por hab.,2023,2.4431
51004,Centro Norte,Centro-Noroeste,atencao_basica,atend_individual_pc,Atendimentos individuais na atenção básica por habitante,atendimentos por hab.,2024,2.6713
51004,Centro Norte,Centro-Noroeste,atencao_basica,atend_individual_pc,Atendimentos individuais na atenção básica por habitante,atendimentos por hab.,2025,2.9356
51004,Centro Norte,Centro-Noroeste,atencao_basica,atend_odonto_pc,Atendimentos odontológicos por habitante,atendimentos por hab.,2020,0.1173
51004,Centro Norte,Centro-Noroeste,atencao_basica,atend_odonto_pc,Atendimentos odontológicos por habitante,atendimentos por hab.,2021,0.2109
51004,Centro Norte,Centro-Noroeste,atencao_basica,atend_odonto_pc,Atendimentos odontológicos por habitante,atendimentos por hab.,2022,0.4004
51004,Centro Norte,Centro-Noroeste,atencao_basica,atend_odonto_pc,Atendimentos odontológicos por habitante,atendimentos por hab.,2023,0.4518
51004,Centro Norte,Centro-Noroeste,atencao_basica,atend_odonto_pc,Atendimentos odontológicos por habitante,atendimentos por hab.,2024,0.4409
51004,Centro Norte,Centro-Noroeste,atencao_basica,atend_odonto_pc,Atendimentos odontológicos por habitante,atendimentos por hab.,2025,0.4733
51004,Centro Norte,Centro-Noroeste,atencao_basica,doses_menor1_por_nv,Doses de vacina em menores de 1 ano por nascido vivo,doses por nascido vivo,2020,13.4289
51004,Centro Norte,Centro-Noroeste,atencao_basica,doses_menor1_por_nv,Doses de vacina em menores de 1 ano por nascido vivo,doses por nascido vivo,2021,13.6169
51004,Centro Norte,Centro-Noroeste,atencao_basica,doses_menor1_por_nv,Doses de vacina em menores de 1 ano por nascido vivo,doses por nascido vivo,2022,16.5957
51004,Centro Norte,Centro-Noroeste,atencao_basica,doses_menor1_por_nv,Doses de vacina em menores de 1 ano por nascido vivo,doses por nascido vivo,2023,17.787
51004,Centro Norte,Centro-Noroeste,atencao_basica,doses_menor1_por_nv,Doses de vacina em menores de 1 ano por nascido vivo,doses por nascido vivo,2024,16.6907
51004,Centro Norte,Centro-Noroeste,atencao_basica,doses_pc,Doses de vacina aplicadas por habitante,doses por hab.,2020,0.6316
51004,Centro Norte,Centro-Noroeste,atencao_basica,doses_pc,Doses de vacina aplicadas por habitante,doses por hab.,2021,0.5652
51004,Centro Norte,Centro-Noroeste,atencao_basica,doses_pc,Doses de vacina aplicadas por habitante,doses por hab.,2022,0.9449
51004,Centro Norte,Centro-Noroeste,atencao_basica,doses_pc,Doses de vacina aplicadas por habitante,doses por hab.,2023,0.8042
51004,Centro Norte,Centro-Noroeste,atencao_basica,doses_pc,Doses de vacina aplicadas por habitante,doses por hab.,2024,0.898
51004,Centro Norte,Centro-Noroeste,atencao_basica,doses_pc,Doses de vacina aplicadas por habitante,doses por hab.,2025,0.909
51004,Centro Norte,Centro-Noroeste,atencao_basica,procedimentos_ab_pc,Procedimentos na atenção básica por habitante,procedimentos por hab.,2020,1.7123
51004,Centro Norte,Centro-Noroeste,atencao_basica,procedimentos_ab_pc,Procedimentos na atenção básica por habitante,procedimentos por hab.,2021,2.0639
51004,Centro Norte,Centro-Noroeste,atencao_basica,procedimentos_ab_pc,Procedimentos na atenção básica por habitante,procedimentos por hab.,2022,3.627
51004,Centro Norte,Centro-Noroeste,atencao_basica,procedimentos_ab_pc,Procedimentos na atenção básica por habitante,procedimentos por hab.,2023,3.6075
51004,Centro Norte,Centro-Noroeste,atencao_basica,procedimentos_ab_pc,Procedimentos na atenção básica por habitante,procedimentos por hab.,2024,3.9811
51004,Centro Norte,Centro-Noroeste,atencao_basica,procedimentos_ab_pc,Procedimentos na atenção básica por habitante,procedimentos por hab.,2025,4.6073
51004,Centro Norte,Centro-Noroeste,atencao_basica,visitas_pc,Visitas domiciliares por habitante,visitas por hab.,2020,3.1557
51004,Centro Norte,Centro-Noroeste,atencao_basica,visitas_pc,Visitas domiciliares por habitante,visitas por hab.,2021,3.6059
51004,Centro Norte,Centro-Noroeste,atencao_basica,visitas_pc,Visitas domiciliares por habitante,visitas por hab.,2022,6.7797
51004,Centro Norte,Centro-Noroeste,atencao_basica,visitas_pc,Visitas domiciliares por habitante,visitas por hab.,2023,6.1556
51004,Centro Norte,Centro-Noroeste,atencao_basica,visitas_pc,Visitas domiciliares por habitante,visitas por hab.,2024,6.6192
51004,Centro Norte,Centro-Noroeste,atencao_basica,visitas_pc,Visitas domiciliares por habitante,visitas por hab.,2025,7.0233
51004,Centro Norte,Centro-Noroeste,capacidade,equip_sus_p10000,Equipamentos SUS em uso por 10 mil habitantes,equipamentos por 10 mil hab.,2020,34.3979
51004,Centro Norte,Centro-Noroeste,capacidade,equip_sus_p10000,Equipamentos SUS em uso por 10 mil habitantes,equipamentos por 10 mil hab.,2021,40.3038
51004,Centro Norte,Centro-Noroeste,capacidade,equip_sus_p10000,Equipamentos SUS em uso por 10 mil habitantes,equipamentos por 10 mil hab.,2022,49.1199
51004,Centro Norte,Centro-Noroeste,capacidade,equip_sus_p10000,Equipamentos SUS em uso por 10 mil habitantes,equipamentos por 10 mil hab.,2023,51.5158
51004,Centro Norte,Centro-Noroeste,capacidade,equip_sus_p10000,Equipamentos SUS em uso por 10 mil habitantes,equipamentos por 10 mil hab.,2024,62.7785
51004,Centro Norte,Centro-Noroeste,capacidade,equip_sus_p10000,Equipamentos SUS em uso por 10 mil habitantes,equipamentos por 10 mil hab.,2025,73.3624
51004,Centro Norte,Centro-Noroeste,capacidade,equipes_esf_p10000,Equipes de Saúde da Família por 10 mil habitantes,equipes por 10 mil hab.,2020,3.2979
51004,Centro Norte,Centro-Noroeste,capacidade,equipes_esf_p10000,Equipes de Saúde da Família por 10 mil habitantes,equipes por 10 mil hab.,2021,3.4148
51004,Centro Norte,Centro-Noroeste,capacidade,equipes_esf_p10000,Equipes de Saúde da Família por 10 mil habitantes,equipes por 10 mil hab.,2022,3.9951
51004,Centro Norte,Centro-Noroeste,capacidade,equipes_esf_p10000,Equipes de Saúde da Família por 10 mil habitantes,equipes por 10 mil hab.,2023,4.0913
51004,Centro Norte,Centro-Noroeste,capacidade,equipes_esf_p10000,Equipes de Saúde da Família por 10 mil habitantes,equipes por 10 mil hab.,2024,4.3492
51004,Centro Norte,Centro-Noroeste,capacidade,equipes_esf_p10000,Equipes de Saúde da Família por 10 mil habitantes,equipes por 10 mil hab.,2025,4.481
51004,Centro Norte,Centro-Noroeste,capacidade,fte_acs_p1000,Agentes comunitários de saúde por mil habitantes,FTE por mil hab.,2020,2.9963
51004,Centro Norte,Centro-Noroeste,capacidade,fte_acs_p1000,Agentes comunitários de saúde por mil habitantes,FTE por mil hab.,2021,2.9335
51004,Centro Norte,Centro-Noroeste,capacidade,fte_acs_p1000,Agentes comunitários de saúde por mil habitantes,FTE por mil hab.,2022,3.4271
51004,Centro Norte,Centro-Noroeste,capacidade,fte_acs_p1000,Agentes comunitários de saúde por mil habitantes,FTE por mil hab.,2023,3.4869
51004,Centro Norte,Centro-Noroeste,capacidade,fte_acs_p1000,Agentes comunitários de saúde por mil habitantes,FTE por mil hab.,2024,3.5541
51004,Centro Norte,Centro-Noroeste,capacidade,fte_acs_p1000,Agentes comunitários de saúde por mil habitantes,FTE por mil hab.,2025,3.2246
51004,Centro Norte,Centro-Noroeste,capacidade,fte_dentistas_p1000,Dentistas SUS por mil habitantes,FTE por mil hab.,2020,0.3897
51004,Centro Norte,Centro-Noroeste,capacidade,fte_dentistas_p1000,Dentistas SUS por mil habitantes,FTE por mil hab.,2021,0.38
51004,Centro Norte,Centro-Noroeste,capacidade,fte_dentistas_p1000,Dentistas SUS por mil habitantes,FTE por mil hab.,2022,0.4675
51004,Centro Norte,Centro-Noroeste,capacidade,fte_dentistas_p1000,Dentistas SUS por mil habitantes,FTE por mil hab.,2023,0.4613
51004,Centro Norte,Centro-Noroeste,capacidade,fte_dentistas_p1000,Dentistas SUS por mil habitantes,FTE por mil hab.,2024,0.4884
51004,Centro Norte,Centro-Noroeste,capacidade,fte_dentistas_p1000,Dentistas SUS por mil habitantes,FTE por mil hab.,2025,0.5203
51004,Centro Norte,Centro-Noroeste,capacidade,fte_enfermeiros_p1000,Enfermeiros SUS por mil habitantes,FTE por mil hab.,2020,1.0694
51004,Centro Norte,Centro-Noroeste,capacidade,fte_enfermeiros_p1000,Enfermeiros SUS por mil habitantes,FTE por mil hab.,2021,1.2764
51004,Centro Norte,Centro-Noroeste,capacidade,fte_enfermeiros_p1000,Enfermeiros SUS por mil habitantes,FTE por mil hab.,2022,1.5565
51004,Centro Norte,Centro-Noroeste,capacidade,fte_enfermeiros_p1000,Enfermeiros SUS por mil habitantes,FTE por mil hab.,2023,1.6658
51004,Centro Norte,Centro-Noroeste,capacidade,fte_enfermeiros_p1000,Enfermeiros SUS por mil habitantes,FTE por mil hab.,2024,1.9211
51004,Centro Norte,Centro-Noroeste,capacidade,fte_enfermeiros_p1000,Enfermeiros SUS por mil habitantes,FTE por mil hab.,2025,1.9296
51004,Centro Norte,Centro-Noroeste,capacidade,fte_medicos_p1000,Médicos SUS por mil habitantes,FTE por mil hab.,2020,0.6854
51004,Centro Norte,Centro-Noroeste,capacidade,fte_medicos_p1000,Médicos SUS por mil habitantes,FTE por mil hab.,2021,0.7838
51004,Centro Norte,Centro-Noroeste,capacidade,fte_medicos_p1000,Médicos SUS por mil habitantes,FTE por mil hab.,2022,1.143
51004,Centro Norte,Centro-Noroeste,capacidade,fte_medicos_p1000,Médicos SUS por mil habitantes,FTE por mil hab.,2023,1.2001
51004,Centro Norte,Centro-Noroeste,capacidade,fte_medicos_p1000,Médicos SUS por mil habitantes,FTE por mil hab.,2024,1.3737
51004,Centro Norte,Centro-Noroeste,capacidade,fte_medicos_p1000,Médicos SUS por mil habitantes,FTE por mil hab.,2025,1.4434
51004,Centro Norte,Centro-Noroeste,capacidade,fte_tec_enfermagem_p1000,Técnicos de enfermagem SUS por mil habitantes,FTE por mil hab.,2020,1.7893
51004,Centro Norte,Centro-Noroeste,capacidade,fte_tec_enfermagem_p1000,Técnicos de enfermagem SUS por mil habitantes,FTE por mil hab.,2021,2.0531
51004,Centro Norte,Centro-Noroeste,capacidade,fte_tec_enfermagem_p1000,Técnicos de enfermagem SUS por mil habitantes,FTE por mil hab.,2022,2.4963
51004,Centro Norte,Centro-Noroeste,capacidade,fte_tec_enfermagem_p1000,Técnicos de enfermagem SUS por mil habitantes,FTE por mil hab.,2023,2.789
51004,Centro Norte,Centro-Noroeste,capacidade,fte_tec_enfermagem_p1000,Técnicos de enfermagem SUS por mil habitantes,FTE por mil hab.,2024,3.2134
51004,Centro Norte,Centro-Noroeste,capacidade,fte_tec_enfermagem_p1000,Técnicos de enfermagem SUS por mil habitantes,FTE por mil hab.,2025,3.5876
51004,Centro Norte,Centro-Noroeste,capacidade,leitos_sus_p1000,Leitos SUS por mil habitantes,leitos por mil hab.,2020,1.6008
51004,Centro Norte,Centro-Noroeste,capacidade,leitos_sus_p1000,Leitos SUS por mil habitantes,leitos por mil hab.,2021,1.7269
51004,Centro Norte,Centro-Noroeste,capacidade,leitos_sus_p1000,Leitos SUS por mil habitantes,leitos por mil hab.,2022,2.1953
51004,Centro Norte,Centro-Noroeste,capacidade,leitos_sus_p1000,Leitos SUS por mil habitantes,leitos por mil hab.,2023,2.3037
51004,Centro Norte,Centro-Noroeste,capacidade,leitos_sus_p1000,Leitos SUS por mil habitantes,leitos por mil hab.,2024,2.2851
51004,Centro Norte,Centro-Noroeste,capacidade,leitos_sus_p1000,Leitos SUS por mil habitantes,leitos por mil hab.,2025,2.0346
51004,Centro Norte,Centro-Noroeste,capacidade,leitos_uti_sus,Leitos de UTI SUS,leitos,2020,0.0
51004,Centro Norte,Centro-Noroeste,capacidade,leitos_uti_sus,Leitos de UTI SUS,leitos,2021,0.0
51004,Centro Norte,Centro-Noroeste,capacidade,leitos_uti_sus,Leitos de UTI SUS,leitos,2022,0.0
51004,Centro Norte,Centro-Noroeste,capacidade,leitos_uti_sus,Leitos de UTI SUS,leitos,2023,0.0
51004,Centro Norte,Centro-Noroeste,capacidade,leitos_uti_sus,Leitos de UTI SUS,leitos,2024,0.0
51004,Centro Norte,Centro-Noroeste,capacidade,leitos_uti_sus,Leitos de UTI SUS,leitos,2025,0.0
51004,Centro Norte,Centro-Noroeste,capacidade,n_equipes_eap,Equipes de atenção primária (eAP),equipes,2020,0.0
51004,Centro Norte,Centro-Noroeste,capacidade,n_equipes_eap,Equipes de atenção primária (eAP),equipes,2021,0.0
51004,Centro Norte,Centro-Noroeste,capacidade,n_equipes_eap,Equipes de atenção primária (eAP),equipes,2022,0.0
51004,Centro Norte,Centro-Noroeste,capacidade,n_equipes_eap,Equipes de atenção primária (eAP),equipes,2023,1.0
51004,Centro Norte,Centro-Noroeste,capacidade,n_equipes_eap,Equipes de atenção primária (eAP),equipes,2024,1.0
51004,Centro Norte,Centro-Noroeste,capacidade,n_equipes_eap,Equipes de atenção primária (eAP),equipes,2025,3.0
51004,Centro Norte,Centro-Noroeste,capacidade,n_equipes_esb,Equipes de saúde bucal,equipes,2020,31.0
51004,Centro Norte,Centro-Noroeste,capacidade,n_equipes_esb,Equipes de saúde bucal,equipes,2021,32.0
51004,Centro Norte,Centro-Noroeste,capacidade,n_equipes_esb,Equipes de saúde bucal,equipes,2022,32.0
51004,Centro Norte,Centro-Noroeste,capacidade,n_equipes_esb,Equipes de saúde bucal,equipes,2023,33.0
51004,Centro Norte,Centro-Noroeste,capacidade,n_equipes_esb,Equipes de saúde bucal,equipes,2024,34.0
51004,Centro Norte,Centro-Noroeste,capacidade,n_equipes_esb,Equipes de saúde bucal,equipes,2025,36.0
51004,Centro Norte,Centro-Noroeste,capacidade,n_estab_sus,Estabelecimentos com atendimento SUS,estabelecimentos,2020,120.0
51004,Centro Norte,Centro-Noroeste,capacidade,n_estab_sus,Estabelecimentos com atendimento SUS,estabelecimentos,2021,124.0
51004,Centro Norte,Centro-Noroeste,capacidade,n_estab_sus,Estabelecimentos com atendimento SUS,estabelecimentos,2022,128.0
51004,Centro Norte,Centro-Noroeste,capacidade,n_estab_sus,Estabelecimentos com atendimento SUS,estabelecimentos,2023,141.0
51004,Centro Norte,Centro-Noroeste,capacidade,n_estab_sus,Estabelecimentos com atendimento SUS,estabelecimentos,2024,150.0
51004,Centro Norte,Centro-Noroeste,capacidade,n_estab_sus,Estabelecimentos com atendimento SUS,estabelecimentos,2025,161.0
51004,Centro Norte,Centro-Noroeste,capacidade,n_hospitais_sus,Hospitais SUS,hospitais,2020,4.0
51004,Centro Norte,Centro-Noroeste,capacidade,n_hospitais_sus,Hospitais SUS,hospitais,2021,4.0
51004,Centro Norte,Centro-Noroeste,capacidade,n_hospitais_sus,Hospitais SUS,hospitais,2022,5.0
51004,Centro Norte,Centro-Noroeste,capacidade,n_hospitais_sus,Hospitais SUS,hospitais,2023,5.0
51004,Centro Norte,Centro-Noroeste,capacidade,n_hospitais_sus,Hospitais SUS,hospitais,2024,5.0
51004,Centro Norte,Centro-Noroeste,capacidade,n_hospitais_sus,Hospitais SUS,hospitais,2025,5.0
51004,Centro Norte,Centro-Noroeste,capacidade,n_ubs,Unidades básicas de saúde,unidades,2020,44.0
51004,Centro Norte,Centro-Noroeste,capacidade,n_ubs,Unidades básicas de saúde,unidades,2021,45.0
51004,Centro Norte,Centro-Noroeste,capacidade,n_ubs,Unidades básicas de saúde,unidades,2022,45.0
51004,Centro Norte,Centro-Noroeste,capacidade,n_ubs,Unidades básicas de saúde,unidades,2023,43.0
51004,Centro Norte,Centro-Noroeste,capacidade,n_ubs,Unidades básicas de saúde,unidades,2024,46.0
51004,Centro Norte,Centro-Noroeste,capacidade,n_ubs,Unidades básicas de saúde,unidades,2025,46.0
51004,Centro Norte,Centro-Noroeste,capacidade,n_upa,Unidades de pronto atendimento,unidades,2020,3.0
51004,Centro Norte,Centro-Noroeste,capacidade,n_upa,Unidades de pronto atendimento,unidades,2021,4.0
51004,Centro Norte,Centro-Noroeste,capacidade,n_upa,Unidades de pronto atendimento,unidades,2022,3.0
51004,Centro Norte,Centro-Noroeste,capacidade,n_upa,Unidades de pronto atendimento,unidades,2023,3.0
51004,Centro Norte,Centro-Noroeste,capacidade,n_upa,Unidades de pronto atendimento,unidades,2024,3.0
51004,Centro Norte,Centro-Noroeste,capacidade,n_upa,Unidades de pronto atendimento,unidades,2025,3.0
51004,Centro Norte,Centro-Noroeste,contexto,populacao,População,habitantes,2020,101823.0
51004,Centro Norte,Centro-Noroeste,contexto,populacao,População,habitantes,2021,102494.0
51004,Centro Norte,Centro-Noroeste,contexto,populacao,População,habitantes,2022,87608.0
51004,Centro Norte,Centro-Noroeste,contexto,populacao,População,habitantes,2023,87577.0
51004,Centro Norte,Centro-Noroeste,contexto,populacao,População,habitantes,2024,87557.0
51004,Centro Norte,Centro-Noroeste,contexto,populacao,População,habitantes,2025,87035.0
51004,Centro Norte,Centro-Noroeste,deslocamento,km_medio_internacao,Distância média até a internação,km,2020,43.3155
51004,Centro Norte,Centro-Noroeste,deslocamento,km_medio_internacao,Distância média até a internação,km,2021,42.4972
51004,Centro Norte,Centro-Noroeste,deslocamento,km_medio_internacao,Distância média até a internação,km,2022,46.783
51004,Centro Norte,Centro-Noroeste,deslocamento,km_medio_internacao,Distância média até a internação,km,2023,47.702
51004,Centro Norte,Centro-Noroeste,deslocamento,km_medio_internacao,Distância média até a internação,km,2024,51.2106
51004,Centro Norte,Centro-Noroeste,deslocamento,km_medio_internacao,Distância média até a internação,km,2025,54.6156
51004,Centro Norte,Centro-Noroeste,deslocamento,pct_internacoes_fora_mun,Internações fora do município de residência,% das internações de residentes,2020,35.0511
51004,Centro Norte,Centro-Noroeste,deslocamento,pct_internacoes_fora_mun,Internações fora do município de residência,% das internações de residentes,2021,36.5962
51004,Centro Norte,Centro-Noroeste,deslocamento,pct_internacoes_fora_mun,Internações fora do município de residência,% das internações de residentes,2022,39.049
51004,Centro Norte,Centro-Noroeste,deslocamento,pct_internacoes_fora_mun,Internações fora do município de residência,% das internações de residentes,2023,39.2544
51004,Centro Norte,Centro-Noroeste,deslocamento,pct_internacoes_fora_mun,Internações fora do município de residência,% das internações de residentes,2024,40.6889
51004,Centro Norte,Centro-Noroeste,deslocamento,pct_internacoes_fora_mun,Internações fora do município de residência,% das internações de residentes,2025,42.8106
51004,Centro Norte,Centro-Noroeste,deslocamento,pct_internacoes_fora_regiao,Internações fora da região de saúde,% das internações de residentes,2020,30.5075
51004,Centro Norte,Centro-Noroeste,deslocamento,pct_internacoes_fora_regiao,Internações fora da região de saúde,% das internações de residentes,2021,30.254
51004,Centro Norte,Centro-Noroeste,deslocamento,pct_internacoes_fora_regiao,Internações fora da região de saúde,% das internações de residentes,2022,31.1513
51004,Centro Norte,Centro-Noroeste,deslocamento,pct_internacoes_fora_regiao,Internações fora da região de saúde,% das internações de residentes,2023,31.0892
51004,Centro Norte,Centro-Noroeste,deslocamento,pct_internacoes_fora_regiao,Internações fora da região de saúde,% das internações de residentes,2024,32.6513
51004,Centro Norte,Centro-Noroeste,deslocamento,pct_internacoes_fora_regiao,Internações fora da região de saúde,% das internações de residentes,2025,35.2099
51004,Centro Norte,Centro-Noroeste,financiamento,desp_ab_pc,Despesa em atenção básica por habitante,R$ por habitante,2020,431.2142
51004,Centro Norte,Centro-Noroeste,financiamento,desp_ab_pc,Despesa em atenção básica por habitante,R$ por habitante,2021,451.171
51004,Centro Norte,Centro-Noroeste,financiamento,desp_ab_pc,Despesa em atenção básica por habitante,R$ por habitante,2022,647.1509
51004,Centro Norte,Centro-Noroeste,financiamento,desp_ab_pc,Despesa em atenção básica por habitante,R$ por habitante,2023,779.0865
51004,Centro Norte,Centro-Noroeste,financiamento,desp_ab_pc,Despesa em atenção básica por habitante,R$ por habitante,2024,801.2702
51004,Centro Norte,Centro-Noroeste,financiamento,desp_ab_pc,Despesa em atenção básica por habitante,R$ por habitante,2025,916.8356
51004,Centro Norte,Centro-Noroeste,financiamento,desp_mac_pc,Despesa em média e alta complexidade por habitante,R$ por habitante,2020,487.6204
51004,Centro Norte,Centro-Noroeste,financiamento,desp_mac_pc,Despesa em média e alta complexidade por habitante,R$ por habitante,2021,524.9945
51004,Centro Norte,Centro-Noroeste,financiamento,desp_mac_pc,Despesa em média e alta complexidade por habitante,R$ por habitante,2022,845.1027
51004,Centro Norte,Centro-Noroeste,financiamento,desp_mac_pc,Despesa em média e alta complexidade por habitante,R$ por habitante,2023,944.0353
51004,Centro Norte,Centro-Noroeste,financiamento,desp_mac_pc,Despesa em média e alta complexidade por habitante,R$ por habitante,2024,1121.9116
51004,Centro Norte,Centro-Noroeste,financiamento,desp_mac_pc,Despesa em média e alta complexidade por habitante,R$ por habitante,2025,1055.9666
51004,Centro Norte,Centro-Noroeste,financiamento,desp_total_pc,Despesa em saúde por habitante,R$ por habitante,2020,1169.9366
51004,Centro Norte,Centro-Noroeste,financiamento,desp_total_pc,Despesa em saúde por habitante,R$ por habitante,2021,1305.0858
51004,Centro Norte,Centro-Noroeste,financiamento,desp_total_pc,Despesa em saúde por habitante,R$ por habitante,2022,1919.8822
51004,Centro Norte,Centro-Noroeste,financiamento,desp_total_pc,Despesa em saúde por habitante,R$ por habitante,2023,2151.2665
51004,Centro Norte,Centro-Noroeste,financiamento,desp_total_pc,Despesa em saúde por habitante,R$ por habitante,2024,2410.9702
51004,Centro Norte,Centro-Noroeste,financiamento,desp_total_pc,Despesa em saúde por habitante,R$ por habitante,2025,2488.6126
51004,Centro Norte,Centro-Noroeste,financiamento,pct_capital,Despesa de capital,% da despesa total,2020,2.6323
51004,Centro Norte,Centro-Noroeste,financiamento,pct_capital,Despesa de capital,% da despesa total,2021,5.2543
51004,Centro Norte,Centro-Noroeste,financiamento,pct_capital,Despesa de capital,% da despesa total,2022,5.3713
51004,Centro Norte,Centro-Noroeste,financiamento,pct_capital,Despesa de capital,% da despesa total,2023,3.9972
51004,Centro Norte,Centro-Noroeste,financiamento,pct_capital,Despesa de capital,% da despesa total,2024,3.4625
51004,Centro Norte,Centro-Noroeste,financiamento,pct_capital,Despesa de capital,% da despesa total,2025,5.1713
51004,Centro Norte,Centro-Noroeste,financiamento,pct_recursos_proprios,Despesa com recursos próprios,% da despesa total,2020,57.9569
51004,Centro Norte,Centro-Noroeste,financiamento,pct_recursos_proprios,Despesa com recursos próprios,% da despesa total,2021,67.3655
51004,Centro Norte,Centro-Noroeste,financiamento,pct_recursos_proprios,Despesa com recursos próprios,% da despesa total,2022,63.7128
51004,Centro Norte,Centro-Noroeste,financiamento,pct_recursos_proprios,Despesa com recursos próprios,% da despesa total,2023,60.7671
51004,Centro Norte,Centro-Noroeste,financiamento,pct_recursos_proprios,Despesa com recursos próprios,% da despesa total,2024,66.3955
51004,Centro Norte,Centro-Noroeste,financiamento,pct_recursos_proprios,Despesa com recursos próprios,% da despesa total,2025,70.3388
51004,Centro Norte,Centro-Noroeste,media_alta,diarias_uti_p1000,Diárias de UTI por mil habitantes,diárias por mil hab.,2020,0.0
51004,Centro Norte,Centro-Noroeste,media_alta,diarias_uti_p1000,Diárias de UTI por mil habitantes,diárias por mil hab.,2021,0.0
51004,Centro Norte,Centro-Noroeste,media_alta,diarias_uti_p1000,Diárias de UTI por mil habitantes,diárias por mil hab.,2022,0.0
51004,Centro Norte,Centro-Noroeste,media_alta,diarias_uti_p1000,Diárias de UTI por mil habitantes,diárias por mil hab.,2023,0.0
51004,Centro Norte,Centro-Noroeste,media_alta,diarias_uti_p1000,Diárias de UTI por mil habitantes,diárias por mil hab.,2024,0.0
51004,Centro Norte,Centro-Noroeste,media_alta,diarias_uti_p1000,Diárias de UTI por mil habitantes,diárias por mil hab.,2025,0.0
51004,Centro Norte,Centro-Noroeste,media_alta,internacoes_local_p1000,Internações realizadas no município por mil habitantes,internações por mil hab.,2020,35.2474
51004,Centro Norte,Centro-Noroeste,media_alta,internacoes_local_p1000,Internações realizadas no município por mil habitantes,internações por mil hab.,2021,38.7437
51004,Centro Norte,Centro-Noroeste,media_alta,internacoes_local_p1000,Internações realizadas no município por mil habitantes,internações por mil hab.,2022,48.7284
51004,Centro Norte,Centro-Noroeste,media_alta,internacoes_local_p1000,Internações realizadas no município por mil habitantes,internações por mil hab.,2023,53.0505
51004,Centro Norte,Centro-Noroeste,media_alta,internacoes_local_p1000,Internações realizadas no município por mil habitantes,internações por mil hab.,2024,54.2275
51004,Centro Norte,Centro-Noroeste,media_alta,internacoes_local_p1000,Internações realizadas no município por mil habitantes,internações por mil hab.,2025,53.5876
51004,Centro Norte,Centro-Noroeste,media_alta,internacoes_res_p1000,Internações de residentes por mil habitantes,internações por mil hab.,2020,49.9298
51004,Centro Norte,Centro-Noroeste,media_alta,internacoes_res_p1000,Internações de residentes por mil habitantes,internações por mil hab.,2021,54.9203
51004,Centro Norte,Centro-Noroeste,media_alta,internacoes_res_p1000,Internações de residentes por mil habitantes,internações por mil hab.,2022,70.0963
51004,Centro Norte,Centro-Noroeste,media_alta,internacoes_res_p1000,Internações de residentes por mil habitantes,internações por mil hab.,2023,74.1176
51004,Centro Norte,Centro-Noroeste,media_alta,internacoes_res_p1000,Internações de residentes por mil habitantes,internações por mil hab.,2024,77.5837
51004,Centro Norte,Centro-Noroeste,media_alta,internacoes_res_p1000,Internações de residentes por mil habitantes,internações por mil hab.,2025,81.0249
51004,Centro Norte,Centro-Noroeste,media_alta,mortalidade_hosp_pct,Mortalidade hospitalar,% das internações locais,2020,2.3405
51004,Centro Norte,Centro-Noroeste,media_alta,mortalidade_hosp_pct,Mortalidade hospitalar,% das internações locais,2021,2.5686
51004,Centro Norte,Centro-Noroeste,media_alta,mortalidade_hosp_pct,Mortalidade hospitalar,% das internações locais,2022,1.874
51004,Centro Norte,Centro-Noroeste,media_alta,mortalidade_hosp_pct,Mortalidade hospitalar,% das internações locais,2023,1.808
51004,Centro Norte,Centro-Noroeste,media_alta,mortalidade_hosp_pct,Mortalidade hospitalar,% das internações locais,2024,2.0219
51004,Centro Norte,Centro-Noroeste,media_alta,mortalidade_hosp_pct,Mortalidade hospitalar,% das internações locais,2025,2.5086
51004,Centro Norte,Centro-Noroeste,media_alta,pct_urgencia,Internações de urgência,% das internações locais,2020,96.6565
51004,Centro Norte,Centro-Noroeste,media_alta,pct_urgencia,Internações de urgência,% das internações locais,2021,89.9018
51004,Centro Norte,Centro-Noroeste,media_alta,pct_urgencia,Internações de urgência,% das internações locais,2022,86.5308
51004,Centro Norte,Centro-Noroeste,media_alta,pct_urgencia,Internações de urgência,% das internações locais,2023,82.7594
51004,Centro Norte,Centro-Noroeste,media_alta,pct_urgencia,Internações de urgência,% das internações locais,2024,82.7085
51004,Centro Norte,Centro-Noroeste,media_alta,pct_urgencia,Internações de urgência,% das internações locais,2025,79.524
51004,Centro Norte,Centro-Noroeste,media_alta,permanencia_media,Permanência média das internações,dias,2020,2.6149
51004,Centro Norte,Centro-Noroeste,media_alta,permanencia_media,Permanência média das internações,dias,2021,2.9851
51004,Centro Norte,Centro-Noroeste,media_alta,permanencia_media,Permanência média das internações,dias,2022,2.944
51004,Centro Norte,Centro-Noroeste,media_alta,permanencia_media,Permanência média das internações,dias,2023,2.7542
51004,Centro Norte,Centro-Noroeste,media_alta,permanencia_media,Permanência média das internações,dias,2024,2.8521
51004,Centro Norte,Centro-Noroeste,media_alta,permanencia_media,Permanência média das internações,dias,2025,2.9653
51004,Centro Norte,Centro-Noroeste,media_alta,qtd_ac_local_pc,Procedimentos de alta complexidade por habitante,procedimentos por hab.,2020,0.0088
51004,Centro Norte,Centro-Noroeste,media_alta,qtd_ac_local_pc,Procedimentos de alta complexidade por habitante,procedimentos por hab.,2021,0.0046
51004,Centro Norte,Centro-Noroeste,media_alta,qtd_ac_local_pc,Procedimentos de alta complexidade por habitante,procedimentos por hab.,2022,0.0121
51004,Centro Norte,Centro-Noroeste,media_alta,qtd_ac_local_pc,Procedimentos de alta complexidade por habitante,procedimentos por hab.,2023,0.0119
51004,Centro Norte,Centro-Noroeste,media_alta,qtd_ac_local_pc,Procedimentos de alta complexidade por habitante,procedimentos por hab.,2024,0.0222
51004,Centro Norte,Centro-Noroeste,media_alta,qtd_ac_local_pc,Procedimentos de alta complexidade por habitante,procedimentos por hab.,2025,0.0378
51004,Centro Norte,Centro-Noroeste,media_alta,qtd_mc_local_pc,Procedimentos de média complexidade por habitante,procedimentos por hab.,2020,3.9933
51004,Centro Norte,Centro-Noroeste,media_alta,qtd_mc_local_pc,Procedimentos de média complexidade por habitante,procedimentos por hab.,2021,4.3859
51004,Centro Norte,Centro-Noroeste,media_alta,qtd_mc_local_pc,Procedimentos de média complexidade por habitante,procedimentos por hab.,2022,6.8896
51004,Centro Norte,Centro-Noroeste,media_alta,qtd_mc_local_pc,Procedimentos de média complexidade por habitante,procedimentos por hab.,2023,7.4072
51004,Centro Norte,Centro-Noroeste,media_alta,qtd_mc_local_pc,Procedimentos de média complexidade por habitante,procedimentos por hab.,2024,8.6916
51004,Centro Norte,Centro-Noroeste,media_alta,qtd_mc_local_pc,Procedimentos de média complexidade por habitante,procedimentos por hab.,2025,9.5132
51004,Centro Norte,Centro-Noroeste,media_alta,valor_sih_local_pc,Valor das internações realizadas no município por habitante,R$ por habitante,2020,19.9855
51004,Centro Norte,Centro-Noroeste,media_alta,valor_sih_local_pc,Valor das internações realizadas no município por habitante,R$ por habitante,2021,22.5247
51004,Centro Norte,Centro-Noroeste,media_alta,valor_sih_local_pc,Valor das internações realizadas no município por habitante,R$ por habitante,2022,23.4434
51004,Centro Norte,Centro-Noroeste,media_alta,valor_sih_local_pc,Valor das internações realizadas no município por habitante,R$ por habitante,2023,24.5709
51004,Centro Norte,Centro-Noroeste,media_alta,valor_sih_local_pc,Valor das internações realizadas no município por habitante,R$ por habitante,2024,24.6266
51004,Centro Norte,Centro-Noroeste,media_alta,valor_sih_local_pc,Valor das internações realizadas no município por habitante,R$ por habitante,2025,24.4592
51004,Centro Norte,Centro-Noroeste,media_alta,valor_sih_res_pc,Valor das internações de residentes por habitante,R$ por habitante,2020,51.3182
51004,Centro Norte,Centro-Noroeste,media_alta,valor_sih_res_pc,Valor das internações de residentes por habitante,R$ por habitante,2021,79.8426
51004,Centro Norte,Centro-Noroeste,media_alta,valor_sih_res_pc,Valor das internações de residentes por habitante,R$ por habitante,2022,69.0696
51004,Centro Norte,Centro-Noroeste,media_alta,valor_sih_res_pc,Valor das internações de residentes por habitante,R$ por habitante,2023,71.9537
51004,Centro Norte,Centro-Noroeste,media_alta,valor_sih_res_pc,Valor das internações de residentes por habitante,R$ por habitante,2024,85.2376
51004,Centro Norte,Centro-Noroeste,media_alta,valor_sih_res_pc,Valor das internações de residentes por habitante,R$ por habitante,2025,93.0795
51004,Centro Norte,Centro-Noroeste,resultados,pct_baixo_peso,Nascidos vivos com baixo peso,% dos nascidos vivos,2020,8.2796
51004,Centro Norte,Centro-Noroeste,resultados,pct_baixo_peso,Nascidos vivos com baixo peso,% dos nascidos vivos,2021,7.116
51004,Centro Norte,Centro-Noroeste,resultados,pct_baixo_peso,Nascidos vivos com baixo peso,% dos nascidos vivos,2022,7.7782
51004,Centro Norte,Centro-Noroeste,resultados,pct_baixo_peso,Nascidos vivos com baixo peso,% dos nascidos vivos,2023,8.077
51004,Centro Norte,Centro-Noroeste,resultados,pct_baixo_peso,Nascidos vivos com baixo peso,% dos nascidos vivos,2024,6.9482
51004,Centro Norte,Centro-Noroeste,resultados,pct_cesarea,Partos cesáreos,% dos nascidos vivos,2020,57.5782
51004,Centro Norte,Centro-Noroeste,resultados,pct_cesarea,Partos cesáreos,% dos nascidos vivos,2021,58.0921
51004,Centro Norte,Centro-Noroeste,resultados,pct_cesarea,Partos cesáreos,% dos nascidos vivos,2022,59.8031
51004,Centro Norte,Centro-Noroeste,resultados,pct_cesarea,Partos cesáreos,% dos nascidos vivos,2023,65.2072
51004,Centro Norte,Centro-Noroeste,resultados,pct_cesarea,Partos cesáreos,% dos nascidos vivos,2024,73.1921
51004,Centro Norte,Centro-Noroeste,resultados,pct_mae_adolescente,Nascidos vivos de mães adolescentes,% dos nascidos vivos,2020,17.2647
51004,Centro Norte,Centro-Noroeste,resultados,pct_mae_adolescente,Nascidos vivos de mães adolescentes,% dos nascidos vivos,2021,15.7942
51004,Centro Norte,Centro-Noroeste,resultados,pct_mae_adolescente,Nascidos vivos de mães adolescentes,% dos nascidos vivos,2022,15.3339
51004,Centro Norte,Centro-Noroeste,resultados,pct_mae_adolescente,Nascidos vivos de mães adolescentes,% dos nascidos vivos,2023,16.628
51004,Centro Norte,Centro-Noroeste,resultados,pct_mae_adolescente,Nascidos vivos de mães adolescentes,% dos nascidos vivos,2024,15.1683
51004,Centro Norte,Centro-Noroeste,resultados,pct_prenatal_7mais,Nascidos vivos com 7 ou mais consultas de pré-natal,% dos nascidos vivos,2020,79.6075
51004,Centro Norte,Centro-Noroeste,resultados,pct_prenatal_7mais,Nascidos vivos com 7 ou mais consultas de pré-natal,% dos nascidos vivos,2021,84.33
51004,Centro Norte,Centro-Noroeste,resultados,pct_prenatal_7mais,Nascidos vivos com 7 ou mais consultas de pré-natal,% dos nascidos vivos,2022,82.5126
51004,Centro Norte,Centro-Noroeste,resultados,pct_prenatal_7mais,Nascidos vivos com 7 ou mais consultas de pré-natal,% dos nascidos vivos,2023,81.9993
51004,Centro Norte,Centro-Noroeste,resultados,pct_prenatal_7mais,Nascidos vivos com 7 ou mais consultas de pré-natal,% dos nascidos vivos,2024,88.1355
51004,Centro Norte,Centro-Noroeste,resultados,taxa_mortalidade_geral,Taxa de mortalidade geral,óbitos por mil habitantes,2020,6.3149
51004,Centro Norte,Centro-Noroeste,resultados,taxa_mortalidade_geral,Taxa de mortalidade geral,óbitos por mil habitantes,2021,7.3858
51004,Centro Norte,Centro-Noroeste,resultados,taxa_mortalidade_geral,Taxa de mortalidade geral,óbitos por mil habitantes,2022,7.5336
51004,Centro Norte,Centro-Noroeste,resultados,taxa_mortalidade_geral,Taxa de mortalidade geral,óbitos por mil habitantes,2023,7.4563
51004,Centro Norte,Centro-Noroeste,resultados,taxa_mortalidade_geral,Taxa de mortalidade geral,óbitos por mil habitantes,2024,7.4466
51004,Centro Norte,Centro-Noroeste,resultados,taxa_mortalidade_infantil,Taxa de mortalidade infantil,óbitos por mil nascidos vivos,2020,13.2812
51004,Centro Norte,Centro-Noroeste,resultados,taxa_mortalidade_infantil,Taxa de mortalidade infantil,óbitos por mil nascidos vivos,2021,19.5465
51004,Centro Norte,Centro-Noroeste,resultados,taxa_mortalidade_infantil,Taxa de mortalidade infantil,óbitos por mil nascidos vivos,2022,7.6278
51004,Centro Norte,Centro-Noroeste,resultados,taxa_mortalidade_infantil,Taxa de mortalidade infantil,óbitos por mil nascidos vivos,2023,16.6271
51004,Centro Norte,Centro-Noroeste,resultados,taxa_mortalidade_infantil,Taxa de mortalidade infantil,óbitos por mil nascidos vivos,2024,7.6271
51005,Garças Araguaia,Leste,atencao_basica,atend_individual_pc,Atendimentos individuais na atenção básica por habitante,atendimentos por hab.,2020,0.9764
51005,Garças Araguaia,Leste,atencao_basica,atend_individual_pc,Atendimentos individuais na atenção básica por habitante,atendimentos por hab.,2021,1.3352
51005,Garças Araguaia,Leste,atencao_basica,atend_individual_pc,Atendimentos individuais na atenção básica por habitante,atendimentos por hab.,2022,1.7453
51005,Garças Araguaia,Leste,atencao_basica,atend_individual_pc,Atendimentos individuais na atenção básica por habitante,atendimentos por hab.,2023,1.9631
51005,Garças Araguaia,Leste,atencao_basica,atend_individual_pc,Atendimentos individuais na atenção básica por habitante,atendimentos por hab.,2024,2.0569
51005,Garças Araguaia,Leste,atencao_basica,atend_individual_pc,Atendimentos individuais na atenção básica por habitante,atendimentos por hab.,2025,2.4233
51005,Garças Araguaia,Leste,atencao_basica,atend_odonto_pc,Atendimentos odontológicos por habitante,atendimentos por hab.,2020,0.1183
51005,Garças Araguaia,Leste,atencao_basica,atend_odonto_pc,Atendimentos odontológicos por habitante,atendimentos por hab.,2021,0.1517
51005,Garças Araguaia,Leste,atencao_basica,atend_odonto_pc,Atendimentos odontológicos por habitante,atendimentos por hab.,2022,0.3011
51005,Garças Araguaia,Leste,atencao_basica,atend_odonto_pc,Atendimentos odontológicos por habitante,atendimentos por hab.,2023,0.3209
51005,Garças Araguaia,Leste,atencao_basica,atend_odonto_pc,Atendimentos odontológicos por habitante,atendimentos por hab.,2024,0.3399
51005,Garças Araguaia,Leste,atencao_basica,atend_odonto_pc,Atendimentos odontológicos por habitante,atendimentos por hab.,2025,0.322
51005,Garças Araguaia,Leste,atencao_basica,doses_menor1_por_nv,Doses de vacina em menores de 1 ano por nascido vivo,doses por nascido vivo,2020,11.7501
51005,Garças Araguaia,Leste,atencao_basica,doses_menor1_por_nv,Doses de vacina em menores de 1 ano por nascido vivo,doses por nascido vivo,2021,12.3894
51005,Garças Araguaia,Leste,atencao_basica,doses_menor1_por_nv,Doses de vacina em menores de 1 ano por nascido vivo,doses por nascido vivo,2022,14.6139
51005,Garças Araguaia,Leste,atencao_basica,doses_menor1_por_nv,Doses de vacina em menores de 1 ano por nascido vivo,doses por nascido vivo,2023,16.0355
51005,Garças Araguaia,Leste,atencao_basica,doses_menor1_por_nv,Doses de vacina em menores de 1 ano por nascido vivo,doses por nascido vivo,2024,16.2069
51005,Garças Araguaia,Leste,atencao_basica,doses_pc,Doses de vacina aplicadas por habitante,doses por hab.,2020,0.6829
51005,Garças Araguaia,Leste,atencao_basica,doses_pc,Doses de vacina aplicadas por habitante,doses por hab.,2021,0.6908
51005,Garças Araguaia,Leste,atencao_basica,doses_pc,Doses de vacina aplicadas por habitante,doses por hab.,2022,0.7553
51005,Garças Araguaia,Leste,atencao_basica,doses_pc,Doses de vacina aplicadas por habitante,doses por hab.,2023,0.7659
51005,Garças Araguaia,Leste,atencao_basica,doses_pc,Doses de vacina aplicadas por habitante,doses por hab.,2024,0.8671
51005,Garças Araguaia,Leste,atencao_basica,doses_pc,Doses de vacina aplicadas por habitante,doses por hab.,2025,0.8943
51005,Garças Araguaia,Leste,atencao_basica,procedimentos_ab_pc,Procedimentos na atenção básica por habitante,procedimentos por hab.,2020,1.5614
51005,Garças Araguaia,Leste,atencao_basica,procedimentos_ab_pc,Procedimentos na atenção básica por habitante,procedimentos por hab.,2021,2.1558
51005,Garças Araguaia,Leste,atencao_basica,procedimentos_ab_pc,Procedimentos na atenção básica por habitante,procedimentos por hab.,2022,2.988
51005,Garças Araguaia,Leste,atencao_basica,procedimentos_ab_pc,Procedimentos na atenção básica por habitante,procedimentos por hab.,2023,3.406
51005,Garças Araguaia,Leste,atencao_basica,procedimentos_ab_pc,Procedimentos na atenção básica por habitante,procedimentos por hab.,2024,3.6136
51005,Garças Araguaia,Leste,atencao_basica,procedimentos_ab_pc,Procedimentos na atenção básica por habitante,procedimentos por hab.,2025,4.2285
51005,Garças Araguaia,Leste,atencao_basica,visitas_pc,Visitas domiciliares por habitante,visitas por hab.,2020,2.3982
51005,Garças Araguaia,Leste,atencao_basica,visitas_pc,Visitas domiciliares por habitante,visitas por hab.,2021,2.1109
51005,Garças Araguaia,Leste,atencao_basica,visitas_pc,Visitas domiciliares por habitante,visitas por hab.,2022,2.3469
51005,Garças Araguaia,Leste,atencao_basica,visitas_pc,Visitas domiciliares por habitante,visitas por hab.,2023,2.9585
51005,Garças Araguaia,Leste,atencao_basica,visitas_pc,Visitas domiciliares por habitante,visitas por hab.,2024,3.8703
51005,Garças Araguaia,Leste,atencao_basica,visitas_pc,Visitas domiciliares por habitante,visitas por hab.,2025,5.2217
51005,Garças Araguaia,Leste,capacidade,equip_sus_p10000,Equipamentos SUS em uso por 10 mil habitantes,equipamentos por 10 mil hab.,2020,35.6097
51005,Garças Araguaia,Leste,capacidade,equip_sus_p10000,Equipamentos SUS em uso por 10 mil habitantes,equipamentos por 10 mil hab.,2021,40.7629
51005,Garças Araguaia,Leste,capacidade,equip_sus_p10000,Equipamentos SUS em uso por 10 mil habitantes,equipamentos por 10 mil hab.,2022,43.6618
51005,Garças Araguaia,Leste,capacidade,equip_sus_p10000,Equipamentos SUS em uso por 10 mil habitantes,equipamentos por 10 mil hab.,2023,54.5922
51005,Garças Araguaia,Leste,capacidade,equip_sus_p10000,Equipamentos SUS em uso por 10 mil habitantes,equipamentos por 10 mil hab.,2024,66.1062
51005,Garças Araguaia,Leste,capacidade,equip_sus_p10000,Equipamentos SUS em uso por 10 mil habitantes,equipamentos por 10 mil hab.,2025,67.1853
51005,Garças Araguaia,Leste,capacidade,equipes_esf_p10000,Equipes de Saúde da Família por 10 mil habitantes,equipes por 10 mil hab.,2020,3.1496
51005,Garças Araguaia,Leste,capacidade,equipes_esf_p10000,Equipes de Saúde da Família por 10 mil habitantes,equipes por 10 mil hab.,2021,3.2114
51005,Garças Araguaia,Leste,capacidade,equipes_esf_p10000,Equipes de Saúde da Família por 10 mil habitantes,equipes por 10 mil hab.,2022,2.8886
51005,Garças Araguaia,Leste,capacidade,equipes_esf_p10000,Equipes de Saúde da Família por 10 mil habitantes,equipes por 10 mil hab.,2023,2.7697
51005,Garças Araguaia,Leste,capacidade,equipes_esf_p10000,Equipes de Saúde da Família por 10 mil habitantes,equipes por 10 mil hab.,2024,2.8125
51005,Garças Araguaia,Leste,capacidade,equipes_esf_p10000,Equipes de Saúde da Família por 10 mil habitantes,equipes por 10 mil hab.,2025,2.8729
51005,Garças Araguaia,Leste,capacidade,fte_acs_p1000,Agentes comunitários de saúde por mil habitantes,FTE por mil hab.,2020,3.5999
51005,Garças Araguaia,Leste,capacidade,fte_acs_p1000,Agentes comunitários de saúde por mil habitantes,FTE por mil hab.,2021,3.9255
51005,Garças Araguaia,Leste,capacidade,fte_acs_p1000,Agentes comunitários de saúde por mil habitantes,FTE por mil hab.,2022,3.8404
51005,Garças Araguaia,Leste,capacidade,fte_acs_p1000,Agentes comunitários de saúde por mil habitantes,FTE por mil hab.,2023,3.8438
51005,Garças Araguaia,Leste,capacidade,fte_acs_p1000,Agentes comunitários de saúde por mil habitantes,FTE por mil hab.,2024,3.9608
51005,Garças Araguaia,Leste,capacidade,fte_acs_p1000,Agentes comunitários de saúde por mil habitantes,FTE por mil hab.,2025,4.0377
51005,Garças Araguaia,Leste,capacidade,fte_dentistas_p1000,Dentistas SUS por mil habitantes,FTE por mil hab.,2020,0.4455
51005,Garças Araguaia,Leste,capacidade,fte_dentistas_p1000,Dentistas SUS por mil habitantes,FTE por mil hab.,2021,0.5417
51005,Garças Araguaia,Leste,capacidade,fte_dentistas_p1000,Dentistas SUS por mil habitantes,FTE por mil hab.,2022,0.5153
51005,Garças Araguaia,Leste,capacidade,fte_dentistas_p1000,Dentistas SUS por mil habitantes,FTE por mil hab.,2023,0.5128
51005,Garças Araguaia,Leste,capacidade,fte_dentistas_p1000,Dentistas SUS por mil habitantes,FTE por mil hab.,2024,0.522
51005,Garças Araguaia,Leste,capacidade,fte_dentistas_p1000,Dentistas SUS por mil habitantes,FTE por mil hab.,2025,0.5145
51005,Garças Araguaia,Leste,capacidade,fte_enfermeiros_p1000,Enfermeiros SUS por mil habitantes,FTE por mil hab.,2020,1.5754
51005,Garças Araguaia,Leste,capacidade,fte_enfermeiros_p1000,Enfermeiros SUS por mil habitantes,FTE por mil hab.,2021,1.9369
51005,Garças Araguaia,Leste,capacidade,fte_enfermeiros_p1000,Enfermeiros SUS por mil habitantes,FTE por mil hab.,2022,1.7491
51005,Garças Araguaia,Leste,capacidade,fte_enfermeiros_p1000,Enfermeiros SUS por mil habitantes,FTE por mil hab.,2023,1.7746
51005,Garças Araguaia,Leste,capacidade,fte_enfermeiros_p1000,Enfermeiros SUS por mil habitantes,FTE por mil hab.,2024,1.8265
51005,Garças Araguaia,Leste,capacidade,fte_enfermeiros_p1000,Enfermeiros SUS por mil habitantes,FTE por mil hab.,2025,1.8414
51005,Garças Araguaia,Leste,capacidade,fte_medicos_p1000,Médicos SUS por mil habitantes,FTE por mil hab.,2020,1.3742
51005,Garças Araguaia,Leste,capacidade,fte_medicos_p1000,Médicos SUS por mil habitantes,FTE por mil hab.,2021,1.4306
51005,Garças Araguaia,Leste,capacidade,fte_medicos_p1000,Médicos SUS por mil habitantes,FTE por mil hab.,2022,1.3401
51005,Garças Araguaia,Leste,capacidade,fte_medicos_p1000,Médicos SUS por mil habitantes,FTE por mil hab.,2023,1.3984
51005,Garças Araguaia,Leste,capacidade,fte_medicos_p1000,Médicos SUS por mil habitantes,FTE por mil hab.,2024,1.4659
51005,Garças Araguaia,Leste,capacidade,fte_medicos_p1000,Médicos SUS por mil habitantes,FTE por mil hab.,2025,1.4623
51005,Garças Araguaia,Leste,capacidade,fte_tec_enfermagem_p1000,Técnicos de enfermagem SUS por mil habitantes,FTE por mil hab.,2020,3.2418
51005,Garças Araguaia,Leste,capacidade,fte_tec_enfermagem_p1000,Técnicos de enfermagem SUS por mil habitantes,FTE por mil hab.,2021,3.5435
51005,Garças Araguaia,Leste,capacidade,fte_tec_enfermagem_p1000,Técnicos de enfermagem SUS por mil habitantes,FTE por mil hab.,2022,3.3045
51005,Garças Araguaia,Leste,capacidade,fte_tec_enfermagem_p1000,Técnicos de enfermagem SUS por mil habitantes,FTE por mil hab.,2023,3.3982
51005,Garças Araguaia,Leste,capacidade,fte_tec_enfermagem_p1000,Técnicos de enfermagem SUS por mil habitantes,FTE por mil hab.,2024,3.6992
51005,Garças Araguaia,Leste,capacidade,fte_tec_enfermagem_p1000,Técnicos de enfermagem SUS por mil habitantes,FTE por mil hab.,2025,3.7099
51005,Garças Araguaia,Leste,capacidade,leitos_sus_p1000,Leitos SUS por mil habitantes,leitos por mil hab.,2020,2.0676
51005,Garças Araguaia,Leste,capacidade,leitos_sus_p1000,Leitos SUS por mil habitantes,leitos por mil hab.,2021,2.1207
51005,Garças Araguaia,Leste,capacidade,leitos_sus_p1000,Leitos SUS por mil habitantes,leitos por mil hab.,2022,1.8896
51005,Garças Araguaia,Leste,capacidade,leitos_sus_p1000,Leitos SUS por mil habitantes,leitos por mil hab.,2023,1.694
51005,Garças Araguaia,Leste,capacidade,leitos_sus_p1000,Leitos SUS por mil habitantes,leitos por mil hab.,2024,1.6683
51005,Garças Araguaia,Leste,capacidade,leitos_sus_p1000,Leitos SUS por mil habitantes,leitos por mil hab.,2025,1.6815
51005,Garças Araguaia,Leste,capacidade,leitos_uti_sus,Leitos de UTI SUS,leitos,2020,14.0
51005,Garças Araguaia,Leste,capacidade,leitos_uti_sus,Leitos de UTI SUS,leitos,2021,18.0
51005,Garças Araguaia,Leste,capacidade,leitos_uti_sus,Leitos de UTI SUS,leitos,2022,12.0
51005,Garças Araguaia,Leste,capacidade,leitos_uti_sus,Leitos de UTI SUS,leitos,2023,10.0
51005,Garças Araguaia,Leste,capacidade,leitos_uti_sus,Leitos de UTI SUS,leitos,2024,10.0
51005,Garças Araguaia,Leste,capacidade,leitos_uti_sus,Leitos de UTI SUS,leitos,2025,10.0
51005,Garças Araguaia,Leste,capacidade,n_equipes_eap,Equipes de atenção primária (eAP),equipes,2020,0.0
51005,Garças Araguaia,Leste,capacidade,n_equipes_eap,Equipes de atenção primária (eAP),equipes,2021,0.0
51005,Garças Araguaia,Leste,capacidade,n_equipes_eap,Equipes de atenção primária (eAP),equipes,2022,0.0
51005,Garças Araguaia,Leste,capacidade,n_equipes_eap,Equipes de atenção primária (eAP),equipes,2023,0.0
51005,Garças Araguaia,Leste,capacidade,n_equipes_eap,Equipes de atenção primária (eAP),equipes,2024,0.0
51005,Garças Araguaia,Leste,capacidade,n_equipes_eap,Equipes de atenção primária (eAP),equipes,2025,1.0
51005,Garças Araguaia,Leste,capacidade,n_equipes_esb,Equipes de saúde bucal,equipes,2020,37.0
51005,Garças Araguaia,Leste,capacidade,n_equipes_esb,Equipes de saúde bucal,equipes,2021,40.0
51005,Garças Araguaia,Leste,capacidade,n_equipes_esb,Equipes de saúde bucal,equipes,2022,40.0
51005,Garças Araguaia,Leste,capacidade,n_equipes_esb,Equipes de saúde bucal,equipes,2023,40.0
51005,Garças Araguaia,Leste,capacidade,n_equipes_esb,Equipes de saúde bucal,equipes,2024,41.0
51005,Garças Araguaia,Leste,capacidade,n_equipes_esb,Equipes de saúde bucal,equipes,2025,43.0
51005,Garças Araguaia,Leste,capacidade,n_estab_sus,Estabelecimentos com atendimento SUS,estabelecimentos,2020,169.0
51005,Garças Araguaia,Leste,capacidade,n_estab_sus,Estabelecimentos com atendimento SUS,estabelecimentos,2021,180.0
51005,Garças Araguaia,Leste,capacidade,n_estab_sus,Estabelecimentos com atendimento SUS,estabelecimentos,2022,189.0
51005,Garças Araguaia,Leste,capacidade,n_estab_sus,Estabelecimentos com atendimento SUS,estabelecimentos,2023,194.0
51005,Garças Araguaia,Leste,capacidade,n_estab_sus,Estabelecimentos com atendimento SUS,estabelecimentos,2024,204.0
51005,Garças Araguaia,Leste,capacidade,n_estab_sus,Estabelecimentos com atendimento SUS,estabelecimentos,2025,212.0
51005,Garças Araguaia,Leste,capacidade,n_hospitais_sus,Hospitais SUS,hospitais,2020,8.0
51005,Garças Araguaia,Leste,capacidade,n_hospitais_sus,Hospitais SUS,hospitais,2021,8.0
51005,Garças Araguaia,Leste,capacidade,n_hospitais_sus,Hospitais SUS,hospitais,2022,8.0
51005,Garças Araguaia,Leste,capacidade,n_hospitais_sus,Hospitais SUS,hospitais,2023,8.0
51005,Garças Araguaia,Leste,capacidade,n_hospitais_sus,Hospitais SUS,hospitais,2024,8.0
51005,Garças Araguaia,Leste,capacidade,n_hospitais_sus,Hospitais SUS,hospitais,2025,9.0
51005,Garças Araguaia,Leste,capacidade,n_ubs,Unidades básicas de saúde,unidades,2020,50.0
51005,Garças Araguaia,Leste,capacidade,n_ubs,Unidades básicas de saúde,unidades,2021,50.0
51005,Garças Araguaia,Leste,capacidade,n_ubs,Unidades básicas de saúde,unidades,2022,49.0
51005,Garças Araguaia,Leste,capacidade,n_ubs,Unidades básicas de saúde,unidades,2023,50.0
51005,Garças Araguaia,Leste,capacidade,n_ubs,Unidades básicas de saúde,unidades,2024,52.0
51005,Garças Araguaia,Leste,capacidade,n_ubs,Unidades básicas de saúde,unidades,2025,51.0
51005,Garças Araguaia,Leste,capacidade,n_upa,Unidades de pronto atendimento,unidades,2020,1.0
51005,Garças Araguaia,Leste,capacidade,n_upa,Unidades de pronto atendimento,unidades,2021,1.0
51005,Garças Araguaia,Leste,capacidade,n_upa,Unidades de pronto atendimento,unidades,2022,1.0
51005,Garças Araguaia,Leste,capacidade,n_upa,Unidades de pronto atendimento,unidades,2023,2.0
51005,Garças Araguaia,Leste,capacidade,n_upa,Unidades de pronto atendimento,unidades,2024,2.0
51005,Garças Araguaia,Leste,capacidade,n_upa,Unidades de pronto atendimento,unidades,2025,2.0
51005,Garças Araguaia,Leste,contexto,populacao,População,habitantes,2020,126999.0
51005,Garças Araguaia,Leste,contexto,populacao,População,habitantes,2021,127670.0
51005,Garças Araguaia,Leste,contexto,populacao,População,habitantes,2022,141350.0
51005,Garças Araguaia,Leste,contexto,populacao,População,habitantes,2023,144418.0
51005,Garças Araguaia,Leste,contexto,populacao,População,habitantes,2024,147555.0
51005,Garças Araguaia,Leste,contexto,populacao,População,habitantes,2025,149674.0
51005,Garças Araguaia,Leste,deslocamento,km_medio_internacao,Distância média até a internação,km,2020,38.6282
51005,Garças Araguaia,Leste,deslocamento,km_medio_internacao,Distância média até a internação,km,2021,35.2973
51005,Garças Araguaia,Leste,deslocamento,km_medio_internacao,Distância média até a internação,km,2022,36.3664
51005,Garças Araguaia,Leste,deslocamento,km_medio_internacao,Distância média até a internação,km,2023,45.2651
51005,Garças Araguaia,Leste,deslocamento,km_medio_internacao,Distância média até a internação,km,2024,51.5722
51005,Garças Araguaia,Leste,deslocamento,km_medio_internacao,Distância média até a internação,km,2025,52.0983
51005,Garças Araguaia,Leste,deslocamento,pct_internacoes_fora_mun,Internações fora do município de residência,% das internações de residentes,2020,24.4977
51005,Garças Araguaia,Leste,deslocamento,pct_internacoes_fora_mun,Internações fora do município de residência,% das internações de residentes,2021,23.4381
51005,Garças Araguaia,Leste,deslocamento,pct_internacoes_fora_mun,Internações fora do município de residência,% das internações de residentes,2022,24.0358
51005,Garças Araguaia,Leste,deslocamento,pct_internacoes_fora_mun,Internações fora do município de residência,% das internações de residentes,2023,26.9814
51005,Garças Araguaia,Leste,deslocamento,pct_internacoes_fora_mun,Internações fora do município de residência,% das internações de residentes,2024,29.5272
51005,Garças Araguaia,Leste,deslocamento,pct_internacoes_fora_mun,Internações fora do município de residência,% das internações de residentes,2025,28.9225
51005,Garças Araguaia,Leste,deslocamento,pct_internacoes_fora_regiao,Internações fora da região de saúde,% das internações de residentes,2020,13.0294
51005,Garças Araguaia,Leste,deslocamento,pct_internacoes_fora_regiao,Internações fora da região de saúde,% das internações de residentes,2021,14.5863
51005,Garças Araguaia,Leste,deslocamento,pct_internacoes_fora_regiao,Internações fora da região de saúde,% das internações de residentes,2022,14.18
51005,Garças Araguaia,Leste,deslocamento,pct_internacoes_fora_regiao,Internações fora da região de saúde,% das internações de residentes,2023,16.414
51005,Garças Araguaia,Leste,deslocamento,pct_internacoes_fora_regiao,Internações fora da região de saúde,% das internações de residentes,2024,16.597
51005,Garças Araguaia,Leste,deslocamento,pct_internacoes_fora_regiao,Internações fora da região de saúde,% das internações de residentes,2025,17.0162
51005,Garças Araguaia,Leste,financiamento,desp_ab_pc,Despesa em atenção básica por habitante,R$ por habitante,2020,374.2653
51005,Garças Araguaia,Leste,financiamento,desp_ab_pc,Despesa em atenção básica por habitante,R$ por habitante,2021,418.4631
51005,Garças Araguaia,Leste,financiamento,desp_ab_pc,Despesa em atenção básica por habitante,R$ por habitante,2022,494.3594
51005,Garças Araguaia,Leste,financiamento,desp_ab_pc,Despesa em atenção básica por habitante,R$ por habitante,2023,585.4789
51005,Garças Araguaia,Leste,financiamento,desp_ab_pc,Despesa em atenção básica por habitante,R$ por habitante,2024,609.163
51005,Garças Araguaia,Leste,financiamento,desp_ab_pc,Despesa em atenção básica por habitante,R$ por habitante,2025,671.4541
51005,Garças Araguaia,Leste,financiamento,desp_mac_pc,Despesa em média e alta complexidade por habitante,R$ por habitante,2020,815.51
51005,Garças Araguaia,Leste,financiamento,desp_mac_pc,Despesa em média e alta complexidade por habitante,R$ por habitante,2021,898.3703
51005,Garças Araguaia,Leste,financiamento,desp_mac_pc,Despesa em média e alta complexidade por habitante,R$ por habitante,2022,886.6025
51005,Garças Araguaia,Leste,financiamento,desp_mac_pc,Despesa em média e alta complexidade por habitante,R$ por habitante,2023,967.7882
51005,Garças Araguaia,Leste,financiamento,desp_mac_pc,Despesa em média e alta complexidade por habitante,R$ por habitante,2024,1150.3883
51005,Garças Araguaia,Leste,financiamento,desp_mac_pc,Despesa em média e alta complexidade por habitante,R$ por habitante,2025,1235.576
51005,Garças Araguaia,Leste,financiamento,desp_total_pc,Despesa em saúde por habitante,R$ por habitante,2020,1379.4182
51005,Garças Araguaia,Leste,financiamento,desp_total_pc,Despesa em saúde por habitante,R$ por habitante,2021,1531.1768
51005,Garças Araguaia,Leste,financiamento,desp_total_pc,Despesa em saúde por habitante,R$ por habitante,2022,1621.2269
51005,Garças Araguaia,Leste,financiamento,desp_total_pc,Despesa em saúde por habitante,R$ por habitante,2023,1817.869
51005,Garças Araguaia,Leste,financiamento,desp_total_pc,Despesa em saúde por habitante,R$ por habitante,2024,2073.6649
51005,Garças Araguaia,Leste,financiamento,desp_total_pc,Despesa em saúde por habitante,R$ por habitante,2025,2245.9423
51005,Garças Araguaia,Leste,financiamento,pct_capital,Despesa de capital,% da despesa total,2020,4.1616
51005,Garças Araguaia,Leste,financiamento,pct_capital,Despesa de capital,% da despesa total,2021,4.6892
51005,Garças Araguaia,Leste,financiamento,pct_capital,Despesa de capital,% da despesa total,2022,3.4988
51005,Garças Araguaia,Leste,financiamento,pct_capital,Despesa de capital,% da despesa total,2023,4.6177
51005,Garças Araguaia,Leste,financiamento,pct_capital,Despesa de capital,% da despesa total,2024,4.657
51005,Garças Araguaia,Leste,financiamento,pct_capital,Despesa de capital,% da despesa total,2025,4.2365
51005,Garças Araguaia,Leste,financiamento,pct_recursos_proprios,Despesa com recursos próprios,% da despesa total,2020,46.7245
51005,Garças Araguaia,Leste,financiamento,pct_recursos_proprios,Despesa com recursos próprios,% da despesa total,2021,62.1081
51005,Garças Araguaia,Leste,financiamento,pct_recursos_proprios,Despesa com recursos próprios,% da despesa total,2022,59.3608
51005,Garças Araguaia,Leste,financiamento,pct_recursos_proprios,Despesa com recursos próprios,% da despesa total,2023,52.4724
51005,Garças Araguaia,Leste,financiamento,pct_recursos_proprios,Despesa com recursos próprios,% da despesa total,2024,52.4269
51005,Garças Araguaia,Leste,financiamento,pct_recursos_proprios,Despesa com recursos próprios,% da despesa total,2025,53.8726
51005,Garças Araguaia,Leste,media_alta,diarias_uti_p1000,Diárias de UTI por mil habitantes,diárias por mil hab.,2020,27.8742
51005,Garças Araguaia,Leste,media_alta,diarias_uti_p1000,Diárias de UTI por mil habitantes,diárias por mil hab.,2021,33.8764
51005,Garças Araguaia,Leste,media_alta,diarias_uti_p1000,Diárias de UTI por mil habitantes,diárias por mil hab.,2022,8.9282
51005,Garças Araguaia,Leste,media_alta,diarias_uti_p1000,Diárias de UTI por mil habitantes,diárias por mil hab.,2023,5.9342
51005,Garças Araguaia,Leste,media_alta,diarias_uti_p1000,Diárias de UTI por mil habitantes,diárias por mil hab.,2024,19.5453
51005,Garças Araguaia,Leste,media_alta,diarias_uti_p1000,Diárias de UTI por mil habitantes,diárias por mil hab.,2025,21.2996
51005,Garças Araguaia,Leste,media_alta,internacoes_local_p1000,Internações realizadas no município por mil habitantes,internações por mil hab.,2020,46.6067
51005,Garças Araguaia,Leste,media_alta,internacoes_local_p1000,Internações realizadas no município por mil habitantes,internações por mil hab.,2021,54.6017
51005,Garças Araguaia,Leste,media_alta,internacoes_local_p1000,Internações realizadas no município por mil habitantes,internações por mil hab.,2022,48.8787
51005,Garças Araguaia,Leste,media_alta,internacoes_local_p1000,Internações realizadas no município por mil habitantes,internações por mil hab.,2023,53.8922
51005,Garças Araguaia,Leste,media_alta,internacoes_local_p1000,Internações realizadas no município por mil habitantes,internações por mil hab.,2024,58.4324
51005,Garças Araguaia,Leste,media_alta,internacoes_local_p1000,Internações realizadas no município por mil habitantes,internações por mil hab.,2025,61.0059
51005,Garças Araguaia,Leste,media_alta,internacoes_res_p1000,Internações de residentes por mil habitantes,internações por mil hab.,2020,50.9453
51005,Garças Araguaia,Leste,media_alta,internacoes_res_p1000,Internações de residentes por mil habitantes,internações por mil hab.,2021,61.0558
51005,Garças Araguaia,Leste,media_alta,internacoes_res_p1000,Internações de residentes por mil habitantes,internações por mil hab.,2022,54.4818
51005,Garças Araguaia,Leste,media_alta,internacoes_res_p1000,Internações de residentes por mil habitantes,internações por mil hab.,2023,60.2833
51005,Garças Araguaia,Leste,media_alta,internacoes_res_p1000,Internações de residentes por mil habitantes,internações por mil hab.,2024,63.2103
51005,Garças Araguaia,Leste,media_alta,internacoes_res_p1000,Internações de residentes por mil habitantes,internações por mil hab.,2025,64.9812
51005,Garças Araguaia,Leste,media_alta,mortalidade_hosp_pct,Mortalidade hospitalar,% das internações locais,2020,5.5584
51005,Garças Araguaia,Leste,media_alta,mortalidade_hosp_pct,Mortalidade hospitalar,% das internações locais,2021,5.7381
51005,Garças Araguaia,Leste,media_alta,mortalidade_hosp_pct,Mortalidade hospitalar,% das internações locais,2022,2.7645
51005,Garças Araguaia,Leste,media_alta,mortalidade_hosp_pct,Mortalidade hospitalar,% das internações locais,2023,2.1714
51005,Garças Araguaia,Leste,media_alta,mortalidade_hosp_pct,Mortalidade hospitalar,% das internações locais,2024,2.424
51005,Garças Araguaia,Leste,media_alta,mortalidade_hosp_pct,Mortalidade hospitalar,% das internações locais,2025,2.5846
51005,Garças Araguaia,Leste,media_alta,pct_urgencia,Internações de urgência,% das internações locais,2020,87.0417
51005,Garças Araguaia,Leste,media_alta,pct_urgencia,Internações de urgência,% das internações locais,2021,96.6432
51005,Garças Araguaia,Leste,media_alta,pct_urgencia,Internações de urgência,% das internações locais,2022,89.7235
51005,Garças Araguaia,Leste,media_alta,pct_urgencia,Internações de urgência,% das internações locais,2023,57.2658
51005,Garças Araguaia,Leste,media_alta,pct_urgencia,Internações de urgência,% das internações locais,2024,57.3069
51005,Garças Araguaia,Leste,media_alta,pct_urgencia,Internações de urgência,% das internações locais,2025,59.5554
51005,Garças Araguaia,Leste,media_alta,permanencia_media,Permanência média das internações,dias,2020,3.1439
51005,Garças Araguaia,Leste,media_alta,permanencia_media,Permanência média das internações,dias,2021,3.0746
51005,Garças Araguaia,Leste,media_alta,permanencia_media,Permanência média das internações,dias,2022,2.9767
51005,Garças Araguaia,Leste,media_alta,permanencia_media,Permanência média das internações,dias,2023,3.0559
51005,Garças Araguaia,Leste,media_alta,permanencia_media,Permanência média das internações,dias,2024,2.927
51005,Garças Araguaia,Leste,media_alta,permanencia_media,Permanência média das internações,dias,2025,3.0665
51005,Garças Araguaia,Leste,media_alta,qtd_ac_local_pc,Procedimentos de alta complexidade por habitante,procedimentos por hab.,2020,0.1686
51005,Garças Araguaia,Leste,media_alta,qtd_ac_local_pc,Procedimentos de alta complexidade por habitante,procedimentos por hab.,2021,0.1725
51005,Garças Araguaia,Leste,media_alta,qtd_ac_local_pc,Procedimentos de alta complexidade por habitante,procedimentos por hab.,2022,0.1822
51005,Garças Araguaia,Leste,media_alta,qtd_ac_local_pc,Procedimentos de alta complexidade por habitante,procedimentos por hab.,2023,0.1982
51005,Garças Araguaia,Leste,media_alta,qtd_ac_local_pc,Procedimentos de alta complexidade por habitante,procedimentos por hab.,2024,0.2209
51005,Garças Araguaia,Leste,media_alta,qtd_ac_local_pc,Procedimentos de alta complexidade por habitante,procedimentos por hab.,2025,0.2202
51005,Garças Araguaia,Leste,media_alta,qtd_mc_local_pc,Procedimentos de média complexidade por habitante,procedimentos por hab.,2020,6.2249
51005,Garças Araguaia,Leste,media_alta,qtd_mc_local_pc,Procedimentos de média complexidade por habitante,procedimentos por hab.,2021,6.4342
51005,Garças Araguaia,Leste,media_alta,qtd_mc_local_pc,Procedimentos de média complexidade por habitante,procedimentos por hab.,2022,8.5809
51005,Garças Araguaia,Leste,media_alta,qtd_mc_local_pc,Procedimentos de média complexidade por habitante,procedimentos por hab.,2023,11.6668
51005,Garças Araguaia,Leste,media_alta,qtd_mc_local_pc,Procedimentos de média complexidade por habitante,procedimentos por hab.,2024,9.3419
51005,Garças Araguaia,Leste,media_alta,qtd_mc_local_pc,Procedimentos de média complexidade por habitante,procedimentos por hab.,2025,9.0973
51005,Garças Araguaia,Leste,media_alta,valor_sih_local_pc,Valor das internações realizadas no município por habitante,R$ por habitante,2020,52.0728
51005,Garças Araguaia,Leste,media_alta,valor_sih_local_pc,Valor das internações realizadas no município por habitante,R$ por habitante,2021,68.8178
51005,Garças Araguaia,Leste,media_alta,valor_sih_local_pc,Valor das internações realizadas no município por habitante,R$ por habitante,2022,32.6965
51005,Garças Araguaia,Leste,media_alta,valor_sih_local_pc,Valor das internações realizadas no município por habitante,R$ por habitante,2023,35.5806
51005,Garças Araguaia,Leste,media_alta,valor_sih_local_pc,Valor das internações realizadas no município por habitante,R$ por habitante,2024,50.6499
51005,Garças Araguaia,Leste,media_alta,valor_sih_local_pc,Valor das internações realizadas no município por habitante,R$ por habitante,2025,74.3384
51005,Garças Araguaia,Leste,media_alta,valor_sih_res_pc,Valor das internações de residentes por habitante,R$ por habitante,2020,57.4841
51005,Garças Araguaia,Leste,media_alta,valor_sih_res_pc,Valor das internações de residentes por habitante,R$ por habitante,2021,93.3251
51005,Garças Araguaia,Leste,media_alta,valor_sih_res_pc,Valor das internações de residentes por habitante,R$ por habitante,2022,43.3436
51005,Garças Araguaia,Leste,media_alta,valor_sih_res_pc,Valor das internações de residentes por habitante,R$ por habitante,2023,52.2765
51005,Garças Araguaia,Leste,media_alta,valor_sih_res_pc,Valor das internações de residentes por habitante,R$ por habitante,2024,67.9515
51005,Garças Araguaia,Leste,media_alta,valor_sih_res_pc,Valor das internações de residentes por habitante,R$ por habitante,2025,80.388
51005,Garças Araguaia,Leste,resultados,pct_baixo_peso,Nascidos vivos com baixo peso,% dos nascidos vivos,2020,6.7475
51005,Garças Araguaia,Leste,resultados,pct_baixo_peso,Nascidos vivos com baixo peso,% dos nascidos vivos,2021,6.5219
51005,Garças Araguaia,Leste,resultados,pct_baixo_peso,Nascidos vivos com baixo peso,% dos nascidos vivos,2022,6.1415
51005,Garças Araguaia,Leste,resultados,pct_baixo_peso,Nascidos vivos com baixo peso,% dos nascidos vivos,2023,6.6629
51005,Garças Araguaia,Leste,resultados,pct_baixo_peso,Nascidos vivos com baixo peso,% dos nascidos vivos,2024,5.9962
51005,Garças Araguaia,Leste,resultados,pct_cesarea,Partos cesáreos,% dos nascidos vivos,2020,63.6464
51005,Garças Araguaia,Leste,resultados,pct_cesarea,Partos cesáreos,% dos nascidos vivos,2021,62.057
51005,Garças Araguaia,Leste,resultados,pct_cesarea,Partos cesáreos,% dos nascidos vivos,2022,63.3733
51005,Garças Araguaia,Leste,resultados,pct_cesarea,Partos cesáreos,% dos nascidos vivos,2023,65.6396
51005,Garças Araguaia,Leste,resultados,pct_cesarea,Partos cesáreos,% dos nascidos vivos,2024,67.3216
51005,Garças Araguaia,Leste,resultados,pct_mae_adolescente,Nascidos vivos de mães adolescentes,% dos nascidos vivos,2020,20.3757
51005,Garças Araguaia,Leste,resultados,pct_mae_adolescente,Nascidos vivos de mães adolescentes,% dos nascidos vivos,2021,21.6231
51005,Garças Araguaia,Leste,resultados,pct_mae_adolescente,Nascidos vivos de mães adolescentes,% dos nascidos vivos,2022,19.8353
51005,Garças Araguaia,Leste,resultados,pct_mae_adolescente,Nascidos vivos de mães adolescentes,% dos nascidos vivos,2023,18.7782
51005,Garças Araguaia,Leste,resultados,pct_mae_adolescente,Nascidos vivos de mães adolescentes,% dos nascidos vivos,2024,18.4917
51005,Garças Araguaia,Leste,resultados,pct_prenatal_7mais,Nascidos vivos com 7 ou mais consultas de pré-natal,% dos nascidos vivos,2020,57.701
51005,Garças Araguaia,Leste,resultados,pct_prenatal_7mais,Nascidos vivos com 7 ou mais consultas de pré-natal,% dos nascidos vivos,2021,52.3696
51005,Garças Araguaia,Leste,resultados,pct_prenatal_7mais,Nascidos vivos com 7 ou mais consultas de pré-natal,% dos nascidos vivos,2022,59.4691
51005,Garças Araguaia,Leste,resultados,pct_prenatal_7mais,Nascidos vivos com 7 ou mais consultas de pré-natal,% dos nascidos vivos,2023,60.7485
51005,Garças Araguaia,Leste,resultados,pct_prenatal_7mais,Nascidos vivos com 7 ou mais consultas de pré-natal,% dos nascidos vivos,2024,65.0237
51005,Garças Araguaia,Leste,resultados,taxa_mortalidade_geral,Taxa de mortalidade geral,óbitos por mil habitantes,2020,7.9134
51005,Garças Araguaia,Leste,resultados,taxa_mortalidade_geral,Taxa de mortalidade geral,óbitos por mil habitantes,2021,10.0415
51005,Garças Araguaia,Leste,resultados,taxa_mortalidade_geral,Taxa de mortalidade geral,óbitos por mil habitantes,2022,6.8836
51005,Garças Araguaia,Leste,resultados,taxa_mortalidade_geral,Taxa de mortalidade geral,óbitos por mil habitantes,2023,7.1252
51005,Garças Araguaia,Leste,resultados,taxa_mortalidade_geral,Taxa de mortalidade geral,óbitos por mil habitantes,2024,7.0686
51005,Garças Araguaia,Leste,resultados,taxa_mortalidade_infantil,Taxa de mortalidade infantil,óbitos por mil nascidos vivos,2020,18.7201
51005,Garças Araguaia,Leste,resultados,taxa_mortalidade_infantil,Taxa de mortalidade infantil,óbitos por mil nascidos vivos,2021,23.4212
51005,Garças Araguaia,Leste,resultados,taxa_mortalidade_infantil,Taxa de mortalidade infantil,óbitos por mil nascidos vivos,2022,24.1334
51005,Garças Araguaia,Leste,resultados,taxa_mortalidade_infantil,Taxa de mortalidade infantil,óbitos por mil nascidos vivos,2023,27.6195
51005,Garças Araguaia,Leste,resultados,taxa_mortalidade_infantil,Taxa de mortalidade infantil,óbitos por mil nascidos vivos,2024,22.4256
51006,Médio Araguaia,Leste,atencao_basica,atend_individual_pc,Atendimentos individuais na atenção básica por habitante,atendimentos por hab.,2020,1.9875
51006,Médio Araguaia,Leste,atencao_basica,atend_individual_pc,Atendimentos individuais na atenção básica por habitante,atendimentos por hab.,2021,2.3011
51006,Médio Araguaia,Leste,atencao_basica,atend_individual_pc,Atendimentos individuais na atenção básica por habitante,atendimentos por hab.,2022,2.4375
51006,Médio Araguaia,Leste,atencao_basica,atend_individual_pc,Atendimentos individuais na atenção básica por habitante,atendimentos por hab.,2023,2.7554
51006,Médio Araguaia,Leste,atencao_basica,atend_individual_pc,Atendimentos individuais na atenção básica por habitante,atendimentos por hab.,2024,2.92
51006,Médio Araguaia,Leste,atencao_basica,atend_individual_pc,Atendimentos individuais na atenção básica por habitante,atendimentos por hab.,2025,3.2847
51006,Médio Araguaia,Leste,atencao_basica,atend_odonto_pc,Atendimentos odontológicos por habitante,atendimentos por hab.,2020,0.1897
51006,Médio Araguaia,Leste,atencao_basica,atend_odonto_pc,Atendimentos odontológicos por habitante,atendimentos por hab.,2021,0.303
51006,Médio Araguaia,Leste,atencao_basica,atend_odonto_pc,Atendimentos odontológicos por habitante,atendimentos por hab.,2022,0.3402
51006,Médio Araguaia,Leste,atencao_basica,atend_odonto_pc,Atendimentos odontológicos por habitante,atendimentos por hab.,2023,0.3949
51006,Médio Araguaia,Leste,atencao_basica,atend_odonto_pc,Atendimentos odontológicos por habitante,atendimentos por hab.,2024,0.3901
51006,Médio Araguaia,Leste,atencao_basica,atend_odonto_pc,Atendimentos odontológicos por habitante,atendimentos por hab.,2025,0.4578
51006,Médio Araguaia,Leste,atencao_basica,doses_menor1_por_nv,Doses de vacina em menores de 1 ano por nascido vivo,doses por nascido vivo,2020,13.7866
51006,Médio Araguaia,Leste,atencao_basica,doses_menor1_por_nv,Doses de vacina em menores de 1 ano por nascido vivo,doses por nascido vivo,2021,14.1229
51006,Médio Araguaia,Leste,atencao_basica,doses_menor1_por_nv,Doses de vacina em menores de 1 ano por nascido vivo,doses por nascido vivo,2022,16.9718
51006,Médio Araguaia,Leste,atencao_basica,doses_menor1_por_nv,Doses de vacina em menores de 1 ano por nascido vivo,doses por nascido vivo,2023,16.8492
51006,Médio Araguaia,Leste,atencao_basica,doses_menor1_por_nv,Doses de vacina em menores de 1 ano por nascido vivo,doses por nascido vivo,2024,17.0884
51006,Médio Araguaia,Leste,atencao_basica,doses_pc,Doses de vacina aplicadas por habitante,doses por hab.,2020,0.7723
51006,Médio Araguaia,Leste,atencao_basica,doses_pc,Doses de vacina aplicadas por habitante,doses por hab.,2021,0.8126
51006,Médio Araguaia,Leste,atencao_basica,doses_pc,Doses de vacina aplicadas por habitante,doses por hab.,2022,0.8728
51006,Médio Araguaia,Leste,atencao_basica,doses_pc,Doses de vacina aplicadas por habitante,doses por hab.,2023,0.8921
51006,Médio Araguaia,Leste,atencao_basica,doses_pc,Doses de vacina aplicadas por habitante,doses por hab.,2024,0.9835
51006,Médio Araguaia,Leste,atencao_basica,doses_pc,Doses de vacina aplicadas por habitante,doses por hab.,2025,1.001
51006,Médio Araguaia,Leste,atencao_basica,procedimentos_ab_pc,Procedimentos na atenção básica por habitante,procedimentos por hab.,2020,3.7481
51006,Médio Araguaia,Leste,atencao_basica,procedimentos_ab_pc,Procedimentos na atenção básica por habitante,procedimentos por hab.,2021,4.8554
51006,Médio Araguaia,Leste,atencao_basica,procedimentos_ab_pc,Procedimentos na atenção básica por habitante,procedimentos por hab.,2022,4.9356
51006,Médio Araguaia,Leste,atencao_basica,procedimentos_ab_pc,Procedimentos na atenção básica por habitante,procedimentos por hab.,2023,5.3921
51006,Médio Araguaia,Leste,atencao_basica,procedimentos_ab_pc,Procedimentos na atenção básica por habitante,procedimentos por hab.,2024,5.7231
51006,Médio Araguaia,Leste,atencao_basica,procedimentos_ab_pc,Procedimentos na atenção básica por habitante,procedimentos por hab.,2025,6.3759
51006,Médio Araguaia,Leste,atencao_basica,visitas_pc,Visitas domiciliares por habitante,visitas por hab.,2020,2.3159
51006,Médio Araguaia,Leste,atencao_basica,visitas_pc,Visitas domiciliares por habitante,visitas por hab.,2021,2.7592
51006,Médio Araguaia,Leste,atencao_basica,visitas_pc,Visitas domiciliares por habitante,visitas por hab.,2022,3.1618
51006,Médio Araguaia,Leste,atencao_basica,visitas_pc,Visitas domiciliares por habitante,visitas por hab.,2023,2.8453
51006,Médio Araguaia,Leste,atencao_basica,visitas_pc,Visitas domiciliares por habitante,visitas por hab.,2024,3.3243
51006,Médio Araguaia,Leste,atencao_basica,visitas_pc,Visitas domiciliares por habitante,visitas por hab.,2025,5.0022
51006,Médio Araguaia,Leste,capacidade,equip_sus_p10000,Equipamentos SUS em uso por 10 mil habitantes,equipamentos por 10 mil hab.,2020,44.5988
51006,Médio Araguaia,Leste,capacidade,equip_sus_p10000,Equipamentos SUS em uso por 10 mil habitantes,equipamentos por 10 mil hab.,2021,57.9
51006,Médio Araguaia,Leste,capacidade,equip_sus_p10000,Equipamentos SUS em uso por 10 mil habitantes,equipamentos por 10 mil hab.,2022,54.0113
51006,Médio Araguaia,Leste,capacidade,equip_sus_p10000,Equipamentos SUS em uso por 10 mil habitantes,equipamentos por 10 mil hab.,2023,55.0924
51006,Médio Araguaia,Leste,capacidade,equip_sus_p10000,Equipamentos SUS em uso por 10 mil habitantes,equipamentos por 10 mil hab.,2024,73.0747
51006,Médio Araguaia,Leste,capacidade,equip_sus_p10000,Equipamentos SUS em uso por 10 mil habitantes,equipamentos por 10 mil hab.,2025,80.7579
51006,Médio Araguaia,Leste,capacidade,equipes_esf_p10000,Equipes de Saúde da Família por 10 mil habitantes,equipes por 10 mil hab.,2020,3.2117
51006,Médio Araguaia,Leste,capacidade,equipes_esf_p10000,Equipes de Saúde da Família por 10 mil habitantes,equipes por 10 mil hab.,2021,3.3794
51006,Médio Araguaia,Leste,capacidade,equipes_esf_p10000,Equipes de Saúde da Família por 10 mil habitantes,equipes por 10 mil hab.,2022,3.1206
51006,Médio Araguaia,Leste,capacidade,equipes_esf_p10000,Equipes de Saúde da Família por 10 mil habitantes,equipes por 10 mil hab.,2023,3.2366
51006,Médio Araguaia,Leste,capacidade,equipes_esf_p10000,Equipes de Saúde da Família por 10 mil habitantes,equipes por 10 mil hab.,2024,3.2276
51006,Médio Araguaia,Leste,capacidade,equipes_esf_p10000,Equipes de Saúde da Família por 10 mil habitantes,equipes por 10 mil hab.,2025,3.2451
51006,Médio Araguaia,Leste,capacidade,fte_acs_p1000,Agentes comunitários de saúde por mil habitantes,FTE por mil hab.,2020,3.8741
51006,Médio Araguaia,Leste,capacidade,fte_acs_p1000,Agentes comunitários de saúde por mil habitantes,FTE por mil hab.,2021,3.8962
51006,Médio Araguaia,Leste,capacidade,fte_acs_p1000,Agentes comunitários de saúde por mil habitantes,FTE por mil hab.,2022,3.4374
51006,Médio Araguaia,Leste,capacidade,fte_acs_p1000,Agentes comunitários de saúde por mil habitantes,FTE por mil hab.,2023,3.1488
51006,Médio Araguaia,Leste,capacidade,fte_acs_p1000,Agentes comunitários de saúde por mil habitantes,FTE por mil hab.,2024,3.0961
51006,Médio Araguaia,Leste,capacidade,fte_acs_p1000,Agentes comunitários de saúde por mil habitantes,FTE por mil hab.,2025,3.1178
51006,Médio Araguaia,Leste,capacidade,fte_dentistas_p1000,Dentistas SUS por mil habitantes,FTE por mil hab.,2020,0.4325
51006,Médio Araguaia,Leste,capacidade,fte_dentistas_p1000,Dentistas SUS por mil habitantes,FTE por mil hab.,2021,0.4437
51006,Médio Araguaia,Leste,capacidade,fte_dentistas_p1000,Dentistas SUS por mil habitantes,FTE por mil hab.,2022,0.4121
51006,Médio Araguaia,Leste,capacidade,fte_dentistas_p1000,Dentistas SUS por mil habitantes,FTE por mil hab.,2023,0.4094
51006,Médio Araguaia,Leste,capacidade,fte_dentistas_p1000,Dentistas SUS por mil habitantes,FTE por mil hab.,2024,0.4146
51006,Médio Araguaia,Leste,capacidade,fte_dentistas_p1000,Dentistas SUS por mil habitantes,FTE por mil hab.,2025,0.4187
51006,Médio Araguaia,Leste,capacidade,fte_enfermeiros_p1000,Enfermeiros SUS por mil habitantes,FTE por mil hab.,2020,1.2344
51006,Médio Araguaia,Leste,capacidade,fte_enfermeiros_p1000,Enfermeiros SUS por mil habitantes,FTE por mil hab.,2021,1.4821
51006,Médio Araguaia,Leste,capacidade,fte_enfermeiros_p1000,Enfermeiros SUS por mil habitantes,FTE por mil hab.,2022,1.4573
51006,Médio Araguaia,Leste,capacidade,fte_enfermeiros_p1000,Enfermeiros SUS por mil habitantes,FTE por mil hab.,2023,1.4516
51006,Médio Araguaia,Leste,capacidade,fte_enfermeiros_p1000,Enfermeiros SUS por mil habitantes,FTE por mil hab.,2024,1.4397
51006,Médio Araguaia,Leste,capacidade,fte_enfermeiros_p1000,Enfermeiros SUS por mil habitantes,FTE por mil hab.,2025,1.4499
51006,Médio Araguaia,Leste,capacidade,fte_medicos_p1000,Médicos SUS por mil habitantes,FTE por mil hab.,2020,0.9469
51006,Médio Araguaia,Leste,capacidade,fte_medicos_p1000,Médicos SUS por mil habitantes,FTE por mil hab.,2021,1.1178
51006,Médio Araguaia,Leste,capacidade,fte_medicos_p1000,Médicos SUS por mil habitantes,FTE por mil hab.,2022,1.0835
51006,Médio Araguaia,Leste,capacidade,fte_medicos_p1000,Médicos SUS por mil habitantes,FTE por mil hab.,2023,1.1668
51006,Médio Araguaia,Leste,capacidade,fte_medicos_p1000,Médicos SUS por mil habitantes,FTE por mil hab.,2024,1.2383
51006,Médio Araguaia,Leste,capacidade,fte_medicos_p1000,Médicos SUS por mil habitantes,FTE por mil hab.,2025,1.2717
51006,Médio Araguaia,Leste,capacidade,fte_tec_enfermagem_p1000,Técnicos de enfermagem SUS por mil habitantes,FTE por mil hab.,2020,2.8846
51006,Médio Araguaia,Leste,capacidade,fte_tec_enfermagem_p1000,Técnicos de enfermagem SUS por mil habitantes,FTE por mil hab.,2021,3.3654
51006,Médio Araguaia,Leste,capacidade,fte_tec_enfermagem_p1000,Técnicos de enfermagem SUS por mil habitantes,FTE por mil hab.,2022,3.392
51006,Médio Araguaia,Leste,capacidade,fte_tec_enfermagem_p1000,Técnicos de enfermagem SUS por mil habitantes,FTE por mil hab.,2023,3.3156
51006,Médio Araguaia,Leste,capacidade,fte_tec_enfermagem_p1000,Técnicos de enfermagem SUS por mil habitantes,FTE por mil hab.,2024,3.2471
51006,Médio Araguaia,Leste,capacidade,fte_tec_enfermagem_p1000,Técnicos de enfermagem SUS por mil habitantes,FTE por mil hab.,2025,3.3273
51006,Médio Araguaia,Leste,capacidade,leitos_sus_p1000,Leitos SUS por mil habitantes,leitos por mil hab.,2020,1.8872
51006,Médio Araguaia,Leste,capacidade,leitos_sus_p1000,Leitos SUS por mil habitantes,leitos por mil hab.,2021,2.244
51006,Médio Araguaia,Leste,capacidade,leitos_sus_p1000,Leitos SUS por mil habitantes,leitos por mil hab.,2022,1.8622
51006,Médio Araguaia,Leste,capacidade,leitos_sus_p1000,Leitos SUS por mil habitantes,leitos por mil hab.,2023,1.7596
51006,Médio Araguaia,Leste,capacidade,leitos_sus_p1000,Leitos SUS por mil habitantes,leitos por mil hab.,2024,1.6341
51006,Médio Araguaia,Leste,capacidade,leitos_sus_p1000,Leitos SUS por mil habitantes,leitos por mil hab.,2025,1.3045
51006,Médio Araguaia,Leste,capacidade,leitos_uti_sus,Leitos de UTI SUS,leitos,2020,1.0
51006,Médio Araguaia,Leste,capacidade,leitos_uti_sus,Leitos de UTI SUS,leitos,2021,13.0
51006,Médio Araguaia,Leste,capacidade,leitos_uti_sus,Leitos de UTI SUS,leitos,2022,10.0
51006,Médio Araguaia,Leste,capacidade,leitos_uti_sus,Leitos de UTI SUS,leitos,2023,10.0
51006,Médio Araguaia,Leste,capacidade,leitos_uti_sus,Leitos de UTI SUS,leitos,2024,10.0
51006,Médio Araguaia,Leste,capacidade,leitos_uti_sus,Leitos de UTI SUS,leitos,2025,10.0
51006,Médio Araguaia,Leste,capacidade,n_equipes_eap,Equipes de atenção primária (eAP),equipes,2020,1.0
51006,Médio Araguaia,Leste,capacidade,n_equipes_eap,Equipes de atenção primária (eAP),equipes,2021,3.0
51006,Médio Araguaia,Leste,capacidade,n_equipes_eap,Equipes de atenção primária (eAP),equipes,2022,3.0
51006,Médio Araguaia,Leste,capacidade,n_equipes_eap,Equipes de atenção primária (eAP),equipes,2023,3.0
51006,Médio Araguaia,Leste,capacidade,n_equipes_eap,Equipes de atenção primária (eAP),equipes,2024,2.0
51006,Médio Araguaia,Leste,capacidade,n_equipes_eap,Equipes de atenção primária (eAP),equipes,2025,2.0
51006,Médio Araguaia,Leste,capacidade,n_equipes_esb,Equipes de saúde bucal,equipes,2020,28.0
51006,Médio Araguaia,Leste,capacidade,n_equipes_esb,Equipes de saúde bucal,equipes,2021,32.0
51006,Médio Araguaia,Leste,capacidade,n_equipes_esb,Equipes de saúde bucal,equipes,2022,33.0
51006,Médio Araguaia,Leste,capacidade,n_equipes_esb,Equipes de saúde bucal,equipes,2023,34.0
51006,Médio Araguaia,Leste,capacidade,n_equipes_esb,Equipes de saúde bucal,equipes,2024,35.0
51006,Médio Araguaia,Leste,capacidade,n_equipes_esb,Equipes de saúde bucal,equipes,2025,38.0
51006,Médio Araguaia,Leste,capacidade,n_estab_sus,Estabelecimentos com atendimento SUS,estabelecimentos,2020,139.0
51006,Médio Araguaia,Leste,capacidade,n_estab_sus,Estabelecimentos com atendimento SUS,estabelecimentos,2021,147.0
51006,Médio Araguaia,Leste,capacidade,n_estab_sus,Estabelecimentos com atendimento SUS,estabelecimentos,2022,153.0
51006,Médio Araguaia,Leste,capacidade,n_estab_sus,Estabelecimentos com atendimento SUS,estabelecimentos,2023,152.0
51006,Médio Araguaia,Leste,capacidade,n_estab_sus,Estabelecimentos com atendimento SUS,estabelecimentos,2024,160.0
51006,Médio Araguaia,Leste,capacidade,n_estab_sus,Estabelecimentos com atendimento SUS,estabelecimentos,2025,166.0
51006,Médio Araguaia,Leste,capacidade,n_hospitais_sus,Hospitais SUS,hospitais,2020,6.0
51006,Médio Araguaia,Leste,capacidade,n_hospitais_sus,Hospitais SUS,hospitais,2021,6.0
51006,Médio Araguaia,Leste,capacidade,n_hospitais_sus,Hospitais SUS,hospitais,2022,6.0
51006,Médio Araguaia,Leste,capacidade,n_hospitais_sus,Hospitais SUS,hospitais,2023,6.0
51006,Médio Araguaia,Leste,capacidade,n_hospitais_sus,Hospitais SUS,hospitais,2024,6.0
51006,Médio Araguaia,Leste,capacidade,n_hospitais_sus,Hospitais SUS,hospitais,2025,6.0
51006,Médio Araguaia,Leste,capacidade,n_ubs,Unidades básicas de saúde,unidades,2020,48.0
51006,Médio Araguaia,Leste,capacidade,n_ubs,Unidades básicas de saúde,unidades,2021,50.0
51006,Médio Araguaia,Leste,capacidade,n_ubs,Unidades básicas de saúde,unidades,2022,51.0
51006,Médio Araguaia,Leste,capacidade,n_ubs,Unidades básicas de saúde,unidades,2023,50.0
51006,Médio Araguaia,Leste,capacidade,n_ubs,Unidades básicas de saúde,unidades,2024,51.0
51006,Médio Araguaia,Leste,capacidade,n_ubs,Unidades básicas de saúde,unidades,2025,51.0
51006,Médio Araguaia,Leste,capacidade,n_upa,Unidades de pronto atendimento,unidades,2020,0.0
51006,Médio Araguaia,Leste,capacidade,n_upa,Unidades de pronto atendimento,unidades,2021,0.0
51006,Médio Araguaia,Leste,capacidade,n_upa,Unidades de pronto atendimento,unidades,2022,0.0
51006,Médio Araguaia,Leste,capacidade,n_upa,Unidades de pronto atendimento,unidades,2023,0.0
51006,Médio Araguaia,Leste,capacidade,n_upa,Unidades de pronto atendimento,unidades,2024,0.0
51006,Médio Araguaia,Leste,capacidade,n_upa,Unidades de pronto atendimento,unidades,2025,2.0
51006,Médio Araguaia,Leste,contexto,populacao,População,habitantes,2020,100413.0
51006,Médio Araguaia,Leste,contexto,populacao,População,habitantes,2021,102088.0
51006,Médio Araguaia,Leste,contexto,populacao,População,habitantes,2022,118277.0
51006,Médio Araguaia,Leste,contexto,populacao,População,habitantes,2023,122565.0
51006,Médio Araguaia,Leste,contexto,populacao,População,habitantes,2024,127029.0
51006,Médio Araguaia,Leste,contexto,populacao,População,habitantes,2025,130443.0
51006,Médio Araguaia,Leste,deslocamento,km_medio_internacao,Distância média até a internação,km,2020,53.4747
51006,Médio Araguaia,Leste,deslocamento,km_medio_internacao,Distância média até a internação,km,2021,59.5215
51006,Médio Araguaia,Leste,deslocamento,km_medio_internacao,Distância média até a internação,km,2022,59.403
51006,Médio Araguaia,Leste,deslocamento,km_medio_internacao,Distância média até a internação,km,2023,65.3887
51006,Médio Araguaia,Leste,deslocamento,km_medio_internacao,Distância média até a internação,km,2024,68.5622
51006,Médio Araguaia,Leste,deslocamento,km_medio_internacao,Distância média até a internação,km,2025,73.4401
51006,Médio Araguaia,Leste,deslocamento,pct_internacoes_fora_mun,Internações fora do município de residência,% das internações de residentes,2020,28.7141
51006,Médio Araguaia,Leste,deslocamento,pct_internacoes_fora_mun,Internações fora do município de residência,% das internações de residentes,2021,37.603
51006,Médio Araguaia,Leste,deslocamento,pct_internacoes_fora_mun,Internações fora do município de residência,% das internações de residentes,2022,38.7051
51006,Médio Araguaia,Leste,deslocamento,pct_internacoes_fora_mun,Internações fora do município de residência,% das internações de residentes,2023,39.1835
51006,Médio Araguaia,Leste,deslocamento,pct_internacoes_fora_mun,Internações fora do município de residência,% das internações de residentes,2024,38.4908
51006,Médio Araguaia,Leste,deslocamento,pct_internacoes_fora_mun,Internações fora do município de residência,% das internações de residentes,2025,38.1588
51006,Médio Araguaia,Leste,deslocamento,pct_internacoes_fora_regiao,Internações fora da região de saúde,% das internações de residentes,2020,6.7416
51006,Médio Araguaia,Leste,deslocamento,pct_internacoes_fora_regiao,Internações fora da região de saúde,% das internações de residentes,2021,4.5305
51006,Médio Araguaia,Leste,deslocamento,pct_internacoes_fora_regiao,Internações fora da região de saúde,% das internações de residentes,2022,4.3364
51006,Médio Araguaia,Leste,deslocamento,pct_internacoes_fora_regiao,Internações fora da região de saúde,% das internações de residentes,2023,6.5467
51006,Médio Araguaia,Leste,deslocamento,pct_internacoes_fora_regiao,Internações fora da região de saúde,% das internações de residentes,2024,7.861
51006,Médio Araguaia,Leste,deslocamento,pct_internacoes_fora_regiao,Internações fora da região de saúde,% das internações de residentes,2025,10.4914
51006,Médio Araguaia,Leste,financiamento,desp_ab_pc,Despesa em atenção básica por habitante,R$ por habitante,2020,800.0504
51006,Médio Araguaia,Leste,financiamento,desp_ab_pc,Despesa em atenção básica por habitante,R$ por habitante,2021,1055.9872
51006,Médio Araguaia,Leste,financiamento,desp_ab_pc,Despesa em atenção básica por habitante,R$ por habitante,2022,1191.8009
51006,Médio Araguaia,Leste,financiamento,desp_ab_pc,Despesa em atenção básica por habitante,R$ por habitante,2023,1262.1217
51006,Médio Araguaia,Leste,financiamento,desp_ab_pc,Despesa em atenção básica por habitante,R$ por habitante,2024,1402.8285
51006,Médio Araguaia,Leste,financiamento,desp_ab_pc,Despesa em atenção básica por habitante,R$ por habitante,2025,1490.259
51006,Médio Araguaia,Leste,financiamento,desp_mac_pc,Despesa em média e alta complexidade por habitante,R$ por habitante,2020,341.6129
51006,Médio Araguaia,Leste,financiamento,desp_mac_pc,Despesa em média e alta complexidade por habitante,R$ por habitante,2021,637.6452
51006,Médio Araguaia,Leste,financiamento,desp_mac_pc,Despesa em média e alta complexidade por habitante,R$ por habitante,2022,785.294
51006,Médio Araguaia,Leste,financiamento,desp_mac_pc,Despesa em média e alta complexidade por habitante,R$ por habitante,2023,785.38
51006,Médio Araguaia,Leste,financiamento,desp_mac_pc,Despesa em média e alta complexidade por habitante,R$ por habitante,2024,854.0216
51006,Médio Araguaia,Leste,financiamento,desp_mac_pc,Despesa em média e alta complexidade por habitante,R$ por habitante,2025,888.4161
51006,Médio Araguaia,Leste,financiamento,desp_total_pc,Despesa em saúde por habitante,R$ por habitante,2020,1247.3882
51006,Médio Araguaia,Leste,financiamento,desp_total_pc,Despesa em saúde por habitante,R$ por habitante,2021,1915.0645
51006,Médio Araguaia,Leste,financiamento,desp_total_pc,Despesa em saúde por habitante,R$ por habitante,2022,2153.6318
51006,Médio Araguaia,Leste,financiamento,desp_total_pc,Despesa em saúde por habitante,R$ por habitante,2023,2174.349
51006,Médio Araguaia,Leste,financiamento,desp_total_pc,Despesa em saúde por habitante,R$ por habitante,2024,2373.3675
51006,Médio Araguaia,Leste,financiamento,desp_total_pc,Despesa em saúde por habitante,R$ por habitante,2025,2525.5059
51006,Médio Araguaia,Leste,financiamento,pct_capital,Despesa de capital,% da despesa total,2020,4.3322
51006,Médio Araguaia,Leste,financiamento,pct_capital,Despesa de capital,% da despesa total,2021,4.7021
51006,Médio Araguaia,Leste,financiamento,pct_capital,Despesa de capital,% da despesa total,2022,5.0358
51006,Médio Araguaia,Leste,financiamento,pct_capital,Despesa de capital,% da despesa total,2023,4.22
51006,Médio Araguaia,Leste,financiamento,pct_capital,Despesa de capital,% da despesa total,2024,9.3681
51006,Médio Araguaia,Leste,financiamento,pct_capital,Despesa de capital,% da despesa total,2025,5.8497
51006,Médio Araguaia,Leste,financiamento,pct_recursos_proprios,Despesa com recursos próprios,% da despesa total,2020,69.0739
51006,Médio Araguaia,Leste,financiamento,pct_recursos_proprios,Despesa com recursos próprios,% da despesa total,2021,72.4006
51006,Médio Araguaia,Leste,financiamento,pct_recursos_proprios,Despesa com recursos próprios,% da despesa total,2022,74.678
51006,Médio Araguaia,Leste,financiamento,pct_recursos_proprios,Despesa com recursos próprios,% da despesa total,2023,75.7046
51006,Médio Araguaia,Leste,financiamento,pct_recursos_proprios,Despesa com recursos próprios,% da despesa total,2024,59.4497
51006,Médio Araguaia,Leste,financiamento,pct_recursos_proprios,Despesa com recursos próprios,% da despesa total,2025,69.7477
51006,Médio Araguaia,Leste,media_alta,diarias_uti_p1000,Diárias de UTI por mil habitantes,diárias por mil hab.,2020,1.3544
51006,Médio Araguaia,Leste,media_alta,diarias_uti_p1000,Diárias de UTI por mil habitantes,diárias por mil hab.,2021,31.6883
51006,Médio Araguaia,Leste,media_alta,diarias_uti_p1000,Diárias de UTI por mil habitantes,diárias por mil hab.,2022,26.5394
51006,Médio Araguaia,Leste,media_alta,diarias_uti_p1000,Diárias de UTI por mil habitantes,diárias por mil hab.,2023,26.6389
51006,Médio Araguaia,Leste,media_alta,diarias_uti_p1000,Diárias de UTI por mil habitantes,diárias por mil hab.,2024,25.6634
51006,Médio Araguaia,Leste,media_alta,diarias_uti_p1000,Diárias de UTI por mil habitantes,diárias por mil hab.,2025,25.3061
51006,Médio Araguaia,Leste,media_alta,internacoes_local_p1000,Internações realizadas no município por mil habitantes,internações por mil hab.,2020,51.9654
51006,Médio Araguaia,Leste,media_alta,internacoes_local_p1000,Internações realizadas no município por mil habitantes,internações por mil hab.,2021,78.2658
51006,Médio Araguaia,Leste,media_alta,internacoes_local_p1000,Internações realizadas no município por mil habitantes,internações por mil hab.,2022,76.1856
51006,Médio Araguaia,Leste,media_alta,internacoes_local_p1000,Internações realizadas no município por mil habitantes,internações por mil hab.,2023,73.0633
51006,Médio Araguaia,Leste,media_alta,internacoes_local_p1000,Internações realizadas no município por mil habitantes,internações por mil hab.,2024,77.3524
51006,Médio Araguaia,Leste,media_alta,internacoes_local_p1000,Internações realizadas no município por mil habitantes,internações por mil hab.,2025,79.184
51006,Médio Araguaia,Leste,media_alta,internacoes_res_p1000,Internações de residentes por mil habitantes,internações por mil hab.,2020,47.8623
51006,Médio Araguaia,Leste,media_alta,internacoes_res_p1000,Internações de residentes por mil habitantes,internações por mil hab.,2021,71.3502
51006,Médio Araguaia,Leste,media_alta,internacoes_res_p1000,Internações de residentes por mil habitantes,internações por mil hab.,2022,70.7745
51006,Médio Araguaia,Leste,media_alta,internacoes_res_p1000,Internações de residentes por mil habitantes,internações por mil hab.,2023,67.5478
51006,Médio Araguaia,Leste,media_alta,internacoes_res_p1000,Internações de residentes por mil habitantes,internações por mil hab.,2024,72.5031
51006,Médio Araguaia,Leste,media_alta,internacoes_res_p1000,Internações de residentes por mil habitantes,internações por mil hab.,2025,77.5281
51006,Médio Araguaia,Leste,media_alta,mortalidade_hosp_pct,Mortalidade hospitalar,% das internações locais,2020,1.8781
51006,Médio Araguaia,Leste,media_alta,mortalidade_hosp_pct,Mortalidade hospitalar,% das internações locais,2021,3.9424
51006,Médio Araguaia,Leste,media_alta,mortalidade_hosp_pct,Mortalidade hospitalar,% das internações locais,2022,1.8311
51006,Médio Araguaia,Leste,media_alta,mortalidade_hosp_pct,Mortalidade hospitalar,% das internações locais,2023,2.1106
51006,Médio Araguaia,Leste,media_alta,mortalidade_hosp_pct,Mortalidade hospitalar,% das internações locais,2024,2.646
51006,Médio Araguaia,Leste,media_alta,mortalidade_hosp_pct,Mortalidade hospitalar,% das internações locais,2025,2.5075
51006,Médio Araguaia,Leste,media_alta,pct_urgencia,Internações de urgência,% das internações locais,2020,94.519
51006,Médio Araguaia,Leste,media_alta,pct_urgencia,Internações de urgência,% das internações locais,2021,89.7747
51006,Médio Araguaia,Leste,media_alta,pct_urgencia,Internações de urgência,% das internações locais,2022,87.0936
51006,Médio Araguaia,Leste,media_alta,pct_urgencia,Internações de urgência,% das internações locais,2023,79.598
51006,Médio Araguaia,Leste,media_alta,pct_urgencia,Internações de urgência,% das internações locais,2024,75.5343
51006,Médio Araguaia,Leste,media_alta,pct_urgencia,Internações de urgência,% das internações locais,2025,71.6333
51006,Médio Araguaia,Leste,media_alta,permanencia_media,Permanência média das internações,dias,2020,2.756
51006,Médio Araguaia,Leste,media_alta,permanencia_media,Permanência média das internações,dias,2021,2.9198
51006,Médio Araguaia,Leste,media_alta,permanencia_media,Permanência média das internações,dias,2022,2.528
51006,Médio Araguaia,Leste,media_alta,permanencia_media,Permanência média das internações,dias,2023,2.7814
51006,Médio Araguaia,Leste,media_alta,permanencia_media,Permanência média das internações,dias,2024,2.7936
51006,Médio Araguaia,Leste,media_alta,permanencia_media,Permanência média das internações,dias,2025,2.6176
51006,Médio Araguaia,Leste,media_alta,qtd_ac_local_pc,Procedimentos de alta complexidade por habitante,procedimentos por hab.,2020,0.0194
51006,Médio Araguaia,Leste,media_alta,qtd_ac_local_pc,Procedimentos de alta complexidade por habitante,procedimentos por hab.,2021,0.0129
51006,Médio Araguaia,Leste,media_alta,qtd_ac_local_pc,Procedimentos de alta complexidade por habitante,procedimentos por hab.,2022,0.0127
51006,Médio Araguaia,Leste,media_alta,qtd_ac_local_pc,Procedimentos de alta complexidade por habitante,procedimentos por hab.,2023,0.016
51006,Médio Araguaia,Leste,media_alta,qtd_ac_local_pc,Procedimentos de alta complexidade por habitante,procedimentos por hab.,2024,0.041
51006,Médio Araguaia,Leste,media_alta,qtd_ac_local_pc,Procedimentos de alta complexidade por habitante,procedimentos por hab.,2025,0.0804
51006,Médio Araguaia,Leste,media_alta,qtd_mc_local_pc,Procedimentos de média complexidade por habitante,procedimentos por hab.,2020,5.2549
51006,Médio Araguaia,Leste,media_alta,qtd_mc_local_pc,Procedimentos de média complexidade por habitante,procedimentos por hab.,2021,6.2319
51006,Médio Araguaia,Leste,media_alta,qtd_mc_local_pc,Procedimentos de média complexidade por habitante,procedimentos por hab.,2022,7.6363
51006,Médio Araguaia,Leste,media_alta,qtd_mc_local_pc,Procedimentos de média complexidade por habitante,procedimentos por hab.,2023,8.6163
51006,Médio Araguaia,Leste,media_alta,qtd_mc_local_pc,Procedimentos de média complexidade por habitante,procedimentos por hab.,2024,8.7991
51006,Médio Araguaia,Leste,media_alta,qtd_mc_local_pc,Procedimentos de média complexidade por habitante,procedimentos por hab.,2025,11.9717
51006,Médio Araguaia,Leste,media_alta,valor_sih_local_pc,Valor das internações realizadas no município por habitante,R$ por habitante,2020,30.2602
51006,Médio Araguaia,Leste,media_alta,valor_sih_local_pc,Valor das internações realizadas no município por habitante,R$ por habitante,2021,101.3025
51006,Médio Araguaia,Leste,media_alta,valor_sih_local_pc,Valor das internações realizadas no município por habitante,R$ por habitante,2022,55.0936
51006,Médio Araguaia,Leste,media_alta,valor_sih_local_pc,Valor das internações realizadas no município por habitante,R$ por habitante,2023,54.367
51006,Médio Araguaia,Leste,media_alta,valor_sih_local_pc,Valor das internações realizadas no município por habitante,R$ por habitante,2024,57.7618
51006,Médio Araguaia,Leste,media_alta,valor_sih_local_pc,Valor das internações realizadas no município por habitante,R$ por habitante,2025,62.2913
51006,Médio Araguaia,Leste,media_alta,valor_sih_res_pc,Valor das internações de residentes por habitante,R$ por habitante,2020,38.5089
51006,Médio Araguaia,Leste,media_alta,valor_sih_res_pc,Valor das internações de residentes por habitante,R$ por habitante,2021,95.5946
51006,Médio Araguaia,Leste,media_alta,valor_sih_res_pc,Valor das internações de residentes por habitante,R$ por habitante,2022,52.3835
51006,Médio Araguaia,Leste,media_alta,valor_sih_res_pc,Valor das internações de residentes por habitante,R$ por habitante,2023,57.7288
51006,Médio Araguaia,Leste,media_alta,valor_sih_res_pc,Valor das internações de residentes por habitante,R$ por habitante,2024,65.9934
51006,Médio Araguaia,Leste,media_alta,valor_sih_res_pc,Valor das internações de residentes por habitante,R$ por habitante,2025,78.2306
51006,Médio Araguaia,Leste,resultados,pct_baixo_peso,Nascidos vivos com baixo peso,% dos nascidos vivos,2020,5.1068
51006,Médio Araguaia,Leste,resultados,pct_baixo_peso,Nascidos vivos com baixo peso,% dos nascidos vivos,2021,5.707
51006,Médio Araguaia,Leste,resultados,pct_baixo_peso,Nascidos vivos com baixo peso,% dos nascidos vivos,2022,7.6407
51006,Médio Araguaia,Leste,resultados,pct_baixo_peso,Nascidos vivos com baixo peso,% dos nascidos vivos,2023,6.7258
51006,Médio Araguaia,Leste,resultados,pct_baixo_peso,Nascidos vivos com baixo peso,% dos nascidos vivos,2024,8.7569
51006,Médio Araguaia,Leste,resultados,pct_cesarea,Partos cesáreos,% dos nascidos vivos,2020,63.5068
51006,Médio Araguaia,Leste,resultados,pct_cesarea,Partos cesáreos,% dos nascidos vivos,2021,64.4533
51006,Médio Araguaia,Leste,resultados,pct_cesarea,Partos cesáreos,% dos nascidos vivos,2022,64.9975
51006,Médio Araguaia,Leste,resultados,pct_cesarea,Partos cesáreos,% dos nascidos vivos,2023,67.2921
51006,Médio Araguaia,Leste,resultados,pct_cesarea,Partos cesáreos,% dos nascidos vivos,2024,74.4486
51006,Médio Araguaia,Leste,resultados,pct_mae_adolescente,Nascidos vivos de mães adolescentes,% dos nascidos vivos,2020,21.7034
51006,Médio Araguaia,Leste,resultados,pct_mae_adolescente,Nascidos vivos de mães adolescentes,% dos nascidos vivos,2021,20.2151
51006,Médio Araguaia,Leste,resultados,pct_mae_adolescente,Nascidos vivos de mães adolescentes,% dos nascidos vivos,2022,18.5775
51006,Médio Araguaia,Leste,resultados,pct_mae_adolescente,Nascidos vivos de mães adolescentes,% dos nascidos vivos,2023,17.4341
51006,Médio Araguaia,Leste,resultados,pct_mae_adolescente,Nascidos vivos de mães adolescentes,% dos nascidos vivos,2024,18.5478
51006,Médio Araguaia,Leste,resultados,pct_prenatal_7mais,Nascidos vivos com 7 ou mais consultas de pré-natal,% dos nascidos vivos,2020,66.7958
51006,Médio Araguaia,Leste,resultados,pct_prenatal_7mais,Nascidos vivos com 7 ou mais consultas de pré-natal,% dos nascidos vivos,2021,66.6154
51006,Médio Araguaia,Leste,resultados,pct_prenatal_7mais,Nascidos vivos com 7 ou mais consultas de pré-natal,% dos nascidos vivos,2022,68.9243
51006,Médio Araguaia,Leste,resultados,pct_prenatal_7mais,Nascidos vivos com 7 ou mais consultas de pré-natal,% dos nascidos vivos,2023,70.5236
51006,Médio Araguaia,Leste,resultados,pct_prenatal_7mais,Nascidos vivos com 7 ou mais consultas de pré-natal,% dos nascidos vivos,2024,75.6717
51006,Médio Araguaia,Leste,resultados,taxa_mortalidade_geral,Taxa de mortalidade geral,óbitos por mil habitantes,2020,5.4575
51006,Médio Araguaia,Leste,resultados,taxa_mortalidade_geral,Taxa de mortalidade geral,óbitos por mil habitantes,2021,7.7776
51006,Médio Araguaia,Leste,resultados,taxa_mortalidade_geral,Taxa de mortalidade geral,óbitos por mil habitantes,2022,4.9207
51006,Médio Araguaia,Leste,resultados,taxa_mortalidade_geral,Taxa de mortalidade geral,óbitos por mil habitantes,2023,4.3242
51006,Médio Araguaia,Leste,resultados,taxa_mortalidade_geral,Taxa de mortalidade geral,óbitos por mil habitantes,2024,4.6761
51006,Médio Araguaia,Leste,resultados,taxa_mortalidade_infantil,Taxa de mortalidade infantil,óbitos por mil nascidos vivos,2020,17.5258
51006,Médio Araguaia,Leste,resultados,taxa_mortalidade_infantil,Taxa de mortalidade infantil,óbitos por mil nascidos vivos,2021,16.5854
51006,Médio Araguaia,Leste,resultados,taxa_mortalidade_infantil,Taxa de mortalidade infantil,óbitos por mil nascidos vivos,2022,20.0573
51006,Médio Araguaia,Leste,resultados,taxa_mortalidade_infantil,Taxa de mortalidade infantil,óbitos por mil nascidos vivos,2023,18.3271
51006,Médio Araguaia,Leste,resultados,taxa_mortalidade_infantil,Taxa de mortalidade infantil,óbitos por mil nascidos vivos,2024,21.0325
51007,Médio Norte Matogrossense,Centro-Noroeste,atencao_basica,atend_individual_pc,Atendimentos individuais na atenção básica por habitante,atendimentos por hab.,2020,1.2424
51007,Médio Norte Matogrossense,Centro-Noroeste,atencao_basica,atend_individual_pc,Atendimentos individuais na atenção básica por habitante,atendimentos por hab.,2021,1.501
51007,Médio Norte Matogrossense,Centro-Noroeste,atencao_basica,atend_individual_pc,Atendimentos individuais na atenção básica por habitante,atendimentos por hab.,2022,1.719
51007,Médio Norte Matogrossense,Centro-Noroeste,atencao_basica,atend_individual_pc,Atendimentos individuais na atenção básica por habitante,atendimentos por hab.,2023,1.779
51007,Médio Norte Matogrossense,Centro-Noroeste,atencao_basica,atend_individual_pc,Atendimentos individuais na atenção básica por habitante,atendimentos por hab.,2024,1.7847
51007,Médio Norte Matogrossense,Centro-Noroeste,atencao_basica,atend_individual_pc,Atendimentos individuais na atenção básica por habitante,atendimentos por hab.,2025,1.8145
51007,Médio Norte Matogrossense,Centro-Noroeste,atencao_basica,atend_odonto_pc,Atendimentos odontológicos por habitante,atendimentos por hab.,2020,0.0745
51007,Médio Norte Matogrossense,Centro-Noroeste,atencao_basica,atend_odonto_pc,Atendimentos odontológicos por habitante,atendimentos por hab.,2021,0.134
51007,Médio Norte Matogrossense,Centro-Noroeste,atencao_basica,atend_odonto_pc,Atendimentos odontológicos por habitante,atendimentos por hab.,2022,0.2071
51007,Médio Norte Matogrossense,Centro-Noroeste,atencao_basica,atend_odonto_pc,Atendimentos odontológicos por habitante,atendimentos por hab.,2023,0.2567
51007,Médio Norte Matogrossense,Centro-Noroeste,atencao_basica,atend_odonto_pc,Atendimentos odontológicos por habitante,atendimentos por hab.,2024,0.2391
51007,Médio Norte Matogrossense,Centro-Noroeste,atencao_basica,atend_odonto_pc,Atendimentos odontológicos por habitante,atendimentos por hab.,2025,0.2487
51007,Médio Norte Matogrossense,Centro-Noroeste,atencao_basica,doses_menor1_por_nv,Doses de vacina em menores de 1 ano por nascido vivo,doses por nascido vivo,2020,14.8066
51007,Médio Norte Matogrossense,Centro-Noroeste,atencao_basica,doses_menor1_por_nv,Doses de vacina em menores de 1 ano por nascido vivo,doses por nascido vivo,2021,14.2013
51007,Médio Norte Matogrossense,Centro-Noroeste,atencao_basica,doses_menor1_por_nv,Doses de vacina em menores de 1 ano por nascido vivo,doses por nascido vivo,2022,15.2457
51007,Médio Norte Matogrossense,Centro-Noroeste,atencao_basica,doses_menor1_por_nv,Doses de vacina em menores de 1 ano por nascido vivo,doses por nascido vivo,2023,15.8668
51007,Médio Norte Matogrossense,Centro-Noroeste,atencao_basica,doses_menor1_por_nv,Doses de vacina em menores de 1 ano por nascido vivo,doses por nascido vivo,2024,16.4309
51007,Médio Norte Matogrossense,Centro-Noroeste,atencao_basica,doses_pc,Doses de vacina aplicadas por habitante,doses por hab.,2020,0.8063
51007,Médio Norte Matogrossense,Centro-Noroeste,atencao_basica,doses_pc,Doses de vacina aplicadas por habitante,doses por hab.,2021,0.8457
51007,Médio Norte Matogrossense,Centro-Noroeste,atencao_basica,doses_pc,Doses de vacina aplicadas por habitante,doses por hab.,2022,0.8861
51007,Médio Norte Matogrossense,Centro-Noroeste,atencao_basica,doses_pc,Doses de vacina aplicadas por habitante,doses por hab.,2023,0.8261
51007,Médio Norte Matogrossense,Centro-Noroeste,atencao_basica,doses_pc,Doses de vacina aplicadas por habitante,doses por hab.,2024,0.8915
51007,Médio Norte Matogrossense,Centro-Noroeste,atencao_basica,doses_pc,Doses de vacina aplicadas por habitante,doses por hab.,2025,0.8312
51007,Médio Norte Matogrossense,Centro-Noroeste,atencao_basica,procedimentos_ab_pc,Procedimentos na atenção básica por habitante,procedimentos por hab.,2020,2.4667
51007,Médio Norte Matogrossense,Centro-Noroeste,atencao_basica,procedimentos_ab_pc,Procedimentos na atenção básica por habitante,procedimentos por hab.,2021,3.3678
51007,Médio Norte Matogrossense,Centro-Noroeste,atencao_basica,procedimentos_ab_pc,Procedimentos na atenção básica por habitante,procedimentos por hab.,2022,3.9643
51007,Médio Norte Matogrossense,Centro-Noroeste,atencao_basica,procedimentos_ab_pc,Procedimentos na atenção básica por habitante,procedimentos por hab.,2023,4.1924
51007,Médio Norte Matogrossense,Centro-Noroeste,atencao_basica,procedimentos_ab_pc,Procedimentos na atenção básica por habitante,procedimentos por hab.,2024,3.9345
51007,Médio Norte Matogrossense,Centro-Noroeste,atencao_basica,procedimentos_ab_pc,Procedimentos na atenção básica por habitante,procedimentos por hab.,2025,3.9508
51007,Médio Norte Matogrossense,Centro-Noroeste,atencao_basica,visitas_pc,Visitas domiciliares por habitante,visitas por hab.,2020,0.9902
51007,Médio Norte Matogrossense,Centro-Noroeste,atencao_basica,visitas_pc,Visitas domiciliares por habitante,visitas por hab.,2021,1.1271
51007,Médio Norte Matogrossense,Centro-Noroeste,atencao_basica,visitas_pc,Visitas domiciliares por habitante,visitas por hab.,2022,1.585
51007,Médio Norte Matogrossense,Centro-Noroeste,atencao_basica,visitas_pc,Visitas domiciliares por habitante,visitas por hab.,2023,1.9978
51007,Médio Norte Matogrossense,Centro-Noroeste,atencao_basica,visitas_pc,Visitas domiciliares por habitante,visitas por hab.,2024,2.4051
51007,Médio Norte Matogrossense,Centro-Noroeste,atencao_basica,visitas_pc,Visitas domiciliares por habitante,visitas por hab.,2025,2.5288
51007,Médio Norte Matogrossense,Centro-Noroeste,capacidade,equip_sus_p10000,Equipamentos SUS em uso por 10 mil habitantes,equipamentos por 10 mil hab.,2020,41.6114
51007,Médio Norte Matogrossense,Centro-Noroeste,capacidade,equip_sus_p10000,Equipamentos SUS em uso por 10 mil habitantes,equipamentos por 10 mil hab.,2021,52.7916
51007,Médio Norte Matogrossense,Centro-Noroeste,capacidade,equip_sus_p10000,Equipamentos SUS em uso por 10 mil habitantes,equipamentos por 10 mil hab.,2022,74.6867
51007,Médio Norte Matogrossense,Centro-Noroeste,capacidade,equip_sus_p10000,Equipamentos SUS em uso por 10 mil habitantes,equipamentos por 10 mil hab.,2023,78.8683
51007,Médio Norte Matogrossense,Centro-Noroeste,capacidade,equip_sus_p10000,Equipamentos SUS em uso por 10 mil habitantes,equipamentos por 10 mil hab.,2024,83.4679
51007,Médio Norte Matogrossense,Centro-Noroeste,capacidade,equip_sus_p10000,Equipamentos SUS em uso por 10 mil habitantes,equipamentos por 10 mil hab.,2025,84.5472
51007,Médio Norte Matogrossense,Centro-Noroeste,capacidade,equipes_esf_p10000,Equipes de Saúde da Família por 10 mil habitantes,equipes por 10 mil hab.,2020,2.4099
51007,Médio Norte Matogrossense,Centro-Noroeste,capacidade,equipes_esf_p10000,Equipes de Saúde da Família por 10 mil habitantes,equipes por 10 mil hab.,2021,2.4726
51007,Médio Norte Matogrossense,Centro-Noroeste,capacidade,equipes_esf_p10000,Equipes de Saúde da Família por 10 mil habitantes,equipes por 10 mil hab.,2022,2.4782
51007,Médio Norte Matogrossense,Centro-Noroeste,capacidade,equipes_esf_p10000,Equipes de Saúde da Família por 10 mil habitantes,equipes por 10 mil hab.,2023,2.4176
51007,Médio Norte Matogrossense,Centro-Noroeste,capacidade,equipes_esf_p10000,Equipes de Saúde da Família por 10 mil habitantes,equipes por 10 mil hab.,2024,2.383
51007,Médio Norte Matogrossense,Centro-Noroeste,capacidade,equipes_esf_p10000,Equipes de Saúde da Família por 10 mil habitantes,equipes por 10 mil hab.,2025,2.3969
51007,Médio Norte Matogrossense,Centro-Noroeste,capacidade,fte_acs_p1000,Agentes comunitários de saúde por mil habitantes,FTE por mil hab.,2020,2.0107
51007,Médio Norte Matogrossense,Centro-Noroeste,capacidade,fte_acs_p1000,Agentes comunitários de saúde por mil habitantes,FTE por mil hab.,2021,1.8967
51007,Médio Norte Matogrossense,Centro-Noroeste,capacidade,fte_acs_p1000,Agentes comunitários de saúde por mil habitantes,FTE por mil hab.,2022,1.8655
51007,Médio Norte Matogrossense,Centro-Noroeste,capacidade,fte_acs_p1000,Agentes comunitários de saúde por mil habitantes,FTE por mil hab.,2023,2.0507
51007,Médio Norte Matogrossense,Centro-Noroeste,capacidade,fte_acs_p1000,Agentes comunitários de saúde por mil habitantes,FTE por mil hab.,2024,2.0698
51007,Médio Norte Matogrossense,Centro-Noroeste,capacidade,fte_acs_p1000,Agentes comunitários de saúde por mil habitantes,FTE por mil hab.,2025,1.9469
51007,Médio Norte Matogrossense,Centro-Noroeste,capacidade,fte_dentistas_p1000,Dentistas SUS por mil habitantes,FTE por mil hab.,2020,0.1976
51007,Médio Norte Matogrossense,Centro-Noroeste,capacidade,fte_dentistas_p1000,Dentistas SUS por mil habitantes,FTE por mil hab.,2021,0.2109
51007,Médio Norte Matogrossense,Centro-Noroeste,capacidade,fte_dentistas_p1000,Dentistas SUS por mil habitantes,FTE por mil hab.,2022,0.2397
51007,Médio Norte Matogrossense,Centro-Noroeste,capacidade,fte_dentistas_p1000,Dentistas SUS por mil habitantes,FTE por mil hab.,2023,0.2548
51007,Médio Norte Matogrossense,Centro-Noroeste,capacidade,fte_dentistas_p1000,Dentistas SUS por mil habitantes,FTE por mil hab.,2024,0.2604
51007,Médio Norte Matogrossense,Centro-Noroeste,capacidade,fte_dentistas_p1000,Dentistas SUS por mil habitantes,FTE por mil hab.,2025,0.2764
51007,Médio Norte Matogrossense,Centro-Noroeste,capacidade,fte_enfermeiros_p1000,Enfermeiros SUS por mil habitantes,FTE por mil hab.,2020,0.7952
51007,Médio Norte Matogrossense,Centro-Noroeste,capacidade,fte_enfermeiros_p1000,Enfermeiros SUS por mil habitantes,FTE por mil hab.,2021,0.9451
51007,Médio Norte Matogrossense,Centro-Noroeste,capacidade,fte_enfermeiros_p1000,Enfermeiros SUS por mil habitantes,FTE por mil hab.,2022,1.0183
51007,Médio Norte Matogrossense,Centro-Noroeste,capacidade,fte_enfermeiros_p1000,Enfermeiros SUS por mil habitantes,FTE por mil hab.,2023,1.0488
51007,Médio Norte Matogrossense,Centro-Noroeste,capacidade,fte_enfermeiros_p1000,Enfermeiros SUS por mil habitantes,FTE por mil hab.,2024,1.0501
51007,Médio Norte Matogrossense,Centro-Noroeste,capacidade,fte_enfermeiros_p1000,Enfermeiros SUS por mil habitantes,FTE por mil hab.,2025,1.0677
51007,Médio Norte Matogrossense,Centro-Noroeste,capacidade,fte_medicos_p1000,Médicos SUS por mil habitantes,FTE por mil hab.,2020,0.8753
51007,Médio Norte Matogrossense,Centro-Noroeste,capacidade,fte_medicos_p1000,Médicos SUS por mil habitantes,FTE por mil hab.,2021,0.9458
51007,Médio Norte Matogrossense,Centro-Noroeste,capacidade,fte_medicos_p1000,Médicos SUS por mil habitantes,FTE por mil hab.,2022,1.0364
51007,Médio Norte Matogrossense,Centro-Noroeste,capacidade,fte_medicos_p1000,Médicos SUS por mil habitantes,FTE por mil hab.,2023,1.0672
51007,Médio Norte Matogrossense,Centro-Noroeste,capacidade,fte_medicos_p1000,Médicos SUS por mil habitantes,FTE por mil hab.,2024,1.1194
51007,Médio Norte Matogrossense,Centro-Noroeste,capacidade,fte_medicos_p1000,Médicos SUS por mil habitantes,FTE por mil hab.,2025,1.2038
51007,Médio Norte Matogrossense,Centro-Noroeste,capacidade,fte_tec_enfermagem_p1000,Técnicos de enfermagem SUS por mil habitantes,FTE por mil hab.,2020,2.3178
51007,Médio Norte Matogrossense,Centro-Noroeste,capacidade,fte_tec_enfermagem_p1000,Técnicos de enfermagem SUS por mil habitantes,FTE por mil hab.,2021,2.5944
51007,Médio Norte Matogrossense,Centro-Noroeste,capacidade,fte_tec_enfermagem_p1000,Técnicos de enfermagem SUS por mil habitantes,FTE por mil hab.,2022,2.7355
51007,Médio Norte Matogrossense,Centro-Noroeste,capacidade,fte_tec_enfermagem_p1000,Técnicos de enfermagem SUS por mil habitantes,FTE por mil hab.,2023,2.9134
51007,Médio Norte Matogrossense,Centro-Noroeste,capacidade,fte_tec_enfermagem_p1000,Técnicos de enfermagem SUS por mil habitantes,FTE por mil hab.,2024,3.0283
51007,Médio Norte Matogrossense,Centro-Noroeste,capacidade,fte_tec_enfermagem_p1000,Técnicos de enfermagem SUS por mil habitantes,FTE por mil hab.,2025,3.0816
51007,Médio Norte Matogrossense,Centro-Noroeste,capacidade,leitos_sus_p1000,Leitos SUS por mil habitantes,leitos por mil hab.,2020,1.1828
51007,Médio Norte Matogrossense,Centro-Noroeste,capacidade,leitos_sus_p1000,Leitos SUS por mil habitantes,leitos por mil hab.,2021,1.1094
51007,Médio Norte Matogrossense,Centro-Noroeste,capacidade,leitos_sus_p1000,Leitos SUS por mil habitantes,leitos por mil hab.,2022,1.0027
51007,Médio Norte Matogrossense,Centro-Noroeste,capacidade,leitos_sus_p1000,Leitos SUS por mil habitantes,leitos por mil hab.,2023,1.0836
51007,Médio Norte Matogrossense,Centro-Noroeste,capacidade,leitos_sus_p1000,Leitos SUS por mil habitantes,leitos por mil hab.,2024,1.2295
51007,Médio Norte Matogrossense,Centro-Noroeste,capacidade,leitos_sus_p1000,Leitos SUS por mil habitantes,leitos por mil hab.,2025,1.3039
51007,Médio Norte Matogrossense,Centro-Noroeste,capacidade,leitos_uti_sus,Leitos de UTI SUS,leitos,2020,5.0
51007,Médio Norte Matogrossense,Centro-Noroeste,capacidade,leitos_uti_sus,Leitos de UTI SUS,leitos,2021,12.0
51007,Médio Norte Matogrossense,Centro-Noroeste,capacidade,leitos_uti_sus,Leitos de UTI SUS,leitos,2022,2.0
51007,Médio Norte Matogrossense,Centro-Noroeste,capacidade,leitos_uti_sus,Leitos de UTI SUS,leitos,2023,0.0
51007,Médio Norte Matogrossense,Centro-Noroeste,capacidade,leitos_uti_sus,Leitos de UTI SUS,leitos,2024,0.0
51007,Médio Norte Matogrossense,Centro-Noroeste,capacidade,leitos_uti_sus,Leitos de UTI SUS,leitos,2025,0.0
51007,Médio Norte Matogrossense,Centro-Noroeste,capacidade,n_equipes_eap,Equipes de atenção primária (eAP),equipes,2020,0.0
51007,Médio Norte Matogrossense,Centro-Noroeste,capacidade,n_equipes_eap,Equipes de atenção primária (eAP),equipes,2021,0.0
51007,Médio Norte Matogrossense,Centro-Noroeste,capacidade,n_equipes_eap,Equipes de atenção primária (eAP),equipes,2022,2.0
51007,Médio Norte Matogrossense,Centro-Noroeste,capacidade,n_equipes_eap,Equipes de atenção primária (eAP),equipes,2023,4.0
51007,Médio Norte Matogrossense,Centro-Noroeste,capacidade,n_equipes_eap,Equipes de atenção primária (eAP),equipes,2024,4.0
51007,Médio Norte Matogrossense,Centro-Noroeste,capacidade,n_equipes_eap,Equipes de atenção primária (eAP),equipes,2025,4.0
51007,Médio Norte Matogrossense,Centro-Noroeste,capacidade,n_equipes_esb,Equipes de saúde bucal,equipes,2020,36.0
51007,Médio Norte Matogrossense,Centro-Noroeste,capacidade,n_equipes_esb,Equipes de saúde bucal,equipes,2021,38.0
51007,Médio Norte Matogrossense,Centro-Noroeste,capacidade,n_equipes_esb,Equipes de saúde bucal,equipes,2022,44.0
51007,Médio Norte Matogrossense,Centro-Noroeste,capacidade,n_equipes_esb,Equipes de saúde bucal,equipes,2023,49.0
51007,Médio Norte Matogrossense,Centro-Noroeste,capacidade,n_equipes_esb,Equipes de saúde bucal,equipes,2024,50.0
51007,Médio Norte Matogrossense,Centro-Noroeste,capacidade,n_equipes_esb,Equipes de saúde bucal,equipes,2025,51.0
51007,Médio Norte Matogrossense,Centro-Noroeste,capacidade,n_estab_sus,Estabelecimentos com atendimento SUS,estabelecimentos,2020,199.0
51007,Médio Norte Matogrossense,Centro-Noroeste,capacidade,n_estab_sus,Estabelecimentos com atendimento SUS,estabelecimentos,2021,206.0
51007,Médio Norte Matogrossense,Centro-Noroeste,capacidade,n_estab_sus,Estabelecimentos com atendimento SUS,estabelecimentos,2022,214.0
51007,Médio Norte Matogrossense,Centro-Noroeste,capacidade,n_estab_sus,Estabelecimentos com atendimento SUS,estabelecimentos,2023,223.0
51007,Médio Norte Matogrossense,Centro-Noroeste,capacidade,n_estab_sus,Estabelecimentos com atendimento SUS,estabelecimentos,2024,249.0
51007,Médio Norte Matogrossense,Centro-Noroeste,capacidade,n_estab_sus,Estabelecimentos com atendimento SUS,estabelecimentos,2025,265.0
51007,Médio Norte Matogrossense,Centro-Noroeste,capacidade,n_hospitais_sus,Hospitais SUS,hospitais,2020,8.0
51007,Médio Norte Matogrossense,Centro-Noroeste,capacidade,n_hospitais_sus,Hospitais SUS,hospitais,2021,8.0
51007,Médio Norte Matogrossense,Centro-Noroeste,capacidade,n_hospitais_sus,Hospitais SUS,hospitais,2022,8.0
51007,Médio Norte Matogrossense,Centro-Noroeste,capacidade,n_hospitais_sus,Hospitais SUS,hospitais,2023,9.0
51007,Médio Norte Matogrossense,Centro-Noroeste,capacidade,n_hospitais_sus,Hospitais SUS,hospitais,2024,8.0
51007,Médio Norte Matogrossense,Centro-Noroeste,capacidade,n_hospitais_sus,Hospitais SUS,hospitais,2025,8.0
51007,Médio Norte Matogrossense,Centro-Noroeste,capacidade,n_ubs,Unidades básicas de saúde,unidades,2020,79.0
51007,Médio Norte Matogrossense,Centro-Noroeste,capacidade,n_ubs,Unidades básicas de saúde,unidades,2021,81.0
51007,Médio Norte Matogrossense,Centro-Noroeste,capacidade,n_ubs,Unidades básicas de saúde,unidades,2022,80.0
51007,Médio Norte Matogrossense,Centro-Noroeste,capacidade,n_ubs,Unidades básicas de saúde,unidades,2023,79.0
51007,Médio Norte Matogrossense,Centro-Noroeste,capacidade,n_ubs,Unidades básicas de saúde,unidades,2024,81.0
51007,Médio Norte Matogrossense,Centro-Noroeste,capacidade,n_ubs,Unidades básicas de saúde,unidades,2025,84.0
51007,Médio Norte Matogrossense,Centro-Noroeste,capacidade,n_upa,Unidades de pronto atendimento,unidades,2020,3.0
51007,Médio Norte Matogrossense,Centro-Noroeste,capacidade,n_upa,Unidades de pronto atendimento,unidades,2021,4.0
51007,Médio Norte Matogrossense,Centro-Noroeste,capacidade,n_upa,Unidades de pronto atendimento,unidades,2022,3.0
51007,Médio Norte Matogrossense,Centro-Noroeste,capacidade,n_upa,Unidades de pronto atendimento,unidades,2023,4.0
51007,Médio Norte Matogrossense,Centro-Noroeste,capacidade,n_upa,Unidades de pronto atendimento,unidades,2024,3.0
51007,Médio Norte Matogrossense,Centro-Noroeste,capacidade,n_upa,Unidades de pronto atendimento,unidades,2025,3.0
51007,Médio Norte Matogrossense,Centro-Noroeste,contexto,populacao,População,habitantes,2020,252794.0
51007,Médio Norte Matogrossense,Centro-Noroeste,contexto,populacao,População,habitantes,2021,256810.0
51007,Médio Norte Matogrossense,Centro-Noroeste,contexto,populacao,População,habitantes,2022,253894.0
51007,Médio Norte Matogrossense,Centro-Noroeste,contexto,populacao,População,habitantes,2023,260254.0
51007,Médio Norte Matogrossense,Centro-Noroeste,contexto,populacao,População,habitantes,2024,266850.0
51007,Médio Norte Matogrossense,Centro-Noroeste,contexto,populacao,População,habitantes,2025,271181.0
51007,Médio Norte Matogrossense,Centro-Noroeste,deslocamento,km_medio_internacao,Distância média até a internação,km,2020,41.0725
51007,Médio Norte Matogrossense,Centro-Noroeste,deslocamento,km_medio_internacao,Distância média até a internação,km,2021,40.6107
51007,Médio Norte Matogrossense,Centro-Noroeste,deslocamento,km_medio_internacao,Distância média até a internação,km,2022,42.315
51007,Médio Norte Matogrossense,Centro-Noroeste,deslocamento,km_medio_internacao,Distância média até a internação,km,2023,49.0274
51007,Médio Norte Matogrossense,Centro-Noroeste,deslocamento,km_medio_internacao,Distância média até a internação,km,2024,39.4775
51007,Médio Norte Matogrossense,Centro-Noroeste,deslocamento,km_medio_internacao,Distância média até a internação,km,2025,40.9378
51007,Médio Norte Matogrossense,Centro-Noroeste,deslocamento,pct_internacoes_fora_mun,Internações fora do município de residência,% das internações de residentes,2020,23.6188
51007,Médio Norte Matogrossense,Centro-Noroeste,deslocamento,pct_internacoes_fora_mun,Internações fora do município de residência,% das internações de residentes,2021,24.7783
51007,Médio Norte Matogrossense,Centro-Noroeste,deslocamento,pct_internacoes_fora_mun,Internações fora do município de residência,% das internações de residentes,2022,26.6438
51007,Médio Norte Matogrossense,Centro-Noroeste,deslocamento,pct_internacoes_fora_mun,Internações fora do município de residência,% das internações de residentes,2023,28.0148
51007,Médio Norte Matogrossense,Centro-Noroeste,deslocamento,pct_internacoes_fora_mun,Internações fora do município de residência,% das internações de residentes,2024,22.4772
51007,Médio Norte Matogrossense,Centro-Noroeste,deslocamento,pct_internacoes_fora_mun,Internações fora do município de residência,% das internações de residentes,2025,23.0244
51007,Médio Norte Matogrossense,Centro-Noroeste,deslocamento,pct_internacoes_fora_regiao,Internações fora da região de saúde,% das internações de residentes,2020,17.4298
51007,Médio Norte Matogrossense,Centro-Noroeste,deslocamento,pct_internacoes_fora_regiao,Internações fora da região de saúde,% das internações de residentes,2021,15.9407
51007,Médio Norte Matogrossense,Centro-Noroeste,deslocamento,pct_internacoes_fora_regiao,Internações fora da região de saúde,% das internações de residentes,2022,16.9759
51007,Médio Norte Matogrossense,Centro-Noroeste,deslocamento,pct_internacoes_fora_regiao,Internações fora da região de saúde,% das internações de residentes,2023,21.977
51007,Médio Norte Matogrossense,Centro-Noroeste,deslocamento,pct_internacoes_fora_regiao,Internações fora da região de saúde,% das internações de residentes,2024,18.0397
51007,Médio Norte Matogrossense,Centro-Noroeste,deslocamento,pct_internacoes_fora_regiao,Internações fora da região de saúde,% das internações de residentes,2025,18.8258
51007,Médio Norte Matogrossense,Centro-Noroeste,financiamento,desp_ab_pc,Despesa em atenção básica por habitante,R$ por habitante,2020,261.1298
51007,Médio Norte Matogrossense,Centro-Noroeste,financiamento,desp_ab_pc,Despesa em atenção básica por habitante,R$ por habitante,2021,287.2679
51007,Médio Norte Matogrossense,Centro-Noroeste,financiamento,desp_ab_pc,Despesa em atenção básica por habitante,R$ por habitante,2022,368.0467
51007,Médio Norte Matogrossense,Centro-Noroeste,financiamento,desp_ab_pc,Despesa em atenção básica por habitante,R$ por habitante,2023,437.7449
51007,Médio Norte Matogrossense,Centro-Noroeste,financiamento,desp_ab_pc,Despesa em atenção básica por habitante,R$ por habitante,2024,499.3759
51007,Médio Norte Matogrossense,Centro-Noroeste,financiamento,desp_ab_pc,Despesa em atenção básica por habitante,R$ por habitante,2025,548.7765
51007,Médio Norte Matogrossense,Centro-Noroeste,financiamento,desp_mac_pc,Despesa em média e alta complexidade por habitante,R$ por habitante,2020,516.0203
51007,Médio Norte Matogrossense,Centro-Noroeste,financiamento,desp_mac_pc,Despesa em média e alta complexidade por habitante,R$ por habitante,2021,629.6182
51007,Médio Norte Matogrossense,Centro-Noroeste,financiamento,desp_mac_pc,Despesa em média e alta complexidade por habitante,R$ por habitante,2022,810.537
51007,Médio Norte Matogrossense,Centro-Noroeste,financiamento,desp_mac_pc,Despesa em média e alta complexidade por habitante,R$ por habitante,2023,1027.2915
51007,Médio Norte Matogrossense,Centro-Noroeste,financiamento,desp_mac_pc,Despesa em média e alta complexidade por habitante,R$ por habitante,2024,1230.9238
51007,Médio Norte Matogrossense,Centro-Noroeste,financiamento,desp_mac_pc,Despesa em média e alta complexidade por habitante,R$ por habitante,2025,1195.7777
51007,Médio Norte Matogrossense,Centro-Noroeste,financiamento,desp_total_pc,Despesa em saúde por habitante,R$ por habitante,2020,994.6
51007,Médio Norte Matogrossense,Centro-Noroeste,financiamento,desp_total_pc,Despesa em saúde por habitante,R$ por habitante,2021,1200.2189
51007,Médio Norte Matogrossense,Centro-Noroeste,financiamento,desp_total_pc,Despesa em saúde por habitante,R$ por habitante,2022,1414.7574
51007,Médio Norte Matogrossense,Centro-Noroeste,financiamento,desp_total_pc,Despesa em saúde por habitante,R$ por habitante,2023,1689.6217
51007,Médio Norte Matogrossense,Centro-Noroeste,financiamento,desp_total_pc,Despesa em saúde por habitante,R$ por habitante,2024,1952.7029
51007,Médio Norte Matogrossense,Centro-Noroeste,financiamento,desp_total_pc,Despesa em saúde por habitante,R$ por habitante,2025,1990.7965
51007,Médio Norte Matogrossense,Centro-Noroeste,financiamento,pct_capital,Despesa de capital,% da despesa total,2020,5.0304
51007,Médio Norte Matogrossense,Centro-Noroeste,financiamento,pct_capital,Despesa de capital,% da despesa total,2021,5.6636
51007,Médio Norte Matogrossense,Centro-Noroeste,financiamento,pct_capital,Despesa de capital,% da despesa total,2022,4.8134
51007,Médio Norte Matogrossense,Centro-Noroeste,financiamento,pct_capital,Despesa de capital,% da despesa total,2023,3.9519
51007,Médio Norte Matogrossense,Centro-Noroeste,financiamento,pct_capital,Despesa de capital,% da despesa total,2024,8.1012
51007,Médio Norte Matogrossense,Centro-Noroeste,financiamento,pct_capital,Despesa de capital,% da despesa total,2025,4.2219
51007,Médio Norte Matogrossense,Centro-Noroeste,financiamento,pct_recursos_proprios,Despesa com recursos próprios,% da despesa total,2020,60.6131
51007,Médio Norte Matogrossense,Centro-Noroeste,financiamento,pct_recursos_proprios,Despesa com recursos próprios,% da despesa total,2021,64.827
51007,Médio Norte Matogrossense,Centro-Noroeste,financiamento,pct_recursos_proprios,Despesa com recursos próprios,% da despesa total,2022,67.0497
51007,Médio Norte Matogrossense,Centro-Noroeste,financiamento,pct_recursos_proprios,Despesa com recursos próprios,% da despesa total,2023,68.025
51007,Médio Norte Matogrossense,Centro-Noroeste,financiamento,pct_recursos_proprios,Despesa com recursos próprios,% da despesa total,2024,63.4164
51007,Médio Norte Matogrossense,Centro-Noroeste,financiamento,pct_recursos_proprios,Despesa com recursos próprios,% da despesa total,2025,66.2688
51007,Médio Norte Matogrossense,Centro-Noroeste,media_alta,diarias_uti_p1000,Diárias de UTI por mil habitantes,diárias por mil hab.,2020,1.6337
51007,Médio Norte Matogrossense,Centro-Noroeste,media_alta,diarias_uti_p1000,Diárias de UTI por mil habitantes,diárias por mil hab.,2021,9.0923
51007,Médio Norte Matogrossense,Centro-Noroeste,media_alta,diarias_uti_p1000,Diárias de UTI por mil habitantes,diárias por mil hab.,2022,1.7566
51007,Médio Norte Matogrossense,Centro-Noroeste,media_alta,diarias_uti_p1000,Diárias de UTI por mil habitantes,diárias por mil hab.,2023,0.0
51007,Médio Norte Matogrossense,Centro-Noroeste,media_alta,diarias_uti_p1000,Diárias de UTI por mil habitantes,diárias por mil hab.,2024,0.0
51007,Médio Norte Matogrossense,Centro-Noroeste,media_alta,diarias_uti_p1000,Diárias de UTI por mil habitantes,diárias por mil hab.,2025,0.0
51007,Médio Norte Matogrossense,Centro-Noroeste,media_alta,internacoes_local_p1000,Internações realizadas no município por mil habitantes,internações por mil hab.,2020,32.9557
51007,Médio Norte Matogrossense,Centro-Noroeste,media_alta,internacoes_local_p1000,Internações realizadas no município por mil habitantes,internações por mil hab.,2021,42.5451
51007,Médio Norte Matogrossense,Centro-Noroeste,media_alta,internacoes_local_p1000,Internações realizadas no município por mil habitantes,internações por mil hab.,2022,43.8096
51007,Médio Norte Matogrossense,Centro-Noroeste,media_alta,internacoes_local_p1000,Internações realizadas no município por mil habitantes,internações por mil hab.,2023,37.3942
51007,Médio Norte Matogrossense,Centro-Noroeste,media_alta,internacoes_local_p1000,Internações realizadas no município por mil habitantes,internações por mil hab.,2024,49.391
51007,Médio Norte Matogrossense,Centro-Noroeste,media_alta,internacoes_local_p1000,Internações realizadas no município por mil habitantes,internações por mil hab.,2025,51.4527
51007,Médio Norte Matogrossense,Centro-Noroeste,media_alta,internacoes_res_p1000,Internações de residentes por mil habitantes,internações por mil hab.,2020,39.3087
51007,Médio Norte Matogrossense,Centro-Noroeste,media_alta,internacoes_res_p1000,Internações de residentes por mil habitantes,internações por mil hab.,2021,49.6126
51007,Médio Norte Matogrossense,Centro-Noroeste,media_alta,internacoes_res_p1000,Internações de residentes por mil habitantes,internações por mil hab.,2022,51.5766
51007,Médio Norte Matogrossense,Centro-Noroeste,media_alta,internacoes_res_p1000,Internações de residentes por mil habitantes,internações por mil hab.,2023,46.8389
51007,Médio Norte Matogrossense,Centro-Noroeste,media_alta,internacoes_res_p1000,Internações de residentes por mil habitantes,internações por mil hab.,2024,59.4529
51007,Médio Norte Matogrossense,Centro-Noroeste,media_alta,internacoes_res_p1000,Internações de residentes por mil habitantes,internações por mil hab.,2025,62.6224
51007,Médio Norte Matogrossense,Centro-Noroeste,media_alta,mortalidade_hosp_pct,Mortalidade hospitalar,% das internações locais,2020,3.505
51007,Médio Norte Matogrossense,Centro-Noroeste,media_alta,mortalidade_hosp_pct,Mortalidade hospitalar,% das internações locais,2021,3.8257
51007,Médio Norte Matogrossense,Centro-Noroeste,media_alta,mortalidade_hosp_pct,Mortalidade hospitalar,% das internações locais,2022,2.3735
51007,Médio Norte Matogrossense,Centro-Noroeste,media_alta,mortalidade_hosp_pct,Mortalidade hospitalar,% das internações locais,2023,1.9626
51007,Médio Norte Matogrossense,Centro-Noroeste,media_alta,mortalidade_hosp_pct,Mortalidade hospitalar,% das internações locais,2024,2.1851
51007,Médio Norte Matogrossense,Centro-Noroeste,media_alta,mortalidade_hosp_pct,Mortalidade hospitalar,% das internações locais,2025,1.9709
51007,Médio Norte Matogrossense,Centro-Noroeste,media_alta,pct_urgencia,Internações de urgência,% das internações locais,2020,97.1192
51007,Médio Norte Matogrossense,Centro-Noroeste,media_alta,pct_urgencia,Internações de urgência,% das internações locais,2021,86.7472
51007,Médio Norte Matogrossense,Centro-Noroeste,media_alta,pct_urgencia,Internações de urgência,% das internações locais,2022,83.9432
51007,Médio Norte Matogrossense,Centro-Noroeste,media_alta,pct_urgencia,Internações de urgência,% das internações locais,2023,76.3358
51007,Médio Norte Matogrossense,Centro-Noroeste,media_alta,pct_urgencia,Internações de urgência,% das internações locais,2024,88.6039
51007,Médio Norte Matogrossense,Centro-Noroeste,media_alta,pct_urgencia,Internações de urgência,% das internações locais,2025,85.745
51007,Médio Norte Matogrossense,Centro-Noroeste,media_alta,permanencia_media,Permanência média das internações,dias,2020,3.2887
51007,Médio Norte Matogrossense,Centro-Noroeste,media_alta,permanencia_media,Permanência média das internações,dias,2021,3.167
51007,Médio Norte Matogrossense,Centro-Noroeste,media_alta,permanencia_media,Permanência média das internações,dias,2022,3.2542
51007,Médio Norte Matogrossense,Centro-Noroeste,media_alta,permanencia_media,Permanência média das internações,dias,2023,3.1014
51007,Médio Norte Matogrossense,Centro-Noroeste,media_alta,permanencia_media,Permanência média das internações,dias,2024,3.3335
51007,Médio Norte Matogrossense,Centro-Noroeste,media_alta,permanencia_media,Permanência média das internações,dias,2025,3.5916
51007,Médio Norte Matogrossense,Centro-Noroeste,media_alta,qtd_ac_local_pc,Procedimentos de alta complexidade por habitante,procedimentos por hab.,2020,0.1052
51007,Médio Norte Matogrossense,Centro-Noroeste,media_alta,qtd_ac_local_pc,Procedimentos de alta complexidade por habitante,procedimentos por hab.,2021,0.1142
51007,Médio Norte Matogrossense,Centro-Noroeste,media_alta,qtd_ac_local_pc,Procedimentos de alta complexidade por habitante,procedimentos por hab.,2022,0.1234
51007,Médio Norte Matogrossense,Centro-Noroeste,media_alta,qtd_ac_local_pc,Procedimentos de alta complexidade por habitante,procedimentos por hab.,2023,0.1501
51007,Médio Norte Matogrossense,Centro-Noroeste,media_alta,qtd_ac_local_pc,Procedimentos de alta complexidade por habitante,procedimentos por hab.,2024,0.1841
51007,Médio Norte Matogrossense,Centro-Noroeste,media_alta,qtd_ac_local_pc,Procedimentos de alta complexidade por habitante,procedimentos por hab.,2025,0.1942
51007,Médio Norte Matogrossense,Centro-Noroeste,media_alta,qtd_mc_local_pc,Procedimentos de média complexidade por habitante,procedimentos por hab.,2020,4.5643
51007,Médio Norte Matogrossense,Centro-Noroeste,media_alta,qtd_mc_local_pc,Procedimentos de média complexidade por habitante,procedimentos por hab.,2021,6.4447
51007,Médio Norte Matogrossense,Centro-Noroeste,media_alta,qtd_mc_local_pc,Procedimentos de média complexidade por habitante,procedimentos por hab.,2022,9.1552
51007,Médio Norte Matogrossense,Centro-Noroeste,media_alta,qtd_mc_local_pc,Procedimentos de média complexidade por habitante,procedimentos por hab.,2023,10.1081
51007,Médio Norte Matogrossense,Centro-Noroeste,media_alta,qtd_mc_local_pc,Procedimentos de média complexidade por habitante,procedimentos por hab.,2024,10.5199
51007,Médio Norte Matogrossense,Centro-Noroeste,media_alta,qtd_mc_local_pc,Procedimentos de média complexidade por habitante,procedimentos por hab.,2025,10.953
51007,Médio Norte Matogrossense,Centro-Noroeste,media_alta,valor_sih_local_pc,Valor das internações realizadas no município por habitante,R$ por habitante,2020,21.562
51007,Médio Norte Matogrossense,Centro-Noroeste,media_alta,valor_sih_local_pc,Valor das internações realizadas no município por habitante,R$ por habitante,2021,42.2682
51007,Médio Norte Matogrossense,Centro-Noroeste,media_alta,valor_sih_local_pc,Valor das internações realizadas no município por habitante,R$ por habitante,2022,25.8231
51007,Médio Norte Matogrossense,Centro-Noroeste,media_alta,valor_sih_local_pc,Valor das internações realizadas no município por habitante,R$ por habitante,2023,18.3028
51007,Médio Norte Matogrossense,Centro-Noroeste,media_alta,valor_sih_local_pc,Valor das internações realizadas no município por habitante,R$ por habitante,2024,25.026
51007,Médio Norte Matogrossense,Centro-Noroeste,media_alta,valor_sih_local_pc,Valor das internações realizadas no município por habitante,R$ por habitante,2025,26.7195
51007,Médio Norte Matogrossense,Centro-Noroeste,media_alta,valor_sih_res_pc,Valor das internações de residentes por habitante,R$ por habitante,2020,39.0276
51007,Médio Norte Matogrossense,Centro-Noroeste,media_alta,valor_sih_res_pc,Valor das internações de residentes por habitante,R$ por habitante,2021,68.5324
51007,Médio Norte Matogrossense,Centro-Noroeste,media_alta,valor_sih_res_pc,Valor das internações de residentes por habitante,R$ por habitante,2022,48.4659
51007,Médio Norte Matogrossense,Centro-Noroeste,media_alta,valor_sih_res_pc,Valor das internações de residentes por habitante,R$ por habitante,2023,45.0614
51007,Médio Norte Matogrossense,Centro-Noroeste,media_alta,valor_sih_res_pc,Valor das internações de residentes por habitante,R$ por habitante,2024,58.7108
51007,Médio Norte Matogrossense,Centro-Noroeste,media_alta,valor_sih_res_pc,Valor das internações de residentes por habitante,R$ por habitante,2025,62.4625
51007,Médio Norte Matogrossense,Centro-Noroeste,resultados,pct_baixo_peso,Nascidos vivos com baixo peso,% dos nascidos vivos,2020,7.1607
51007,Médio Norte Matogrossense,Centro-Noroeste,resultados,pct_baixo_peso,Nascidos vivos com baixo peso,% dos nascidos vivos,2021,8.7254
51007,Médio Norte Matogrossense,Centro-Noroeste,resultados,pct_baixo_peso,Nascidos vivos com baixo peso,% dos nascidos vivos,2022,8.2362
51007,Médio Norte Matogrossense,Centro-Noroeste,resultados,pct_baixo_peso,Nascidos vivos com baixo peso,% dos nascidos vivos,2023,7.8822
51007,Médio Norte Matogrossense,Centro-Noroeste,resultados,pct_baixo_peso,Nascidos vivos com baixo peso,% dos nascidos vivos,2024,8.4061
51007,Médio Norte Matogrossense,Centro-Noroeste,resultados,pct_cesarea,Partos cesáreos,% dos nascidos vivos,2020,75.5642
51007,Médio Norte Matogrossense,Centro-Noroeste,resultados,pct_cesarea,Partos cesáreos,% dos nascidos vivos,2021,76.9457
51007,Médio Norte Matogrossense,Centro-Noroeste,resultados,pct_cesarea,Partos cesáreos,% dos nascidos vivos,2022,77.9065
51007,Médio Norte Matogrossense,Centro-Noroeste,resultados,pct_cesarea,Partos cesáreos,% dos nascidos vivos,2023,79.4087
51007,Médio Norte Matogrossense,Centro-Noroeste,resultados,pct_cesarea,Partos cesáreos,% dos nascidos vivos,2024,79.3187
51007,Médio Norte Matogrossense,Centro-Noroeste,resultados,pct_mae_adolescente,Nascidos vivos de mães adolescentes,% dos nascidos vivos,2020,15.6255
51007,Médio Norte Matogrossense,Centro-Noroeste,resultados,pct_mae_adolescente,Nascidos vivos de mães adolescentes,% dos nascidos vivos,2021,15.6495
51007,Médio Norte Matogrossense,Centro-Noroeste,resultados,pct_mae_adolescente,Nascidos vivos de mães adolescentes,% dos nascidos vivos,2022,13.1382
51007,Médio Norte Matogrossense,Centro-Noroeste,resultados,pct_mae_adolescente,Nascidos vivos de mães adolescentes,% dos nascidos vivos,2023,13.2754
51007,Médio Norte Matogrossense,Centro-Noroeste,resultados,pct_mae_adolescente,Nascidos vivos de mães adolescentes,% dos nascidos vivos,2024,13.0333
51007,Médio Norte Matogrossense,Centro-Noroeste,resultados,pct_prenatal_7mais,Nascidos vivos com 7 ou mais consultas de pré-natal,% dos nascidos vivos,2020,74.9337
51007,Médio Norte Matogrossense,Centro-Noroeste,resultados,pct_prenatal_7mais,Nascidos vivos com 7 ou mais consultas de pré-natal,% dos nascidos vivos,2021,76.8047
51007,Médio Norte Matogrossense,Centro-Noroeste,resultados,pct_prenatal_7mais,Nascidos vivos com 7 ou mais consultas de pré-natal,% dos nascidos vivos,2022,79.4923
51007,Médio Norte Matogrossense,Centro-Noroeste,resultados,pct_prenatal_7mais,Nascidos vivos com 7 ou mais consultas de pré-natal,% dos nascidos vivos,2023,79.4354
51007,Médio Norte Matogrossense,Centro-Noroeste,resultados,pct_prenatal_7mais,Nascidos vivos com 7 ou mais consultas de pré-natal,% dos nascidos vivos,2024,80.5521
51007,Médio Norte Matogrossense,Centro-Noroeste,resultados,taxa_mortalidade_geral,Taxa de mortalidade geral,óbitos por mil habitantes,2020,5.5579
51007,Médio Norte Matogrossense,Centro-Noroeste,resultados,taxa_mortalidade_geral,Taxa de mortalidade geral,óbitos por mil habitantes,2021,7.0091
51007,Médio Norte Matogrossense,Centro-Noroeste,resultados,taxa_mortalidade_geral,Taxa de mortalidade geral,óbitos por mil habitantes,2022,5.4038
51007,Médio Norte Matogrossense,Centro-Noroeste,resultados,taxa_mortalidade_geral,Taxa de mortalidade geral,óbitos por mil habitantes,2023,5.0643
51007,Médio Norte Matogrossense,Centro-Noroeste,resultados,taxa_mortalidade_geral,Taxa de mortalidade geral,óbitos por mil habitantes,2024,5.8272
51007,Médio Norte Matogrossense,Centro-Noroeste,resultados,taxa_mortalidade_infantil,Taxa de mortalidade infantil,óbitos por mil nascidos vivos,2020,8.8583
51007,Médio Norte Matogrossense,Centro-Noroeste,resultados,taxa_mortalidade_infantil,Taxa de mortalidade infantil,óbitos por mil nascidos vivos,2021,11.2623
51007,Médio Norte Matogrossense,Centro-Noroeste,resultados,taxa_mortalidade_infantil,Taxa de mortalidade infantil,óbitos por mil nascidos vivos,2022,16.3305
51007,Médio Norte Matogrossense,Centro-Noroeste,resultados,taxa_mortalidade_infantil,Taxa de mortalidade infantil,óbitos por mil nascidos vivos,2023,13.8989
51007,Médio Norte Matogrossense,Centro-Noroeste,resultados,taxa_mortalidade_infantil,Taxa de mortalidade infantil,óbitos por mil nascidos vivos,2024,14.3113
51008,Noroeste Matogrossense,Centro-Noroeste,atencao_basica,atend_individual_pc,Atendimentos individuais na atenção básica por habitante,atendimentos por hab.,2020,1.0883
51008,Noroeste Matogrossense,Centro-Noroeste,atencao_basica,atend_individual_pc,Atendimentos individuais na atenção básica por habitante,atendimentos por hab.,2021,1.3271
51008,Noroeste Matogrossense,Centro-Noroeste,atencao_basica,atend_individual_pc,Atendimentos individuais na atenção básica por habitante,atendimentos por hab.,2022,1.8878
51008,Noroeste Matogrossense,Centro-Noroeste,atencao_basica,atend_individual_pc,Atendimentos individuais na atenção básica por habitante,atendimentos por hab.,2023,1.9454
51008,Noroeste Matogrossense,Centro-Noroeste,atencao_basica,atend_individual_pc,Atendimentos individuais na atenção básica por habitante,atendimentos por hab.,2024,2.1014
51008,Noroeste Matogrossense,Centro-Noroeste,atencao_basica,atend_individual_pc,Atendimentos individuais na atenção básica por habitante,atendimentos por hab.,2025,2.1122
51008,Noroeste Matogrossense,Centro-Noroeste,atencao_basica,atend_odonto_pc,Atendimentos odontológicos por habitante,atendimentos por hab.,2020,0.0613
51008,Noroeste Matogrossense,Centro-Noroeste,atencao_basica,atend_odonto_pc,Atendimentos odontológicos por habitante,atendimentos por hab.,2021,0.0641
51008,Noroeste Matogrossense,Centro-Noroeste,atencao_basica,atend_odonto_pc,Atendimentos odontológicos por habitante,atendimentos por hab.,2022,0.129
51008,Noroeste Matogrossense,Centro-Noroeste,atencao_basica,atend_odonto_pc,Atendimentos odontológicos por habitante,atendimentos por hab.,2023,0.1459
51008,Noroeste Matogrossense,Centro-Noroeste,atencao_basica,atend_odonto_pc,Atendimentos odontológicos por habitante,atendimentos por hab.,2024,0.1673
51008,Noroeste Matogrossense,Centro-Noroeste,atencao_basica,atend_odonto_pc,Atendimentos odontológicos por habitante,atendimentos por hab.,2025,0.1698
51008,Noroeste Matogrossense,Centro-Noroeste,atencao_basica,doses_menor1_por_nv,Doses de vacina em menores de 1 ano por nascido vivo,doses por nascido vivo,2020,14.6215
51008,Noroeste Matogrossense,Centro-Noroeste,atencao_basica,doses_menor1_por_nv,Doses de vacina em menores de 1 ano por nascido vivo,doses por nascido vivo,2021,13.4261
51008,Noroeste Matogrossense,Centro-Noroeste,atencao_basica,doses_menor1_por_nv,Doses de vacina em menores de 1 ano por nascido vivo,doses por nascido vivo,2022,15.0047
51008,Noroeste Matogrossense,Centro-Noroeste,atencao_basica,doses_menor1_por_nv,Doses de vacina em menores de 1 ano por nascido vivo,doses por nascido vivo,2023,15.7371
51008,Noroeste Matogrossense,Centro-Noroeste,atencao_basica,doses_menor1_por_nv,Doses de vacina em menores de 1 ano por nascido vivo,doses por nascido vivo,2024,15.842
51008,Noroeste Matogrossense,Centro-Noroeste,atencao_basica,doses_pc,Doses de vacina aplicadas por habitante,doses por hab.,2020,0.6534
51008,Noroeste Matogrossense,Centro-Noroeste,atencao_basica,doses_pc,Doses de vacina aplicadas por habitante,doses por hab.,2021,0.4936
51008,Noroeste Matogrossense,Centro-Noroeste,atencao_basica,doses_pc,Doses de vacina aplicadas por habitante,doses por hab.,2022,0.7215
51008,Noroeste Matogrossense,Centro-Noroeste,atencao_basica,doses_pc,Doses de vacina aplicadas por habitante,doses por hab.,2023,0.7732
51008,Noroeste Matogrossense,Centro-Noroeste,atencao_basica,doses_pc,Doses de vacina aplicadas por habitante,doses por hab.,2024,0.9061
51008,Noroeste Matogrossense,Centro-Noroeste,atencao_basica,doses_pc,Doses de vacina aplicadas por habitante,doses por hab.,2025,0.8595
51008,Noroeste Matogrossense,Centro-Noroeste,atencao_basica,procedimentos_ab_pc,Procedimentos na atenção básica por habitante,procedimentos por hab.,2020,1.8631
51008,Noroeste Matogrossense,Centro-Noroeste,atencao_basica,procedimentos_ab_pc,Procedimentos na atenção básica por habitante,procedimentos por hab.,2021,2.3719
51008,Noroeste Matogrossense,Centro-Noroeste,atencao_basica,procedimentos_ab_pc,Procedimentos na atenção básica por habitante,procedimentos por hab.,2022,3.1099
51008,Noroeste Matogrossense,Centro-Noroeste,atencao_basica,procedimentos_ab_pc,Procedimentos na atenção básica por habitante,procedimentos por hab.,2023,3.4005
51008,Noroeste Matogrossense,Centro-Noroeste,atencao_basica,procedimentos_ab_pc,Procedimentos na atenção básica por habitante,procedimentos por hab.,2024,3.8149
51008,Noroeste Matogrossense,Centro-Noroeste,atencao_basica,procedimentos_ab_pc,Procedimentos na atenção básica por habitante,procedimentos por hab.,2025,3.9137
51008,Noroeste Matogrossense,Centro-Noroeste,atencao_basica,visitas_pc,Visitas domiciliares por habitante,visitas por hab.,2020,1.6291
51008,Noroeste Matogrossense,Centro-Noroeste,atencao_basica,visitas_pc,Visitas domiciliares por habitante,visitas por hab.,2021,1.537
51008,Noroeste Matogrossense,Centro-Noroeste,atencao_basica,visitas_pc,Visitas domiciliares por habitante,visitas por hab.,2022,1.8875
51008,Noroeste Matogrossense,Centro-Noroeste,atencao_basica,visitas_pc,Visitas domiciliares por habitante,visitas por hab.,2023,2.6208
51008,Noroeste Matogrossense,Centro-Noroeste,atencao_basica,visitas_pc,Visitas domiciliares por habitante,visitas por hab.,2024,2.9285
51008,Noroeste Matogrossense,Centro-Noroeste,atencao_basica,visitas_pc,Visitas domiciliares por habitante,visitas por hab.,2025,3.0242
51008,Noroeste Matogrossense,Centro-Noroeste,capacidade,equip_sus_p10000,Equipamentos SUS em uso por 10 mil habitantes,equipamentos por 10 mil hab.,2020,42.2141
51008,Noroeste Matogrossense,Centro-Noroeste,capacidade,equip_sus_p10000,Equipamentos SUS em uso por 10 mil habitantes,equipamentos por 10 mil hab.,2021,49.6938
51008,Noroeste Matogrossense,Centro-Noroeste,capacidade,equip_sus_p10000,Equipamentos SUS em uso por 10 mil habitantes,equipamentos por 10 mil hab.,2022,63.9628
51008,Noroeste Matogrossense,Centro-Noroeste,capacidade,equip_sus_p10000,Equipamentos SUS em uso por 10 mil habitantes,equipamentos por 10 mil hab.,2023,68.8722
51008,Noroeste Matogrossense,Centro-Noroeste,capacidade,equip_sus_p10000,Equipamentos SUS em uso por 10 mil habitantes,equipamentos por 10 mil hab.,2024,81.0395
51008,Noroeste Matogrossense,Centro-Noroeste,capacidade,equip_sus_p10000,Equipamentos SUS em uso por 10 mil habitantes,equipamentos por 10 mil hab.,2025,82.7157
51008,Noroeste Matogrossense,Centro-Noroeste,capacidade,equipes_esf_p10000,Equipes de Saúde da Família por 10 mil habitantes,equipes por 10 mil hab.,2020,2.1432
51008,Noroeste Matogrossense,Centro-Noroeste,capacidade,equipes_esf_p10000,Equipes de Saúde da Família por 10 mil habitantes,equipes por 10 mil hab.,2021,2.206
51008,Noroeste Matogrossense,Centro-Noroeste,capacidade,equipes_esf_p10000,Equipes de Saúde da Família por 10 mil habitantes,equipes por 10 mil hab.,2022,2.6762
51008,Noroeste Matogrossense,Centro-Noroeste,capacidade,equipes_esf_p10000,Equipes de Saúde da Família por 10 mil habitantes,equipes por 10 mil hab.,2023,2.7437
51008,Noroeste Matogrossense,Centro-Noroeste,capacidade,equipes_esf_p10000,Equipes de Saúde da Família por 10 mil habitantes,equipes por 10 mil hab.,2024,2.8198
51008,Noroeste Matogrossense,Centro-Noroeste,capacidade,equipes_esf_p10000,Equipes de Saúde da Família por 10 mil habitantes,equipes por 10 mil hab.,2025,2.8062
51008,Noroeste Matogrossense,Centro-Noroeste,capacidade,fte_acs_p1000,Agentes comunitários de saúde por mil habitantes,FTE por mil hab.,2020,2.546
51008,Noroeste Matogrossense,Centro-Noroeste,capacidade,fte_acs_p1000,Agentes comunitários de saúde por mil habitantes,FTE por mil hab.,2021,2.4194
51008,Noroeste Matogrossense,Centro-Noroeste,capacidade,fte_acs_p1000,Agentes comunitários de saúde por mil habitantes,FTE por mil hab.,2022,2.7819
51008,Noroeste Matogrossense,Centro-Noroeste,capacidade,fte_acs_p1000,Agentes comunitários de saúde por mil habitantes,FTE por mil hab.,2023,2.7197
51008,Noroeste Matogrossense,Centro-Noroeste,capacidade,fte_acs_p1000,Agentes comunitários de saúde por mil habitantes,FTE por mil hab.,2024,2.7296
51008,Noroeste Matogrossense,Centro-Noroeste,capacidade,fte_acs_p1000,Agentes comunitários de saúde por mil habitantes,FTE por mil hab.,2025,2.755
51008,Noroeste Matogrossense,Centro-Noroeste,capacidade,fte_dentistas_p1000,Dentistas SUS por mil habitantes,FTE por mil hab.,2020,0.1957
51008,Noroeste Matogrossense,Centro-Noroeste,capacidade,fte_dentistas_p1000,Dentistas SUS por mil habitantes,FTE por mil hab.,2021,0.1942
51008,Noroeste Matogrossense,Centro-Noroeste,capacidade,fte_dentistas_p1000,Dentistas SUS por mil habitantes,FTE por mil hab.,2022,0.2244
51008,Noroeste Matogrossense,Centro-Noroeste,capacidade,fte_dentistas_p1000,Dentistas SUS por mil habitantes,FTE por mil hab.,2023,0.2311
51008,Noroeste Matogrossense,Centro-Noroeste,capacidade,fte_dentistas_p1000,Dentistas SUS por mil habitantes,FTE por mil hab.,2024,0.2494
51008,Noroeste Matogrossense,Centro-Noroeste,capacidade,fte_dentistas_p1000,Dentistas SUS por mil habitantes,FTE por mil hab.,2025,0.2497
51008,Noroeste Matogrossense,Centro-Noroeste,capacidade,fte_enfermeiros_p1000,Enfermeiros SUS por mil habitantes,FTE por mil hab.,2020,0.8213
51008,Noroeste Matogrossense,Centro-Noroeste,capacidade,fte_enfermeiros_p1000,Enfermeiros SUS por mil habitantes,FTE por mil hab.,2021,0.9595
51008,Noroeste Matogrossense,Centro-Noroeste,capacidade,fte_enfermeiros_p1000,Enfermeiros SUS por mil habitantes,FTE por mil hab.,2022,1.1923
51008,Noroeste Matogrossense,Centro-Noroeste,capacidade,fte_enfermeiros_p1000,Enfermeiros SUS por mil habitantes,FTE por mil hab.,2023,1.2639
51008,Noroeste Matogrossense,Centro-Noroeste,capacidade,fte_enfermeiros_p1000,Enfermeiros SUS por mil habitantes,FTE por mil hab.,2024,1.4175
51008,Noroeste Matogrossense,Centro-Noroeste,capacidade,fte_enfermeiros_p1000,Enfermeiros SUS por mil habitantes,FTE por mil hab.,2025,1.495
51008,Noroeste Matogrossense,Centro-Noroeste,capacidade,fte_medicos_p1000,Médicos SUS por mil habitantes,FTE por mil hab.,2020,0.5905
51008,Noroeste Matogrossense,Centro-Noroeste,capacidade,fte_medicos_p1000,Médicos SUS por mil habitantes,FTE por mil hab.,2021,0.6403
51008,Noroeste Matogrossense,Centro-Noroeste,capacidade,fte_medicos_p1000,Médicos SUS por mil habitantes,FTE por mil hab.,2022,0.8045
51008,Noroeste Matogrossense,Centro-Noroeste,capacidade,fte_medicos_p1000,Médicos SUS por mil habitantes,FTE por mil hab.,2023,0.8866
51008,Noroeste Matogrossense,Centro-Noroeste,capacidade,fte_medicos_p1000,Médicos SUS por mil habitantes,FTE por mil hab.,2024,0.9808
51008,Noroeste Matogrossense,Centro-Noroeste,capacidade,fte_medicos_p1000,Médicos SUS por mil habitantes,FTE por mil hab.,2025,1.1054
51008,Noroeste Matogrossense,Centro-Noroeste,capacidade,fte_tec_enfermagem_p1000,Técnicos de enfermagem SUS por mil habitantes,FTE por mil hab.,2020,2.1541
51008,Noroeste Matogrossense,Centro-Noroeste,capacidade,fte_tec_enfermagem_p1000,Técnicos de enfermagem SUS por mil habitantes,FTE por mil hab.,2021,2.3217
51008,Noroeste Matogrossense,Centro-Noroeste,capacidade,fte_tec_enfermagem_p1000,Técnicos de enfermagem SUS por mil habitantes,FTE por mil hab.,2022,2.8209
51008,Noroeste Matogrossense,Centro-Noroeste,capacidade,fte_tec_enfermagem_p1000,Técnicos de enfermagem SUS por mil habitantes,FTE por mil hab.,2023,2.9182
51008,Noroeste Matogrossense,Centro-Noroeste,capacidade,fte_tec_enfermagem_p1000,Técnicos de enfermagem SUS por mil habitantes,FTE por mil hab.,2024,3.2643
51008,Noroeste Matogrossense,Centro-Noroeste,capacidade,fte_tec_enfermagem_p1000,Técnicos de enfermagem SUS por mil habitantes,FTE por mil hab.,2025,3.5322
51008,Noroeste Matogrossense,Centro-Noroeste,capacidade,leitos_sus_p1000,Leitos SUS por mil habitantes,leitos por mil hab.,2020,1.3574
51008,Noroeste Matogrossense,Centro-Noroeste,capacidade,leitos_sus_p1000,Leitos SUS por mil habitantes,leitos por mil hab.,2021,1.3415
51008,Noroeste Matogrossense,Centro-Noroeste,capacidade,leitos_sus_p1000,Leitos SUS por mil habitantes,leitos por mil hab.,2022,1.5317
51008,Noroeste Matogrossense,Centro-Noroeste,capacidade,leitos_sus_p1000,Leitos SUS por mil habitantes,leitos por mil hab.,2023,1.6293
51008,Noroeste Matogrossense,Centro-Noroeste,capacidade,leitos_sus_p1000,Leitos SUS por mil habitantes,leitos por mil hab.,2024,1.7033
51008,Noroeste Matogrossense,Centro-Noroeste,capacidade,leitos_sus_p1000,Leitos SUS por mil habitantes,leitos por mil hab.,2025,1.7231
51008,Noroeste Matogrossense,Centro-Noroeste,capacidade,leitos_uti_sus,Leitos de UTI SUS,leitos,2020,4.0
51008,Noroeste Matogrossense,Centro-Noroeste,capacidade,leitos_uti_sus,Leitos de UTI SUS,leitos,2021,8.0
51008,Noroeste Matogrossense,Centro-Noroeste,capacidade,leitos_uti_sus,Leitos de UTI SUS,leitos,2022,2.0
51008,Noroeste Matogrossense,Centro-Noroeste,capacidade,leitos_uti_sus,Leitos de UTI SUS,leitos,2023,0.0
51008,Noroeste Matogrossense,Centro-Noroeste,capacidade,leitos_uti_sus,Leitos de UTI SUS,leitos,2024,0.0
51008,Noroeste Matogrossense,Centro-Noroeste,capacidade,leitos_uti_sus,Leitos de UTI SUS,leitos,2025,0.0
51008,Noroeste Matogrossense,Centro-Noroeste,capacidade,n_equipes_eap,Equipes de atenção primária (eAP),equipes,2020,0.0
51008,Noroeste Matogrossense,Centro-Noroeste,capacidade,n_equipes_eap,Equipes de atenção primária (eAP),equipes,2021,0.0
51008,Noroeste Matogrossense,Centro-Noroeste,capacidade,n_equipes_eap,Equipes de atenção primária (eAP),equipes,2022,1.0
51008,Noroeste Matogrossense,Centro-Noroeste,capacidade,n_equipes_eap,Equipes de atenção primária (eAP),equipes,2023,1.0
51008,Noroeste Matogrossense,Centro-Noroeste,capacidade,n_equipes_eap,Equipes de atenção primária (eAP),equipes,2024,1.0
51008,Noroeste Matogrossense,Centro-Noroeste,capacidade,n_equipes_eap,Equipes de atenção primária (eAP),equipes,2025,1.0
51008,Noroeste Matogrossense,Centro-Noroeste,capacidade,n_equipes_esb,Equipes de saúde bucal,equipes,2020,20.0
51008,Noroeste Matogrossense,Centro-Noroeste,capacidade,n_equipes_esb,Equipes de saúde bucal,equipes,2021,20.0
51008,Noroeste Matogrossense,Centro-Noroeste,capacidade,n_equipes_esb,Equipes de saúde bucal,equipes,2022,20.0
51008,Noroeste Matogrossense,Centro-Noroeste,capacidade,n_equipes_esb,Equipes de saúde bucal,equipes,2023,21.0
51008,Noroeste Matogrossense,Centro-Noroeste,capacidade,n_equipes_esb,Equipes de saúde bucal,equipes,2024,22.0
51008,Noroeste Matogrossense,Centro-Noroeste,capacidade,n_equipes_esb,Equipes de saúde bucal,equipes,2025,24.0
51008,Noroeste Matogrossense,Centro-Noroeste,capacidade,n_estab_sus,Estabelecimentos com atendimento SUS,estabelecimentos,2020,150.0
51008,Noroeste Matogrossense,Centro-Noroeste,capacidade,n_estab_sus,Estabelecimentos com atendimento SUS,estabelecimentos,2021,155.0
51008,Noroeste Matogrossense,Centro-Noroeste,capacidade,n_estab_sus,Estabelecimentos com atendimento SUS,estabelecimentos,2022,154.0
51008,Noroeste Matogrossense,Centro-Noroeste,capacidade,n_estab_sus,Estabelecimentos com atendimento SUS,estabelecimentos,2023,158.0
51008,Noroeste Matogrossense,Centro-Noroeste,capacidade,n_estab_sus,Estabelecimentos com atendimento SUS,estabelecimentos,2024,169.0
51008,Noroeste Matogrossense,Centro-Noroeste,capacidade,n_estab_sus,Estabelecimentos com atendimento SUS,estabelecimentos,2025,179.0
51008,Noroeste Matogrossense,Centro-Noroeste,capacidade,n_hospitais_sus,Hospitais SUS,hospitais,2020,6.0
51008,Noroeste Matogrossense,Centro-Noroeste,capacidade,n_hospitais_sus,Hospitais SUS,hospitais,2021,6.0
51008,Noroeste Matogrossense,Centro-Noroeste,capacidade,n_hospitais_sus,Hospitais SUS,hospitais,2022,6.0
51008,Noroeste Matogrossense,Centro-Noroeste,capacidade,n_hospitais_sus,Hospitais SUS,hospitais,2023,6.0
51008,Noroeste Matogrossense,Centro-Noroeste,capacidade,n_hospitais_sus,Hospitais SUS,hospitais,2024,7.0
51008,Noroeste Matogrossense,Centro-Noroeste,capacidade,n_hospitais_sus,Hospitais SUS,hospitais,2025,7.0
51008,Noroeste Matogrossense,Centro-Noroeste,capacidade,n_ubs,Unidades básicas de saúde,unidades,2020,45.0
51008,Noroeste Matogrossense,Centro-Noroeste,capacidade,n_ubs,Unidades básicas de saúde,unidades,2021,50.0
51008,Noroeste Matogrossense,Centro-Noroeste,capacidade,n_ubs,Unidades básicas de saúde,unidades,2022,50.0
51008,Noroeste Matogrossense,Centro-Noroeste,capacidade,n_ubs,Unidades básicas de saúde,unidades,2023,51.0
51008,Noroeste Matogrossense,Centro-Noroeste,capacidade,n_ubs,Unidades básicas de saúde,unidades,2024,54.0
51008,Noroeste Matogrossense,Centro-Noroeste,capacidade,n_ubs,Unidades básicas de saúde,unidades,2025,53.0
51008,Noroeste Matogrossense,Centro-Noroeste,capacidade,n_upa,Unidades de pronto atendimento,unidades,2020,2.0
51008,Noroeste Matogrossense,Centro-Noroeste,capacidade,n_upa,Unidades de pronto atendimento,unidades,2021,2.0
51008,Noroeste Matogrossense,Centro-Noroeste,capacidade,n_upa,Unidades de pronto atendimento,unidades,2022,2.0
51008,Noroeste Matogrossense,Centro-Noroeste,capacidade,n_upa,Unidades de pronto atendimento,unidades,2023,2.0
51008,Noroeste Matogrossense,Centro-Noroeste,capacidade,n_upa,Unidades de pronto atendimento,unidades,2024,2.0
51008,Noroeste Matogrossense,Centro-Noroeste,capacidade,n_upa,Unidades de pronto atendimento,unidades,2025,2.0
51008,Noroeste Matogrossense,Centro-Noroeste,contexto,populacao,População,habitantes,2020,169138.0
51008,Noroeste Matogrossense,Centro-Noroeste,contexto,populacao,População,habitantes,2021,172255.0
51008,Noroeste Matogrossense,Centro-Noroeste,contexto,populacao,População,habitantes,2022,141995.0
51008,Noroeste Matogrossense,Centro-Noroeste,contexto,populacao,População,habitantes,2023,143672.0
51008,Noroeste Matogrossense,Centro-Noroeste,contexto,populacao,População,habitantes,2024,145402.0
51008,Noroeste Matogrossense,Centro-Noroeste,contexto,populacao,População,habitantes,2025,146104.0
51008,Noroeste Matogrossense,Centro-Noroeste,deslocamento,km_medio_internacao,Distância média até a internação,km,2020,72.0961
51008,Noroeste Matogrossense,Centro-Noroeste,deslocamento,km_medio_internacao,Distância média até a internação,km,2021,75.1301
51008,Noroeste Matogrossense,Centro-Noroeste,deslocamento,km_medio_internacao,Distância média até a internação,km,2022,76.4137
51008,Noroeste Matogrossense,Centro-Noroeste,deslocamento,km_medio_internacao,Distância média até a internação,km,2023,95.9709
51008,Noroeste Matogrossense,Centro-Noroeste,deslocamento,km_medio_internacao,Distância média até a internação,km,2024,108.8591
51008,Noroeste Matogrossense,Centro-Noroeste,deslocamento,km_medio_internacao,Distância média até a internação,km,2025,115.769
51008,Noroeste Matogrossense,Centro-Noroeste,deslocamento,pct_internacoes_fora_mun,Internações fora do município de residência,% das internações de residentes,2020,22.3237
51008,Noroeste Matogrossense,Centro-Noroeste,deslocamento,pct_internacoes_fora_mun,Internações fora do município de residência,% das internações de residentes,2021,23.8177
51008,Noroeste Matogrossense,Centro-Noroeste,deslocamento,pct_internacoes_fora_mun,Internações fora do município de residência,% das internações de residentes,2022,21.4038
51008,Noroeste Matogrossense,Centro-Noroeste,deslocamento,pct_internacoes_fora_mun,Internações fora do município de residência,% das internações de residentes,2023,22.6867
51008,Noroeste Matogrossense,Centro-Noroeste,deslocamento,pct_internacoes_fora_mun,Internações fora do município de residência,% das internações de residentes,2024,23.3076
51008,Noroeste Matogrossense,Centro-Noroeste,deslocamento,pct_internacoes_fora_mun,Internações fora do município de residência,% das internações de residentes,2025,23.9245
51008,Noroeste Matogrossense,Centro-Noroeste,deslocamento,pct_internacoes_fora_regiao,Internações fora da região de saúde,% das internações de residentes,2020,9.5541
51008,Noroeste Matogrossense,Centro-Noroeste,deslocamento,pct_internacoes_fora_regiao,Internações fora da região de saúde,% das internações de residentes,2021,10.0631
51008,Noroeste Matogrossense,Centro-Noroeste,deslocamento,pct_internacoes_fora_regiao,Internações fora da região de saúde,% das internações de residentes,2022,10.4005
51008,Noroeste Matogrossense,Centro-Noroeste,deslocamento,pct_internacoes_fora_regiao,Internações fora da região de saúde,% das internações de residentes,2023,14.2535
51008,Noroeste Matogrossense,Centro-Noroeste,deslocamento,pct_internacoes_fora_regiao,Internações fora da região de saúde,% das internações de residentes,2024,16.4514
51008,Noroeste Matogrossense,Centro-Noroeste,deslocamento,pct_internacoes_fora_regiao,Internações fora da região de saúde,% das internações de residentes,2025,17.3474
51008,Noroeste Matogrossense,Centro-Noroeste,financiamento,desp_ab_pc,Despesa em atenção básica por habitante,R$ por habitante,2020,222.3593
51008,Noroeste Matogrossense,Centro-Noroeste,financiamento,desp_ab_pc,Despesa em atenção básica por habitante,R$ por habitante,2021,212.546
51008,Noroeste Matogrossense,Centro-Noroeste,financiamento,desp_ab_pc,Despesa em atenção básica por habitante,R$ por habitante,2022,360.4451
51008,Noroeste Matogrossense,Centro-Noroeste,financiamento,desp_ab_pc,Despesa em atenção básica por habitante,R$ por habitante,2023,396.9927
51008,Noroeste Matogrossense,Centro-Noroeste,financiamento,desp_ab_pc,Despesa em atenção básica por habitante,R$ por habitante,2024,356.0225
51008,Noroeste Matogrossense,Centro-Noroeste,financiamento,desp_ab_pc,Despesa em atenção básica por habitante,R$ por habitante,2025,501.7561
51008,Noroeste Matogrossense,Centro-Noroeste,financiamento,desp_mac_pc,Despesa em média e alta complexidade por habitante,R$ por habitante,2020,500.3873
51008,Noroeste Matogrossense,Centro-Noroeste,financiamento,desp_mac_pc,Despesa em média e alta complexidade por habitante,R$ por habitante,2021,560.0649
51008,Noroeste Matogrossense,Centro-Noroeste,financiamento,desp_mac_pc,Despesa em média e alta complexidade por habitante,R$ por habitante,2022,910.6935
51008,Noroeste Matogrossense,Centro-Noroeste,financiamento,desp_mac_pc,Despesa em média e alta complexidade por habitante,R$ por habitante,2023,1055.5042
51008,Noroeste Matogrossense,Centro-Noroeste,financiamento,desp_mac_pc,Despesa em média e alta complexidade por habitante,R$ por habitante,2024,1127.7464
51008,Noroeste Matogrossense,Centro-Noroeste,financiamento,desp_mac_pc,Despesa em média e alta complexidade por habitante,R$ por habitante,2025,1323.3254
51008,Noroeste Matogrossense,Centro-Noroeste,financiamento,desp_total_pc,Despesa em saúde por habitante,R$ por habitante,2020,889.419
51008,Noroeste Matogrossense,Centro-Noroeste,financiamento,desp_total_pc,Despesa em saúde por habitante,R$ por habitante,2021,991.1141
51008,Noroeste Matogrossense,Centro-Noroeste,financiamento,desp_total_pc,Despesa em saúde por habitante,R$ por habitante,2022,1484.3141
51008,Noroeste Matogrossense,Centro-Noroeste,financiamento,desp_total_pc,Despesa em saúde por habitante,R$ por habitante,2023,1684.3655
51008,Noroeste Matogrossense,Centro-Noroeste,financiamento,desp_total_pc,Despesa em saúde por habitante,R$ por habitante,2024,1747.5302
51008,Noroeste Matogrossense,Centro-Noroeste,financiamento,desp_total_pc,Despesa em saúde por habitante,R$ por habitante,2025,2089.847
51008,Noroeste Matogrossense,Centro-Noroeste,financiamento,pct_capital,Despesa de capital,% da despesa total,2020,4.6559
51008,Noroeste Matogrossense,Centro-Noroeste,financiamento,pct_capital,Despesa de capital,% da despesa total,2021,2.5131
51008,Noroeste Matogrossense,Centro-Noroeste,financiamento,pct_capital,Despesa de capital,% da despesa total,2022,4.1225
51008,Noroeste Matogrossense,Centro-Noroeste,financiamento,pct_capital,Despesa de capital,% da despesa total,2023,3.9326
51008,Noroeste Matogrossense,Centro-Noroeste,financiamento,pct_capital,Despesa de capital,% da despesa total,2024,4.246
51008,Noroeste Matogrossense,Centro-Noroeste,financiamento,pct_capital,Despesa de capital,% da despesa total,2025,4.1463
51008,Noroeste Matogrossense,Centro-Noroeste,financiamento,pct_recursos_proprios,Despesa com recursos próprios,% da despesa total,2020,54.6251
51008,Noroeste Matogrossense,Centro-Noroeste,financiamento,pct_recursos_proprios,Despesa com recursos próprios,% da despesa total,2021,59.7565
51008,Noroeste Matogrossense,Centro-Noroeste,financiamento,pct_recursos_proprios,Despesa com recursos próprios,% da despesa total,2022,64.7754
51008,Noroeste Matogrossense,Centro-Noroeste,financiamento,pct_recursos_proprios,Despesa com recursos próprios,% da despesa total,2023,64.1143
51008,Noroeste Matogrossense,Centro-Noroeste,financiamento,pct_recursos_proprios,Despesa com recursos próprios,% da despesa total,2024,65.2976
51008,Noroeste Matogrossense,Centro-Noroeste,financiamento,pct_recursos_proprios,Despesa com recursos próprios,% da despesa total,2025,62.0662
51008,Noroeste Matogrossense,Centro-Noroeste,media_alta,diarias_uti_p1000,Diárias de UTI por mil habitantes,diárias por mil hab.,2020,3.7662
51008,Noroeste Matogrossense,Centro-Noroeste,media_alta,diarias_uti_p1000,Diárias de UTI por mil habitantes,diárias por mil hab.,2021,11.7442
51008,Noroeste Matogrossense,Centro-Noroeste,media_alta,diarias_uti_p1000,Diárias de UTI por mil habitantes,diárias por mil hab.,2022,3.6339
51008,Noroeste Matogrossense,Centro-Noroeste,media_alta,diarias_uti_p1000,Diárias de UTI por mil habitantes,diárias por mil hab.,2023,0.0
51008,Noroeste Matogrossense,Centro-Noroeste,media_alta,diarias_uti_p1000,Diárias de UTI por mil habitantes,diárias por mil hab.,2024,0.0
51008,Noroeste Matogrossense,Centro-Noroeste,media_alta,diarias_uti_p1000,Diárias de UTI por mil habitantes,diárias por mil hab.,2025,0.0
51008,Noroeste Matogrossense,Centro-Noroeste,media_alta,internacoes_local_p1000,Internações realizadas no município por mil habitantes,internações por mil hab.,2020,41.3154
51008,Noroeste Matogrossense,Centro-Noroeste,media_alta,internacoes_local_p1000,Internações realizadas no município por mil habitantes,internações por mil hab.,2021,40.6839
51008,Noroeste Matogrossense,Centro-Noroeste,media_alta,internacoes_local_p1000,Internações realizadas no município por mil habitantes,internações por mil hab.,2022,62.6501
51008,Noroeste Matogrossense,Centro-Noroeste,media_alta,internacoes_local_p1000,Internações realizadas no município por mil habitantes,internações por mil hab.,2023,68.2736
51008,Noroeste Matogrossense,Centro-Noroeste,media_alta,internacoes_local_p1000,Internações realizadas no município por mil habitantes,internações por mil hab.,2024,66.9798
51008,Noroeste Matogrossense,Centro-Noroeste,media_alta,internacoes_local_p1000,Internações realizadas no município por mil habitantes,internações por mil hab.,2025,73.6325
51008,Noroeste Matogrossense,Centro-Noroeste,media_alta,internacoes_res_p1000,Internações de residentes por mil habitantes,internações por mil hab.,2020,44.6795
51008,Noroeste Matogrossense,Centro-Noroeste,media_alta,internacoes_res_p1000,Internações de residentes por mil habitantes,internações por mil hab.,2021,44.1903
51008,Noroeste Matogrossense,Centro-Noroeste,media_alta,internacoes_res_p1000,Internações de residentes por mil habitantes,internações por mil hab.,2022,68.932
51008,Noroeste Matogrossense,Centro-Noroeste,media_alta,internacoes_res_p1000,Internações de residentes por mil habitantes,internações por mil hab.,2023,77.2524
51008,Noroeste Matogrossense,Centro-Noroeste,media_alta,internacoes_res_p1000,Internações de residentes por mil habitantes,internações por mil hab.,2024,79.3455
51008,Noroeste Matogrossense,Centro-Noroeste,media_alta,internacoes_res_p1000,Internações de residentes por mil habitantes,internações por mil hab.,2025,88.1427
51008,Noroeste Matogrossense,Centro-Noroeste,media_alta,mortalidade_hosp_pct,Mortalidade hospitalar,% das internações locais,2020,1.4453
51008,Noroeste Matogrossense,Centro-Noroeste,media_alta,mortalidade_hosp_pct,Mortalidade hospitalar,% das internações locais,2021,3.0537
51008,Noroeste Matogrossense,Centro-Noroeste,media_alta,mortalidade_hosp_pct,Mortalidade hospitalar,% das internações locais,2022,1.1578
51008,Noroeste Matogrossense,Centro-Noroeste,media_alta,mortalidade_hosp_pct,Mortalidade hospitalar,% das internações locais,2023,1.0603
51008,Noroeste Matogrossense,Centro-Noroeste,media_alta,mortalidade_hosp_pct,Mortalidade hospitalar,% das internações locais,2024,1.15
51008,Noroeste Matogrossense,Centro-Noroeste,media_alta,mortalidade_hosp_pct,Mortalidade hospitalar,% das internações locais,2025,1.1433
51008,Noroeste Matogrossense,Centro-Noroeste,media_alta,pct_urgencia,Internações de urgência,% das internações locais,2020,99.5707
51008,Noroeste Matogrossense,Centro-Noroeste,media_alta,pct_urgencia,Internações de urgência,% das internações locais,2021,99.9572
51008,Noroeste Matogrossense,Centro-Noroeste,media_alta,pct_urgencia,Internações de urgência,% das internações locais,2022,95.7397
51008,Noroeste Matogrossense,Centro-Noroeste,media_alta,pct_urgencia,Internações de urgência,% das internações locais,2023,86.2779
51008,Noroeste Matogrossense,Centro-Noroeste,media_alta,pct_urgencia,Internações de urgência,% das internações locais,2024,87.3909
51008,Noroeste Matogrossense,Centro-Noroeste,media_alta,pct_urgencia,Internações de urgência,% das internações locais,2025,87.0794
51008,Noroeste Matogrossense,Centro-Noroeste,media_alta,permanencia_media,Permanência média das internações,dias,2020,3.4242
51008,Noroeste Matogrossense,Centro-Noroeste,media_alta,permanencia_media,Permanência média das internações,dias,2021,3.7676
51008,Noroeste Matogrossense,Centro-Noroeste,media_alta,permanencia_media,Permanência média das internações,dias,2022,3.9214
51008,Noroeste Matogrossense,Centro-Noroeste,media_alta,permanencia_media,Permanência média das internações,dias,2023,3.5465
51008,Noroeste Matogrossense,Centro-Noroeste,media_alta,permanencia_media,Permanência média das internações,dias,2024,3.8166
51008,Noroeste Matogrossense,Centro-Noroeste,media_alta,permanencia_media,Permanência média das internações,dias,2025,3.8333
51008,Noroeste Matogrossense,Centro-Noroeste,media_alta,qtd_ac_local_pc,Procedimentos de alta complexidade por habitante,procedimentos por hab.,2020,0.0102
51008,Noroeste Matogrossense,Centro-Noroeste,media_alta,qtd_ac_local_pc,Procedimentos de alta complexidade por habitante,procedimentos por hab.,2021,0.0107
51008,Noroeste Matogrossense,Centro-Noroeste,media_alta,qtd_ac_local_pc,Procedimentos de alta complexidade por habitante,procedimentos por hab.,2022,0.0084
51008,Noroeste Matogrossense,Centro-Noroeste,media_alta,qtd_ac_local_pc,Procedimentos de alta complexidade por habitante,procedimentos por hab.,2023,0.0113
51008,Noroeste Matogrossense,Centro-Noroeste,media_alta,qtd_ac_local_pc,Procedimentos de alta complexidade por habitante,procedimentos por hab.,2024,0.0226
51008,Noroeste Matogrossense,Centro-Noroeste,media_alta,qtd_ac_local_pc,Procedimentos de alta complexidade por habitante,procedimentos por hab.,2025,0.0471
51008,Noroeste Matogrossense,Centro-Noroeste,media_alta,qtd_mc_local_pc,Procedimentos de média complexidade por habitante,procedimentos por hab.,2020,2.4845
51008,Noroeste Matogrossense,Centro-Noroeste,media_alta,qtd_mc_local_pc,Procedimentos de média complexidade por habitante,procedimentos por hab.,2021,2.7048
51008,Noroeste Matogrossense,Centro-Noroeste,media_alta,qtd_mc_local_pc,Procedimentos de média complexidade por habitante,procedimentos por hab.,2022,4.7636
51008,Noroeste Matogrossense,Centro-Noroeste,media_alta,qtd_mc_local_pc,Procedimentos de média complexidade por habitante,procedimentos por hab.,2023,6.0704
51008,Noroeste Matogrossense,Centro-Noroeste,media_alta,qtd_mc_local_pc,Procedimentos de média complexidade por habitante,procedimentos por hab.,2024,7.6062
51008,Noroeste Matogrossense,Centro-Noroeste,media_alta,qtd_mc_local_pc,Procedimentos de média complexidade por habitante,procedimentos por hab.,2025,8.8758
51008,Noroeste Matogrossense,Centro-Noroeste,media_alta,valor_sih_local_pc,Valor das internações realizadas no município por habitante,R$ por habitante,2020,24.1599
51008,Noroeste Matogrossense,Centro-Noroeste,media_alta,valor_sih_local_pc,Valor das internações realizadas no município por habitante,R$ por habitante,2021,41.6617
51008,Noroeste Matogrossense,Centro-Noroeste,media_alta,valor_sih_local_pc,Valor das internações realizadas no município por habitante,R$ por habitante,2022,32.8769
51008,Noroeste Matogrossense,Centro-Noroeste,media_alta,valor_sih_local_pc,Valor das internações realizadas no município por habitante,R$ por habitante,2023,27.7733
51008,Noroeste Matogrossense,Centro-Noroeste,media_alta,valor_sih_local_pc,Valor das internações realizadas no município por habitante,R$ por habitante,2024,29.7376
51008,Noroeste Matogrossense,Centro-Noroeste,media_alta,valor_sih_local_pc,Valor das internações realizadas no município por habitante,R$ por habitante,2025,32.561
51008,Noroeste Matogrossense,Centro-Noroeste,media_alta,valor_sih_res_pc,Valor das internações de residentes por habitante,R$ por habitante,2020,33.6973
51008,Noroeste Matogrossense,Centro-Noroeste,media_alta,valor_sih_res_pc,Valor das internações de residentes por habitante,R$ por habitante,2021,65.3452
51008,Noroeste Matogrossense,Centro-Noroeste,media_alta,valor_sih_res_pc,Valor das internações de residentes por habitante,R$ por habitante,2022,53.4295
51008,Noroeste Matogrossense,Centro-Noroeste,media_alta,valor_sih_res_pc,Valor das internações de residentes por habitante,R$ por habitante,2023,56.5394
51008,Noroeste Matogrossense,Centro-Noroeste,media_alta,valor_sih_res_pc,Valor das internações de residentes por habitante,R$ por habitante,2024,64.9867
51008,Noroeste Matogrossense,Centro-Noroeste,media_alta,valor_sih_res_pc,Valor das internações de residentes por habitante,R$ por habitante,2025,76.2514
51008,Noroeste Matogrossense,Centro-Noroeste,resultados,pct_baixo_peso,Nascidos vivos com baixo peso,% dos nascidos vivos,2020,7.829
51008,Noroeste Matogrossense,Centro-Noroeste,resultados,pct_baixo_peso,Nascidos vivos com baixo peso,% dos nascidos vivos,2021,8.5302
51008,Noroeste Matogrossense,Centro-Noroeste,resultados,pct_baixo_peso,Nascidos vivos com baixo peso,% dos nascidos vivos,2022,8.6029
51008,Noroeste Matogrossense,Centro-Noroeste,resultados,pct_baixo_peso,Nascidos vivos com baixo peso,% dos nascidos vivos,2023,6.8684
51008,Noroeste Matogrossense,Centro-Noroeste,resultados,pct_baixo_peso,Nascidos vivos com baixo peso,% dos nascidos vivos,2024,8.5418
51008,Noroeste Matogrossense,Centro-Noroeste,resultados,pct_cesarea,Partos cesáreos,% dos nascidos vivos,2020,74.0059
51008,Noroeste Matogrossense,Centro-Noroeste,resultados,pct_cesarea,Partos cesáreos,% dos nascidos vivos,2021,76.5191
51008,Noroeste Matogrossense,Centro-Noroeste,resultados,pct_cesarea,Partos cesáreos,% dos nascidos vivos,2022,79.0512
51008,Noroeste Matogrossense,Centro-Noroeste,resultados,pct_cesarea,Partos cesáreos,% dos nascidos vivos,2023,79.6998
51008,Noroeste Matogrossense,Centro-Noroeste,resultados,pct_cesarea,Partos cesáreos,% dos nascidos vivos,2024,81.5978
51008,Noroeste Matogrossense,Centro-Noroeste,resultados,pct_mae_adolescente,Nascidos vivos de mães adolescentes,% dos nascidos vivos,2020,19.3062
51008,Noroeste Matogrossense,Centro-Noroeste,resultados,pct_mae_adolescente,Nascidos vivos de mães adolescentes,% dos nascidos vivos,2021,18.8301
51008,Noroeste Matogrossense,Centro-Noroeste,resultados,pct_mae_adolescente,Nascidos vivos de mães adolescentes,% dos nascidos vivos,2022,17.8937
51008,Noroeste Matogrossense,Centro-Noroeste,resultados,pct_mae_adolescente,Nascidos vivos de mães adolescentes,% dos nascidos vivos,2023,17.7017
51008,Noroeste Matogrossense,Centro-Noroeste,resultados,pct_mae_adolescente,Nascidos vivos de mães adolescentes,% dos nascidos vivos,2024,16.1632
51008,Noroeste Matogrossense,Centro-Noroeste,resultados,pct_prenatal_7mais,Nascidos vivos com 7 ou mais consultas de pré-natal,% dos nascidos vivos,2020,74.5471
51008,Noroeste Matogrossense,Centro-Noroeste,resultados,pct_prenatal_7mais,Nascidos vivos com 7 ou mais consultas de pré-natal,% dos nascidos vivos,2021,77.9932
51008,Noroeste Matogrossense,Centro-Noroeste,resultados,pct_prenatal_7mais,Nascidos vivos com 7 ou mais consultas de pré-natal,% dos nascidos vivos,2022,77.0161
51008,Noroeste Matogrossense,Centro-Noroeste,resultados,pct_prenatal_7mais,Nascidos vivos com 7 ou mais consultas de pré-natal,% dos nascidos vivos,2023,82.9969
51008,Noroeste Matogrossense,Centro-Noroeste,resultados,pct_prenatal_7mais,Nascidos vivos com 7 ou mais consultas de pré-natal,% dos nascidos vivos,2024,83.334
51008,Noroeste Matogrossense,Centro-Noroeste,resultados,taxa_mortalidade_geral,Taxa de mortalidade geral,óbitos por mil habitantes,2020,4.7713
51008,Noroeste Matogrossense,Centro-Noroeste,resultados,taxa_mortalidade_geral,Taxa de mortalidade geral,óbitos por mil habitantes,2021,5.9969
51008,Noroeste Matogrossense,Centro-Noroeste,resultados,taxa_mortalidade_geral,Taxa de mortalidade geral,óbitos por mil habitantes,2022,5.3382
51008,Noroeste Matogrossense,Centro-Noroeste,resultados,taxa_mortalidade_geral,Taxa de mortalidade geral,óbitos por mil habitantes,2023,5.1019
51008,Noroeste Matogrossense,Centro-Noroeste,resultados,taxa_mortalidade_geral,Taxa de mortalidade geral,óbitos por mil habitantes,2024,5.4126
51008,Noroeste Matogrossense,Centro-Noroeste,resultados,taxa_mortalidade_infantil,Taxa de mortalidade infantil,óbitos por mil nascidos vivos,2020,11.431
51008,Noroeste Matogrossense,Centro-Noroeste,resultados,taxa_mortalidade_infantil,Taxa de mortalidade infantil,óbitos por mil nascidos vivos,2021,11.6329
51008,Noroeste Matogrossense,Centro-Noroeste,resultados,taxa_mortalidade_infantil,Taxa de mortalidade infantil,óbitos por mil nascidos vivos,2022,15.914
51008,Noroeste Matogrossense,Centro-Noroeste,resultados,taxa_mortalidade_infantil,Taxa de mortalidade infantil,óbitos por mil nascidos vivos,2023,7.926
51008,Noroeste Matogrossense,Centro-Noroeste,resultados,taxa_mortalidade_infantil,Taxa de mortalidade infantil,óbitos por mil nascidos vivos,2024,14.6119
51009,Norte Araguaia Karajá,Leste,atencao_basica,atend_individual_pc,Atendimentos individuais na atenção básica por habitante,atendimentos por hab.,2020,1.2388
51009,Norte Araguaia Karajá,Leste,atencao_basica,atend_individual_pc,Atendimentos individuais na atenção básica por habitante,atendimentos por hab.,2021,1.8578
51009,Norte Araguaia Karajá,Leste,atencao_basica,atend_individual_pc,Atendimentos individuais na atenção básica por habitante,atendimentos por hab.,2022,2.916
51009,Norte Araguaia Karajá,Leste,atencao_basica,atend_individual_pc,Atendimentos individuais na atenção básica por habitante,atendimentos por hab.,2023,3.533
51009,Norte Araguaia Karajá,Leste,atencao_basica,atend_individual_pc,Atendimentos individuais na atenção básica por habitante,atendimentos por hab.,2024,3.8375
51009,Norte Araguaia Karajá,Leste,atencao_basica,atend_individual_pc,Atendimentos individuais na atenção básica por habitante,atendimentos por hab.,2025,4.1644
51009,Norte Araguaia Karajá,Leste,atencao_basica,atend_odonto_pc,Atendimentos odontológicos por habitante,atendimentos por hab.,2020,0.1837
51009,Norte Araguaia Karajá,Leste,atencao_basica,atend_odonto_pc,Atendimentos odontológicos por habitante,atendimentos por hab.,2021,0.2896
51009,Norte Araguaia Karajá,Leste,atencao_basica,atend_odonto_pc,Atendimentos odontológicos por habitante,atendimentos por hab.,2022,0.3815
51009,Norte Araguaia Karajá,Leste,atencao_basica,atend_odonto_pc,Atendimentos odontológicos por habitante,atendimentos por hab.,2023,0.3834
51009,Norte Araguaia Karajá,Leste,atencao_basica,atend_odonto_pc,Atendimentos odontológicos por habitante,atendimentos por hab.,2024,0.3815
51009,Norte Araguaia Karajá,Leste,atencao_basica,atend_odonto_pc,Atendimentos odontológicos por habitante,atendimentos por hab.,2025,0.4507
51009,Norte Araguaia Karajá,Leste,atencao_basica,doses_menor1_por_nv,Doses de vacina em menores de 1 ano por nascido vivo,doses por nascido vivo,2020,16.064
51009,Norte Araguaia Karajá,Leste,atencao_basica,doses_menor1_por_nv,Doses de vacina em menores de 1 ano por nascido vivo,doses por nascido vivo,2021,15.9648
51009,Norte Araguaia Karajá,Leste,atencao_basica,doses_menor1_por_nv,Doses de vacina em menores de 1 ano por nascido vivo,doses por nascido vivo,2022,20.0805
51009,Norte Araguaia Karajá,Leste,atencao_basica,doses_menor1_por_nv,Doses de vacina em menores de 1 ano por nascido vivo,doses por nascido vivo,2023,19.4294
51009,Norte Araguaia Karajá,Leste,atencao_basica,doses_menor1_por_nv,Doses de vacina em menores de 1 ano por nascido vivo,doses por nascido vivo,2024,19.6229
51009,Norte Araguaia Karajá,Leste,atencao_basica,doses_pc,Doses de vacina aplicadas por habitante,doses por hab.,2020,0.5944
51009,Norte Araguaia Karajá,Leste,atencao_basica,doses_pc,Doses de vacina aplicadas por habitante,doses por hab.,2021,0.4726
51009,Norte Araguaia Karajá,Leste,atencao_basica,doses_pc,Doses de vacina aplicadas por habitante,doses por hab.,2022,0.666
51009,Norte Araguaia Karajá,Leste,atencao_basica,doses_pc,Doses de vacina aplicadas por habitante,doses por hab.,2023,0.7758
51009,Norte Araguaia Karajá,Leste,atencao_basica,doses_pc,Doses de vacina aplicadas por habitante,doses por hab.,2024,0.9903
51009,Norte Araguaia Karajá,Leste,atencao_basica,doses_pc,Doses de vacina aplicadas por habitante,doses por hab.,2025,1.1424
51009,Norte Araguaia Karajá,Leste,atencao_basica,procedimentos_ab_pc,Procedimentos na atenção básica por habitante,procedimentos por hab.,2020,2.1993
51009,Norte Araguaia Karajá,Leste,atencao_basica,procedimentos_ab_pc,Procedimentos na atenção básica por habitante,procedimentos por hab.,2021,3.2468
51009,Norte Araguaia Karajá,Leste,atencao_basica,procedimentos_ab_pc,Procedimentos na atenção básica por habitante,procedimentos por hab.,2022,5.1486
51009,Norte Araguaia Karajá,Leste,atencao_basica,procedimentos_ab_pc,Procedimentos na atenção básica por habitante,procedimentos por hab.,2023,6.4402
51009,Norte Araguaia Karajá,Leste,atencao_basica,procedimentos_ab_pc,Procedimentos na atenção básica por habitante,procedimentos por hab.,2024,7.344
51009,Norte Araguaia Karajá,Leste,atencao_basica,procedimentos_ab_pc,Procedimentos na atenção básica por habitante,procedimentos por hab.,2025,7.4279
51009,Norte Araguaia Karajá,Leste,atencao_basica,visitas_pc,Visitas domiciliares por habitante,visitas por hab.,2020,2.9917
51009,Norte Araguaia Karajá,Leste,atencao_basica,visitas_pc,Visitas domiciliares por habitante,visitas por hab.,2021,4.8139
51009,Norte Araguaia Karajá,Leste,atencao_basica,visitas_pc,Visitas domiciliares por habitante,visitas por hab.,2022,6.7359
51009,Norte Araguaia Karajá,Leste,atencao_basica,visitas_pc,Visitas domiciliares por habitante,visitas por hab.,2023,5.8143
51009,Norte Araguaia Karajá,Leste,atencao_basica,visitas_pc,Visitas domiciliares por habitante,visitas por hab.,2024,6.436
51009,Norte Araguaia Karajá,Leste,atencao_basica,visitas_pc,Visitas domiciliares por habitante,visitas por hab.,2025,7.5328
51009,Norte Araguaia Karajá,Leste,capacidade,equip_sus_p10000,Equipamentos SUS em uso por 10 mil habitantes,equipamentos por 10 mil hab.,2020,77.2879
51009,Norte Araguaia Karajá,Leste,capacidade,equip_sus_p10000,Equipamentos SUS em uso por 10 mil habitantes,equipamentos por 10 mil hab.,2021,86.8382
51009,Norte Araguaia Karajá,Leste,capacidade,equip_sus_p10000,Equipamentos SUS em uso por 10 mil habitantes,equipamentos por 10 mil hab.,2022,94.2128
51009,Norte Araguaia Karajá,Leste,capacidade,equip_sus_p10000,Equipamentos SUS em uso por 10 mil habitantes,equipamentos por 10 mil hab.,2023,98.4347
51009,Norte Araguaia Karajá,Leste,capacidade,equip_sus_p10000,Equipamentos SUS em uso por 10 mil habitantes,equipamentos por 10 mil hab.,2024,107.6779
51009,Norte Araguaia Karajá,Leste,capacidade,equip_sus_p10000,Equipamentos SUS em uso por 10 mil habitantes,equipamentos por 10 mil hab.,2025,106.4634
51009,Norte Araguaia Karajá,Leste,capacidade,equipes_esf_p10000,Equipes de Saúde da Família por 10 mil habitantes,equipes por 10 mil hab.,2020,3.5052
51009,Norte Araguaia Karajá,Leste,capacidade,equipes_esf_p10000,Equipes de Saúde da Família por 10 mil habitantes,equipes por 10 mil hab.,2021,3.5244
51009,Norte Araguaia Karajá,Leste,capacidade,equipes_esf_p10000,Equipes de Saúde da Família por 10 mil habitantes,equipes por 10 mil hab.,2022,3.636
51009,Norte Araguaia Karajá,Leste,capacidade,equipes_esf_p10000,Equipes de Saúde da Família por 10 mil habitantes,equipes por 10 mil hab.,2023,3.8178
51009,Norte Araguaia Karajá,Leste,capacidade,equipes_esf_p10000,Equipes de Saúde da Família por 10 mil habitantes,equipes por 10 mil hab.,2024,3.7399
51009,Norte Araguaia Karajá,Leste,capacidade,equipes_esf_p10000,Equipes de Saúde da Família por 10 mil habitantes,equipes por 10 mil hab.,2025,3.687
51009,Norte Araguaia Karajá,Leste,capacidade,fte_acs_p1000,Agentes comunitários de saúde por mil habitantes,FTE por mil hab.,2020,4.7815
51009,Norte Araguaia Karajá,Leste,capacidade,fte_acs_p1000,Agentes comunitários de saúde por mil habitantes,FTE por mil hab.,2021,5.0677
51009,Norte Araguaia Karajá,Leste,capacidade,fte_acs_p1000,Agentes comunitários de saúde por mil habitantes,FTE por mil hab.,2022,5.1929
51009,Norte Araguaia Karajá,Leste,capacidade,fte_acs_p1000,Agentes comunitários de saúde por mil habitantes,FTE por mil hab.,2023,4.9154
51009,Norte Araguaia Karajá,Leste,capacidade,fte_acs_p1000,Agentes comunitários de saúde por mil habitantes,FTE por mil hab.,2024,4.7713
51009,Norte Araguaia Karajá,Leste,capacidade,fte_acs_p1000,Agentes comunitários de saúde por mil habitantes,FTE por mil hab.,2025,4.6855
51009,Norte Araguaia Karajá,Leste,capacidade,fte_dentistas_p1000,Dentistas SUS por mil habitantes,FTE por mil hab.,2020,0.4909
51009,Norte Araguaia Karajá,Leste,capacidade,fte_dentistas_p1000,Dentistas SUS por mil habitantes,FTE por mil hab.,2021,0.5373
51009,Norte Araguaia Karajá,Leste,capacidade,fte_dentistas_p1000,Dentistas SUS por mil habitantes,FTE por mil hab.,2022,0.5047
51009,Norte Araguaia Karajá,Leste,capacidade,fte_dentistas_p1000,Dentistas SUS por mil habitantes,FTE por mil hab.,2023,0.5013
51009,Norte Araguaia Karajá,Leste,capacidade,fte_dentistas_p1000,Dentistas SUS por mil habitantes,FTE por mil hab.,2024,0.5247
51009,Norte Araguaia Karajá,Leste,capacidade,fte_dentistas_p1000,Dentistas SUS por mil habitantes,FTE por mil hab.,2025,0.5387
51009,Norte Araguaia Karajá,Leste,capacidade,fte_enfermeiros_p1000,Enfermeiros SUS por mil habitantes,FTE por mil hab.,2020,1.3279
51009,Norte Araguaia Karajá,Leste,capacidade,fte_enfermeiros_p1000,Enfermeiros SUS por mil habitantes,FTE por mil hab.,2021,1.6518
51009,Norte Araguaia Karajá,Leste,capacidade,fte_enfermeiros_p1000,Enfermeiros SUS por mil habitantes,FTE por mil hab.,2022,1.749
51009,Norte Araguaia Karajá,Leste,capacidade,fte_enfermeiros_p1000,Enfermeiros SUS por mil habitantes,FTE por mil hab.,2023,1.7631
51009,Norte Araguaia Karajá,Leste,capacidade,fte_enfermeiros_p1000,Enfermeiros SUS por mil habitantes,FTE por mil hab.,2024,1.9062
51009,Norte Araguaia Karajá,Leste,capacidade,fte_enfermeiros_p1000,Enfermeiros SUS por mil habitantes,FTE por mil hab.,2025,2.0065
51009,Norte Araguaia Karajá,Leste,capacidade,fte_medicos_p1000,Médicos SUS por mil habitantes,FTE por mil hab.,2020,0.9449
51009,Norte Araguaia Karajá,Leste,capacidade,fte_medicos_p1000,Médicos SUS por mil habitantes,FTE por mil hab.,2021,0.9982
51009,Norte Araguaia Karajá,Leste,capacidade,fte_medicos_p1000,Médicos SUS por mil habitantes,FTE por mil hab.,2022,0.9622
51009,Norte Araguaia Karajá,Leste,capacidade,fte_medicos_p1000,Médicos SUS por mil habitantes,FTE por mil hab.,2023,1.0129
51009,Norte Araguaia Karajá,Leste,capacidade,fte_medicos_p1000,Médicos SUS por mil habitantes,FTE por mil hab.,2024,1.055
51009,Norte Araguaia Karajá,Leste,capacidade,fte_medicos_p1000,Médicos SUS por mil habitantes,FTE por mil hab.,2025,1.1485
51009,Norte Araguaia Karajá,Leste,capacidade,fte_tec_enfermagem_p1000,Técnicos de enfermagem SUS por mil habitantes,FTE por mil hab.,2020,2.937
51009,Norte Araguaia Karajá,Leste,capacidade,fte_tec_enfermagem_p1000,Técnicos de enfermagem SUS por mil habitantes,FTE por mil hab.,2021,3.042
51009,Norte Araguaia Karajá,Leste,capacidade,fte_tec_enfermagem_p1000,Técnicos de enfermagem SUS por mil habitantes,FTE por mil hab.,2022,3.2369
51009,Norte Araguaia Karajá,Leste,capacidade,fte_tec_enfermagem_p1000,Técnicos de enfermagem SUS por mil habitantes,FTE por mil hab.,2023,3.5548
51009,Norte Araguaia Karajá,Leste,capacidade,fte_tec_enfermagem_p1000,Técnicos de enfermagem SUS por mil habitantes,FTE por mil hab.,2024,4.0058
51009,Norte Araguaia Karajá,Leste,capacidade,fte_tec_enfermagem_p1000,Técnicos de enfermagem SUS por mil habitantes,FTE por mil hab.,2025,4.062
51009,Norte Araguaia Karajá,Leste,capacidade,leitos_sus_p1000,Leitos SUS por mil habitantes,leitos por mil hab.,2020,1.6126
51009,Norte Araguaia Karajá,Leste,capacidade,leitos_sus_p1000,Leitos SUS por mil habitantes,leitos por mil hab.,2021,1.5989
51009,Norte Araguaia Karajá,Leste,capacidade,leitos_sus_p1000,Leitos SUS por mil habitantes,leitos por mil hab.,2022,1.2471
51009,Norte Araguaia Karajá,Leste,capacidade,leitos_sus_p1000,Leitos SUS por mil habitantes,leitos por mil hab.,2023,1.2091
51009,Norte Araguaia Karajá,Leste,capacidade,leitos_sus_p1000,Leitos SUS por mil habitantes,leitos por mil hab.,2024,1.1844
51009,Norte Araguaia Karajá,Leste,capacidade,leitos_sus_p1000,Leitos SUS por mil habitantes,leitos por mil hab.,2025,1.1799
51009,Norte Araguaia Karajá,Leste,capacidade,leitos_uti_sus,Leitos de UTI SUS,leitos,2020,0.0
51009,Norte Araguaia Karajá,Leste,capacidade,leitos_uti_sus,Leitos de UTI SUS,leitos,2021,0.0
51009,Norte Araguaia Karajá,Leste,capacidade,leitos_uti_sus,Leitos de UTI SUS,leitos,2022,0.0
51009,Norte Araguaia Karajá,Leste,capacidade,leitos_uti_sus,Leitos de UTI SUS,leitos,2023,0.0
51009,Norte Araguaia Karajá,Leste,capacidade,leitos_uti_sus,Leitos de UTI SUS,leitos,2024,0.0
51009,Norte Araguaia Karajá,Leste,capacidade,leitos_uti_sus,Leitos de UTI SUS,leitos,2025,0.0
51009,Norte Araguaia Karajá,Leste,capacidade,n_equipes_eap,Equipes de atenção primária (eAP),equipes,2020,0.0
51009,Norte Araguaia Karajá,Leste,capacidade,n_equipes_eap,Equipes de atenção primária (eAP),equipes,2021,0.0
51009,Norte Araguaia Karajá,Leste,capacidade,n_equipes_eap,Equipes de atenção primária (eAP),equipes,2022,0.0
51009,Norte Araguaia Karajá,Leste,capacidade,n_equipes_eap,Equipes de atenção primária (eAP),equipes,2023,0.0
51009,Norte Araguaia Karajá,Leste,capacidade,n_equipes_eap,Equipes de atenção primária (eAP),equipes,2024,0.0
51009,Norte Araguaia Karajá,Leste,capacidade,n_equipes_eap,Equipes de atenção primária (eAP),equipes,2025,0.0
51009,Norte Araguaia Karajá,Leste,capacidade,n_equipes_esb,Equipes de saúde bucal,equipes,2020,9.0
51009,Norte Araguaia Karajá,Leste,capacidade,n_equipes_esb,Equipes de saúde bucal,equipes,2021,9.0
51009,Norte Araguaia Karajá,Leste,capacidade,n_equipes_esb,Equipes de saúde bucal,equipes,2022,9.0
51009,Norte Araguaia Karajá,Leste,capacidade,n_equipes_esb,Equipes de saúde bucal,equipes,2023,9.0
51009,Norte Araguaia Karajá,Leste,capacidade,n_equipes_esb,Equipes de saúde bucal,equipes,2024,10.0
51009,Norte Araguaia Karajá,Leste,capacidade,n_equipes_esb,Equipes de saúde bucal,equipes,2025,10.0
51009,Norte Araguaia Karajá,Leste,capacidade,n_estab_sus,Estabelecimentos com atendimento SUS,estabelecimentos,2020,38.0
51009,Norte Araguaia Karajá,Leste,capacidade,n_estab_sus,Estabelecimentos com atendimento SUS,estabelecimentos,2021,43.0
51009,Norte Araguaia Karajá,Leste,capacidade,n_estab_sus,Estabelecimentos com atendimento SUS,estabelecimentos,2022,45.0
51009,Norte Araguaia Karajá,Leste,capacidade,n_estab_sus,Estabelecimentos com atendimento SUS,estabelecimentos,2023,46.0
51009,Norte Araguaia Karajá,Leste,capacidade,n_estab_sus,Estabelecimentos com atendimento SUS,estabelecimentos,2024,47.0
51009,Norte Araguaia Karajá,Leste,capacidade,n_estab_sus,Estabelecimentos com atendimento SUS,estabelecimentos,2025,48.0
51009,Norte Araguaia Karajá,Leste,capacidade,n_hospitais_sus,Hospitais SUS,hospitais,2020,1.0
51009,Norte Araguaia Karajá,Leste,capacidade,n_hospitais_sus,Hospitais SUS,hospitais,2021,1.0
51009,Norte Araguaia Karajá,Leste,capacidade,n_hospitais_sus,Hospitais SUS,hospitais,2022,1.0
51009,Norte Araguaia Karajá,Leste,capacidade,n_hospitais_sus,Hospitais SUS,hospitais,2023,1.0
51009,Norte Araguaia Karajá,Leste,capacidade,n_hospitais_sus,Hospitais SUS,hospitais,2024,1.0
51009,Norte Araguaia Karajá,Leste,capacidade,n_hospitais_sus,Hospitais SUS,hospitais,2025,1.0
51009,Norte Araguaia Karajá,Leste,capacidade,n_ubs,Unidades básicas de saúde,unidades,2020,13.0
51009,Norte Araguaia Karajá,Leste,capacidade,n_ubs,Unidades básicas de saúde,unidades,2021,14.0
51009,Norte Araguaia Karajá,Leste,capacidade,n_ubs,Unidades básicas de saúde,unidades,2022,14.0
51009,Norte Araguaia Karajá,Leste,capacidade,n_ubs,Unidades básicas de saúde,unidades,2023,14.0
51009,Norte Araguaia Karajá,Leste,capacidade,n_ubs,Unidades básicas de saúde,unidades,2024,14.0
51009,Norte Araguaia Karajá,Leste,capacidade,n_ubs,Unidades básicas de saúde,unidades,2025,13.0
51009,Norte Araguaia Karajá,Leste,capacidade,n_upa,Unidades de pronto atendimento,unidades,2020,0.0
51009,Norte Araguaia Karajá,Leste,capacidade,n_upa,Unidades de pronto atendimento,unidades,2021,0.0
51009,Norte Araguaia Karajá,Leste,capacidade,n_upa,Unidades de pronto atendimento,unidades,2022,0.0
51009,Norte Araguaia Karajá,Leste,capacidade,n_upa,Unidades de pronto atendimento,unidades,2023,0.0
51009,Norte Araguaia Karajá,Leste,capacidade,n_upa,Unidades de pronto atendimento,unidades,2024,0.0
51009,Norte Araguaia Karajá,Leste,capacidade,n_upa,Unidades de pronto atendimento,unidades,2025,0.0
51009,Norte Araguaia Karajá,Leste,contexto,populacao,População,habitantes,2020,25220.0
51009,Norte Araguaia Karajá,Leste,contexto,populacao,População,habitantes,2021,25536.0
51009,Norte Araguaia Karajá,Leste,contexto,populacao,População,habitantes,2022,25660.0
51009,Norte Araguaia Karajá,Leste,contexto,populacao,População,habitantes,2023,26193.0
51009,Norte Araguaia Karajá,Leste,contexto,populacao,População,habitantes,2024,26739.0
51009,Norte Araguaia Karajá,Leste,contexto,populacao,População,habitantes,2025,27122.0
51009,Norte Araguaia Karajá,Leste,deslocamento,km_medio_internacao,Distância média até a internação,km,2020,89.2324
51009,Norte Araguaia Karajá,Leste,deslocamento,km_medio_internacao,Distância média até a internação,km,2021,109.6814
51009,Norte Araguaia Karajá,Leste,deslocamento,km_medio_internacao,Distância média até a internação,km,2022,121.6702
51009,Norte Araguaia Karajá,Leste,deslocamento,km_medio_internacao,Distância média até a internação,km,2023,111.0499
51009,Norte Araguaia Karajá,Leste,deslocamento,km_medio_internacao,Distância média até a internação,km,2024,117.8987
51009,Norte Araguaia Karajá,Leste,deslocamento,km_medio_internacao,Distância média até a internação,km,2025,108.9416
51009,Norte Araguaia Karajá,Leste,deslocamento,pct_internacoes_fora_mun,Internações fora do município de residência,% das internações de residentes,2020,43.7733
51009,Norte Araguaia Karajá,Leste,deslocamento,pct_internacoes_fora_mun,Internações fora do município de residência,% das internações de residentes,2021,52.549
51009,Norte Araguaia Karajá,Leste,deslocamento,pct_internacoes_fora_mun,Internações fora do município de residência,% das internações de residentes,2022,52.9107
51009,Norte Araguaia Karajá,Leste,deslocamento,pct_internacoes_fora_mun,Internações fora do município de residência,% das internações de residentes,2023,51.4697
51009,Norte Araguaia Karajá,Leste,deslocamento,pct_internacoes_fora_mun,Internações fora do município de residência,% das internações de residentes,2024,52.8934
51009,Norte Araguaia Karajá,Leste,deslocamento,pct_internacoes_fora_mun,Internações fora do município de residência,% das internações de residentes,2025,49.6117
51009,Norte Araguaia Karajá,Leste,deslocamento,pct_internacoes_fora_regiao,Internações fora da região de saúde,% das internações de residentes,2020,20.2834
51009,Norte Araguaia Karajá,Leste,deslocamento,pct_internacoes_fora_regiao,Internações fora da região de saúde,% das internações de residentes,2021,26.4706
51009,Norte Araguaia Karajá,Leste,deslocamento,pct_internacoes_fora_regiao,Internações fora da região de saúde,% das internações de residentes,2022,27.6197
51009,Norte Araguaia Karajá,Leste,deslocamento,pct_internacoes_fora_regiao,Internações fora da região de saúde,% das internações de residentes,2023,24.2352
51009,Norte Araguaia Karajá,Leste,deslocamento,pct_internacoes_fora_regiao,Internações fora da região de saúde,% das internações de residentes,2024,26.3452
51009,Norte Araguaia Karajá,Leste,deslocamento,pct_internacoes_fora_regiao,Internações fora da região de saúde,% das internações de residentes,2025,24.7573
51009,Norte Araguaia Karajá,Leste,financiamento,desp_ab_pc,Despesa em atenção básica por habitante,R$ por habitante,2020,954.9365
51009,Norte Araguaia Karajá,Leste,financiamento,desp_ab_pc,Despesa em atenção básica por habitante,R$ por habitante,2021,1223.1535
51009,Norte Araguaia Karajá,Leste,financiamento,desp_ab_pc,Despesa em atenção básica por habitante,R$ por habitante,2022,1312.5277
51009,Norte Araguaia Karajá,Leste,financiamento,desp_ab_pc,Despesa em atenção básica por habitante,R$ por habitante,2023,1455.2442
51009,Norte Araguaia Karajá,Leste,financiamento,desp_ab_pc,Despesa em atenção básica por habitante,R$ por habitante,2024,1647.1972
51009,Norte Araguaia Karajá,Leste,financiamento,desp_ab_pc,Despesa em atenção básica por habitante,R$ por habitante,2025,1951.4481
51009,Norte Araguaia Karajá,Leste,financiamento,desp_mac_pc,Despesa em média e alta complexidade por habitante,R$ por habitante,2020,101.7262
51009,Norte Araguaia Karajá,Leste,financiamento,desp_mac_pc,Despesa em média e alta complexidade por habitante,R$ por habitante,2021,84.5744
51009,Norte Araguaia Karajá,Leste,financiamento,desp_mac_pc,Despesa em média e alta complexidade por habitante,R$ por habitante,2022,166.6772
51009,Norte Araguaia Karajá,Leste,financiamento,desp_mac_pc,Despesa em média e alta complexidade por habitante,R$ por habitante,2023,206.1132
51009,Norte Araguaia Karajá,Leste,financiamento,desp_mac_pc,Despesa em média e alta complexidade por habitante,R$ por habitante,2024,275.2709
51009,Norte Araguaia Karajá,Leste,financiamento,desp_mac_pc,Despesa em média e alta complexidade por habitante,R$ por habitante,2025,235.7316
51009,Norte Araguaia Karajá,Leste,financiamento,desp_total_pc,Despesa em saúde por habitante,R$ por habitante,2020,1475.0823
51009,Norte Araguaia Karajá,Leste,financiamento,desp_total_pc,Despesa em saúde por habitante,R$ por habitante,2021,1672.1535
51009,Norte Araguaia Karajá,Leste,financiamento,desp_total_pc,Despesa em saúde por habitante,R$ por habitante,2022,1969.8364
51009,Norte Araguaia Karajá,Leste,financiamento,desp_total_pc,Despesa em saúde por habitante,R$ por habitante,2023,2167.5291
51009,Norte Araguaia Karajá,Leste,financiamento,desp_total_pc,Despesa em saúde por habitante,R$ por habitante,2024,2464.0827
51009,Norte Araguaia Karajá,Leste,financiamento,desp_total_pc,Despesa em saúde por habitante,R$ por habitante,2025,2569.0536
51009,Norte Araguaia Karajá,Leste,financiamento,pct_capital,Despesa de capital,% da despesa total,2020,3.2941
51009,Norte Araguaia Karajá,Leste,financiamento,pct_capital,Despesa de capital,% da despesa total,2021,4.4919
51009,Norte Araguaia Karajá,Leste,financiamento,pct_capital,Despesa de capital,% da despesa total,2022,4.2611
51009,Norte Araguaia Karajá,Leste,financiamento,pct_capital,Despesa de capital,% da despesa total,2023,4.0644
51009,Norte Araguaia Karajá,Leste,financiamento,pct_capital,Despesa de capital,% da despesa total,2024,6.4034
51009,Norte Araguaia Karajá,Leste,financiamento,pct_capital,Despesa de capital,% da despesa total,2025,6.4728
51009,Norte Araguaia Karajá,Leste,financiamento,pct_recursos_proprios,Despesa com recursos próprios,% da despesa total,2020,57.6409
51009,Norte Araguaia Karajá,Leste,financiamento,pct_recursos_proprios,Despesa com recursos próprios,% da despesa total,2021,83.9045
51009,Norte Araguaia Karajá,Leste,financiamento,pct_recursos_proprios,Despesa com recursos próprios,% da despesa total,2022,64.686
51009,Norte Araguaia Karajá,Leste,financiamento,pct_recursos_proprios,Despesa com recursos próprios,% da despesa total,2023,62.9198
51009,Norte Araguaia Karajá,Leste,financiamento,pct_recursos_proprios,Despesa com recursos próprios,% da despesa total,2024,63.1231
51009,Norte Araguaia Karajá,Leste,financiamento,pct_recursos_proprios,Despesa com recursos próprios,% da despesa total,2025,71.4451
51009,Norte Araguaia Karajá,Leste,media_alta,diarias_uti_p1000,Diárias de UTI por mil habitantes,diárias por mil hab.,2020,0.0
51009,Norte Araguaia Karajá,Leste,media_alta,diarias_uti_p1000,Diárias de UTI por mil habitantes,diárias por mil hab.,2021,0.0
51009,Norte Araguaia Karajá,Leste,media_alta,diarias_uti_p1000,Diárias de UTI por mil habitantes,diárias por mil hab.,2022,0.0
51009,Norte Araguaia Karajá,Leste,media_alta,diarias_uti_p1000,Diárias de UTI por mil habitantes,diárias por mil hab.,2023,0.0
51009,Norte Araguaia Karajá,Leste,media_alta,diarias_uti_p1000,Diárias de UTI por mil habitantes,diárias por mil hab.,2024,0.0
51009,Norte Araguaia Karajá,Leste,media_alta,diarias_uti_p1000,Diárias de UTI por mil habitantes,diárias por mil hab.,2025,0.0
51009,Norte Araguaia Karajá,Leste,media_alta,internacoes_local_p1000,Internações realizadas no município por mil habitantes,internações por mil hab.,2020,52.4187
51009,Norte Araguaia Karajá,Leste,media_alta,internacoes_local_p1000,Internações realizadas no município por mil habitantes,internações por mil hab.,2021,53.219
51009,Norte Araguaia Karajá,Leste,media_alta,internacoes_local_p1000,Internações realizadas no município por mil habitantes,internações por mil hab.,2022,53.6633
51009,Norte Araguaia Karajá,Leste,media_alta,internacoes_local_p1000,Internações realizadas no município por mil habitantes,internações por mil hab.,2023,59.9779
51009,Norte Araguaia Karajá,Leste,media_alta,internacoes_local_p1000,Internações realizadas no município por mil habitantes,internações por mil hab.,2024,67.7662
51009,Norte Araguaia Karajá,Leste,media_alta,internacoes_local_p1000,Internações realizadas no município por mil habitantes,internações por mil hab.,2025,70.2751
51009,Norte Araguaia Karajá,Leste,media_alta,internacoes_res_p1000,Internações de residentes por mil habitantes,internações por mil hab.,2020,53.1721
51009,Norte Araguaia Karajá,Leste,media_alta,internacoes_res_p1000,Internações de residentes por mil habitantes,internações por mil hab.,2021,59.9154
51009,Norte Araguaia Karajá,Leste,media_alta,internacoes_res_p1000,Internações de residentes por mil habitantes,internações por mil hab.,2022,60.2494
51009,Norte Araguaia Karajá,Leste,media_alta,internacoes_res_p1000,Internações de residentes por mil habitantes,internações por mil hab.,2023,63.643
51009,Norte Araguaia Karajá,Leste,media_alta,internacoes_res_p1000,Internações de residentes por mil habitantes,internações por mil hab.,2024,73.6752
51009,Norte Araguaia Karajá,Leste,media_alta,internacoes_res_p1000,Internações de residentes por mil habitantes,internações por mil hab.,2025,75.9531
51009,Norte Araguaia Karajá,Leste,media_alta,mortalidade_hosp_pct,Mortalidade hospitalar,% das internações locais,2020,1.6641
51009,Norte Araguaia Karajá,Leste,media_alta,mortalidade_hosp_pct,Mortalidade hospitalar,% das internações locais,2021,1.9868
51009,Norte Araguaia Karajá,Leste,media_alta,mortalidade_hosp_pct,Mortalidade hospitalar,% das internações locais,2022,2.9049
51009,Norte Araguaia Karajá,Leste,media_alta,mortalidade_hosp_pct,Mortalidade hospitalar,% das internações locais,2023,2.2915
51009,Norte Araguaia Karajá,Leste,media_alta,mortalidade_hosp_pct,Mortalidade hospitalar,% das internações locais,2024,1.8212
51009,Norte Araguaia Karajá,Leste,media_alta,mortalidade_hosp_pct,Mortalidade hospitalar,% das internações locais,2025,2.5708
51009,Norte Araguaia Karajá,Leste,media_alta,pct_urgencia,Internações de urgência,% das internações locais,2020,91.0741
51009,Norte Araguaia Karajá,Leste,media_alta,pct_urgencia,Internações de urgência,% das internações locais,2021,92.8624
51009,Norte Araguaia Karajá,Leste,media_alta,pct_urgencia,Internações de urgência,% das internações locais,2022,78.5766
51009,Norte Araguaia Karajá,Leste,media_alta,pct_urgencia,Internações de urgência,% das internações locais,2023,81.7314
51009,Norte Araguaia Karajá,Leste,media_alta,pct_urgencia,Internações de urgência,% das internações locais,2024,80.7395
51009,Norte Araguaia Karajá,Leste,media_alta,pct_urgencia,Internações de urgência,% das internações locais,2025,77.1249
51009,Norte Araguaia Karajá,Leste,media_alta,permanencia_media,Permanência média das internações,dias,2020,2.1982
51009,Norte Araguaia Karajá,Leste,media_alta,permanencia_media,Permanência média das internações,dias,2021,2.4643
51009,Norte Araguaia Karajá,Leste,media_alta,permanencia_media,Permanência média das internações,dias,2022,2.4401
51009,Norte Araguaia Karajá,Leste,media_alta,permanencia_media,Permanência média das internações,dias,2023,2.6932
51009,Norte Araguaia Karajá,Leste,media_alta,permanencia_media,Permanência média das internações,dias,2024,2.75
51009,Norte Araguaia Karajá,Leste,media_alta,permanencia_media,Permanência média das internações,dias,2025,3.0142
51009,Norte Araguaia Karajá,Leste,media_alta,qtd_ac_local_pc,Procedimentos de alta complexidade por habitante,procedimentos por hab.,2020,0.0
51009,Norte Araguaia Karajá,Leste,media_alta,qtd_ac_local_pc,Procedimentos de alta complexidade por habitante,procedimentos por hab.,2021,0.0
51009,Norte Araguaia Karajá,Leste,media_alta,qtd_ac_local_pc,Procedimentos de alta complexidade por habitante,procedimentos por hab.,2022,0.0
51009,Norte Araguaia Karajá,Leste,media_alta,qtd_ac_local_pc,Procedimentos de alta complexidade por habitante,procedimentos por hab.,2023,0.0
51009,Norte Araguaia Karajá,Leste,media_alta,qtd_ac_local_pc,Procedimentos de alta complexidade por habitante,procedimentos por hab.,2024,0.0
51009,Norte Araguaia Karajá,Leste,media_alta,qtd_ac_local_pc,Procedimentos de alta complexidade por habitante,procedimentos por hab.,2025,0.0038
51009,Norte Araguaia Karajá,Leste,media_alta,qtd_mc_local_pc,Procedimentos de média complexidade por habitante,procedimentos por hab.,2020,2.6424
51009,Norte Araguaia Karajá,Leste,media_alta,qtd_mc_local_pc,Procedimentos de média complexidade por habitante,procedimentos por hab.,2021,2.9427
51009,Norte Araguaia Karajá,Leste,media_alta,qtd_mc_local_pc,Procedimentos de média complexidade por habitante,procedimentos por hab.,2022,4.961
51009,Norte Araguaia Karajá,Leste,media_alta,qtd_mc_local_pc,Procedimentos de média complexidade por habitante,procedimentos por hab.,2023,5.3762
51009,Norte Araguaia Karajá,Leste,media_alta,qtd_mc_local_pc,Procedimentos de média complexidade por habitante,procedimentos por hab.,2024,5.0135
51009,Norte Araguaia Karajá,Leste,media_alta,qtd_mc_local_pc,Procedimentos de média complexidade por habitante,procedimentos por hab.,2025,6.299
51009,Norte Araguaia Karajá,Leste,media_alta,valor_sih_local_pc,Valor das internações realizadas no município por habitante,R$ por habitante,2020,22.8172
51009,Norte Araguaia Karajá,Leste,media_alta,valor_sih_local_pc,Valor das internações realizadas no município por habitante,R$ por habitante,2021,30.4724
51009,Norte Araguaia Karajá,Leste,media_alta,valor_sih_local_pc,Valor das internações realizadas no município por habitante,R$ por habitante,2022,25.4956
51009,Norte Araguaia Karajá,Leste,media_alta,valor_sih_local_pc,Valor das internações realizadas no município por habitante,R$ por habitante,2023,28.1405
51009,Norte Araguaia Karajá,Leste,media_alta,valor_sih_local_pc,Valor das internações realizadas no município por habitante,R$ por habitante,2024,30.4086
51009,Norte Araguaia Karajá,Leste,media_alta,valor_sih_local_pc,Valor das internações realizadas no município por habitante,R$ por habitante,2025,31.4298
51009,Norte Araguaia Karajá,Leste,media_alta,valor_sih_res_pc,Valor das internações de residentes por habitante,R$ por habitante,2020,35.7086
51009,Norte Araguaia Karajá,Leste,media_alta,valor_sih_res_pc,Valor das internações de residentes por habitante,R$ por habitante,2021,82.1694
51009,Norte Araguaia Karajá,Leste,media_alta,valor_sih_res_pc,Valor das internações de residentes por habitante,R$ por habitante,2022,41.1938
51009,Norte Araguaia Karajá,Leste,media_alta,valor_sih_res_pc,Valor das internações de residentes por habitante,R$ por habitante,2023,45.0302
51009,Norte Araguaia Karajá,Leste,media_alta,valor_sih_res_pc,Valor das internações de residentes por habitante,R$ por habitante,2024,54.6737
51009,Norte Araguaia Karajá,Leste,media_alta,valor_sih_res_pc,Valor das internações de residentes por habitante,R$ por habitante,2025,64.9085
51009,Norte Araguaia Karajá,Leste,resultados,pct_baixo_peso,Nascidos vivos com baixo peso,% dos nascidos vivos,2020,5.1851
51009,Norte Araguaia Karajá,Leste,resultados,pct_baixo_peso,Nascidos vivos com baixo peso,% dos nascidos vivos,2021,7.625
51009,Norte Araguaia Karajá,Leste,resultados,pct_baixo_peso,Nascidos vivos com baixo peso,% dos nascidos vivos,2022,7.4321
51009,Norte Araguaia Karajá,Leste,resultados,pct_baixo_peso,Nascidos vivos com baixo peso,% dos nascidos vivos,2023,4.5058
51009,Norte Araguaia Karajá,Leste,resultados,pct_baixo_peso,Nascidos vivos com baixo peso,% dos nascidos vivos,2024,7.4097
51009,Norte Araguaia Karajá,Leste,resultados,pct_cesarea,Partos cesáreos,% dos nascidos vivos,2020,62.1966
51009,Norte Araguaia Karajá,Leste,resultados,pct_cesarea,Partos cesáreos,% dos nascidos vivos,2021,55.1117
51009,Norte Araguaia Karajá,Leste,resultados,pct_cesarea,Partos cesáreos,% dos nascidos vivos,2022,60.0626
51009,Norte Araguaia Karajá,Leste,resultados,pct_cesarea,Partos cesáreos,% dos nascidos vivos,2023,62.3655
51009,Norte Araguaia Karajá,Leste,resultados,pct_cesarea,Partos cesáreos,% dos nascidos vivos,2024,60.9426
51009,Norte Araguaia Karajá,Leste,resultados,pct_mae_adolescente,Nascidos vivos de mães adolescentes,% dos nascidos vivos,2020,24.3908
51009,Norte Araguaia Karajá,Leste,resultados,pct_mae_adolescente,Nascidos vivos de mães adolescentes,% dos nascidos vivos,2021,31.0835
51009,Norte Araguaia Karajá,Leste,resultados,pct_mae_adolescente,Nascidos vivos de mães adolescentes,% dos nascidos vivos,2022,21.0551
51009,Norte Araguaia Karajá,Leste,resultados,pct_mae_adolescente,Nascidos vivos de mães adolescentes,% dos nascidos vivos,2023,21.3212
51009,Norte Araguaia Karajá,Leste,resultados,pct_mae_adolescente,Nascidos vivos de mães adolescentes,% dos nascidos vivos,2024,21.5464
51009,Norte Araguaia Karajá,Leste,resultados,pct_prenatal_7mais,Nascidos vivos com 7 ou mais consultas de pré-natal,% dos nascidos vivos,2020,66.1593
51009,Norte Araguaia Karajá,Leste,resultados,pct_prenatal_7mais,Nascidos vivos com 7 ou mais consultas de pré-natal,% dos nascidos vivos,2021,63.3398
51009,Norte Araguaia Karajá,Leste,resultados,pct_prenatal_7mais,Nascidos vivos com 7 ou mais consultas de pré-natal,% dos nascidos vivos,2022,72.1362
51009,Norte Araguaia Karajá,Leste,resultados,pct_prenatal_7mais,Nascidos vivos com 7 ou mais consultas de pré-natal,% dos nascidos vivos,2023,69.5416
51009,Norte Araguaia Karajá,Leste,resultados,pct_prenatal_7mais,Nascidos vivos com 7 ou mais consultas de pré-natal,% dos nascidos vivos,2024,71.3805
51009,Norte Araguaia Karajá,Leste,resultados,taxa_mortalidade_geral,Taxa de mortalidade geral,óbitos por mil habitantes,2020,4.4013
51009,Norte Araguaia Karajá,Leste,resultados,taxa_mortalidade_geral,Taxa de mortalidade geral,óbitos por mil habitantes,2021,6.2265
51009,Norte Araguaia Karajá,Leste,resultados,taxa_mortalidade_geral,Taxa de mortalidade geral,óbitos por mil habitantes,2022,5.1442
51009,Norte Araguaia Karajá,Leste,resultados,taxa_mortalidade_geral,Taxa de mortalidade geral,óbitos por mil habitantes,2023,4.3905
51009,Norte Araguaia Karajá,Leste,resultados,taxa_mortalidade_geral,Taxa de mortalidade geral,óbitos por mil habitantes,2024,5.2732
51009,Norte Araguaia Karajá,Leste,resultados,taxa_mortalidade_infantil,Taxa de mortalidade infantil,óbitos por mil nascidos vivos,2020,21.3415
51009,Norte Araguaia Karajá,Leste,resultados,taxa_mortalidade_infantil,Taxa de mortalidade infantil,óbitos por mil nascidos vivos,2021,26.393
51009,Norte Araguaia Karajá,Leste,resultados,taxa_mortalidade_infantil,Taxa de mortalidade infantil,óbitos por mil nascidos vivos,2022,18.5759
51009,Norte Araguaia Karajá,Leste,resultados,taxa_mortalidade_infantil,Taxa de mortalidade infantil,óbitos por mil nascidos vivos,2023,6.006
51009,Norte Araguaia Karajá,Leste,resultados,taxa_mortalidade_infantil,Taxa de mortalidade infantil,óbitos por mil nascidos vivos,2024,23.569
51010,Norte Matogrossense,Norte,atencao_basica,atend_individual_pc,Atendimentos individuais na atenção básica por habitante,atendimentos por hab.,2020,1.8255
51010,Norte Matogrossense,Norte,atencao_basica,atend_individual_pc,Atendimentos individuais na atenção básica por habitante,atendimentos por hab.,2021,1.9289
51010,Norte Matogrossense,Norte,atencao_basica,atend_individual_pc,Atendimentos individuais na atenção básica por habitante,atendimentos por hab.,2022,2.6356
51010,Norte Matogrossense,Norte,atencao_basica,atend_individual_pc,Atendimentos individuais na atenção básica por habitante,atendimentos por hab.,2023,2.8837
51010,Norte Matogrossense,Norte,atencao_basica,atend_individual_pc,Atendimentos individuais na atenção básica por habitante,atendimentos por hab.,2024,3.0481
51010,Norte Matogrossense,Norte,atencao_basica,atend_individual_pc,Atendimentos individuais na atenção básica por habitante,atendimentos por hab.,2025,3.1119
51010,Norte Matogrossense,Norte,atencao_basica,atend_odonto_pc,Atendimentos odontológicos por habitante,atendimentos por hab.,2020,0.1131
51010,Norte Matogrossense,Norte,atencao_basica,atend_odonto_pc,Atendimentos odontológicos por habitante,atendimentos por hab.,2021,0.1906
51010,Norte Matogrossense,Norte,atencao_basica,atend_odonto_pc,Atendimentos odontológicos por habitante,atendimentos por hab.,2022,0.3126
51010,Norte Matogrossense,Norte,atencao_basica,atend_odonto_pc,Atendimentos odontológicos por habitante,atendimentos por hab.,2023,0.3665
51010,Norte Matogrossense,Norte,atencao_basica,atend_odonto_pc,Atendimentos odontológicos por habitante,atendimentos por hab.,2024,0.3621
51010,Norte Matogrossense,Norte,atencao_basica,atend_odonto_pc,Atendimentos odontológicos por habitante,atendimentos por hab.,2025,0.392
51010,Norte Matogrossense,Norte,atencao_basica,doses_menor1_por_nv,Doses de vacina em menores de 1 ano por nascido vivo,doses por nascido vivo,2020,14.3553
51010,Norte Matogrossense,Norte,atencao_basica,doses_menor1_por_nv,Doses de vacina em menores de 1 ano por nascido vivo,doses por nascido vivo,2021,14.2098
51010,Norte Matogrossense,Norte,atencao_basica,doses_menor1_por_nv,Doses de vacina em menores de 1 ano por nascido vivo,doses por nascido vivo,2022,15.7598
51010,Norte Matogrossense,Norte,atencao_basica,doses_menor1_por_nv,Doses de vacina em menores de 1 ano por nascido vivo,doses por nascido vivo,2023,16.4874
51010,Norte Matogrossense,Norte,atencao_basica,doses_menor1_por_nv,Doses de vacina em menores de 1 ano por nascido vivo,doses por nascido vivo,2024,17.0076
51010,Norte Matogrossense,Norte,atencao_basica,doses_pc,Doses de vacina aplicadas por habitante,doses por hab.,2020,0.6993
51010,Norte Matogrossense,Norte,atencao_basica,doses_pc,Doses de vacina aplicadas por habitante,doses por hab.,2021,0.55
51010,Norte Matogrossense,Norte,atencao_basica,doses_pc,Doses de vacina aplicadas por habitante,doses por hab.,2022,0.7568
51010,Norte Matogrossense,Norte,atencao_basica,doses_pc,Doses de vacina aplicadas por habitante,doses por hab.,2023,0.7738
51010,Norte Matogrossense,Norte,atencao_basica,doses_pc,Doses de vacina aplicadas por habitante,doses por hab.,2024,1.0337
51010,Norte Matogrossense,Norte,atencao_basica,doses_pc,Doses de vacina aplicadas por habitante,doses por hab.,2025,0.9986
51010,Norte Matogrossense,Norte,atencao_basica,procedimentos_ab_pc,Procedimentos na atenção básica por habitante,procedimentos por hab.,2020,2.6551
51010,Norte Matogrossense,Norte,atencao_basica,procedimentos_ab_pc,Procedimentos na atenção básica por habitante,procedimentos por hab.,2021,2.9768
51010,Norte Matogrossense,Norte,atencao_basica,procedimentos_ab_pc,Procedimentos na atenção básica por habitante,procedimentos por hab.,2022,3.9805
51010,Norte Matogrossense,Norte,atencao_basica,procedimentos_ab_pc,Procedimentos na atenção básica por habitante,procedimentos por hab.,2023,4.6559
51010,Norte Matogrossense,Norte,atencao_basica,procedimentos_ab_pc,Procedimentos na atenção básica por habitante,procedimentos por hab.,2024,4.9498
51010,Norte Matogrossense,Norte,atencao_basica,procedimentos_ab_pc,Procedimentos na atenção básica por habitante,procedimentos por hab.,2025,5.2705
51010,Norte Matogrossense,Norte,atencao_basica,visitas_pc,Visitas domiciliares por habitante,visitas por hab.,2020,2.8541
51010,Norte Matogrossense,Norte,atencao_basica,visitas_pc,Visitas domiciliares por habitante,visitas por hab.,2021,3.165
51010,Norte Matogrossense,Norte,atencao_basica,visitas_pc,Visitas domiciliares por habitante,visitas por hab.,2022,4.0455
51010,Norte Matogrossense,Norte,atencao_basica,visitas_pc,Visitas domiciliares por habitante,visitas por hab.,2023,4.9506
51010,Norte Matogrossense,Norte,atencao_basica,visitas_pc,Visitas domiciliares por habitante,visitas por hab.,2024,6.005
51010,Norte Matogrossense,Norte,atencao_basica,visitas_pc,Visitas domiciliares por habitante,visitas por hab.,2025,5.3854
51010,Norte Matogrossense,Norte,capacidade,equip_sus_p10000,Equipamentos SUS em uso por 10 mil habitantes,equipamentos por 10 mil hab.,2020,51.1152
51010,Norte Matogrossense,Norte,capacidade,equip_sus_p10000,Equipamentos SUS em uso por 10 mil habitantes,equipamentos por 10 mil hab.,2021,54.8645
51010,Norte Matogrossense,Norte,capacidade,equip_sus_p10000,Equipamentos SUS em uso por 10 mil habitantes,equipamentos por 10 mil hab.,2022,75.7194
51010,Norte Matogrossense,Norte,capacidade,equip_sus_p10000,Equipamentos SUS em uso por 10 mil habitantes,equipamentos por 10 mil hab.,2023,80.3065
51010,Norte Matogrossense,Norte,capacidade,equip_sus_p10000,Equipamentos SUS em uso por 10 mil habitantes,equipamentos por 10 mil hab.,2024,116.1967
51010,Norte Matogrossense,Norte,capacidade,equip_sus_p10000,Equipamentos SUS em uso por 10 mil habitantes,equipamentos por 10 mil hab.,2025,131.4273
51010,Norte Matogrossense,Norte,capacidade,equipes_esf_p10000,Equipes de Saúde da Família por 10 mil habitantes,equipes por 10 mil hab.,2020,3.0093
51010,Norte Matogrossense,Norte,capacidade,equipes_esf_p10000,Equipes de Saúde da Família por 10 mil habitantes,equipes por 10 mil hab.,2021,3.0608
51010,Norte Matogrossense,Norte,capacidade,equipes_esf_p10000,Equipes de Saúde da Família por 10 mil habitantes,equipes por 10 mil hab.,2022,3.0737
51010,Norte Matogrossense,Norte,capacidade,equipes_esf_p10000,Equipes de Saúde da Família por 10 mil habitantes,equipes por 10 mil hab.,2023,3.1595
51010,Norte Matogrossense,Norte,capacidade,equipes_esf_p10000,Equipes de Saúde da Família por 10 mil habitantes,equipes por 10 mil hab.,2024,3.2076
51010,Norte Matogrossense,Norte,capacidade,equipes_esf_p10000,Equipes de Saúde da Família por 10 mil habitantes,equipes por 10 mil hab.,2025,3.1949
51010,Norte Matogrossense,Norte,capacidade,fte_acs_p1000,Agentes comunitários de saúde por mil habitantes,FTE por mil hab.,2020,3.408
51010,Norte Matogrossense,Norte,capacidade,fte_acs_p1000,Agentes comunitários de saúde por mil habitantes,FTE por mil hab.,2021,3.5261
51010,Norte Matogrossense,Norte,capacidade,fte_acs_p1000,Agentes comunitários de saúde por mil habitantes,FTE por mil hab.,2022,3.5513
51010,Norte Matogrossense,Norte,capacidade,fte_acs_p1000,Agentes comunitários de saúde por mil habitantes,FTE por mil hab.,2023,3.4954
51010,Norte Matogrossense,Norte,capacidade,fte_acs_p1000,Agentes comunitários de saúde por mil habitantes,FTE por mil hab.,2024,3.5777
51010,Norte Matogrossense,Norte,capacidade,fte_acs_p1000,Agentes comunitários de saúde por mil habitantes,FTE por mil hab.,2025,3.3085
51010,Norte Matogrossense,Norte,capacidade,fte_dentistas_p1000,Dentistas SUS por mil habitantes,FTE por mil hab.,2020,0.3094
51010,Norte Matogrossense,Norte,capacidade,fte_dentistas_p1000,Dentistas SUS por mil habitantes,FTE por mil hab.,2021,0.3
51010,Norte Matogrossense,Norte,capacidade,fte_dentistas_p1000,Dentistas SUS por mil habitantes,FTE por mil hab.,2022,0.3604
51010,Norte Matogrossense,Norte,capacidade,fte_dentistas_p1000,Dentistas SUS por mil habitantes,FTE por mil hab.,2023,0.4143
51010,Norte Matogrossense,Norte,capacidade,fte_dentistas_p1000,Dentistas SUS por mil habitantes,FTE por mil hab.,2024,0.4212
51010,Norte Matogrossense,Norte,capacidade,fte_dentistas_p1000,Dentistas SUS por mil habitantes,FTE por mil hab.,2025,0.4381
51010,Norte Matogrossense,Norte,capacidade,fte_enfermeiros_p1000,Enfermeiros SUS por mil habitantes,FTE por mil hab.,2020,1.5063
51010,Norte Matogrossense,Norte,capacidade,fte_enfermeiros_p1000,Enfermeiros SUS por mil habitantes,FTE por mil hab.,2021,1.6807
51010,Norte Matogrossense,Norte,capacidade,fte_enfermeiros_p1000,Enfermeiros SUS por mil habitantes,FTE por mil hab.,2022,1.6977
51010,Norte Matogrossense,Norte,capacidade,fte_enfermeiros_p1000,Enfermeiros SUS por mil habitantes,FTE por mil hab.,2023,1.9088
51010,Norte Matogrossense,Norte,capacidade,fte_enfermeiros_p1000,Enfermeiros SUS por mil habitantes,FTE por mil hab.,2024,1.8487
51010,Norte Matogrossense,Norte,capacidade,fte_enfermeiros_p1000,Enfermeiros SUS por mil habitantes,FTE por mil hab.,2025,1.9668
51010,Norte Matogrossense,Norte,capacidade,fte_medicos_p1000,Médicos SUS por mil habitantes,FTE por mil hab.,2020,1.3811
51010,Norte Matogrossense,Norte,capacidade,fte_medicos_p1000,Médicos SUS por mil habitantes,FTE por mil hab.,2021,1.5139
51010,Norte Matogrossense,Norte,capacidade,fte_medicos_p1000,Médicos SUS por mil habitantes,FTE por mil hab.,2022,1.622
51010,Norte Matogrossense,Norte,capacidade,fte_medicos_p1000,Médicos SUS por mil habitantes,FTE por mil hab.,2023,2.0703
51010,Norte Matogrossense,Norte,capacidade,fte_medicos_p1000,Médicos SUS por mil habitantes,FTE por mil hab.,2024,2.317
51010,Norte Matogrossense,Norte,capacidade,fte_medicos_p1000,Médicos SUS por mil habitantes,FTE por mil hab.,2025,2.5682
51010,Norte Matogrossense,Norte,capacidade,fte_tec_enfermagem_p1000,Técnicos de enfermagem SUS por mil habitantes,FTE por mil hab.,2020,4.2153
51010,Norte Matogrossense,Norte,capacidade,fte_tec_enfermagem_p1000,Técnicos de enfermagem SUS por mil habitantes,FTE por mil hab.,2021,4.412
51010,Norte Matogrossense,Norte,capacidade,fte_tec_enfermagem_p1000,Técnicos de enfermagem SUS por mil habitantes,FTE por mil hab.,2022,4.4043
51010,Norte Matogrossense,Norte,capacidade,fte_tec_enfermagem_p1000,Técnicos de enfermagem SUS por mil habitantes,FTE por mil hab.,2023,4.4136
51010,Norte Matogrossense,Norte,capacidade,fte_tec_enfermagem_p1000,Técnicos de enfermagem SUS por mil habitantes,FTE por mil hab.,2024,4.3119
51010,Norte Matogrossense,Norte,capacidade,fte_tec_enfermagem_p1000,Técnicos de enfermagem SUS por mil habitantes,FTE por mil hab.,2025,4.3501
51010,Norte Matogrossense,Norte,capacidade,leitos_sus_p1000,Leitos SUS por mil habitantes,leitos por mil hab.,2020,1.8465
51010,Norte Matogrossense,Norte,capacidade,leitos_sus_p1000,Leitos SUS por mil habitantes,leitos por mil hab.,2021,2.0831
51010,Norte Matogrossense,Norte,capacidade,leitos_sus_p1000,Leitos SUS por mil habitantes,leitos por mil hab.,2022,2.0418
51010,Norte Matogrossense,Norte,capacidade,leitos_sus_p1000,Leitos SUS por mil habitantes,leitos por mil hab.,2023,1.8194
51010,Norte Matogrossense,Norte,capacidade,leitos_sus_p1000,Leitos SUS por mil habitantes,leitos por mil hab.,2024,1.6651
51010,Norte Matogrossense,Norte,capacidade,leitos_sus_p1000,Leitos SUS por mil habitantes,leitos por mil hab.,2025,1.4928
51010,Norte Matogrossense,Norte,capacidade,leitos_uti_sus,Leitos de UTI SUS,leitos,2020,8.0
51010,Norte Matogrossense,Norte,capacidade,leitos_uti_sus,Leitos de UTI SUS,leitos,2021,8.0
51010,Norte Matogrossense,Norte,capacidade,leitos_uti_sus,Leitos de UTI SUS,leitos,2022,8.0
51010,Norte Matogrossense,Norte,capacidade,leitos_uti_sus,Leitos de UTI SUS,leitos,2023,8.0
51010,Norte Matogrossense,Norte,capacidade,leitos_uti_sus,Leitos de UTI SUS,leitos,2024,8.0
51010,Norte Matogrossense,Norte,capacidade,leitos_uti_sus,Leitos de UTI SUS,leitos,2025,8.0
51010,Norte Matogrossense,Norte,capacidade,n_equipes_eap,Equipes de atenção primária (eAP),equipes,2020,0.0
51010,Norte Matogrossense,Norte,capacidade,n_equipes_eap,Equipes de atenção primária (eAP),equipes,2021,0.0
51010,Norte Matogrossense,Norte,capacidade,n_equipes_eap,Equipes de atenção primária (eAP),equipes,2022,0.0
51010,Norte Matogrossense,Norte,capacidade,n_equipes_eap,Equipes de atenção primária (eAP),equipes,2023,0.0
51010,Norte Matogrossense,Norte,capacidade,n_equipes_eap,Equipes de atenção primária (eAP),equipes,2024,0.0
51010,Norte Matogrossense,Norte,capacidade,n_equipes_eap,Equipes de atenção primária (eAP),equipes,2025,0.0
51010,Norte Matogrossense,Norte,capacidade,n_equipes_esb,Equipes de saúde bucal,equipes,2020,15.0
51010,Norte Matogrossense,Norte,capacidade,n_equipes_esb,Equipes de saúde bucal,equipes,2021,17.0
51010,Norte Matogrossense,Norte,capacidade,n_equipes_esb,Equipes de saúde bucal,equipes,2022,19.0
51010,Norte Matogrossense,Norte,capacidade,n_equipes_esb,Equipes de saúde bucal,equipes,2023,20.0
51010,Norte Matogrossense,Norte,capacidade,n_equipes_esb,Equipes de saúde bucal,equipes,2024,22.0
51010,Norte Matogrossense,Norte,capacidade,n_equipes_esb,Equipes de saúde bucal,equipes,2025,22.0
51010,Norte Matogrossense,Norte,capacidade,n_estab_sus,Estabelecimentos com atendimento SUS,estabelecimentos,2020,84.0
51010,Norte Matogrossense,Norte,capacidade,n_estab_sus,Estabelecimentos com atendimento SUS,estabelecimentos,2021,85.0
51010,Norte Matogrossense,Norte,capacidade,n_estab_sus,Estabelecimentos com atendimento SUS,estabelecimentos,2022,87.0
51010,Norte Matogrossense,Norte,capacidade,n_estab_sus,Estabelecimentos com atendimento SUS,estabelecimentos,2023,87.0
51010,Norte Matogrossense,Norte,capacidade,n_estab_sus,Estabelecimentos com atendimento SUS,estabelecimentos,2024,85.0
51010,Norte Matogrossense,Norte,capacidade,n_estab_sus,Estabelecimentos com atendimento SUS,estabelecimentos,2025,93.0
51010,Norte Matogrossense,Norte,capacidade,n_hospitais_sus,Hospitais SUS,hospitais,2020,4.0
51010,Norte Matogrossense,Norte,capacidade,n_hospitais_sus,Hospitais SUS,hospitais,2021,4.0
51010,Norte Matogrossense,Norte,capacidade,n_hospitais_sus,Hospitais SUS,hospitais,2022,4.0
51010,Norte Matogrossense,Norte,capacidade,n_hospitais_sus,Hospitais SUS,hospitais,2023,4.0
51010,Norte Matogrossense,Norte,capacidade,n_hospitais_sus,Hospitais SUS,hospitais,2024,4.0
51010,Norte Matogrossense,Norte,capacidade,n_hospitais_sus,Hospitais SUS,hospitais,2025,5.0
51010,Norte Matogrossense,Norte,capacidade,n_ubs,Unidades básicas de saúde,unidades,2020,30.0
51010,Norte Matogrossense,Norte,capacidade,n_ubs,Unidades básicas de saúde,unidades,2021,29.0
51010,Norte Matogrossense,Norte,capacidade,n_ubs,Unidades básicas de saúde,unidades,2022,29.0
51010,Norte Matogrossense,Norte,capacidade,n_ubs,Unidades básicas de saúde,unidades,2023,26.0
51010,Norte Matogrossense,Norte,capacidade,n_ubs,Unidades básicas de saúde,unidades,2024,22.0
51010,Norte Matogrossense,Norte,capacidade,n_ubs,Unidades básicas de saúde,unidades,2025,22.0
51010,Norte Matogrossense,Norte,capacidade,n_upa,Unidades de pronto atendimento,unidades,2020,2.0
51010,Norte Matogrossense,Norte,capacidade,n_upa,Unidades de pronto atendimento,unidades,2021,2.0
51010,Norte Matogrossense,Norte,capacidade,n_upa,Unidades de pronto atendimento,unidades,2022,1.0
51010,Norte Matogrossense,Norte,capacidade,n_upa,Unidades de pronto atendimento,unidades,2023,1.0
51010,Norte Matogrossense,Norte,capacidade,n_upa,Unidades de pronto atendimento,unidades,2024,1.0
51010,Norte Matogrossense,Norte,capacidade,n_upa,Unidades de pronto atendimento,unidades,2025,2.0
51010,Norte Matogrossense,Norte,contexto,populacao,População,habitantes,2020,68686.0
51010,Norte Matogrossense,Norte,contexto,populacao,População,habitantes,2021,68609.0
51010,Norte Matogrossense,Norte,contexto,populacao,População,habitantes,2022,68322.0
51010,Norte Matogrossense,Norte,contexto,populacao,População,habitantes,2023,68840.0
51010,Norte Matogrossense,Norte,contexto,populacao,População,habitantes,2024,69366.0
51010,Norte Matogrossense,Norte,contexto,populacao,População,habitantes,2025,69392.0
51010,Norte Matogrossense,Norte,deslocamento,km_medio_internacao,Distância média até a internação,km,2020,58.309
51010,Norte Matogrossense,Norte,deslocamento,km_medio_internacao,Distância média até a internação,km,2021,70.6814
51010,Norte Matogrossense,Norte,deslocamento,km_medio_internacao,Distância média até a internação,km,2022,69.8914
51010,Norte Matogrossense,Norte,deslocamento,km_medio_internacao,Distância média até a internação,km,2023,88.6729
51010,Norte Matogrossense,Norte,deslocamento,km_medio_internacao,Distância média até a internação,km,2024,86.6591
51010,Norte Matogrossense,Norte,deslocamento,km_medio_internacao,Distância média até a internação,km,2025,110.4114
51010,Norte Matogrossense,Norte,deslocamento,pct_internacoes_fora_mun,Internações fora do município de residência,% das internações de residentes,2020,43.4508
51010,Norte Matogrossense,Norte,deslocamento,pct_internacoes_fora_mun,Internações fora do município de residência,% das internações de residentes,2021,45.132
51010,Norte Matogrossense,Norte,deslocamento,pct_internacoes_fora_mun,Internações fora do município de residência,% das internações de residentes,2022,47.0183
51010,Norte Matogrossense,Norte,deslocamento,pct_internacoes_fora_mun,Internações fora do município de residência,% das internações de residentes,2023,48.6583
51010,Norte Matogrossense,Norte,deslocamento,pct_internacoes_fora_mun,Internações fora do município de residência,% das internações de residentes,2024,50.83
51010,Norte Matogrossense,Norte,deslocamento,pct_internacoes_fora_mun,Internações fora do município de residência,% das internações de residentes,2025,58.8944
51010,Norte Matogrossense,Norte,deslocamento,pct_internacoes_fora_regiao,Internações fora da região de saúde,% das internações de residentes,2020,13.4899
51010,Norte Matogrossense,Norte,deslocamento,pct_internacoes_fora_regiao,Internações fora da região de saúde,% das internações de residentes,2021,17.7118
51010,Norte Matogrossense,Norte,deslocamento,pct_internacoes_fora_regiao,Internações fora da região de saúde,% das internações de residentes,2022,15.7798
51010,Norte Matogrossense,Norte,deslocamento,pct_internacoes_fora_regiao,Internações fora da região de saúde,% das internações de residentes,2023,22.7737
51010,Norte Matogrossense,Norte,deslocamento,pct_internacoes_fora_regiao,Internações fora da região de saúde,% das internações de residentes,2024,21.8113
51010,Norte Matogrossense,Norte,deslocamento,pct_internacoes_fora_regiao,Internações fora da região de saúde,% das internações de residentes,2025,26.6732
51010,Norte Matogrossense,Norte,financiamento,desp_ab_pc,Despesa em atenção básica por habitante,R$ por habitante,2020,640.0312
51010,Norte Matogrossense,Norte,financiamento,desp_ab_pc,Despesa em atenção básica por habitante,R$ por habitante,2021,789.5572
51010,Norte Matogrossense,Norte,financiamento,desp_ab_pc,Despesa em atenção básica por habitante,R$ por habitante,2022,937.2854
51010,Norte Matogrossense,Norte,financiamento,desp_ab_pc,Despesa em atenção básica por habitante,R$ por habitante,2023,988.0065
51010,Norte Matogrossense,Norte,financiamento,desp_ab_pc,Despesa em atenção básica por habitante,R$ por habitante,2024,1105.1727
51010,Norte Matogrossense,Norte,financiamento,desp_ab_pc,Despesa em atenção básica por habitante,R$ por habitante,2025,1211.7608
51010,Norte Matogrossense,Norte,financiamento,desp_mac_pc,Despesa em média e alta complexidade por habitante,R$ por habitante,2020,233.4813
51010,Norte Matogrossense,Norte,financiamento,desp_mac_pc,Despesa em média e alta complexidade por habitante,R$ por habitante,2021,261.0012
51010,Norte Matogrossense,Norte,financiamento,desp_mac_pc,Despesa em média e alta complexidade por habitante,R$ por habitante,2022,373.3231
51010,Norte Matogrossense,Norte,financiamento,desp_mac_pc,Despesa em média e alta complexidade por habitante,R$ por habitante,2023,421.6311
51010,Norte Matogrossense,Norte,financiamento,desp_mac_pc,Despesa em média e alta complexidade por habitante,R$ por habitante,2024,513.9855
51010,Norte Matogrossense,Norte,financiamento,desp_mac_pc,Despesa em média e alta complexidade por habitante,R$ por habitante,2025,600.4252
51010,Norte Matogrossense,Norte,financiamento,desp_total_pc,Despesa em saúde por habitante,R$ por habitante,2020,974.0353
51010,Norte Matogrossense,Norte,financiamento,desp_total_pc,Despesa em saúde por habitante,R$ por habitante,2021,1215.2686
51010,Norte Matogrossense,Norte,financiamento,desp_total_pc,Despesa em saúde por habitante,R$ por habitante,2022,1414.569
51010,Norte Matogrossense,Norte,financiamento,desp_total_pc,Despesa em saúde por habitante,R$ por habitante,2023,1549.8647
51010,Norte Matogrossense,Norte,financiamento,desp_total_pc,Despesa em saúde por habitante,R$ por habitante,2024,1829.8599
51010,Norte Matogrossense,Norte,financiamento,desp_total_pc,Despesa em saúde por habitante,R$ por habitante,2025,2094.8896
51010,Norte Matogrossense,Norte,financiamento,pct_capital,Despesa de capital,% da despesa total,2020,6.0165
51010,Norte Matogrossense,Norte,financiamento,pct_capital,Despesa de capital,% da despesa total,2021,5.3709
51010,Norte Matogrossense,Norte,financiamento,pct_capital,Despesa de capital,% da despesa total,2022,6.6958
51010,Norte Matogrossense,Norte,financiamento,pct_capital,Despesa de capital,% da despesa total,2023,5.9514
51010,Norte Matogrossense,Norte,financiamento,pct_capital,Despesa de capital,% da despesa total,2024,4.5218
51010,Norte Matogrossense,Norte,financiamento,pct_capital,Despesa de capital,% da despesa total,2025,7.5669
51010,Norte Matogrossense,Norte,financiamento,pct_recursos_proprios,Despesa com recursos próprios,% da despesa total,2020,57.7845
51010,Norte Matogrossense,Norte,financiamento,pct_recursos_proprios,Despesa com recursos próprios,% da despesa total,2021,63.4231
51010,Norte Matogrossense,Norte,financiamento,pct_recursos_proprios,Despesa com recursos próprios,% da despesa total,2022,64.7437
51010,Norte Matogrossense,Norte,financiamento,pct_recursos_proprios,Despesa com recursos próprios,% da despesa total,2023,68.4466
51010,Norte Matogrossense,Norte,financiamento,pct_recursos_proprios,Despesa com recursos próprios,% da despesa total,2024,62.9934
51010,Norte Matogrossense,Norte,financiamento,pct_recursos_proprios,Despesa com recursos próprios,% da despesa total,2025,65.5136
51010,Norte Matogrossense,Norte,media_alta,diarias_uti_p1000,Diárias de UTI por mil habitantes,diárias por mil hab.,2020,24.5028
51010,Norte Matogrossense,Norte,media_alta,diarias_uti_p1000,Diárias de UTI por mil habitantes,diárias por mil hab.,2021,24.6032
51010,Norte Matogrossense,Norte,media_alta,diarias_uti_p1000,Diárias de UTI por mil habitantes,diárias por mil hab.,2022,30.6636
51010,Norte Matogrossense,Norte,media_alta,diarias_uti_p1000,Diárias de UTI por mil habitantes,diárias por mil hab.,2023,36.7519
51010,Norte Matogrossense,Norte,media_alta,diarias_uti_p1000,Diárias de UTI por mil habitantes,diárias por mil hab.,2024,39.8034
51010,Norte Matogrossense,Norte,media_alta,diarias_uti_p1000,Diárias de UTI por mil habitantes,diárias por mil hab.,2025,40.9557
51010,Norte Matogrossense,Norte,media_alta,internacoes_local_p1000,Internações realizadas no município por mil habitantes,internações por mil hab.,2020,43.9973
51010,Norte Matogrossense,Norte,media_alta,internacoes_local_p1000,Internações realizadas no município por mil habitantes,internações por mil hab.,2021,45.5625
51010,Norte Matogrossense,Norte,media_alta,internacoes_local_p1000,Internações realizadas no município por mil habitantes,internações por mil hab.,2022,56.7021
51010,Norte Matogrossense,Norte,media_alta,internacoes_local_p1000,Internações realizadas no município por mil habitantes,internações por mil hab.,2023,54.8518
51010,Norte Matogrossense,Norte,media_alta,internacoes_local_p1000,Internações realizadas no município por mil habitantes,internações por mil hab.,2024,59.6258
51010,Norte Matogrossense,Norte,media_alta,internacoes_local_p1000,Internações realizadas no município por mil habitantes,internações por mil hab.,2025,57.4562
51010,Norte Matogrossense,Norte,media_alta,internacoes_res_p1000,Internações de residentes por mil habitantes,internações por mil hab.,2020,48.3505
51010,Norte Matogrossense,Norte,media_alta,internacoes_res_p1000,Internações de residentes por mil habitantes,internações por mil hab.,2021,52.996
51010,Norte Matogrossense,Norte,media_alta,internacoes_res_p1000,Internações de residentes por mil habitantes,internações por mil hab.,2022,63.8155
51010,Norte Matogrossense,Norte,media_alta,internacoes_res_p1000,Internações de residentes por mil habitantes,internações por mil hab.,2023,61.1708
51010,Norte Matogrossense,Norte,media_alta,internacoes_res_p1000,Internações de residentes por mil habitantes,internações por mil hab.,2024,68.6071
51010,Norte Matogrossense,Norte,media_alta,internacoes_res_p1000,Internações de residentes por mil habitantes,internações por mil hab.,2025,72.9911
51010,Norte Matogrossense,Norte,media_alta,mortalidade_hosp_pct,Mortalidade hospitalar,% das internações locais,2020,5.7247
51010,Norte Matogrossense,Norte,media_alta,mortalidade_hosp_pct,Mortalidade hospitalar,% das internações locais,2021,6.398
51010,Norte Matogrossense,Norte,media_alta,mortalidade_hosp_pct,Mortalidade hospitalar,% das internações locais,2022,5.0852
51010,Norte Matogrossense,Norte,media_alta,mortalidade_hosp_pct,Mortalidade hospitalar,% das internações locais,2023,5.3496
51010,Norte Matogrossense,Norte,media_alta,mortalidade_hosp_pct,Mortalidade hospitalar,% das internações locais,2024,5.3917
51010,Norte Matogrossense,Norte,media_alta,mortalidade_hosp_pct,Mortalidade hospitalar,% das internações locais,2025,5.5932
51010,Norte Matogrossense,Norte,media_alta,pct_urgencia,Internações de urgência,% das internações locais,2020,87.7895
51010,Norte Matogrossense,Norte,media_alta,pct_urgencia,Internações de urgência,% das internações locais,2021,88.9635
51010,Norte Matogrossense,Norte,media_alta,pct_urgencia,Internações de urgência,% das internações locais,2022,97.6252
51010,Norte Matogrossense,Norte,media_alta,pct_urgencia,Internações de urgência,% das internações locais,2023,89.2744
51010,Norte Matogrossense,Norte,media_alta,pct_urgencia,Internações de urgência,% das internações locais,2024,77.8288
51010,Norte Matogrossense,Norte,media_alta,pct_urgencia,Internações de urgência,% das internações locais,2025,75.8716
51010,Norte Matogrossense,Norte,media_alta,permanencia_media,Permanência média das internações,dias,2020,3.8944
51010,Norte Matogrossense,Norte,media_alta,permanencia_media,Permanência média das internações,dias,2021,3.652
51010,Norte Matogrossense,Norte,media_alta,permanencia_media,Permanência média das internações,dias,2022,3.5774
51010,Norte Matogrossense,Norte,media_alta,permanencia_media,Permanência média das internações,dias,2023,4.3488
51010,Norte Matogrossense,Norte,media_alta,permanencia_media,Permanência média das internações,dias,2024,3.9081
51010,Norte Matogrossense,Norte,media_alta,permanencia_media,Permanência média das internações,dias,2025,3.9064
51010,Norte Matogrossense,Norte,media_alta,qtd_ac_local_pc,Procedimentos de alta complexidade por habitante,procedimentos por hab.,2020,0.0604
51010,Norte Matogrossense,Norte,media_alta,qtd_ac_local_pc,Procedimentos de alta complexidade por habitante,procedimentos por hab.,2021,0.05
51010,Norte Matogrossense,Norte,media_alta,qtd_ac_local_pc,Procedimentos de alta complexidade por habitante,procedimentos por hab.,2022,0.0836
51010,Norte Matogrossense,Norte,media_alta,qtd_ac_local_pc,Procedimentos de alta complexidade por habitante,procedimentos por hab.,2023,0.1109
51010,Norte Matogrossense,Norte,media_alta,qtd_ac_local_pc,Procedimentos de alta complexidade por habitante,procedimentos por hab.,2024,0.1268
51010,Norte Matogrossense,Norte,media_alta,qtd_ac_local_pc,Procedimentos de alta complexidade por habitante,procedimentos por hab.,2025,0.1904
51010,Norte Matogrossense,Norte,media_alta,qtd_mc_local_pc,Procedimentos de média complexidade por habitante,procedimentos por hab.,2020,6.999
51010,Norte Matogrossense,Norte,media_alta,qtd_mc_local_pc,Procedimentos de média complexidade por habitante,procedimentos por hab.,2021,7.5741
51010,Norte Matogrossense,Norte,media_alta,qtd_mc_local_pc,Procedimentos de média complexidade por habitante,procedimentos por hab.,2022,9.989
51010,Norte Matogrossense,Norte,media_alta,qtd_mc_local_pc,Procedimentos de média complexidade por habitante,procedimentos por hab.,2023,9.5044
51010,Norte Matogrossense,Norte,media_alta,qtd_mc_local_pc,Procedimentos de média complexidade por habitante,procedimentos por hab.,2024,11.5935
51010,Norte Matogrossense,Norte,media_alta,qtd_mc_local_pc,Procedimentos de média complexidade por habitante,procedimentos por hab.,2025,14.0379
51010,Norte Matogrossense,Norte,media_alta,valor_sih_local_pc,Valor das internações realizadas no município por habitante,R$ por habitante,2020,42.5062
51010,Norte Matogrossense,Norte,media_alta,valor_sih_local_pc,Valor das internações realizadas no município por habitante,R$ por habitante,2021,49.038
51010,Norte Matogrossense,Norte,media_alta,valor_sih_local_pc,Valor das internações realizadas no município por habitante,R$ por habitante,2022,60.0485
51010,Norte Matogrossense,Norte,media_alta,valor_sih_local_pc,Valor das internações realizadas no município por habitante,R$ por habitante,2023,63.2451
51010,Norte Matogrossense,Norte,media_alta,valor_sih_local_pc,Valor das internações realizadas no município por habitante,R$ por habitante,2024,76.7628
51010,Norte Matogrossense,Norte,media_alta,valor_sih_local_pc,Valor das internações realizadas no município por habitante,R$ por habitante,2025,70.224
51010,Norte Matogrossense,Norte,media_alta,valor_sih_res_pc,Valor das internações de residentes por habitante,R$ por habitante,2020,54.1324
51010,Norte Matogrossense,Norte,media_alta,valor_sih_res_pc,Valor das internações de residentes por habitante,R$ por habitante,2021,104.9886
51010,Norte Matogrossense,Norte,media_alta,valor_sih_res_pc,Valor das internações de residentes por habitante,R$ por habitante,2022,84.2464
51010,Norte Matogrossense,Norte,media_alta,valor_sih_res_pc,Valor das internações de residentes por habitante,R$ por habitante,2023,82.059
51010,Norte Matogrossense,Norte,media_alta,valor_sih_res_pc,Valor das internações de residentes por habitante,R$ por habitante,2024,102.5967
51010,Norte Matogrossense,Norte,media_alta,valor_sih_res_pc,Valor das internações de residentes por habitante,R$ por habitante,2025,106.6978
51010,Norte Matogrossense,Norte,resultados,pct_baixo_peso,Nascidos vivos com baixo peso,% dos nascidos vivos,2020,8.3131
51010,Norte Matogrossense,Norte,resultados,pct_baixo_peso,Nascidos vivos com baixo peso,% dos nascidos vivos,2021,8.8872
51010,Norte Matogrossense,Norte,resultados,pct_baixo_peso,Nascidos vivos com baixo peso,% dos nascidos vivos,2022,9.5717
51010,Norte Matogrossense,Norte,resultados,pct_baixo_peso,Nascidos vivos com baixo peso,% dos nascidos vivos,2023,11.1513
51010,Norte Matogrossense,Norte,resultados,pct_baixo_peso,Nascidos vivos com baixo peso,% dos nascidos vivos,2024,10.9756
51010,Norte Matogrossense,Norte,resultados,pct_cesarea,Partos cesáreos,% dos nascidos vivos,2020,79.4511
51010,Norte Matogrossense,Norte,resultados,pct_cesarea,Partos cesáreos,% dos nascidos vivos,2021,78.3552
51010,Norte Matogrossense,Norte,resultados,pct_cesarea,Partos cesáreos,% dos nascidos vivos,2022,85.2897
51010,Norte Matogrossense,Norte,resultados,pct_cesarea,Partos cesáreos,% dos nascidos vivos,2023,83.0786
51010,Norte Matogrossense,Norte,resultados,pct_cesarea,Partos cesáreos,% dos nascidos vivos,2024,84.0091
51010,Norte Matogrossense,Norte,resultados,pct_mae_adolescente,Nascidos vivos de mães adolescentes,% dos nascidos vivos,2020,15.889
51010,Norte Matogrossense,Norte,resultados,pct_mae_adolescente,Nascidos vivos de mães adolescentes,% dos nascidos vivos,2021,15.2198
51010,Norte Matogrossense,Norte,resultados,pct_mae_adolescente,Nascidos vivos de mães adolescentes,% dos nascidos vivos,2022,16.4674
51010,Norte Matogrossense,Norte,resultados,pct_mae_adolescente,Nascidos vivos de mães adolescentes,% dos nascidos vivos,2023,15.1077
51010,Norte Matogrossense,Norte,resultados,pct_mae_adolescente,Nascidos vivos de mães adolescentes,% dos nascidos vivos,2024,13.6252
51010,Norte Matogrossense,Norte,resultados,pct_prenatal_7mais,Nascidos vivos com 7 ou mais consultas de pré-natal,% dos nascidos vivos,2020,73.9512
51010,Norte Matogrossense,Norte,resultados,pct_prenatal_7mais,Nascidos vivos com 7 ou mais consultas de pré-natal,% dos nascidos vivos,2021,79.9837
51010,Norte Matogrossense,Norte,resultados,pct_prenatal_7mais,Nascidos vivos com 7 ou mais consultas de pré-natal,% dos nascidos vivos,2022,82.07
51010,Norte Matogrossense,Norte,resultados,pct_prenatal_7mais,Nascidos vivos com 7 ou mais consultas de pré-natal,% dos nascidos vivos,2023,81.9247
51010,Norte Matogrossense,Norte,resultados,pct_prenatal_7mais,Nascidos vivos com 7 ou mais consultas de pré-natal,% dos nascidos vivos,2024,86.1187
51010,Norte Matogrossense,Norte,resultados,taxa_mortalidade_geral,Taxa de mortalidade geral,óbitos por mil habitantes,2020,7.0029
51010,Norte Matogrossense,Norte,resultados,taxa_mortalidade_geral,Taxa de mortalidade geral,óbitos por mil habitantes,2021,9.3428
51010,Norte Matogrossense,Norte,resultados,taxa_mortalidade_geral,Taxa de mortalidade geral,óbitos por mil habitantes,2022,6.8206
51010,Norte Matogrossense,Norte,resultados,taxa_mortalidade_geral,Taxa de mortalidade geral,óbitos por mil habitantes,2023,7.1615
51010,Norte Matogrossense,Norte,resultados,taxa_mortalidade_geral,Taxa de mortalidade geral,óbitos por mil habitantes,2024,7.3956
51010,Norte Matogrossense,Norte,resultados,taxa_mortalidade_infantil,Taxa de mortalidade infantil,óbitos por mil nascidos vivos,2020,11.8721
51010,Norte Matogrossense,Norte,resultados,taxa_mortalidade_infantil,Taxa de mortalidade infantil,óbitos por mil nascidos vivos,2021,17.9584
51010,Norte Matogrossense,Norte,resultados,taxa_mortalidade_infantil,Taxa de mortalidade infantil,óbitos por mil nascidos vivos,2022,7.8329
51010,Norte Matogrossense,Norte,resultados,taxa_mortalidade_infantil,Taxa de mortalidade infantil,óbitos por mil nascidos vivos,2023,24.2806
51010,Norte Matogrossense,Norte,resultados,taxa_mortalidade_infantil,Taxa de mortalidade infantil,óbitos por mil nascidos vivos,2024,16.0833
51011,Oeste Matogrossense,Oeste,atencao_basica,atend_individual_pc,Atendimentos individuais na atenção básica por habitante,atendimentos por hab.,2020,1.0337
51011,Oeste Matogrossense,Oeste,atencao_basica,atend_individual_pc,Atendimentos individuais na atenção básica por habitante,atendimentos por hab.,2021,1.4606
51011,Oeste Matogrossense,Oeste,atencao_basica,atend_individual_pc,Atendimentos individuais na atenção básica por habitante,atendimentos por hab.,2022,1.9765
51011,Oeste Matogrossense,Oeste,atencao_basica,atend_individual_pc,Atendimentos individuais na atenção básica por habitante,atendimentos por hab.,2023,2.2017
51011,Oeste Matogrossense,Oeste,atencao_basica,atend_individual_pc,Atendimentos individuais na atenção básica por habitante,atendimentos por hab.,2024,2.4409
51011,Oeste Matogrossense,Oeste,atencao_basica,atend_individual_pc,Atendimentos individuais na atenção básica por habitante,atendimentos por hab.,2025,2.5243
51011,Oeste Matogrossense,Oeste,atencao_basica,atend_odonto_pc,Atendimentos odontológicos por habitante,atendimentos por hab.,2020,0.0651
51011,Oeste Matogrossense,Oeste,atencao_basica,atend_odonto_pc,Atendimentos odontológicos por habitante,atendimentos por hab.,2021,0.1254
51011,Oeste Matogrossense,Oeste,atencao_basica,atend_odonto_pc,Atendimentos odontológicos por habitante,atendimentos por hab.,2022,0.2053
51011,Oeste Matogrossense,Oeste,atencao_basica,atend_odonto_pc,Atendimentos odontológicos por habitante,atendimentos por hab.,2023,0.2543
51011,Oeste Matogrossense,Oeste,atencao_basica,atend_odonto_pc,Atendimentos odontológicos por habitante,atendimentos por hab.,2024,0.242
51011,Oeste Matogrossense,Oeste,atencao_basica,atend_odonto_pc,Atendimentos odontológicos por habitante,atendimentos por hab.,2025,0.2777
51011,Oeste Matogrossense,Oeste,atencao_basica,doses_menor1_por_nv,Doses de vacina em menores de 1 ano por nascido vivo,doses por nascido vivo,2020,10.438
51011,Oeste Matogrossense,Oeste,atencao_basica,doses_menor1_por_nv,Doses de vacina em menores de 1 ano por nascido vivo,doses por nascido vivo,2021,10.5901
51011,Oeste Matogrossense,Oeste,atencao_basica,doses_menor1_por_nv,Doses de vacina em menores de 1 ano por nascido vivo,doses por nascido vivo,2022,13.828
51011,Oeste Matogrossense,Oeste,atencao_basica,doses_menor1_por_nv,Doses de vacina em menores de 1 ano por nascido vivo,doses por nascido vivo,2023,14.4059
51011,Oeste Matogrossense,Oeste,atencao_basica,doses_menor1_por_nv,Doses de vacina em menores de 1 ano por nascido vivo,doses por nascido vivo,2024,15.7521
51011,Oeste Matogrossense,Oeste,atencao_basica,doses_pc,Doses de vacina aplicadas por habitante,doses por hab.,2020,0.5328
51011,Oeste Matogrossense,Oeste,atencao_basica,doses_pc,Doses de vacina aplicadas por habitante,doses por hab.,2021,0.5376
51011,Oeste Matogrossense,Oeste,atencao_basica,doses_pc,Doses de vacina aplicadas por habitante,doses por hab.,2022,0.7146
51011,Oeste Matogrossense,Oeste,atencao_basica,doses_pc,Doses de vacina aplicadas por habitante,doses por hab.,2023,0.6929
51011,Oeste Matogrossense,Oeste,atencao_basica,doses_pc,Doses de vacina aplicadas por habitante,doses por hab.,2024,0.8057
51011,Oeste Matogrossense,Oeste,atencao_basica,doses_pc,Doses de vacina aplicadas por habitante,doses por hab.,2025,0.9567
51011,Oeste Matogrossense,Oeste,atencao_basica,procedimentos_ab_pc,Procedimentos na atenção básica por habitante,procedimentos por hab.,2020,1.5344
51011,Oeste Matogrossense,Oeste,atencao_basica,procedimentos_ab_pc,Procedimentos na atenção básica por habitante,procedimentos por hab.,2021,2.2641
51011,Oeste Matogrossense,Oeste,atencao_basica,procedimentos_ab_pc,Procedimentos na atenção básica por habitante,procedimentos por hab.,2022,3.3941
51011,Oeste Matogrossense,Oeste,atencao_basica,procedimentos_ab_pc,Procedimentos na atenção básica por habitante,procedimentos por hab.,2023,3.7566
51011,Oeste Matogrossense,Oeste,atencao_basica,procedimentos_ab_pc,Procedimentos na atenção básica por habitante,procedimentos por hab.,2024,4.1108
51011,Oeste Matogrossense,Oeste,atencao_basica,procedimentos_ab_pc,Procedimentos na atenção básica por habitante,procedimentos por hab.,2025,4.3004
51011,Oeste Matogrossense,Oeste,atencao_basica,visitas_pc,Visitas domiciliares por habitante,visitas por hab.,2020,0.95
51011,Oeste Matogrossense,Oeste,atencao_basica,visitas_pc,Visitas domiciliares por habitante,visitas por hab.,2021,1.5442
51011,Oeste Matogrossense,Oeste,atencao_basica,visitas_pc,Visitas domiciliares por habitante,visitas por hab.,2022,2.2187
51011,Oeste Matogrossense,Oeste,atencao_basica,visitas_pc,Visitas domiciliares por habitante,visitas por hab.,2023,2.6608
51011,Oeste Matogrossense,Oeste,atencao_basica,visitas_pc,Visitas domiciliares por habitante,visitas por hab.,2024,2.6616
51011,Oeste Matogrossense,Oeste,atencao_basica,visitas_pc,Visitas domiciliares por habitante,visitas por hab.,2025,3.3419
51011,Oeste Matogrossense,Oeste,capacidade,equip_sus_p10000,Equipamentos SUS em uso por 10 mil habitantes,equipamentos por 10 mil hab.,2020,53.6836
51011,Oeste Matogrossense,Oeste,capacidade,equip_sus_p10000,Equipamentos SUS em uso por 10 mil habitantes,equipamentos por 10 mil hab.,2021,61.2937
51011,Oeste Matogrossense,Oeste,capacidade,equip_sus_p10000,Equipamentos SUS em uso por 10 mil habitantes,equipamentos por 10 mil hab.,2022,68.2335
51011,Oeste Matogrossense,Oeste,capacidade,equip_sus_p10000,Equipamentos SUS em uso por 10 mil habitantes,equipamentos por 10 mil hab.,2023,72.3139
51011,Oeste Matogrossense,Oeste,capacidade,equip_sus_p10000,Equipamentos SUS em uso por 10 mil habitantes,equipamentos por 10 mil hab.,2024,95.2669
51011,Oeste Matogrossense,Oeste,capacidade,equip_sus_p10000,Equipamentos SUS em uso por 10 mil habitantes,equipamentos por 10 mil hab.,2025,119.4923
51011,Oeste Matogrossense,Oeste,capacidade,equipes_esf_p10000,Equipes de Saúde da Família por 10 mil habitantes,equipes por 10 mil hab.,2020,2.2306
51011,Oeste Matogrossense,Oeste,capacidade,equipes_esf_p10000,Equipes de Saúde da Família por 10 mil habitantes,equipes por 10 mil hab.,2021,2.3216
51011,Oeste Matogrossense,Oeste,capacidade,equipes_esf_p10000,Equipes de Saúde da Família por 10 mil habitantes,equipes por 10 mil hab.,2022,2.6386
51011,Oeste Matogrossense,Oeste,capacidade,equipes_esf_p10000,Equipes de Saúde da Família por 10 mil habitantes,equipes por 10 mil hab.,2023,2.6831
51011,Oeste Matogrossense,Oeste,capacidade,equipes_esf_p10000,Equipes de Saúde da Família por 10 mil habitantes,equipes por 10 mil hab.,2024,2.7096
51011,Oeste Matogrossense,Oeste,capacidade,equipes_esf_p10000,Equipes de Saúde da Família por 10 mil habitantes,equipes por 10 mil hab.,2025,2.8102
51011,Oeste Matogrossense,Oeste,capacidade,fte_acs_p1000,Agentes comunitários de saúde por mil habitantes,FTE por mil hab.,2020,1.9509
51011,Oeste Matogrossense,Oeste,capacidade,fte_acs_p1000,Agentes comunitários de saúde por mil habitantes,FTE por mil hab.,2021,1.9556
51011,Oeste Matogrossense,Oeste,capacidade,fte_acs_p1000,Agentes comunitários de saúde por mil habitantes,FTE por mil hab.,2022,2.1309
51011,Oeste Matogrossense,Oeste,capacidade,fte_acs_p1000,Agentes comunitários de saúde por mil habitantes,FTE por mil hab.,2023,2.1598
51011,Oeste Matogrossense,Oeste,capacidade,fte_acs_p1000,Agentes comunitários de saúde por mil habitantes,FTE por mil hab.,2024,2.1202
51011,Oeste Matogrossense,Oeste,capacidade,fte_acs_p1000,Agentes comunitários de saúde por mil habitantes,FTE por mil hab.,2025,2.1006
51011,Oeste Matogrossense,Oeste,capacidade,fte_dentistas_p1000,Dentistas SUS por mil habitantes,FTE por mil hab.,2020,0.2342
51011,Oeste Matogrossense,Oeste,capacidade,fte_dentistas_p1000,Dentistas SUS por mil habitantes,FTE por mil hab.,2021,0.2417
51011,Oeste Matogrossense,Oeste,capacidade,fte_dentistas_p1000,Dentistas SUS por mil habitantes,FTE por mil hab.,2022,0.2945
51011,Oeste Matogrossense,Oeste,capacidade,fte_dentistas_p1000,Dentistas SUS por mil habitantes,FTE por mil hab.,2023,0.3049
51011,Oeste Matogrossense,Oeste,capacidade,fte_dentistas_p1000,Dentistas SUS por mil habitantes,FTE por mil hab.,2024,0.3001
51011,Oeste Matogrossense,Oeste,capacidade,fte_dentistas_p1000,Dentistas SUS por mil habitantes,FTE por mil hab.,2025,0.3263
51011,Oeste Matogrossense,Oeste,capacidade,fte_enfermeiros_p1000,Enfermeiros SUS por mil habitantes,FTE por mil hab.,2020,1.0428
51011,Oeste Matogrossense,Oeste,capacidade,fte_enfermeiros_p1000,Enfermeiros SUS por mil habitantes,FTE por mil hab.,2021,1.2103
51011,Oeste Matogrossense,Oeste,capacidade,fte_enfermeiros_p1000,Enfermeiros SUS por mil habitantes,FTE por mil hab.,2022,1.5656
51011,Oeste Matogrossense,Oeste,capacidade,fte_enfermeiros_p1000,Enfermeiros SUS por mil habitantes,FTE por mil hab.,2023,1.6799
51011,Oeste Matogrossense,Oeste,capacidade,fte_enfermeiros_p1000,Enfermeiros SUS por mil habitantes,FTE por mil hab.,2024,1.7871
51011,Oeste Matogrossense,Oeste,capacidade,fte_enfermeiros_p1000,Enfermeiros SUS por mil habitantes,FTE por mil hab.,2025,1.8901
51011,Oeste Matogrossense,Oeste,capacidade,fte_medicos_p1000,Médicos SUS por mil habitantes,FTE por mil hab.,2020,0.9282
51011,Oeste Matogrossense,Oeste,capacidade,fte_medicos_p1000,Médicos SUS por mil habitantes,FTE por mil hab.,2021,1.0058
51011,Oeste Matogrossense,Oeste,capacidade,fte_medicos_p1000,Médicos SUS por mil habitantes,FTE por mil hab.,2022,1.1499
51011,Oeste Matogrossense,Oeste,capacidade,fte_medicos_p1000,Médicos SUS por mil habitantes,FTE por mil hab.,2023,1.3486
51011,Oeste Matogrossense,Oeste,capacidade,fte_medicos_p1000,Médicos SUS por mil habitantes,FTE por mil hab.,2024,1.3233
51011,Oeste Matogrossense,Oeste,capacidade,fte_medicos_p1000,Médicos SUS por mil habitantes,FTE por mil hab.,2025,1.3129
51011,Oeste Matogrossense,Oeste,capacidade,fte_tec_enfermagem_p1000,Técnicos de enfermagem SUS por mil habitantes,FTE por mil hab.,2020,3.3259
51011,Oeste Matogrossense,Oeste,capacidade,fte_tec_enfermagem_p1000,Técnicos de enfermagem SUS por mil habitantes,FTE por mil hab.,2021,3.2758
51011,Oeste Matogrossense,Oeste,capacidade,fte_tec_enfermagem_p1000,Técnicos de enfermagem SUS por mil habitantes,FTE por mil hab.,2022,3.5938
51011,Oeste Matogrossense,Oeste,capacidade,fte_tec_enfermagem_p1000,Técnicos de enfermagem SUS por mil habitantes,FTE por mil hab.,2023,3.6287
51011,Oeste Matogrossense,Oeste,capacidade,fte_tec_enfermagem_p1000,Técnicos de enfermagem SUS por mil habitantes,FTE por mil hab.,2024,4.1552
51011,Oeste Matogrossense,Oeste,capacidade,fte_tec_enfermagem_p1000,Técnicos de enfermagem SUS por mil habitantes,FTE por mil hab.,2025,4.4509
51011,Oeste Matogrossense,Oeste,capacidade,leitos_sus_p1000,Leitos SUS por mil habitantes,leitos por mil hab.,2020,1.7634
51011,Oeste Matogrossense,Oeste,capacidade,leitos_sus_p1000,Leitos SUS por mil habitantes,leitos por mil hab.,2021,1.933
51011,Oeste Matogrossense,Oeste,capacidade,leitos_sus_p1000,Leitos SUS por mil habitantes,leitos por mil hab.,2022,2.2124
51011,Oeste Matogrossense,Oeste,capacidade,leitos_sus_p1000,Leitos SUS por mil habitantes,leitos por mil hab.,2023,2.37
51011,Oeste Matogrossense,Oeste,capacidade,leitos_sus_p1000,Leitos SUS por mil habitantes,leitos por mil hab.,2024,2.4117
51011,Oeste Matogrossense,Oeste,capacidade,leitos_sus_p1000,Leitos SUS por mil habitantes,leitos por mil hab.,2025,2.328
51011,Oeste Matogrossense,Oeste,capacidade,leitos_uti_sus,Leitos de UTI SUS,leitos,2020,21.0
51011,Oeste Matogrossense,Oeste,capacidade,leitos_uti_sus,Leitos de UTI SUS,leitos,2021,25.0
51011,Oeste Matogrossense,Oeste,capacidade,leitos_uti_sus,Leitos de UTI SUS,leitos,2022,32.0
51011,Oeste Matogrossense,Oeste,capacidade,leitos_uti_sus,Leitos de UTI SUS,leitos,2023,16.0
51011,Oeste Matogrossense,Oeste,capacidade,leitos_uti_sus,Leitos de UTI SUS,leitos,2024,16.0
51011,Oeste Matogrossense,Oeste,capacidade,leitos_uti_sus,Leitos de UTI SUS,leitos,2025,16.0
51011,Oeste Matogrossense,Oeste,capacidade,n_equipes_eap,Equipes de atenção primária (eAP),equipes,2020,0.0
51011,Oeste Matogrossense,Oeste,capacidade,n_equipes_eap,Equipes de atenção primária (eAP),equipes,2021,1.0
51011,Oeste Matogrossense,Oeste,capacidade,n_equipes_eap,Equipes de atenção primária (eAP),equipes,2022,6.0
51011,Oeste Matogrossense,Oeste,capacidade,n_equipes_eap,Equipes de atenção primária (eAP),equipes,2023,8.0
51011,Oeste Matogrossense,Oeste,capacidade,n_equipes_eap,Equipes de atenção primária (eAP),equipes,2024,12.0
51011,Oeste Matogrossense,Oeste,capacidade,n_equipes_eap,Equipes de atenção primária (eAP),equipes,2025,12.0
51011,Oeste Matogrossense,Oeste,capacidade,n_equipes_esb,Equipes de saúde bucal,equipes,2020,29.0
51011,Oeste Matogrossense,Oeste,capacidade,n_equipes_esb,Equipes de saúde bucal,equipes,2021,30.0
51011,Oeste Matogrossense,Oeste,capacidade,n_equipes_esb,Equipes de saúde bucal,equipes,2022,36.0
51011,Oeste Matogrossense,Oeste,capacidade,n_equipes_esb,Equipes de saúde bucal,equipes,2023,38.0
51011,Oeste Matogrossense,Oeste,capacidade,n_equipes_esb,Equipes de saúde bucal,equipes,2024,41.0
51011,Oeste Matogrossense,Oeste,capacidade,n_equipes_esb,Equipes de saúde bucal,equipes,2025,41.0
51011,Oeste Matogrossense,Oeste,capacidade,n_estab_sus,Estabelecimentos com atendimento SUS,estabelecimentos,2020,156.0
51011,Oeste Matogrossense,Oeste,capacidade,n_estab_sus,Estabelecimentos com atendimento SUS,estabelecimentos,2021,164.0
51011,Oeste Matogrossense,Oeste,capacidade,n_estab_sus,Estabelecimentos com atendimento SUS,estabelecimentos,2022,172.0
51011,Oeste Matogrossense,Oeste,capacidade,n_estab_sus,Estabelecimentos com atendimento SUS,estabelecimentos,2023,197.0
51011,Oeste Matogrossense,Oeste,capacidade,n_estab_sus,Estabelecimentos com atendimento SUS,estabelecimentos,2024,212.0
51011,Oeste Matogrossense,Oeste,capacidade,n_estab_sus,Estabelecimentos com atendimento SUS,estabelecimentos,2025,222.0
51011,Oeste Matogrossense,Oeste,capacidade,n_hospitais_sus,Hospitais SUS,hospitais,2020,7.0
51011,Oeste Matogrossense,Oeste,capacidade,n_hospitais_sus,Hospitais SUS,hospitais,2021,8.0
51011,Oeste Matogrossense,Oeste,capacidade,n_hospitais_sus,Hospitais SUS,hospitais,2022,8.0
51011,Oeste Matogrossense,Oeste,capacidade,n_hospitais_sus,Hospitais SUS,hospitais,2023,8.0
51011,Oeste Matogrossense,Oeste,capacidade,n_hospitais_sus,Hospitais SUS,hospitais,2024,9.0
51011,Oeste Matogrossense,Oeste,capacidade,n_hospitais_sus,Hospitais SUS,hospitais,2025,10.0
51011,Oeste Matogrossense,Oeste,capacidade,n_ubs,Unidades básicas de saúde,unidades,2020,59.0
51011,Oeste Matogrossense,Oeste,capacidade,n_ubs,Unidades básicas de saúde,unidades,2021,58.0
51011,Oeste Matogrossense,Oeste,capacidade,n_ubs,Unidades básicas de saúde,unidades,2022,63.0
51011,Oeste Matogrossense,Oeste,capacidade,n_ubs,Unidades básicas de saúde,unidades,2023,64.0
51011,Oeste Matogrossense,Oeste,capacidade,n_ubs,Unidades básicas de saúde,unidades,2024,63.0
51011,Oeste Matogrossense,Oeste,capacidade,n_ubs,Unidades básicas de saúde,unidades,2025,65.0
51011,Oeste Matogrossense,Oeste,capacidade,n_upa,Unidades de pronto atendimento,unidades,2020,3.0
51011,Oeste Matogrossense,Oeste,capacidade,n_upa,Unidades de pronto atendimento,unidades,2021,4.0
51011,Oeste Matogrossense,Oeste,capacidade,n_upa,Unidades de pronto atendimento,unidades,2022,4.0
51011,Oeste Matogrossense,Oeste,capacidade,n_upa,Unidades de pronto atendimento,unidades,2023,4.0
51011,Oeste Matogrossense,Oeste,capacidade,n_upa,Unidades de pronto atendimento,unidades,2024,4.0
51011,Oeste Matogrossense,Oeste,capacidade,n_upa,Unidades de pronto atendimento,unidades,2025,5.0
51011,Oeste Matogrossense,Oeste,contexto,populacao,População,habitantes,2020,199098.0
51011,Oeste Matogrossense,Oeste,contexto,populacao,População,habitantes,2021,199952.0
51011,Oeste Matogrossense,Oeste,contexto,populacao,População,habitantes,2022,184452.0
51011,Oeste Matogrossense,Oeste,contexto,populacao,População,habitantes,2023,185718.0
51011,Oeste Matogrossense,Oeste,contexto,populacao,População,habitantes,2024,187002.0
51011,Oeste Matogrossense,Oeste,contexto,populacao,População,habitantes,2025,186817.0
51011,Oeste Matogrossense,Oeste,deslocamento,km_medio_internacao,Distância média até a internação,km,2020,40.2089
51011,Oeste Matogrossense,Oeste,deslocamento,km_medio_internacao,Distância média até a internação,km,2021,43.046
51011,Oeste Matogrossense,Oeste,deslocamento,km_medio_internacao,Distância média até a internação,km,2022,42.8185
51011,Oeste Matogrossense,Oeste,deslocamento,km_medio_internacao,Distância média até a internação,km,2023,44.5542
51011,Oeste Matogrossense,Oeste,deslocamento,km_medio_internacao,Distância média até a internação,km,2024,44.9431
51011,Oeste Matogrossense,Oeste,deslocamento,km_medio_internacao,Distância média até a internação,km,2025,50.5432
51011,Oeste Matogrossense,Oeste,deslocamento,pct_internacoes_fora_mun,Internações fora do município de residência,% das internações de residentes,2020,37.8217
51011,Oeste Matogrossense,Oeste,deslocamento,pct_internacoes_fora_mun,Internações fora do município de residência,% das internações de residentes,2021,38.3836
51011,Oeste Matogrossense,Oeste,deslocamento,pct_internacoes_fora_mun,Internações fora do município de residência,% das internações de residentes,2022,38.7282
51011,Oeste Matogrossense,Oeste,deslocamento,pct_internacoes_fora_mun,Internações fora do município de residência,% das internações de residentes,2023,38.6432
51011,Oeste Matogrossense,Oeste,deslocamento,pct_internacoes_fora_mun,Internações fora do município de residência,% das internações de residentes,2024,39.0531
51011,Oeste Matogrossense,Oeste,deslocamento,pct_internacoes_fora_mun,Internações fora do município de residência,% das internações de residentes,2025,40.9474
51011,Oeste Matogrossense,Oeste,deslocamento,pct_internacoes_fora_regiao,Internações fora da região de saúde,% das internações de residentes,2020,6.2009
51011,Oeste Matogrossense,Oeste,deslocamento,pct_internacoes_fora_regiao,Internações fora da região de saúde,% das internações de residentes,2021,8.7908
51011,Oeste Matogrossense,Oeste,deslocamento,pct_internacoes_fora_regiao,Internações fora da região de saúde,% das internações de residentes,2022,7.5804
51011,Oeste Matogrossense,Oeste,deslocamento,pct_internacoes_fora_regiao,Internações fora da região de saúde,% das internações de residentes,2023,8.7926
51011,Oeste Matogrossense,Oeste,deslocamento,pct_internacoes_fora_regiao,Internações fora da região de saúde,% das internações de residentes,2024,8.7562
51011,Oeste Matogrossense,Oeste,deslocamento,pct_internacoes_fora_regiao,Internações fora da região de saúde,% das internações de residentes,2025,11.5122
51011,Oeste Matogrossense,Oeste,financiamento,desp_ab_pc,Despesa em atenção básica por habitante,R$ por habitante,2020,321.6737
51011,Oeste Matogrossense,Oeste,financiamento,desp_ab_pc,Despesa em atenção básica por habitante,R$ por habitante,2021,369.7674
51011,Oeste Matogrossense,Oeste,financiamento,desp_ab_pc,Despesa em atenção básica por habitante,R$ por habitante,2022,496.5757
51011,Oeste Matogrossense,Oeste,financiamento,desp_ab_pc,Despesa em atenção básica por habitante,R$ por habitante,2023,549.5562
51011,Oeste Matogrossense,Oeste,financiamento,desp_ab_pc,Despesa em atenção básica por habitante,R$ por habitante,2024,663.1195
51011,Oeste Matogrossense,Oeste,financiamento,desp_ab_pc,Despesa em atenção básica por habitante,R$ por habitante,2025,709.593
51011,Oeste Matogrossense,Oeste,financiamento,desp_mac_pc,Despesa em média e alta complexidade por habitante,R$ por habitante,2020,260.5357
51011,Oeste Matogrossense,Oeste,financiamento,desp_mac_pc,Despesa em média e alta complexidade por habitante,R$ por habitante,2021,373.297
51011,Oeste Matogrossense,Oeste,financiamento,desp_mac_pc,Despesa em média e alta complexidade por habitante,R$ por habitante,2022,433.5501
51011,Oeste Matogrossense,Oeste,financiamento,desp_mac_pc,Despesa em média e alta complexidade por habitante,R$ por habitante,2023,408.7435
51011,Oeste Matogrossense,Oeste,financiamento,desp_mac_pc,Despesa em média e alta complexidade por habitante,R$ por habitante,2024,481.4623
51011,Oeste Matogrossense,Oeste,financiamento,desp_mac_pc,Despesa em média e alta complexidade por habitante,R$ por habitante,2025,552.0159
51011,Oeste Matogrossense,Oeste,financiamento,desp_total_pc,Despesa em saúde por habitante,R$ por habitante,2020,759.8808
51011,Oeste Matogrossense,Oeste,financiamento,desp_total_pc,Despesa em saúde por habitante,R$ por habitante,2021,905.4769
51011,Oeste Matogrossense,Oeste,financiamento,desp_total_pc,Despesa em saúde por habitante,R$ por habitante,2022,1108.3265
51011,Oeste Matogrossense,Oeste,financiamento,desp_total_pc,Despesa em saúde por habitante,R$ por habitante,2023,1131.8189
51011,Oeste Matogrossense,Oeste,financiamento,desp_total_pc,Despesa em saúde por habitante,R$ por habitante,2024,1345.8451
51011,Oeste Matogrossense,Oeste,financiamento,desp_total_pc,Despesa em saúde por habitante,R$ por habitante,2025,1491.835
51011,Oeste Matogrossense,Oeste,financiamento,pct_capital,Despesa de capital,% da despesa total,2020,4.9275
51011,Oeste Matogrossense,Oeste,financiamento,pct_capital,Despesa de capital,% da despesa total,2021,5.2151
51011,Oeste Matogrossense,Oeste,financiamento,pct_capital,Despesa de capital,% da despesa total,2022,5.8082
51011,Oeste Matogrossense,Oeste,financiamento,pct_capital,Despesa de capital,% da despesa total,2023,2.8878
51011,Oeste Matogrossense,Oeste,financiamento,pct_capital,Despesa de capital,% da despesa total,2024,3.4533
51011,Oeste Matogrossense,Oeste,financiamento,pct_capital,Despesa de capital,% da despesa total,2025,6.3461
51011,Oeste Matogrossense,Oeste,financiamento,pct_recursos_proprios,Despesa com recursos próprios,% da despesa total,2020,70.0415
51011,Oeste Matogrossense,Oeste,financiamento,pct_recursos_proprios,Despesa com recursos próprios,% da despesa total,2021,72.4202
51011,Oeste Matogrossense,Oeste,financiamento,pct_recursos_proprios,Despesa com recursos próprios,% da despesa total,2022,67.2752
51011,Oeste Matogrossense,Oeste,financiamento,pct_recursos_proprios,Despesa com recursos próprios,% da despesa total,2023,70.6712
51011,Oeste Matogrossense,Oeste,financiamento,pct_recursos_proprios,Despesa com recursos próprios,% da despesa total,2024,64.6812
51011,Oeste Matogrossense,Oeste,financiamento,pct_recursos_proprios,Despesa com recursos próprios,% da despesa total,2025,69.1878
51011,Oeste Matogrossense,Oeste,media_alta,diarias_uti_p1000,Diárias de UTI por mil habitantes,diárias por mil hab.,2020,28.8602
51011,Oeste Matogrossense,Oeste,media_alta,diarias_uti_p1000,Diárias de UTI por mil habitantes,diárias por mil hab.,2021,34.9334
51011,Oeste Matogrossense,Oeste,media_alta,diarias_uti_p1000,Diárias de UTI por mil habitantes,diárias por mil hab.,2022,27.1778
51011,Oeste Matogrossense,Oeste,media_alta,diarias_uti_p1000,Diárias de UTI por mil habitantes,diárias por mil hab.,2023,31.0632
51011,Oeste Matogrossense,Oeste,media_alta,diarias_uti_p1000,Diárias de UTI por mil habitantes,diárias por mil hab.,2024,31.3366
51011,Oeste Matogrossense,Oeste,media_alta,diarias_uti_p1000,Diárias de UTI por mil habitantes,diárias por mil hab.,2025,31.2338
51011,Oeste Matogrossense,Oeste,media_alta,internacoes_local_p1000,Internações realizadas no município por mil habitantes,internações por mil hab.,2020,54.1442
51011,Oeste Matogrossense,Oeste,media_alta,internacoes_local_p1000,Internações realizadas no município por mil habitantes,internações por mil hab.,2021,58.159
51011,Oeste Matogrossense,Oeste,media_alta,internacoes_local_p1000,Internações realizadas no município por mil habitantes,internações por mil hab.,2022,63.1167
51011,Oeste Matogrossense,Oeste,media_alta,internacoes_local_p1000,Internações realizadas no município por mil habitantes,internações por mil hab.,2023,75.2431
51011,Oeste Matogrossense,Oeste,media_alta,internacoes_local_p1000,Internações realizadas no município por mil habitantes,internações por mil hab.,2024,80.1596
51011,Oeste Matogrossense,Oeste,media_alta,internacoes_local_p1000,Internações realizadas no município por mil habitantes,internações por mil hab.,2025,78.8472
51011,Oeste Matogrossense,Oeste,media_alta,internacoes_res_p1000,Internações de residentes por mil habitantes,internações por mil hab.,2020,50.5429
51011,Oeste Matogrossense,Oeste,media_alta,internacoes_res_p1000,Internações de residentes por mil habitantes,internações por mil hab.,2021,55.7534
51011,Oeste Matogrossense,Oeste,media_alta,internacoes_res_p1000,Internações de residentes por mil habitantes,internações por mil hab.,2022,60.3626
51011,Oeste Matogrossense,Oeste,media_alta,internacoes_res_p1000,Internações de residentes por mil habitantes,internações por mil hab.,2023,73.1808
51011,Oeste Matogrossense,Oeste,media_alta,internacoes_res_p1000,Internações de residentes por mil habitantes,internações por mil hab.,2024,78.7211
51011,Oeste Matogrossense,Oeste,media_alta,internacoes_res_p1000,Internações de residentes por mil habitantes,internações por mil hab.,2025,79.3236
51011,Oeste Matogrossense,Oeste,media_alta,mortalidade_hosp_pct,Mortalidade hospitalar,% das internações locais,2020,6.8553
51011,Oeste Matogrossense,Oeste,media_alta,mortalidade_hosp_pct,Mortalidade hospitalar,% das internações locais,2021,5.5035
51011,Oeste Matogrossense,Oeste,media_alta,mortalidade_hosp_pct,Mortalidade hospitalar,% das internações locais,2022,4.0199
51011,Oeste Matogrossense,Oeste,media_alta,mortalidade_hosp_pct,Mortalidade hospitalar,% das internações locais,2023,3.714
51011,Oeste Matogrossense,Oeste,media_alta,mortalidade_hosp_pct,Mortalidade hospitalar,% das internações locais,2024,3.8759
51011,Oeste Matogrossense,Oeste,media_alta,mortalidade_hosp_pct,Mortalidade hospitalar,% das internações locais,2025,4.0801
51011,Oeste Matogrossense,Oeste,media_alta,pct_urgencia,Internações de urgência,% das internações locais,2020,96.2987
51011,Oeste Matogrossense,Oeste,media_alta,pct_urgencia,Internações de urgência,% das internações locais,2021,95.4768
51011,Oeste Matogrossense,Oeste,media_alta,pct_urgencia,Internações de urgência,% das internações locais,2022,85.9646
51011,Oeste Matogrossense,Oeste,media_alta,pct_urgencia,Internações de urgência,% das internações locais,2023,89.3445
51011,Oeste Matogrossense,Oeste,media_alta,pct_urgencia,Internações de urgência,% das internações locais,2024,84.8899
51011,Oeste Matogrossense,Oeste,media_alta,pct_urgencia,Internações de urgência,% das internações locais,2025,87.6578
51011,Oeste Matogrossense,Oeste,media_alta,permanencia_media,Permanência média das internações,dias,2020,4.1611
51011,Oeste Matogrossense,Oeste,media_alta,permanencia_media,Permanência média das internações,dias,2021,3.8009
51011,Oeste Matogrossense,Oeste,media_alta,permanencia_media,Permanência média das internações,dias,2022,3.6745
51011,Oeste Matogrossense,Oeste,media_alta,permanencia_media,Permanência média das internações,dias,2023,3.9196
51011,Oeste Matogrossense,Oeste,media_alta,permanencia_media,Permanência média das internações,dias,2024,4.0186
51011,Oeste Matogrossense,Oeste,media_alta,permanencia_media,Permanência média das internações,dias,2025,4.1582
51011,Oeste Matogrossense,Oeste,media_alta,qtd_ac_local_pc,Procedimentos de alta complexidade por habitante,procedimentos por hab.,2020,0.2125
51011,Oeste Matogrossense,Oeste,media_alta,qtd_ac_local_pc,Procedimentos de alta complexidade por habitante,procedimentos por hab.,2021,0.2157
51011,Oeste Matogrossense,Oeste,media_alta,qtd_ac_local_pc,Procedimentos de alta complexidade por habitante,procedimentos por hab.,2022,0.2209
51011,Oeste Matogrossense,Oeste,media_alta,qtd_ac_local_pc,Procedimentos de alta complexidade por habitante,procedimentos por hab.,2023,0.2744
51011,Oeste Matogrossense,Oeste,media_alta,qtd_ac_local_pc,Procedimentos de alta complexidade por habitante,procedimentos por hab.,2024,0.2904
51011,Oeste Matogrossense,Oeste,media_alta,qtd_ac_local_pc,Procedimentos de alta complexidade por habitante,procedimentos por hab.,2025,0.2732
51011,Oeste Matogrossense,Oeste,media_alta,qtd_mc_local_pc,Procedimentos de média complexidade por habitante,procedimentos por hab.,2020,2.8557
51011,Oeste Matogrossense,Oeste,media_alta,qtd_mc_local_pc,Procedimentos de média complexidade por habitante,procedimentos por hab.,2021,2.9072
51011,Oeste Matogrossense,Oeste,media_alta,qtd_mc_local_pc,Procedimentos de média complexidade por habitante,procedimentos por hab.,2022,5.1862
51011,Oeste Matogrossense,Oeste,media_alta,qtd_mc_local_pc,Procedimentos de média complexidade por habitante,procedimentos por hab.,2023,6.3504
51011,Oeste Matogrossense,Oeste,media_alta,qtd_mc_local_pc,Procedimentos de média complexidade por habitante,procedimentos por hab.,2024,6.5994
51011,Oeste Matogrossense,Oeste,media_alta,qtd_mc_local_pc,Procedimentos de média complexidade por habitante,procedimentos por hab.,2025,5.9204
51011,Oeste Matogrossense,Oeste,media_alta,valor_sih_local_pc,Valor das internações realizadas no município por habitante,R$ por habitante,2020,54.9736
51011,Oeste Matogrossense,Oeste,media_alta,valor_sih_local_pc,Valor das internações realizadas no município por habitante,R$ por habitante,2021,71.6655
51011,Oeste Matogrossense,Oeste,media_alta,valor_sih_local_pc,Valor das internações realizadas no município por habitante,R$ por habitante,2022,59.2861
51011,Oeste Matogrossense,Oeste,media_alta,valor_sih_local_pc,Valor das internações realizadas no município por habitante,R$ por habitante,2023,70.8428
51011,Oeste Matogrossense,Oeste,media_alta,valor_sih_local_pc,Valor das internações realizadas no município por habitante,R$ por habitante,2024,76.3555
51011,Oeste Matogrossense,Oeste,media_alta,valor_sih_local_pc,Valor das internações realizadas no município por habitante,R$ por habitante,2025,76.6834
51011,Oeste Matogrossense,Oeste,media_alta,valor_sih_res_pc,Valor das internações de residentes por habitante,R$ por habitante,2020,57.79
51011,Oeste Matogrossense,Oeste,media_alta,valor_sih_res_pc,Valor das internações de residentes por habitante,R$ por habitante,2021,92.2018
51011,Oeste Matogrossense,Oeste,media_alta,valor_sih_res_pc,Valor das internações de residentes por habitante,R$ por habitante,2022,64.0266
51011,Oeste Matogrossense,Oeste,media_alta,valor_sih_res_pc,Valor das internações de residentes por habitante,R$ por habitante,2023,82.4569
51011,Oeste Matogrossense,Oeste,media_alta,valor_sih_res_pc,Valor das internações de residentes por habitante,R$ por habitante,2024,92.9549
51011,Oeste Matogrossense,Oeste,media_alta,valor_sih_res_pc,Valor das internações de residentes por habitante,R$ por habitante,2025,94.7627
51011,Oeste Matogrossense,Oeste,resultados,pct_baixo_peso,Nascidos vivos com baixo peso,% dos nascidos vivos,2020,7.9192
51011,Oeste Matogrossense,Oeste,resultados,pct_baixo_peso,Nascidos vivos com baixo peso,% dos nascidos vivos,2021,7.4744
51011,Oeste Matogrossense,Oeste,resultados,pct_baixo_peso,Nascidos vivos com baixo peso,% dos nascidos vivos,2022,8.205
51011,Oeste Matogrossense,Oeste,resultados,pct_baixo_peso,Nascidos vivos com baixo peso,% dos nascidos vivos,2023,8.8575
51011,Oeste Matogrossense,Oeste,resultados,pct_baixo_peso,Nascidos vivos com baixo peso,% dos nascidos vivos,2024,7.6383
51011,Oeste Matogrossense,Oeste,resultados,pct_cesarea,Partos cesáreos,% dos nascidos vivos,2020,73.2394
51011,Oeste Matogrossense,Oeste,resultados,pct_cesarea,Partos cesáreos,% dos nascidos vivos,2021,74.2663
51011,Oeste Matogrossense,Oeste,resultados,pct_cesarea,Partos cesáreos,% dos nascidos vivos,2022,73.1714
51011,Oeste Matogrossense,Oeste,resultados,pct_cesarea,Partos cesáreos,% dos nascidos vivos,2023,73.8978
51011,Oeste Matogrossense,Oeste,resultados,pct_cesarea,Partos cesáreos,% dos nascidos vivos,2024,79.2079
51011,Oeste Matogrossense,Oeste,resultados,pct_mae_adolescente,Nascidos vivos de mães adolescentes,% dos nascidos vivos,2020,17.8476
51011,Oeste Matogrossense,Oeste,resultados,pct_mae_adolescente,Nascidos vivos de mães adolescentes,% dos nascidos vivos,2021,16.991
51011,Oeste Matogrossense,Oeste,resultados,pct_mae_adolescente,Nascidos vivos de mães adolescentes,% dos nascidos vivos,2022,17.166
51011,Oeste Matogrossense,Oeste,resultados,pct_mae_adolescente,Nascidos vivos de mães adolescentes,% dos nascidos vivos,2023,15.1785
51011,Oeste Matogrossense,Oeste,resultados,pct_mae_adolescente,Nascidos vivos de mães adolescentes,% dos nascidos vivos,2024,14.3953
51011,Oeste Matogrossense,Oeste,resultados,pct_prenatal_7mais,Nascidos vivos com 7 ou mais consultas de pré-natal,% dos nascidos vivos,2020,61.4385
51011,Oeste Matogrossense,Oeste,resultados,pct_prenatal_7mais,Nascidos vivos com 7 ou mais consultas de pré-natal,% dos nascidos vivos,2021,63.3891
51011,Oeste Matogrossense,Oeste,resultados,pct_prenatal_7mais,Nascidos vivos com 7 ou mais consultas de pré-natal,% dos nascidos vivos,2022,65.5936
51011,Oeste Matogrossense,Oeste,resultados,pct_prenatal_7mais,Nascidos vivos com 7 ou mais consultas de pré-natal,% dos nascidos vivos,2023,68.3428
51011,Oeste Matogrossense,Oeste,resultados,pct_prenatal_7mais,Nascidos vivos com 7 ou mais consultas de pré-natal,% dos nascidos vivos,2024,74.0115
51011,Oeste Matogrossense,Oeste,resultados,taxa_mortalidade_geral,Taxa de mortalidade geral,óbitos por mil habitantes,2020,7.7299
51011,Oeste Matogrossense,Oeste,resultados,taxa_mortalidade_geral,Taxa de mortalidade geral,óbitos por mil habitantes,2021,9.4573
51011,Oeste Matogrossense,Oeste,resultados,taxa_mortalidade_geral,Taxa de mortalidade geral,óbitos por mil habitantes,2022,7.9045
51011,Oeste Matogrossense,Oeste,resultados,taxa_mortalidade_geral,Taxa de mortalidade geral,óbitos por mil habitantes,2023,7.8345
51011,Oeste Matogrossense,Oeste,resultados,taxa_mortalidade_geral,Taxa de mortalidade geral,óbitos por mil habitantes,2024,7.9839
51011,Oeste Matogrossense,Oeste,resultados,taxa_mortalidade_infantil,Taxa de mortalidade infantil,óbitos por mil nascidos vivos,2020,12.4957
51011,Oeste Matogrossense,Oeste,resultados,taxa_mortalidade_infantil,Taxa de mortalidade infantil,óbitos por mil nascidos vivos,2021,14.4519
51011,Oeste Matogrossense,Oeste,resultados,taxa_mortalidade_infantil,Taxa de mortalidade infantil,óbitos por mil nascidos vivos,2022,13.9092
51011,Oeste Matogrossense,Oeste,resultados,taxa_mortalidade_infantil,Taxa de mortalidade infantil,óbitos por mil nascidos vivos,2023,18.9732
51011,Oeste Matogrossense,Oeste,resultados,taxa_mortalidade_infantil,Taxa de mortalidade infantil,óbitos por mil nascidos vivos,2024,17.1931
51012,Sudoeste Matogrossense,Oeste,atencao_basica,atend_individual_pc,Atendimentos individuais na atenção básica por habitante,atendimentos por hab.,2020,1.0844
51012,Sudoeste Matogrossense,Oeste,atencao_basica,atend_individual_pc,Atendimentos individuais na atenção básica por habitante,atendimentos por hab.,2021,1.2993
51012,Sudoeste Matogrossense,Oeste,atencao_basica,atend_individual_pc,Atendimentos individuais na atenção básica por habitante,atendimentos por hab.,2022,1.7299
51012,Sudoeste Matogrossense,Oeste,atencao_basica,atend_individual_pc,Atendimentos individuais na atenção básica por habitante,atendimentos por hab.,2023,1.9716
51012,Sudoeste Matogrossense,Oeste,atencao_basica,atend_individual_pc,Atendimentos individuais na atenção básica por habitante,atendimentos por hab.,2024,2.2616
51012,Sudoeste Matogrossense,Oeste,atencao_basica,atend_individual_pc,Atendimentos individuais na atenção básica por habitante,atendimentos por hab.,2025,2.2373
51012,Sudoeste Matogrossense,Oeste,atencao_basica,atend_odonto_pc,Atendimentos odontológicos por habitante,atendimentos por hab.,2020,0.0689
51012,Sudoeste Matogrossense,Oeste,atencao_basica,atend_odonto_pc,Atendimentos odontológicos por habitante,atendimentos por hab.,2021,0.1323
51012,Sudoeste Matogrossense,Oeste,atencao_basica,atend_odonto_pc,Atendimentos odontológicos por habitante,atendimentos por hab.,2022,0.2379
51012,Sudoeste Matogrossense,Oeste,atencao_basica,atend_odonto_pc,Atendimentos odontológicos por habitante,atendimentos por hab.,2023,0.268
51012,Sudoeste Matogrossense,Oeste,atencao_basica,atend_odonto_pc,Atendimentos odontológicos por habitante,atendimentos por hab.,2024,0.2934
51012,Sudoeste Matogrossense,Oeste,atencao_basica,atend_odonto_pc,Atendimentos odontológicos por habitante,atendimentos por hab.,2025,0.2985
51012,Sudoeste Matogrossense,Oeste,atencao_basica,doses_menor1_por_nv,Doses de vacina em menores de 1 ano por nascido vivo,doses por nascido vivo,2020,11.9373
51012,Sudoeste Matogrossense,Oeste,atencao_basica,doses_menor1_por_nv,Doses de vacina em menores de 1 ano por nascido vivo,doses por nascido vivo,2021,14.5624
51012,Sudoeste Matogrossense,Oeste,atencao_basica,doses_menor1_por_nv,Doses de vacina em menores de 1 ano por nascido vivo,doses por nascido vivo,2022,15.895
51012,Sudoeste Matogrossense,Oeste,atencao_basica,doses_menor1_por_nv,Doses de vacina em menores de 1 ano por nascido vivo,doses por nascido vivo,2023,15.8236
51012,Sudoeste Matogrossense,Oeste,atencao_basica,doses_menor1_por_nv,Doses de vacina em menores de 1 ano por nascido vivo,doses por nascido vivo,2024,16.5625
51012,Sudoeste Matogrossense,Oeste,atencao_basica,doses_pc,Doses de vacina aplicadas por habitante,doses por hab.,2020,0.6631
51012,Sudoeste Matogrossense,Oeste,atencao_basica,doses_pc,Doses de vacina aplicadas por habitante,doses por hab.,2021,0.7406
51012,Sudoeste Matogrossense,Oeste,atencao_basica,doses_pc,Doses de vacina aplicadas por habitante,doses por hab.,2022,0.9034
51012,Sudoeste Matogrossense,Oeste,atencao_basica,doses_pc,Doses de vacina aplicadas por habitante,doses por hab.,2023,0.8407
51012,Sudoeste Matogrossense,Oeste,atencao_basica,doses_pc,Doses de vacina aplicadas por habitante,doses por hab.,2024,0.8601
51012,Sudoeste Matogrossense,Oeste,atencao_basica,doses_pc,Doses de vacina aplicadas por habitante,doses por hab.,2025,0.8591
51012,Sudoeste Matogrossense,Oeste,atencao_basica,procedimentos_ab_pc,Procedimentos na atenção básica por habitante,procedimentos por hab.,2020,1.7857
51012,Sudoeste Matogrossense,Oeste,atencao_basica,procedimentos_ab_pc,Procedimentos na atenção básica por habitante,procedimentos por hab.,2021,2.1143
51012,Sudoeste Matogrossense,Oeste,atencao_basica,procedimentos_ab_pc,Procedimentos na atenção básica por habitante,procedimentos por hab.,2022,2.61
51012,Sudoeste Matogrossense,Oeste,atencao_basica,procedimentos_ab_pc,Procedimentos na atenção básica por habitante,procedimentos por hab.,2023,2.8842
51012,Sudoeste Matogrossense,Oeste,atencao_basica,procedimentos_ab_pc,Procedimentos na atenção básica por habitante,procedimentos por hab.,2024,3.3161
51012,Sudoeste Matogrossense,Oeste,atencao_basica,procedimentos_ab_pc,Procedimentos na atenção básica por habitante,procedimentos por hab.,2025,3.4906
51012,Sudoeste Matogrossense,Oeste,atencao_basica,visitas_pc,Visitas domiciliares por habitante,visitas por hab.,2020,3.185
51012,Sudoeste Matogrossense,Oeste,atencao_basica,visitas_pc,Visitas domiciliares por habitante,visitas por hab.,2021,3.1269
51012,Sudoeste Matogrossense,Oeste,atencao_basica,visitas_pc,Visitas domiciliares por habitante,visitas por hab.,2022,5.186
51012,Sudoeste Matogrossense,Oeste,atencao_basica,visitas_pc,Visitas domiciliares por habitante,visitas por hab.,2023,4.827
51012,Sudoeste Matogrossense,Oeste,atencao_basica,visitas_pc,Visitas domiciliares por habitante,visitas por hab.,2024,4.5827
51012,Sudoeste Matogrossense,Oeste,atencao_basica,visitas_pc,Visitas domiciliares por habitante,visitas por hab.,2025,5.4768
51012,Sudoeste Matogrossense,Oeste,capacidade,equip_sus_p10000,Equipamentos SUS em uso por 10 mil habitantes,equipamentos por 10 mil hab.,2020,33.6046
51012,Sudoeste Matogrossense,Oeste,capacidade,equip_sus_p10000,Equipamentos SUS em uso por 10 mil habitantes,equipamentos por 10 mil hab.,2021,42.9356
51012,Sudoeste Matogrossense,Oeste,capacidade,equip_sus_p10000,Equipamentos SUS em uso por 10 mil habitantes,equipamentos por 10 mil hab.,2022,43.2549
51012,Sudoeste Matogrossense,Oeste,capacidade,equip_sus_p10000,Equipamentos SUS em uso por 10 mil habitantes,equipamentos por 10 mil hab.,2023,44.7696
51012,Sudoeste Matogrossense,Oeste,capacidade,equip_sus_p10000,Equipamentos SUS em uso por 10 mil habitantes,equipamentos por 10 mil hab.,2024,52.6195
51012,Sudoeste Matogrossense,Oeste,capacidade,equip_sus_p10000,Equipamentos SUS em uso por 10 mil habitantes,equipamentos por 10 mil hab.,2025,59.34
51012,Sudoeste Matogrossense,Oeste,capacidade,equipes_esf_p10000,Equipes de Saúde da Família por 10 mil habitantes,equipes por 10 mil hab.,2020,3.1896
51012,Sudoeste Matogrossense,Oeste,capacidade,equipes_esf_p10000,Equipes de Saúde da Família por 10 mil habitantes,equipes por 10 mil hab.,2021,3.3673
51012,Sudoeste Matogrossense,Oeste,capacidade,equipes_esf_p10000,Equipes de Saúde da Família por 10 mil habitantes,equipes por 10 mil hab.,2022,3.2597
51012,Sudoeste Matogrossense,Oeste,capacidade,equipes_esf_p10000,Equipes de Saúde da Família por 10 mil habitantes,equipes por 10 mil hab.,2023,3.1105
51012,Sudoeste Matogrossense,Oeste,capacidade,equipes_esf_p10000,Equipes de Saúde da Família por 10 mil habitantes,equipes por 10 mil hab.,2024,3.0301
51012,Sudoeste Matogrossense,Oeste,capacidade,equipes_esf_p10000,Equipes de Saúde da Família por 10 mil habitantes,equipes por 10 mil hab.,2025,2.9532
51012,Sudoeste Matogrossense,Oeste,capacidade,fte_acs_p1000,Agentes comunitários de saúde por mil habitantes,FTE por mil hab.,2020,3.5167
51012,Sudoeste Matogrossense,Oeste,capacidade,fte_acs_p1000,Agentes comunitários de saúde por mil habitantes,FTE por mil hab.,2021,3.5392
51012,Sudoeste Matogrossense,Oeste,capacidade,fte_acs_p1000,Agentes comunitários de saúde por mil habitantes,FTE por mil hab.,2022,3.4826
51012,Sudoeste Matogrossense,Oeste,capacidade,fte_acs_p1000,Agentes comunitários de saúde por mil habitantes,FTE por mil hab.,2023,3.5834
51012,Sudoeste Matogrossense,Oeste,capacidade,fte_acs_p1000,Agentes comunitários de saúde por mil habitantes,FTE por mil hab.,2024,3.3563
51012,Sudoeste Matogrossense,Oeste,capacidade,fte_acs_p1000,Agentes comunitários de saúde por mil habitantes,FTE por mil hab.,2025,2.7471
51012,Sudoeste Matogrossense,Oeste,capacidade,fte_dentistas_p1000,Dentistas SUS por mil habitantes,FTE por mil hab.,2020,0.3037
51012,Sudoeste Matogrossense,Oeste,capacidade,fte_dentistas_p1000,Dentistas SUS por mil habitantes,FTE por mil hab.,2021,0.2568
51012,Sudoeste Matogrossense,Oeste,capacidade,fte_dentistas_p1000,Dentistas SUS por mil habitantes,FTE por mil hab.,2022,0.2492
51012,Sudoeste Matogrossense,Oeste,capacidade,fte_dentistas_p1000,Dentistas SUS por mil habitantes,FTE por mil hab.,2023,0.292
51012,Sudoeste Matogrossense,Oeste,capacidade,fte_dentistas_p1000,Dentistas SUS por mil habitantes,FTE por mil hab.,2024,0.3032
51012,Sudoeste Matogrossense,Oeste,capacidade,fte_dentistas_p1000,Dentistas SUS por mil habitantes,FTE por mil hab.,2025,0.3075
51012,Sudoeste Matogrossense,Oeste,capacidade,fte_enfermeiros_p1000,Enfermeiros SUS por mil habitantes,FTE por mil hab.,2020,0.9476
51012,Sudoeste Matogrossense,Oeste,capacidade,fte_enfermeiros_p1000,Enfermeiros SUS por mil habitantes,FTE por mil hab.,2021,1.1013
51012,Sudoeste Matogrossense,Oeste,capacidade,fte_enfermeiros_p1000,Enfermeiros SUS por mil habitantes,FTE por mil hab.,2022,1.1353
51012,Sudoeste Matogrossense,Oeste,capacidade,fte_enfermeiros_p1000,Enfermeiros SUS por mil habitantes,FTE por mil hab.,2023,1.1355
51012,Sudoeste Matogrossense,Oeste,capacidade,fte_enfermeiros_p1000,Enfermeiros SUS por mil habitantes,FTE por mil hab.,2024,1.1608
51012,Sudoeste Matogrossense,Oeste,capacidade,fte_enfermeiros_p1000,Enfermeiros SUS por mil habitantes,FTE por mil hab.,2025,1.2433
51012,Sudoeste Matogrossense,Oeste,capacidade,fte_medicos_p1000,Médicos SUS por mil habitantes,FTE por mil hab.,2020,0.7287
51012,Sudoeste Matogrossense,Oeste,capacidade,fte_medicos_p1000,Médicos SUS por mil habitantes,FTE por mil hab.,2021,0.8082
51012,Sudoeste Matogrossense,Oeste,capacidade,fte_medicos_p1000,Médicos SUS por mil habitantes,FTE por mil hab.,2022,0.8591
51012,Sudoeste Matogrossense,Oeste,capacidade,fte_medicos_p1000,Médicos SUS por mil habitantes,FTE por mil hab.,2023,0.9082
51012,Sudoeste Matogrossense,Oeste,capacidade,fte_medicos_p1000,Médicos SUS por mil habitantes,FTE por mil hab.,2024,1.061
51012,Sudoeste Matogrossense,Oeste,capacidade,fte_medicos_p1000,Médicos SUS por mil habitantes,FTE por mil hab.,2025,1.1348
51012,Sudoeste Matogrossense,Oeste,capacidade,fte_tec_enfermagem_p1000,Técnicos de enfermagem SUS por mil habitantes,FTE por mil hab.,2020,1.9426
51012,Sudoeste Matogrossense,Oeste,capacidade,fte_tec_enfermagem_p1000,Técnicos de enfermagem SUS por mil habitantes,FTE por mil hab.,2021,2.1913
51012,Sudoeste Matogrossense,Oeste,capacidade,fte_tec_enfermagem_p1000,Técnicos de enfermagem SUS por mil habitantes,FTE por mil hab.,2022,2.3203
51012,Sudoeste Matogrossense,Oeste,capacidade,fte_tec_enfermagem_p1000,Técnicos de enfermagem SUS por mil habitantes,FTE por mil hab.,2023,2.3055
51012,Sudoeste Matogrossense,Oeste,capacidade,fte_tec_enfermagem_p1000,Técnicos de enfermagem SUS por mil habitantes,FTE por mil hab.,2024,2.5182
51012,Sudoeste Matogrossense,Oeste,capacidade,fte_tec_enfermagem_p1000,Técnicos de enfermagem SUS por mil habitantes,FTE por mil hab.,2025,3.3975
51012,Sudoeste Matogrossense,Oeste,capacidade,leitos_sus_p1000,Leitos SUS por mil habitantes,leitos por mil hab.,2020,1.3647
51012,Sudoeste Matogrossense,Oeste,capacidade,leitos_sus_p1000,Leitos SUS por mil habitantes,leitos por mil hab.,2021,1.6251
51012,Sudoeste Matogrossense,Oeste,capacidade,leitos_sus_p1000,Leitos SUS por mil habitantes,leitos por mil hab.,2022,1.656
51012,Sudoeste Matogrossense,Oeste,capacidade,leitos_sus_p1000,Leitos SUS por mil habitantes,leitos por mil hab.,2023,1.6555
51012,Sudoeste Matogrossense,Oeste,capacidade,leitos_sus_p1000,Leitos SUS por mil habitantes,leitos por mil hab.,2024,1.6225
51012,Sudoeste Matogrossense,Oeste,capacidade,leitos_sus_p1000,Leitos SUS por mil habitantes,leitos por mil hab.,2025,1.6142
51012,Sudoeste Matogrossense,Oeste,capacidade,leitos_uti_sus,Leitos de UTI SUS,leitos,2020,0.0
51012,Sudoeste Matogrossense,Oeste,capacidade,leitos_uti_sus,Leitos de UTI SUS,leitos,2021,0.0
51012,Sudoeste Matogrossense,Oeste,capacidade,leitos_uti_sus,Leitos de UTI SUS,leitos,2022,0.0
51012,Sudoeste Matogrossense,Oeste,capacidade,leitos_uti_sus,Leitos de UTI SUS,leitos,2023,0.0
51012,Sudoeste Matogrossense,Oeste,capacidade,leitos_uti_sus,Leitos de UTI SUS,leitos,2024,0.0
51012,Sudoeste Matogrossense,Oeste,capacidade,leitos_uti_sus,Leitos de UTI SUS,leitos,2025,0.0
51012,Sudoeste Matogrossense,Oeste,capacidade,n_equipes_eap,Equipes de atenção primária (eAP),equipes,2020,0.0
51012,Sudoeste Matogrossense,Oeste,capacidade,n_equipes_eap,Equipes de atenção primária (eAP),equipes,2021,0.0
51012,Sudoeste Matogrossense,Oeste,capacidade,n_equipes_eap,Equipes de atenção primária (eAP),equipes,2022,0.0
51012,Sudoeste Matogrossense,Oeste,capacidade,n_equipes_eap,Equipes de atenção primária (eAP),equipes,2023,1.0
51012,Sudoeste Matogrossense,Oeste,capacidade,n_equipes_eap,Equipes de atenção primária (eAP),equipes,2024,1.0
51012,Sudoeste Matogrossense,Oeste,capacidade,n_equipes_eap,Equipes de atenção primária (eAP),equipes,2025,1.0
51012,Sudoeste Matogrossense,Oeste,capacidade,n_equipes_esb,Equipes de saúde bucal,equipes,2020,26.0
51012,Sudoeste Matogrossense,Oeste,capacidade,n_equipes_esb,Equipes de saúde bucal,equipes,2021,29.0
51012,Sudoeste Matogrossense,Oeste,capacidade,n_equipes_esb,Equipes de saúde bucal,equipes,2022,29.0
51012,Sudoeste Matogrossense,Oeste,capacidade,n_equipes_esb,Equipes de saúde bucal,equipes,2023,30.0
51012,Sudoeste Matogrossense,Oeste,capacidade,n_equipes_esb,Equipes de saúde bucal,equipes,2024,32.0
51012,Sudoeste Matogrossense,Oeste,capacidade,n_equipes_esb,Equipes de saúde bucal,equipes,2025,32.0
51012,Sudoeste Matogrossense,Oeste,capacidade,n_estab_sus,Estabelecimentos com atendimento SUS,estabelecimentos,2020,159.0
51012,Sudoeste Matogrossense,Oeste,capacidade,n_estab_sus,Estabelecimentos com atendimento SUS,estabelecimentos,2021,165.0
51012,Sudoeste Matogrossense,Oeste,capacidade,n_estab_sus,Estabelecimentos com atendimento SUS,estabelecimentos,2022,179.0
51012,Sudoeste Matogrossense,Oeste,capacidade,n_estab_sus,Estabelecimentos com atendimento SUS,estabelecimentos,2023,185.0
51012,Sudoeste Matogrossense,Oeste,capacidade,n_estab_sus,Estabelecimentos com atendimento SUS,estabelecimentos,2024,188.0
51012,Sudoeste Matogrossense,Oeste,capacidade,n_estab_sus,Estabelecimentos com atendimento SUS,estabelecimentos,2025,195.0
51012,Sudoeste Matogrossense,Oeste,capacidade,n_hospitais_sus,Hospitais SUS,hospitais,2020,5.0
51012,Sudoeste Matogrossense,Oeste,capacidade,n_hospitais_sus,Hospitais SUS,hospitais,2021,5.0
51012,Sudoeste Matogrossense,Oeste,capacidade,n_hospitais_sus,Hospitais SUS,hospitais,2022,5.0
51012,Sudoeste Matogrossense,Oeste,capacidade,n_hospitais_sus,Hospitais SUS,hospitais,2023,5.0
51012,Sudoeste Matogrossense,Oeste,capacidade,n_hospitais_sus,Hospitais SUS,hospitais,2024,5.0
51012,Sudoeste Matogrossense,Oeste,capacidade,n_hospitais_sus,Hospitais SUS,hospitais,2025,5.0
51012,Sudoeste Matogrossense,Oeste,capacidade,n_ubs,Unidades básicas de saúde,unidades,2020,56.0
51012,Sudoeste Matogrossense,Oeste,capacidade,n_ubs,Unidades básicas de saúde,unidades,2021,54.0
51012,Sudoeste Matogrossense,Oeste,capacidade,n_ubs,Unidades básicas de saúde,unidades,2022,56.0
51012,Sudoeste Matogrossense,Oeste,capacidade,n_ubs,Unidades básicas de saúde,unidades,2023,52.0
51012,Sudoeste Matogrossense,Oeste,capacidade,n_ubs,Unidades básicas de saúde,unidades,2024,49.0
51012,Sudoeste Matogrossense,Oeste,capacidade,n_ubs,Unidades básicas de saúde,unidades,2025,50.0
51012,Sudoeste Matogrossense,Oeste,capacidade,n_upa,Unidades de pronto atendimento,unidades,2020,1.0
51012,Sudoeste Matogrossense,Oeste,capacidade,n_upa,Unidades de pronto atendimento,unidades,2021,1.0
51012,Sudoeste Matogrossense,Oeste,capacidade,n_upa,Unidades de pronto atendimento,unidades,2022,1.0
51012,Sudoeste Matogrossense,Oeste,capacidade,n_upa,Unidades de pronto atendimento,unidades,2023,1.0
51012,Sudoeste Matogrossense,Oeste,capacidade,n_upa,Unidades de pronto atendimento,unidades,2024,3.0
51012,Sudoeste Matogrossense,Oeste,capacidade,n_upa,Unidades de pronto atendimento,unidades,2025,3.0
51012,Sudoeste Matogrossense,Oeste,contexto,populacao,População,habitantes,2020,120171.0
51012,Sudoeste Matogrossense,Oeste,contexto,populacao,População,habitantes,2021,121016.0
51012,Sudoeste Matogrossense,Oeste,contexto,populacao,População,habitantes,2022,124245.0
51012,Sudoeste Matogrossense,Oeste,contexto,populacao,População,habitantes,2023,126443.0
51012,Sudoeste Matogrossense,Oeste,contexto,populacao,População,habitantes,2024,128709.0
51012,Sudoeste Matogrossense,Oeste,contexto,populacao,População,habitantes,2025,130096.0
51012,Sudoeste Matogrossense,Oeste,deslocamento,km_medio_internacao,Distância média até a internação,km,2020,68.6704
51012,Sudoeste Matogrossense,Oeste,deslocamento,km_medio_internacao,Distância média até a internação,km,2021,72.9545
51012,Sudoeste Matogrossense,Oeste,deslocamento,km_medio_internacao,Distância média até a internação,km,2022,71.158
51012,Sudoeste Matogrossense,Oeste,deslocamento,km_medio_internacao,Distância média até a internação,km,2023,84.1066
51012,Sudoeste Matogrossense,Oeste,deslocamento,km_medio_internacao,Distância média até a internação,km,2024,85.6074
51012,Sudoeste Matogrossense,Oeste,deslocamento,km_medio_internacao,Distância média até a internação,km,2025,89.404
51012,Sudoeste Matogrossense,Oeste,deslocamento,pct_internacoes_fora_mun,Internações fora do município de residência,% das internações de residentes,2020,34.9797
51012,Sudoeste Matogrossense,Oeste,deslocamento,pct_internacoes_fora_mun,Internações fora do município de residência,% das internações de residentes,2021,34.9688
51012,Sudoeste Matogrossense,Oeste,deslocamento,pct_internacoes_fora_mun,Internações fora do município de residência,% das internações de residentes,2022,35.4263
51012,Sudoeste Matogrossense,Oeste,deslocamento,pct_internacoes_fora_mun,Internações fora do município de residência,% das internações de residentes,2023,39.4447
51012,Sudoeste Matogrossense,Oeste,deslocamento,pct_internacoes_fora_mun,Internações fora do município de residência,% das internações de residentes,2024,39.4439
51012,Sudoeste Matogrossense,Oeste,deslocamento,pct_internacoes_fora_mun,Internações fora do município de residência,% das internações de residentes,2025,42.2471
51012,Sudoeste Matogrossense,Oeste,deslocamento,pct_internacoes_fora_regiao,Internações fora da região de saúde,% das internações de residentes,2020,20.7974
51012,Sudoeste Matogrossense,Oeste,deslocamento,pct_internacoes_fora_regiao,Internações fora da região de saúde,% das internações de residentes,2021,22.2929
51012,Sudoeste Matogrossense,Oeste,deslocamento,pct_internacoes_fora_regiao,Internações fora da região de saúde,% das internações de residentes,2022,19.5215
51012,Sudoeste Matogrossense,Oeste,deslocamento,pct_internacoes_fora_regiao,Internações fora da região de saúde,% das internações de residentes,2023,22.8436
51012,Sudoeste Matogrossense,Oeste,deslocamento,pct_internacoes_fora_regiao,Internações fora da região de saúde,% das internações de residentes,2024,23.2328
51012,Sudoeste Matogrossense,Oeste,deslocamento,pct_internacoes_fora_regiao,Internações fora da região de saúde,% das internações de residentes,2025,23.6347
51012,Sudoeste Matogrossense,Oeste,financiamento,desp_ab_pc,Despesa em atenção básica por habitante,R$ por habitante,2020,429.1561
51012,Sudoeste Matogrossense,Oeste,financiamento,desp_ab_pc,Despesa em atenção básica por habitante,R$ por habitante,2021,463.8369
51012,Sudoeste Matogrossense,Oeste,financiamento,desp_ab_pc,Despesa em atenção básica por habitante,R$ por habitante,2022,573.4985
51012,Sudoeste Matogrossense,Oeste,financiamento,desp_ab_pc,Despesa em atenção básica por habitante,R$ por habitante,2023,620.5615
51012,Sudoeste Matogrossense,Oeste,financiamento,desp_ab_pc,Despesa em atenção básica por habitante,R$ por habitante,2024,709.049
51012,Sudoeste Matogrossense,Oeste,financiamento,desp_ab_pc,Despesa em atenção básica por habitante,R$ por habitante,2025,821.6978
51012,Sudoeste Matogrossense,Oeste,financiamento,desp_mac_pc,Despesa em média e alta complexidade por habitante,R$ por habitante,2020,396.2672
51012,Sudoeste Matogrossense,Oeste,financiamento,desp_mac_pc,Despesa em média e alta complexidade por habitante,R$ por habitante,2021,466.8936
51012,Sudoeste Matogrossense,Oeste,financiamento,desp_mac_pc,Despesa em média e alta complexidade por habitante,R$ por habitante,2022,574.565
51012,Sudoeste Matogrossense,Oeste,financiamento,desp_mac_pc,Despesa em média e alta complexidade por habitante,R$ por habitante,2023,584.3463
51012,Sudoeste Matogrossense,Oeste,financiamento,desp_mac_pc,Despesa em média e alta complexidade por habitante,R$ por habitante,2024,708.0954
51012,Sudoeste Matogrossense,Oeste,financiamento,desp_mac_pc,Despesa em média e alta complexidade por habitante,R$ por habitante,2025,858.6683
51012,Sudoeste Matogrossense,Oeste,financiamento,desp_total_pc,Despesa em saúde por habitante,R$ por habitante,2020,1113.227
51012,Sudoeste Matogrossense,Oeste,financiamento,desp_total_pc,Despesa em saúde por habitante,R$ por habitante,2021,1282.1683
51012,Sudoeste Matogrossense,Oeste,financiamento,desp_total_pc,Despesa em saúde por habitante,R$ por habitante,2022,1483.752
51012,Sudoeste Matogrossense,Oeste,financiamento,desp_total_pc,Despesa em saúde por habitante,R$ por habitante,2023,1550.8221
51012,Sudoeste Matogrossense,Oeste,financiamento,desp_total_pc,Despesa em saúde por habitante,R$ por habitante,2024,1814.3563
51012,Sudoeste Matogrossense,Oeste,financiamento,desp_total_pc,Despesa em saúde por habitante,R$ por habitante,2025,2076.7575
51012,Sudoeste Matogrossense,Oeste,financiamento,pct_capital,Despesa de capital,% da despesa total,2020,5.2111
51012,Sudoeste Matogrossense,Oeste,financiamento,pct_capital,Despesa de capital,% da despesa total,2021,6.0457
51012,Sudoeste Matogrossense,Oeste,financiamento,pct_capital,Despesa de capital,% da despesa total,2022,7.4838
51012,Sudoeste Matogrossense,Oeste,financiamento,pct_capital,Despesa de capital,% da despesa total,2023,5.7858
51012,Sudoeste Matogrossense,Oeste,financiamento,pct_capital,Despesa de capital,% da despesa total,2024,3.1163
51012,Sudoeste Matogrossense,Oeste,financiamento,pct_capital,Despesa de capital,% da despesa total,2025,4.2777
51012,Sudoeste Matogrossense,Oeste,financiamento,pct_recursos_proprios,Despesa com recursos próprios,% da despesa total,2020,57.8175
51012,Sudoeste Matogrossense,Oeste,financiamento,pct_recursos_proprios,Despesa com recursos próprios,% da despesa total,2021,57.9342
51012,Sudoeste Matogrossense,Oeste,financiamento,pct_recursos_proprios,Despesa com recursos próprios,% da despesa total,2022,62.861
51012,Sudoeste Matogrossense,Oeste,financiamento,pct_recursos_proprios,Despesa com recursos próprios,% da despesa total,2023,67.7404
51012,Sudoeste Matogrossense,Oeste,financiamento,pct_recursos_proprios,Despesa com recursos próprios,% da despesa total,2024,66.408
51012,Sudoeste Matogrossense,Oeste,financiamento,pct_recursos_proprios,Despesa com recursos próprios,% da despesa total,2025,69.4153
51012,Sudoeste Matogrossense,Oeste,media_alta,diarias_uti_p1000,Diárias de UTI por mil habitantes,diárias por mil hab.,2020,0.0
51012,Sudoeste Matogrossense,Oeste,media_alta,diarias_uti_p1000,Diárias de UTI por mil habitantes,diárias por mil hab.,2021,0.0
51012,Sudoeste Matogrossense,Oeste,media_alta,diarias_uti_p1000,Diárias de UTI por mil habitantes,diárias por mil hab.,2022,0.0
51012,Sudoeste Matogrossense,Oeste,media_alta,diarias_uti_p1000,Diárias de UTI por mil habitantes,diárias por mil hab.,2023,0.0
51012,Sudoeste Matogrossense,Oeste,media_alta,diarias_uti_p1000,Diárias de UTI por mil habitantes,diárias por mil hab.,2024,0.0
51012,Sudoeste Matogrossense,Oeste,media_alta,diarias_uti_p1000,Diárias de UTI por mil habitantes,diárias por mil hab.,2025,0.0
51012,Sudoeste Matogrossense,Oeste,media_alta,internacoes_local_p1000,Internações realizadas no município por mil habitantes,internações por mil hab.,2020,52.417
51012,Sudoeste Matogrossense,Oeste,media_alta,internacoes_local_p1000,Internações realizadas no município por mil habitantes,internações por mil hab.,2021,54.8027
51012,Sudoeste Matogrossense,Oeste,media_alta,internacoes_local_p1000,Internações realizadas no município por mil habitantes,internações por mil hab.,2022,58.4651
51012,Sudoeste Matogrossense,Oeste,media_alta,internacoes_local_p1000,Internações realizadas no município por mil habitantes,internações por mil hab.,2023,62.5341
51012,Sudoeste Matogrossense,Oeste,media_alta,internacoes_local_p1000,Internações realizadas no município por mil habitantes,internações por mil hab.,2024,63.6863
51012,Sudoeste Matogrossense,Oeste,media_alta,internacoes_local_p1000,Internações realizadas no município por mil habitantes,internações por mil hab.,2025,66.6047
51012,Sudoeste Matogrossense,Oeste,media_alta,internacoes_res_p1000,Internações de residentes por mil habitantes,internações por mil hab.,2020,65.5399
51012,Sudoeste Matogrossense,Oeste,media_alta,internacoes_res_p1000,Internações de residentes por mil habitantes,internações por mil hab.,2021,67.5365
51012,Sudoeste Matogrossense,Oeste,media_alta,internacoes_res_p1000,Internações de residentes por mil habitantes,internações por mil hab.,2022,71.6568
51012,Sudoeste Matogrossense,Oeste,media_alta,internacoes_res_p1000,Internações de residentes por mil habitantes,internações por mil hab.,2023,80.3208
51012,Sudoeste Matogrossense,Oeste,media_alta,internacoes_res_p1000,Internações de residentes por mil habitantes,internações por mil hab.,2024,82.434
51012,Sudoeste Matogrossense,Oeste,media_alta,internacoes_res_p1000,Internações de residentes por mil habitantes,internações por mil hab.,2025,85.8597
51012,Sudoeste Matogrossense,Oeste,media_alta,mortalidade_hosp_pct,Mortalidade hospitalar,% das internações locais,2020,1.6352
51012,Sudoeste Matogrossense,Oeste,media_alta,mortalidade_hosp_pct,Mortalidade hospitalar,% das internações locais,2021,3.5585
51012,Sudoeste Matogrossense,Oeste,media_alta,mortalidade_hosp_pct,Mortalidade hospitalar,% das internações locais,2022,1.8309
51012,Sudoeste Matogrossense,Oeste,media_alta,mortalidade_hosp_pct,Mortalidade hospitalar,% das internações locais,2023,1.3026
51012,Sudoeste Matogrossense,Oeste,media_alta,mortalidade_hosp_pct,Mortalidade hospitalar,% das internações locais,2024,1.1834
51012,Sudoeste Matogrossense,Oeste,media_alta,mortalidade_hosp_pct,Mortalidade hospitalar,% das internações locais,2025,1.708
51012,Sudoeste Matogrossense,Oeste,media_alta,pct_urgencia,Internações de urgência,% das internações locais,2020,96.1105
51012,Sudoeste Matogrossense,Oeste,media_alta,pct_urgencia,Internações de urgência,% das internações locais,2021,95.0241
51012,Sudoeste Matogrossense,Oeste,media_alta,pct_urgencia,Internações de urgência,% das internações locais,2022,91.6575
51012,Sudoeste Matogrossense,Oeste,media_alta,pct_urgencia,Internações de urgência,% das internações locais,2023,89.4397
51012,Sudoeste Matogrossense,Oeste,media_alta,pct_urgencia,Internações de urgência,% das internações locais,2024,89.2522
51012,Sudoeste Matogrossense,Oeste,media_alta,pct_urgencia,Internações de urgência,% das internações locais,2025,91.8754
51012,Sudoeste Matogrossense,Oeste,media_alta,permanencia_media,Permanência média das internações,dias,2020,2.9584
51012,Sudoeste Matogrossense,Oeste,media_alta,permanencia_media,Permanência média das internações,dias,2021,3.1966
51012,Sudoeste Matogrossense,Oeste,media_alta,permanencia_media,Permanência média das internações,dias,2022,3.0966
51012,Sudoeste Matogrossense,Oeste,media_alta,permanencia_media,Permanência média das internações,dias,2023,3.0962
51012,Sudoeste Matogrossense,Oeste,media_alta,permanencia_media,Permanência média das internações,dias,2024,3.2203
51012,Sudoeste Matogrossense,Oeste,media_alta,permanencia_media,Permanência média das internações,dias,2025,3.4203
51012,Sudoeste Matogrossense,Oeste,media_alta,qtd_ac_local_pc,Procedimentos de alta complexidade por habitante,procedimentos por hab.,2020,0.0104
51012,Sudoeste Matogrossense,Oeste,media_alta,qtd_ac_local_pc,Procedimentos de alta complexidade por habitante,procedimentos por hab.,2021,0.0134
51012,Sudoeste Matogrossense,Oeste,media_alta,qtd_ac_local_pc,Procedimentos de alta complexidade por habitante,procedimentos por hab.,2022,0.0148
51012,Sudoeste Matogrossense,Oeste,media_alta,qtd_ac_local_pc,Procedimentos de alta complexidade por habitante,procedimentos por hab.,2023,0.0216
51012,Sudoeste Matogrossense,Oeste,media_alta,qtd_ac_local_pc,Procedimentos de alta complexidade por habitante,procedimentos por hab.,2024,0.0255
51012,Sudoeste Matogrossense,Oeste,media_alta,qtd_ac_local_pc,Procedimentos de alta complexidade por habitante,procedimentos por hab.,2025,0.0581
51012,Sudoeste Matogrossense,Oeste,media_alta,qtd_mc_local_pc,Procedimentos de média complexidade por habitante,procedimentos por hab.,2020,3.5435
51012,Sudoeste Matogrossense,Oeste,media_alta,qtd_mc_local_pc,Procedimentos de média complexidade por habitante,procedimentos por hab.,2021,4.2284
51012,Sudoeste Matogrossense,Oeste,media_alta,qtd_mc_local_pc,Procedimentos de média complexidade por habitante,procedimentos por hab.,2022,5.7916
51012,Sudoeste Matogrossense,Oeste,media_alta,qtd_mc_local_pc,Procedimentos de média complexidade por habitante,procedimentos por hab.,2023,7.864
51012,Sudoeste Matogrossense,Oeste,media_alta,qtd_mc_local_pc,Procedimentos de média complexidade por habitante,procedimentos por hab.,2024,9.0865
51012,Sudoeste Matogrossense,Oeste,media_alta,qtd_mc_local_pc,Procedimentos de média complexidade por habitante,procedimentos por hab.,2025,9.8674
51012,Sudoeste Matogrossense,Oeste,media_alta,valor_sih_local_pc,Valor das internações realizadas no município por habitante,R$ por habitante,2020,23.6272
51012,Sudoeste Matogrossense,Oeste,media_alta,valor_sih_local_pc,Valor das internações realizadas no município por habitante,R$ por habitante,2021,28.6752
51012,Sudoeste Matogrossense,Oeste,media_alta,valor_sih_local_pc,Valor das internações realizadas no município por habitante,R$ por habitante,2022,26.6434
51012,Sudoeste Matogrossense,Oeste,media_alta,valor_sih_local_pc,Valor das internações realizadas no município por habitante,R$ por habitante,2023,29.2369
51012,Sudoeste Matogrossense,Oeste,media_alta,valor_sih_local_pc,Valor das internações realizadas no município por habitante,R$ por habitante,2024,29.9183
51012,Sudoeste Matogrossense,Oeste,media_alta,valor_sih_local_pc,Valor das internações realizadas no município por habitante,R$ por habitante,2025,31.8152
51012,Sudoeste Matogrossense,Oeste,media_alta,valor_sih_res_pc,Valor das internações de residentes por habitante,R$ por habitante,2020,47.4909
51012,Sudoeste Matogrossense,Oeste,media_alta,valor_sih_res_pc,Valor das internações de residentes por habitante,R$ por habitante,2021,56.8794
51012,Sudoeste Matogrossense,Oeste,media_alta,valor_sih_res_pc,Valor das internações de residentes por habitante,R$ por habitante,2022,51.5843
51012,Sudoeste Matogrossense,Oeste,media_alta,valor_sih_res_pc,Valor das internações de residentes por habitante,R$ por habitante,2023,70.5534
51012,Sudoeste Matogrossense,Oeste,media_alta,valor_sih_res_pc,Valor das internações de residentes por habitante,R$ por habitante,2024,75.1823
51012,Sudoeste Matogrossense,Oeste,media_alta,valor_sih_res_pc,Valor das internações de residentes por habitante,R$ por habitante,2025,78.4163
51012,Sudoeste Matogrossense,Oeste,resultados,pct_baixo_peso,Nascidos vivos com baixo peso,% dos nascidos vivos,2020,7.6393
51012,Sudoeste Matogrossense,Oeste,resultados,pct_baixo_peso,Nascidos vivos com baixo peso,% dos nascidos vivos,2021,9.2535
51012,Sudoeste Matogrossense,Oeste,resultados,pct_baixo_peso,Nascidos vivos com baixo peso,% dos nascidos vivos,2022,8.8216
51012,Sudoeste Matogrossense,Oeste,resultados,pct_baixo_peso,Nascidos vivos com baixo peso,% dos nascidos vivos,2023,9.1403
51012,Sudoeste Matogrossense,Oeste,resultados,pct_baixo_peso,Nascidos vivos com baixo peso,% dos nascidos vivos,2024,8.2457
51012,Sudoeste Matogrossense,Oeste,resultados,pct_cesarea,Partos cesáreos,% dos nascidos vivos,2020,69.2767
51012,Sudoeste Matogrossense,Oeste,resultados,pct_cesarea,Partos cesáreos,% dos nascidos vivos,2021,71.0811
51012,Sudoeste Matogrossense,Oeste,resultados,pct_cesarea,Partos cesáreos,% dos nascidos vivos,2022,72.0061
51012,Sudoeste Matogrossense,Oeste,resultados,pct_cesarea,Partos cesáreos,% dos nascidos vivos,2023,72.2369
51012,Sudoeste Matogrossense,Oeste,resultados,pct_cesarea,Partos cesáreos,% dos nascidos vivos,2024,77.6881
51012,Sudoeste Matogrossense,Oeste,resultados,pct_mae_adolescente,Nascidos vivos de mães adolescentes,% dos nascidos vivos,2020,20.7381
51012,Sudoeste Matogrossense,Oeste,resultados,pct_mae_adolescente,Nascidos vivos de mães adolescentes,% dos nascidos vivos,2021,20.1871
51012,Sudoeste Matogrossense,Oeste,resultados,pct_mae_adolescente,Nascidos vivos de mães adolescentes,% dos nascidos vivos,2022,18.4317
51012,Sudoeste Matogrossense,Oeste,resultados,pct_mae_adolescente,Nascidos vivos de mães adolescentes,% dos nascidos vivos,2023,17.839
51012,Sudoeste Matogrossense,Oeste,resultados,pct_mae_adolescente,Nascidos vivos de mães adolescentes,% dos nascidos vivos,2024,15.7302
51012,Sudoeste Matogrossense,Oeste,resultados,pct_prenatal_7mais,Nascidos vivos com 7 ou mais consultas de pré-natal,% dos nascidos vivos,2020,67.032
51012,Sudoeste Matogrossense,Oeste,resultados,pct_prenatal_7mais,Nascidos vivos com 7 ou mais consultas de pré-natal,% dos nascidos vivos,2021,69.9769
51012,Sudoeste Matogrossense,Oeste,resultados,pct_prenatal_7mais,Nascidos vivos com 7 ou mais consultas de pré-natal,% dos nascidos vivos,2022,70.4996
51012,Sudoeste Matogrossense,Oeste,resultados,pct_prenatal_7mais,Nascidos vivos com 7 ou mais consultas de pré-natal,% dos nascidos vivos,2023,73.7355
51012,Sudoeste Matogrossense,Oeste,resultados,pct_prenatal_7mais,Nascidos vivos com 7 ou mais consultas de pré-natal,% dos nascidos vivos,2024,76.5975
51012,Sudoeste Matogrossense,Oeste,resultados,taxa_mortalidade_geral,Taxa de mortalidade geral,óbitos por mil habitantes,2020,6.058
51012,Sudoeste Matogrossense,Oeste,resultados,taxa_mortalidade_geral,Taxa de mortalidade geral,óbitos por mil habitantes,2021,8.1973
51012,Sudoeste Matogrossense,Oeste,resultados,taxa_mortalidade_geral,Taxa de mortalidade geral,óbitos por mil habitantes,2022,6.1894
51012,Sudoeste Matogrossense,Oeste,resultados,taxa_mortalidade_geral,Taxa de mortalidade geral,óbitos por mil habitantes,2023,5.8841
51012,Sudoeste Matogrossense,Oeste,resultados,taxa_mortalidade_geral,Taxa de mortalidade geral,óbitos por mil habitantes,2024,6.1923
51012,Sudoeste Matogrossense,Oeste,resultados,taxa_mortalidade_infantil,Taxa de mortalidade infantil,óbitos por mil nascidos vivos,2020,15.1745
51012,Sudoeste Matogrossense,Oeste,resultados,taxa_mortalidade_infantil,Taxa de mortalidade infantil,óbitos por mil nascidos vivos,2021,16.9492
51012,Sudoeste Matogrossense,Oeste,resultados,taxa_mortalidade_infantil,Taxa de mortalidade infantil,óbitos por mil nascidos vivos,2022,15.7713
51012,Sudoeste Matogrossense,Oeste,resultados,taxa_mortalidade_infantil,Taxa de mortalidade infantil,óbitos por mil nascidos vivos,2023,19.0616
51012,Sudoeste Matogrossense,Oeste,resultados,taxa_mortalidade_infantil,Taxa de mortalidade infantil,óbitos por mil nascidos vivos,2024,13.1076
51013,Sul Matogrossense,Sul,atencao_basica,atend_individual_pc,Atendimentos individuais na atenção básica por habitante,atendimentos por hab.,2020,0.8369
51013,Sul Matogrossense,Sul,atencao_basica,atend_individual_pc,Atendimentos individuais na atenção básica por habitante,atendimentos por hab.,2021,1.1928
51013,Sul Matogrossense,Sul,atencao_basica,atend_individual_pc,Atendimentos individuais na atenção básica por habitante,atendimentos por hab.,2022,1.6435
51013,Sul Matogrossense,Sul,atencao_basica,atend_individual_pc,Atendimentos individuais na atenção básica por habitante,atendimentos por hab.,2023,1.7067
51013,Sul Matogrossense,Sul,atencao_basica,atend_individual_pc,Atendimentos individuais na atenção básica por habitante,atendimentos por hab.,2024,1.8345
51013,Sul Matogrossense,Sul,atencao_basica,atend_individual_pc,Atendimentos individuais na atenção básica por habitante,atendimentos por hab.,2025,1.8479
51013,Sul Matogrossense,Sul,atencao_basica,atend_odonto_pc,Atendimentos odontológicos por habitante,atendimentos por hab.,2020,0.1179
51013,Sul Matogrossense,Sul,atencao_basica,atend_odonto_pc,Atendimentos odontológicos por habitante,atendimentos por hab.,2021,0.2441
51013,Sul Matogrossense,Sul,atencao_basica,atend_odonto_pc,Atendimentos odontológicos por habitante,atendimentos por hab.,2022,0.2914
51013,Sul Matogrossense,Sul,atencao_basica,atend_odonto_pc,Atendimentos odontológicos por habitante,atendimentos por hab.,2023,0.3361
51013,Sul Matogrossense,Sul,atencao_basica,atend_odonto_pc,Atendimentos odontológicos por habitante,atendimentos por hab.,2024,0.3613
51013,Sul Matogrossense,Sul,atencao_basica,atend_odonto_pc,Atendimentos odontológicos por habitante,atendimentos por hab.,2025,0.3417
51013,Sul Matogrossense,Sul,atencao_basica,doses_menor1_por_nv,Doses de vacina em menores de 1 ano por nascido vivo,doses por nascido vivo,2020,12.2595
51013,Sul Matogrossense,Sul,atencao_basica,doses_menor1_por_nv,Doses de vacina em menores de 1 ano por nascido vivo,doses por nascido vivo,2021,12.6934
51013,Sul Matogrossense,Sul,atencao_basica,doses_menor1_por_nv,Doses de vacina em menores de 1 ano por nascido vivo,doses por nascido vivo,2022,14.5289
51013,Sul Matogrossense,Sul,atencao_basica,doses_menor1_por_nv,Doses de vacina em menores de 1 ano por nascido vivo,doses por nascido vivo,2023,15.6958
51013,Sul Matogrossense,Sul,atencao_basica,doses_menor1_por_nv,Doses de vacina em menores de 1 ano por nascido vivo,doses por nascido vivo,2024,15.5181
51013,Sul Matogrossense,Sul,atencao_basica,doses_pc,Doses de vacina aplicadas por habitante,doses por hab.,2020,0.6123
51013,Sul Matogrossense,Sul,atencao_basica,doses_pc,Doses de vacina aplicadas por habitante,doses por hab.,2021,0.5668
51013,Sul Matogrossense,Sul,atencao_basica,doses_pc,Doses de vacina aplicadas por habitante,doses por hab.,2022,0.6572
51013,Sul Matogrossense,Sul,atencao_basica,doses_pc,Doses de vacina aplicadas por habitante,doses por hab.,2023,0.7197
51013,Sul Matogrossense,Sul,atencao_basica,doses_pc,Doses de vacina aplicadas por habitante,doses por hab.,2024,0.8064
51013,Sul Matogrossense,Sul,atencao_basica,doses_pc,Doses de vacina aplicadas por habitante,doses por hab.,2025,0.8146
51013,Sul Matogrossense,Sul,atencao_basica,procedimentos_ab_pc,Procedimentos na atenção básica por habitante,procedimentos por hab.,2020,1.1068
51013,Sul Matogrossense,Sul,atencao_basica,procedimentos_ab_pc,Procedimentos na atenção básica por habitante,procedimentos por hab.,2021,1.902
51013,Sul Matogrossense,Sul,atencao_basica,procedimentos_ab_pc,Procedimentos na atenção básica por habitante,procedimentos por hab.,2022,2.7321
51013,Sul Matogrossense,Sul,atencao_basica,procedimentos_ab_pc,Procedimentos na atenção básica por habitante,procedimentos por hab.,2023,2.9644
51013,Sul Matogrossense,Sul,atencao_basica,procedimentos_ab_pc,Procedimentos na atenção básica por habitante,procedimentos por hab.,2024,3.2719
51013,Sul Matogrossense,Sul,atencao_basica,procedimentos_ab_pc,Procedimentos na atenção básica por habitante,procedimentos por hab.,2025,3.3661
51013,Sul Matogrossense,Sul,atencao_basica,visitas_pc,Visitas domiciliares por habitante,visitas por hab.,2020,2.2709
51013,Sul Matogrossense,Sul,atencao_basica,visitas_pc,Visitas domiciliares por habitante,visitas por hab.,2021,3.1191
51013,Sul Matogrossense,Sul,atencao_basica,visitas_pc,Visitas domiciliares por habitante,visitas por hab.,2022,3.5618
51013,Sul Matogrossense,Sul,atencao_basica,visitas_pc,Visitas domiciliares por habitante,visitas por hab.,2023,3.7472
51013,Sul Matogrossense,Sul,atencao_basica,visitas_pc,Visitas domiciliares por habitante,visitas por hab.,2024,4.1393
51013,Sul Matogrossense,Sul,atencao_basica,visitas_pc,Visitas domiciliares por habitante,visitas por hab.,2025,4.2814
51013,Sul Matogrossense,Sul,capacidade,equip_sus_p10000,Equipamentos SUS em uso por 10 mil habitantes,equipamentos por 10 mil hab.,2020,43.1254
51013,Sul Matogrossense,Sul,capacidade,equip_sus_p10000,Equipamentos SUS em uso por 10 mil habitantes,equipamentos por 10 mil hab.,2021,57.5857
51013,Sul Matogrossense,Sul,capacidade,equip_sus_p10000,Equipamentos SUS em uso por 10 mil habitantes,equipamentos por 10 mil hab.,2022,67.6332
51013,Sul Matogrossense,Sul,capacidade,equip_sus_p10000,Equipamentos SUS em uso por 10 mil habitantes,equipamentos por 10 mil hab.,2023,67.9769
51013,Sul Matogrossense,Sul,capacidade,equip_sus_p10000,Equipamentos SUS em uso por 10 mil habitantes,equipamentos por 10 mil hab.,2024,73.0032
51013,Sul Matogrossense,Sul,capacidade,equip_sus_p10000,Equipamentos SUS em uso por 10 mil habitantes,equipamentos por 10 mil hab.,2025,75.2139
51013,Sul Matogrossense,Sul,capacidade,equipes_esf_p10000,Equipes de Saúde da Família por 10 mil habitantes,equipes por 10 mil hab.,2020,2.3438
51013,Sul Matogrossense,Sul,capacidade,equipes_esf_p10000,Equipes de Saúde da Família por 10 mil habitantes,equipes por 10 mil hab.,2021,2.6239
51013,Sul Matogrossense,Sul,capacidade,equipes_esf_p10000,Equipes de Saúde da Família por 10 mil habitantes,equipes por 10 mil hab.,2022,2.6058
51013,Sul Matogrossense,Sul,capacidade,equipes_esf_p10000,Equipes de Saúde da Família por 10 mil habitantes,equipes por 10 mil hab.,2023,2.6327
51013,Sul Matogrossense,Sul,capacidade,equipes_esf_p10000,Equipes de Saúde da Família por 10 mil habitantes,equipes por 10 mil hab.,2024,2.6271
51013,Sul Matogrossense,Sul,capacidade,equipes_esf_p10000,Equipes de Saúde da Família por 10 mil habitantes,equipes por 10 mil hab.,2025,2.612
51013,Sul Matogrossense,Sul,capacidade,fte_acs_p1000,Agentes comunitários de saúde por mil habitantes,FTE por mil hab.,2020,2.5579
51013,Sul Matogrossense,Sul,capacidade,fte_acs_p1000,Agentes comunitários de saúde por mil habitantes,FTE por mil hab.,2021,2.8151
51013,Sul Matogrossense,Sul,capacidade,fte_acs_p1000,Agentes comunitários de saúde por mil habitantes,FTE por mil hab.,2022,2.7805
51013,Sul Matogrossense,Sul,capacidade,fte_acs_p1000,Agentes comunitários de saúde por mil habitantes,FTE por mil hab.,2023,2.7286
51013,Sul Matogrossense,Sul,capacidade,fte_acs_p1000,Agentes comunitários de saúde por mil habitantes,FTE por mil hab.,2024,2.6632
51013,Sul Matogrossense,Sul,capacidade,fte_acs_p1000,Agentes comunitários de saúde por mil habitantes,FTE por mil hab.,2025,2.5958
51013,Sul Matogrossense,Sul,capacidade,fte_dentistas_p1000,Dentistas SUS por mil habitantes,FTE por mil hab.,2020,0.3013
51013,Sul Matogrossense,Sul,capacidade,fte_dentistas_p1000,Dentistas SUS por mil habitantes,FTE por mil hab.,2021,0.3019
51013,Sul Matogrossense,Sul,capacidade,fte_dentistas_p1000,Dentistas SUS por mil habitantes,FTE por mil hab.,2022,0.2992
51013,Sul Matogrossense,Sul,capacidade,fte_dentistas_p1000,Dentistas SUS por mil habitantes,FTE por mil hab.,2023,0.3104
51013,Sul Matogrossense,Sul,capacidade,fte_dentistas_p1000,Dentistas SUS por mil habitantes,FTE por mil hab.,2024,0.3184
51013,Sul Matogrossense,Sul,capacidade,fte_dentistas_p1000,Dentistas SUS por mil habitantes,FTE por mil hab.,2025,0.3458
51013,Sul Matogrossense,Sul,capacidade,fte_enfermeiros_p1000,Enfermeiros SUS por mil habitantes,FTE por mil hab.,2020,1.1532
51013,Sul Matogrossense,Sul,capacidade,fte_enfermeiros_p1000,Enfermeiros SUS por mil habitantes,FTE por mil hab.,2021,1.3379
51013,Sul Matogrossense,Sul,capacidade,fte_enfermeiros_p1000,Enfermeiros SUS por mil habitantes,FTE por mil hab.,2022,1.4163
51013,Sul Matogrossense,Sul,capacidade,fte_enfermeiros_p1000,Enfermeiros SUS por mil habitantes,FTE por mil hab.,2023,1.5013
51013,Sul Matogrossense,Sul,capacidade,fte_enfermeiros_p1000,Enfermeiros SUS por mil habitantes,FTE por mil hab.,2024,1.6244
51013,Sul Matogrossense,Sul,capacidade,fte_enfermeiros_p1000,Enfermeiros SUS por mil habitantes,FTE por mil hab.,2025,1.6109
51013,Sul Matogrossense,Sul,capacidade,fte_medicos_p1000,Médicos SUS por mil habitantes,FTE por mil hab.,2020,1.2068
51013,Sul Matogrossense,Sul,capacidade,fte_medicos_p1000,Médicos SUS por mil habitantes,FTE por mil hab.,2021,1.3119
51013,Sul Matogrossense,Sul,capacidade,fte_medicos_p1000,Médicos SUS por mil habitantes,FTE por mil hab.,2022,1.4204
51013,Sul Matogrossense,Sul,capacidade,fte_medicos_p1000,Médicos SUS por mil habitantes,FTE por mil hab.,2023,1.3962
51013,Sul Matogrossense,Sul,capacidade,fte_medicos_p1000,Médicos SUS por mil habitantes,FTE por mil hab.,2024,1.5589
51013,Sul Matogrossense,Sul,capacidade,fte_medicos_p1000,Médicos SUS por mil habitantes,FTE por mil hab.,2025,1.6722
51013,Sul Matogrossense,Sul,capacidade,fte_tec_enfermagem_p1000,Técnicos de enfermagem SUS por mil habitantes,FTE por mil hab.,2020,3.0828
51013,Sul Matogrossense,Sul,capacidade,fte_tec_enfermagem_p1000,Técnicos de enfermagem SUS por mil habitantes,FTE por mil hab.,2021,3.408
51013,Sul Matogrossense,Sul,capacidade,fte_tec_enfermagem_p1000,Técnicos de enfermagem SUS por mil habitantes,FTE por mil hab.,2022,3.5541
51013,Sul Matogrossense,Sul,capacidade,fte_tec_enfermagem_p1000,Técnicos de enfermagem SUS por mil habitantes,FTE por mil hab.,2023,3.8258
51013,Sul Matogrossense,Sul,capacidade,fte_tec_enfermagem_p1000,Técnicos de enfermagem SUS por mil habitantes,FTE por mil hab.,2024,4.0842
51013,Sul Matogrossense,Sul,capacidade,fte_tec_enfermagem_p1000,Técnicos de enfermagem SUS por mil habitantes,FTE por mil hab.,2025,4.0878
51013,Sul Matogrossense,Sul,capacidade,leitos_sus_p1000,Leitos SUS por mil habitantes,leitos por mil hab.,2020,1.9567
51013,Sul Matogrossense,Sul,capacidade,leitos_sus_p1000,Leitos SUS por mil habitantes,leitos por mil hab.,2021,2.0868
51013,Sul Matogrossense,Sul,capacidade,leitos_sus_p1000,Leitos SUS por mil habitantes,leitos por mil hab.,2022,1.9203
51013,Sul Matogrossense,Sul,capacidade,leitos_sus_p1000,Leitos SUS por mil habitantes,leitos por mil hab.,2023,1.7015
51013,Sul Matogrossense,Sul,capacidade,leitos_sus_p1000,Leitos SUS por mil habitantes,leitos por mil hab.,2024,1.7234
51013,Sul Matogrossense,Sul,capacidade,leitos_sus_p1000,Leitos SUS por mil habitantes,leitos por mil hab.,2025,1.6828
51013,Sul Matogrossense,Sul,capacidade,leitos_uti_sus,Leitos de UTI SUS,leitos,2020,83.0
51013,Sul Matogrossense,Sul,capacidade,leitos_uti_sus,Leitos de UTI SUS,leitos,2021,131.0
51013,Sul Matogrossense,Sul,capacidade,leitos_uti_sus,Leitos de UTI SUS,leitos,2022,76.0
51013,Sul Matogrossense,Sul,capacidade,leitos_uti_sus,Leitos de UTI SUS,leitos,2023,74.0
51013,Sul Matogrossense,Sul,capacidade,leitos_uti_sus,Leitos de UTI SUS,leitos,2024,74.0
51013,Sul Matogrossense,Sul,capacidade,leitos_uti_sus,Leitos de UTI SUS,leitos,2025,74.0
51013,Sul Matogrossense,Sul,capacidade,n_equipes_eap,Equipes de atenção primária (eAP),equipes,2020,0.0
51013,Sul Matogrossense,Sul,capacidade,n_equipes_eap,Equipes de atenção primária (eAP),equipes,2021,1.0
51013,Sul Matogrossense,Sul,capacidade,n_equipes_eap,Equipes de atenção primária (eAP),equipes,2022,3.0
51013,Sul Matogrossense,Sul,capacidade,n_equipes_eap,Equipes de atenção primária (eAP),equipes,2023,3.0
51013,Sul Matogrossense,Sul,capacidade,n_equipes_eap,Equipes de atenção primária (eAP),equipes,2024,4.0
51013,Sul Matogrossense,Sul,capacidade,n_equipes_eap,Equipes de atenção primária (eAP),equipes,2025,6.0
51013,Sul Matogrossense,Sul,capacidade,n_equipes_esb,Equipes de saúde bucal,equipes,2020,107.0
51013,Sul Matogrossense,Sul,capacidade,n_equipes_esb,Equipes de saúde bucal,equipes,2021,120.0
51013,Sul Matogrossense,Sul,capacidade,n_equipes_esb,Equipes de saúde bucal,equipes,2022,126.0
51013,Sul Matogrossense,Sul,capacidade,n_equipes_esb,Equipes de saúde bucal,equipes,2023,130.0
51013,Sul Matogrossense,Sul,capacidade,n_equipes_esb,Equipes de saúde bucal,equipes,2024,143.0
51013,Sul Matogrossense,Sul,capacidade,n_equipes_esb,Equipes de saúde bucal,equipes,2025,145.0
51013,Sul Matogrossense,Sul,capacidade,n_estab_sus,Estabelecimentos com atendimento SUS,estabelecimentos,2020,404.0
51013,Sul Matogrossense,Sul,capacidade,n_estab_sus,Estabelecimentos com atendimento SUS,estabelecimentos,2021,416.0
51013,Sul Matogrossense,Sul,capacidade,n_estab_sus,Estabelecimentos com atendimento SUS,estabelecimentos,2022,418.0
51013,Sul Matogrossense,Sul,capacidade,n_estab_sus,Estabelecimentos com atendimento SUS,estabelecimentos,2023,422.0
51013,Sul Matogrossense,Sul,capacidade,n_estab_sus,Estabelecimentos com atendimento SUS,estabelecimentos,2024,446.0
51013,Sul Matogrossense,Sul,capacidade,n_estab_sus,Estabelecimentos com atendimento SUS,estabelecimentos,2025,476.0
51013,Sul Matogrossense,Sul,capacidade,n_hospitais_sus,Hospitais SUS,hospitais,2020,21.0
51013,Sul Matogrossense,Sul,capacidade,n_hospitais_sus,Hospitais SUS,hospitais,2021,21.0
51013,Sul Matogrossense,Sul,capacidade,n_hospitais_sus,Hospitais SUS,hospitais,2022,22.0
51013,Sul Matogrossense,Sul,capacidade,n_hospitais_sus,Hospitais SUS,hospitais,2023,20.0
51013,Sul Matogrossense,Sul,capacidade,n_hospitais_sus,Hospitais SUS,hospitais,2024,22.0
51013,Sul Matogrossense,Sul,capacidade,n_hospitais_sus,Hospitais SUS,hospitais,2025,23.0
51013,Sul Matogrossense,Sul,capacidade,n_ubs,Unidades básicas de saúde,unidades,2020,157.0
51013,Sul Matogrossense,Sul,capacidade,n_ubs,Unidades básicas de saúde,unidades,2021,166.0
51013,Sul Matogrossense,Sul,capacidade,n_ubs,Unidades básicas de saúde,unidades,2022,168.0
51013,Sul Matogrossense,Sul,capacidade,n_ubs,Unidades básicas de saúde,unidades,2023,173.0
51013,Sul Matogrossense,Sul,capacidade,n_ubs,Unidades básicas de saúde,unidades,2024,178.0
51013,Sul Matogrossense,Sul,capacidade,n_ubs,Unidades básicas de saúde,unidades,2025,181.0
51013,Sul Matogrossense,Sul,capacidade,n_upa,Unidades de pronto atendimento,unidades,2020,3.0
51013,Sul Matogrossense,Sul,capacidade,n_upa,Unidades de pronto atendimento,unidades,2021,3.0
51013,Sul Matogrossense,Sul,capacidade,n_upa,Unidades de pronto atendimento,unidades,2022,2.0
51013,Sul Matogrossense,Sul,capacidade,n_upa,Unidades de pronto atendimento,unidades,2023,2.0
51013,Sul Matogrossense,Sul,capacidade,n_upa,Unidades de pronto atendimento,unidades,2024,2.0
51013,Sul Matogrossense,Sul,capacidade,n_upa,Unidades de pronto atendimento,unidades,2025,1.0
51013,Sul Matogrossense,Sul,contexto,populacao,População,habitantes,2020,539030.0
51013,Sul Matogrossense,Sul,contexto,populacao,População,habitantes,2021,543133.0
51013,Sul Matogrossense,Sul,contexto,populacao,População,habitantes,2022,569886.0
51013,Sul Matogrossense,Sul,contexto,populacao,População,habitantes,2023,585564.0
51013,Sul Matogrossense,Sul,contexto,populacao,População,habitantes,2024,601765.0
51013,Sul Matogrossense,Sul,contexto,populacao,População,habitantes,2025,612566.0
51013,Sul Matogrossense,Sul,deslocamento,km_medio_internacao,Distância média até a internação,km,2020,24.0731
51013,Sul Matogrossense,Sul,deslocamento,km_medio_internacao,Distância média até a internação,km,2021,24.3459
51013,Sul Matogrossense,Sul,deslocamento,km_medio_internacao,Distância média até a internação,km,2022,24.8238
51013,Sul Matogrossense,Sul,deslocamento,km_medio_internacao,Distância média até a internação,km,2023,26.4741
51013,Sul Matogrossense,Sul,deslocamento,km_medio_internacao,Distância média até a internação,km,2024,27.935
51013,Sul Matogrossense,Sul,deslocamento,km_medio_internacao,Distância média até a internação,km,2025,28.6312
51013,Sul Matogrossense,Sul,deslocamento,pct_internacoes_fora_mun,Internações fora do município de residência,% das internações de residentes,2020,21.3494
51013,Sul Matogrossense,Sul,deslocamento,pct_internacoes_fora_mun,Internações fora do município de residência,% das internações de residentes,2021,21.4394
51013,Sul Matogrossense,Sul,deslocamento,pct_internacoes_fora_mun,Internações fora do município de residência,% das internações de residentes,2022,21.7917
51013,Sul Matogrossense,Sul,deslocamento,pct_internacoes_fora_mun,Internações fora do município de residência,% das internações de residentes,2023,22.7397
51013,Sul Matogrossense,Sul,deslocamento,pct_internacoes_fora_mun,Internações fora do município de residência,% das internações de residentes,2024,24.5889
51013,Sul Matogrossense,Sul,deslocamento,pct_internacoes_fora_mun,Internações fora do município de residência,% das internações de residentes,2025,24.7288
51013,Sul Matogrossense,Sul,deslocamento,pct_internacoes_fora_regiao,Internações fora da região de saúde,% das internações de residentes,2020,2.7948
51013,Sul Matogrossense,Sul,deslocamento,pct_internacoes_fora_regiao,Internações fora da região de saúde,% das internações de residentes,2021,2.6056
51013,Sul Matogrossense,Sul,deslocamento,pct_internacoes_fora_regiao,Internações fora da região de saúde,% das internações de residentes,2022,3.1221
51013,Sul Matogrossense,Sul,deslocamento,pct_internacoes_fora_regiao,Internações fora da região de saúde,% das internações de residentes,2023,4.0142
51013,Sul Matogrossense,Sul,deslocamento,pct_internacoes_fora_regiao,Internações fora da região de saúde,% das internações de residentes,2024,3.6444
51013,Sul Matogrossense,Sul,deslocamento,pct_internacoes_fora_regiao,Internações fora da região de saúde,% das internações de residentes,2025,4.2168
51013,Sul Matogrossense,Sul,financiamento,desp_ab_pc,Despesa em atenção básica por habitante,R$ por habitante,2020,291.8596
51013,Sul Matogrossense,Sul,financiamento,desp_ab_pc,Despesa em atenção básica por habitante,R$ por habitante,2021,314.1844
51013,Sul Matogrossense,Sul,financiamento,desp_ab_pc,Despesa em atenção básica por habitante,R$ por habitante,2022,375.008
51013,Sul Matogrossense,Sul,financiamento,desp_ab_pc,Despesa em atenção básica por habitante,R$ por habitante,2023,467.1043
51013,Sul Matogrossense,Sul,financiamento,desp_ab_pc,Despesa em atenção básica por habitante,R$ por habitante,2024,493.7427
51013,Sul Matogrossense,Sul,financiamento,desp_ab_pc,Despesa em atenção básica por habitante,R$ por habitante,2025,544.5968
51013,Sul Matogrossense,Sul,financiamento,desp_mac_pc,Despesa em média e alta complexidade por habitante,R$ por habitante,2020,688.6996
51013,Sul Matogrossense,Sul,financiamento,desp_mac_pc,Despesa em média e alta complexidade por habitante,R$ por habitante,2021,841.3071
51013,Sul Matogrossense,Sul,financiamento,desp_mac_pc,Despesa em média e alta complexidade por habitante,R$ por habitante,2022,930.704
51013,Sul Matogrossense,Sul,financiamento,desp_mac_pc,Despesa em média e alta complexidade por habitante,R$ por habitante,2023,996.3641
51013,Sul Matogrossense,Sul,financiamento,desp_mac_pc,Despesa em média e alta complexidade por habitante,R$ por habitante,2024,1102.5334
51013,Sul Matogrossense,Sul,financiamento,desp_mac_pc,Despesa em média e alta complexidade por habitante,R$ por habitante,2025,1095.2937
51013,Sul Matogrossense,Sul,financiamento,desp_total_pc,Despesa em saúde por habitante,R$ por habitante,2020,1230.0638
51013,Sul Matogrossense,Sul,financiamento,desp_total_pc,Despesa em saúde por habitante,R$ por habitante,2021,1445.2816
51013,Sul Matogrossense,Sul,financiamento,desp_total_pc,Despesa em saúde por habitante,R$ por habitante,2022,1606.5193
51013,Sul Matogrossense,Sul,financiamento,desp_total_pc,Despesa em saúde por habitante,R$ por habitante,2023,1799.7555
51013,Sul Matogrossense,Sul,financiamento,desp_total_pc,Despesa em saúde por habitante,R$ por habitante,2024,1961.2798
51013,Sul Matogrossense,Sul,financiamento,desp_total_pc,Despesa em saúde por habitante,R$ por habitante,2025,2026.4602
51013,Sul Matogrossense,Sul,financiamento,pct_capital,Despesa de capital,% da despesa total,2020,5.1151
51013,Sul Matogrossense,Sul,financiamento,pct_capital,Despesa de capital,% da despesa total,2021,2.6806
51013,Sul Matogrossense,Sul,financiamento,pct_capital,Despesa de capital,% da despesa total,2022,4.131
51013,Sul Matogrossense,Sul,financiamento,pct_capital,Despesa de capital,% da despesa total,2023,2.6135
51013,Sul Matogrossense,Sul,financiamento,pct_capital,Despesa de capital,% da despesa total,2024,3.1725
51013,Sul Matogrossense,Sul,financiamento,pct_capital,Despesa de capital,% da despesa total,2025,2.3491
51013,Sul Matogrossense,Sul,financiamento,pct_recursos_proprios,Despesa com recursos próprios,% da despesa total,2020,60.2682
51013,Sul Matogrossense,Sul,financiamento,pct_recursos_proprios,Despesa com recursos próprios,% da despesa total,2021,60.5637
51013,Sul Matogrossense,Sul,financiamento,pct_recursos_proprios,Despesa com recursos próprios,% da despesa total,2022,62.854
51013,Sul Matogrossense,Sul,financiamento,pct_recursos_proprios,Despesa com recursos próprios,% da despesa total,2023,63.74
51013,Sul Matogrossense,Sul,financiamento,pct_recursos_proprios,Despesa com recursos próprios,% da despesa total,2024,61.5548
51013,Sul Matogrossense,Sul,financiamento,pct_recursos_proprios,Despesa com recursos próprios,% da despesa total,2025,62.5421
51013,Sul Matogrossense,Sul,media_alta,diarias_uti_p1000,Diárias de UTI por mil habitantes,diárias por mil hab.,2020,44.1664
51013,Sul Matogrossense,Sul,media_alta,diarias_uti_p1000,Diárias de UTI por mil habitantes,diárias por mil hab.,2021,65.1958
51013,Sul Matogrossense,Sul,media_alta,diarias_uti_p1000,Diárias de UTI por mil habitantes,diárias por mil hab.,2022,44.5247
51013,Sul Matogrossense,Sul,media_alta,diarias_uti_p1000,Diárias de UTI por mil habitantes,diárias por mil hab.,2023,43.7459
51013,Sul Matogrossense,Sul,media_alta,diarias_uti_p1000,Diárias de UTI por mil habitantes,diárias por mil hab.,2024,42.8888
51013,Sul Matogrossense,Sul,media_alta,diarias_uti_p1000,Diárias de UTI por mil habitantes,diárias por mil hab.,2025,42.2518
51013,Sul Matogrossense,Sul,media_alta,internacoes_local_p1000,Internações realizadas no município por mil habitantes,internações por mil hab.,2020,57.6313
51013,Sul Matogrossense,Sul,media_alta,internacoes_local_p1000,Internações realizadas no município por mil habitantes,internações por mil hab.,2021,66.9983
51013,Sul Matogrossense,Sul,media_alta,internacoes_local_p1000,Internações realizadas no município por mil habitantes,internações por mil hab.,2022,69.6315
51013,Sul Matogrossense,Sul,media_alta,internacoes_local_p1000,Internações realizadas no município por mil habitantes,internações por mil hab.,2023,74.0841
51013,Sul Matogrossense,Sul,media_alta,internacoes_local_p1000,Internações realizadas no município por mil habitantes,internações por mil hab.,2024,75.001
51013,Sul Matogrossense,Sul,media_alta,internacoes_local_p1000,Internações realizadas no município por mil habitantes,internações por mil hab.,2025,75.8335
51013,Sul Matogrossense,Sul,media_alta,internacoes_res_p1000,Internações de residentes por mil habitantes,internações por mil hab.,2020,57.5515
51013,Sul Matogrossense,Sul,media_alta,internacoes_res_p1000,Internações de residentes por mil habitantes,internações por mil hab.,2021,66.5638
51013,Sul Matogrossense,Sul,media_alta,internacoes_res_p1000,Internações de residentes por mil habitantes,internações por mil hab.,2022,69.6929
51013,Sul Matogrossense,Sul,media_alta,internacoes_res_p1000,Internações de residentes por mil habitantes,internações por mil hab.,2023,74.3642
51013,Sul Matogrossense,Sul,media_alta,internacoes_res_p1000,Internações de residentes por mil habitantes,internações por mil hab.,2024,75.1921
51013,Sul Matogrossense,Sul,media_alta,internacoes_res_p1000,Internações de residentes por mil habitantes,internações por mil hab.,2025,76.4587
51013,Sul Matogrossense,Sul,media_alta,mortalidade_hosp_pct,Mortalidade hospitalar,% das internações locais,2020,5.1601
51013,Sul Matogrossense,Sul,media_alta,mortalidade_hosp_pct,Mortalidade hospitalar,% das internações locais,2021,5.5291
51013,Sul Matogrossense,Sul,media_alta,mortalidade_hosp_pct,Mortalidade hospitalar,% das internações locais,2022,3.2357
51013,Sul Matogrossense,Sul,media_alta,mortalidade_hosp_pct,Mortalidade hospitalar,% das internações locais,2023,3.1996
51013,Sul Matogrossense,Sul,media_alta,mortalidade_hosp_pct,Mortalidade hospitalar,% das internações locais,2024,3.1108
51013,Sul Matogrossense,Sul,media_alta,mortalidade_hosp_pct,Mortalidade hospitalar,% das internações locais,2025,3.1107
51013,Sul Matogrossense,Sul,media_alta,pct_urgencia,Internações de urgência,% das internações locais,2020,85.2342
51013,Sul Matogrossense,Sul,media_alta,pct_urgencia,Internações de urgência,% das internações locais,2021,82.6981
51013,Sul Matogrossense,Sul,media_alta,pct_urgencia,Internações de urgência,% das internações locais,2022,77.0097
51013,Sul Matogrossense,Sul,media_alta,pct_urgencia,Internações de urgência,% das internações locais,2023,78.403
51013,Sul Matogrossense,Sul,media_alta,pct_urgencia,Internações de urgência,% das internações locais,2024,78.5102
51013,Sul Matogrossense,Sul,media_alta,pct_urgencia,Internações de urgência,% das internações locais,2025,79.3856
51013,Sul Matogrossense,Sul,media_alta,permanencia_media,Permanência média das internações,dias,2020,3.9825
51013,Sul Matogrossense,Sul,media_alta,permanencia_media,Permanência média das internações,dias,2021,3.8813
51013,Sul Matogrossense,Sul,media_alta,permanencia_media,Permanência média das internações,dias,2022,3.7631
51013,Sul Matogrossense,Sul,media_alta,permanencia_media,Permanência média das internações,dias,2023,3.7275
51013,Sul Matogrossense,Sul,media_alta,permanencia_media,Permanência média das internações,dias,2024,3.6565
51013,Sul Matogrossense,Sul,media_alta,permanencia_media,Permanência média das internações,dias,2025,3.6189
51013,Sul Matogrossense,Sul,media_alta,qtd_ac_local_pc,Procedimentos de alta complexidade por habitante,procedimentos por hab.,2020,0.1132
51013,Sul Matogrossense,Sul,media_alta,qtd_ac_local_pc,Procedimentos de alta complexidade por habitante,procedimentos por hab.,2021,0.1238
51013,Sul Matogrossense,Sul,media_alta,qtd_ac_local_pc,Procedimentos de alta complexidade por habitante,procedimentos por hab.,2022,0.1479
51013,Sul Matogrossense,Sul,media_alta,qtd_ac_local_pc,Procedimentos de alta complexidade por habitante,procedimentos por hab.,2023,0.1657
51013,Sul Matogrossense,Sul,media_alta,qtd_ac_local_pc,Procedimentos de alta complexidade por habitante,procedimentos por hab.,2024,0.1631
51013,Sul Matogrossense,Sul,media_alta,qtd_ac_local_pc,Procedimentos de alta complexidade por habitante,procedimentos por hab.,2025,0.1726
51013,Sul Matogrossense,Sul,media_alta,qtd_mc_local_pc,Procedimentos de média complexidade por habitante,procedimentos por hab.,2020,6.5101
51013,Sul Matogrossense,Sul,media_alta,qtd_mc_local_pc,Procedimentos de média complexidade por habitante,procedimentos por hab.,2021,7.8522
51013,Sul Matogrossense,Sul,media_alta,qtd_mc_local_pc,Procedimentos de média complexidade por habitante,procedimentos por hab.,2022,8.7508
51013,Sul Matogrossense,Sul,media_alta,qtd_mc_local_pc,Procedimentos de média complexidade por habitante,procedimentos por hab.,2023,9.06
51013,Sul Matogrossense,Sul,media_alta,qtd_mc_local_pc,Procedimentos de média complexidade por habitante,procedimentos por hab.,2024,9.5171
51013,Sul Matogrossense,Sul,media_alta,qtd_mc_local_pc,Procedimentos de média complexidade por habitante,procedimentos por hab.,2025,10.0973
51013,Sul Matogrossense,Sul,media_alta,valor_sih_local_pc,Valor das internações realizadas no município por habitante,R$ por habitante,2020,84.1817
51013,Sul Matogrossense,Sul,media_alta,valor_sih_local_pc,Valor das internações realizadas no município por habitante,R$ por habitante,2021,131.4672
51013,Sul Matogrossense,Sul,media_alta,valor_sih_local_pc,Valor das internações realizadas no município por habitante,R$ por habitante,2022,92.8186
51013,Sul Matogrossense,Sul,media_alta,valor_sih_local_pc,Valor das internações realizadas no município por habitante,R$ por habitante,2023,97.7282
51013,Sul Matogrossense,Sul,media_alta,valor_sih_local_pc,Valor das internações realizadas no município por habitante,R$ por habitante,2024,100.1547
51013,Sul Matogrossense,Sul,media_alta,valor_sih_local_pc,Valor das internações realizadas no município por habitante,R$ por habitante,2025,103.2746
51013,Sul Matogrossense,Sul,media_alta,valor_sih_res_pc,Valor das internações de residentes por habitante,R$ por habitante,2020,84.901
51013,Sul Matogrossense,Sul,media_alta,valor_sih_res_pc,Valor das internações de residentes por habitante,R$ por habitante,2021,129.3729
51013,Sul Matogrossense,Sul,media_alta,valor_sih_res_pc,Valor das internações de residentes por habitante,R$ por habitante,2022,92.8993
51013,Sul Matogrossense,Sul,media_alta,valor_sih_res_pc,Valor das internações de residentes por habitante,R$ por habitante,2023,99.3049
51013,Sul Matogrossense,Sul,media_alta,valor_sih_res_pc,Valor das internações de residentes por habitante,R$ por habitante,2024,103.7165
51013,Sul Matogrossense,Sul,media_alta,valor_sih_res_pc,Valor das internações de residentes por habitante,R$ por habitante,2025,108.1508
51013,Sul Matogrossense,Sul,resultados,pct_baixo_peso,Nascidos vivos com baixo peso,% dos nascidos vivos,2020,8.3424
51013,Sul Matogrossense,Sul,resultados,pct_baixo_peso,Nascidos vivos com baixo peso,% dos nascidos vivos,2021,8.2121
51013,Sul Matogrossense,Sul,resultados,pct_baixo_peso,Nascidos vivos com baixo peso,% dos nascidos vivos,2022,7.7939
51013,Sul Matogrossense,Sul,resultados,pct_baixo_peso,Nascidos vivos com baixo peso,% dos nascidos vivos,2023,8.6706
51013,Sul Matogrossense,Sul,resultados,pct_baixo_peso,Nascidos vivos com baixo peso,% dos nascidos vivos,2024,8.4894
51013,Sul Matogrossense,Sul,resultados,pct_cesarea,Partos cesáreos,% dos nascidos vivos,2020,62.6629
51013,Sul Matogrossense,Sul,resultados,pct_cesarea,Partos cesáreos,% dos nascidos vivos,2021,64.2564
51013,Sul Matogrossense,Sul,resultados,pct_cesarea,Partos cesáreos,% dos nascidos vivos,2022,63.3435
51013,Sul Matogrossense,Sul,resultados,pct_cesarea,Partos cesáreos,% dos nascidos vivos,2023,65.0354
51013,Sul Matogrossense,Sul,resultados,pct_cesarea,Partos cesáreos,% dos nascidos vivos,2024,63.9036
51013,Sul Matogrossense,Sul,resultados,pct_mae_adolescente,Nascidos vivos de mães adolescentes,% dos nascidos vivos,2020,14.6853
51013,Sul Matogrossense,Sul,resultados,pct_mae_adolescente,Nascidos vivos de mães adolescentes,% dos nascidos vivos,2021,14.4693
51013,Sul Matogrossense,Sul,resultados,pct_mae_adolescente,Nascidos vivos de mães adolescentes,% dos nascidos vivos,2022,12.7826
51013,Sul Matogrossense,Sul,resultados,pct_mae_adolescente,Nascidos vivos de mães adolescentes,% dos nascidos vivos,2023,13.0275
51013,Sul Matogrossense,Sul,resultados,pct_mae_adolescente,Nascidos vivos de mães adolescentes,% dos nascidos vivos,2024,12.4519
51013,Sul Matogrossense,Sul,resultados,pct_prenatal_7mais,Nascidos vivos com 7 ou mais consultas de pré-natal,% dos nascidos vivos,2020,70.7499
51013,Sul Matogrossense,Sul,resultados,pct_prenatal_7mais,Nascidos vivos com 7 ou mais consultas de pré-natal,% dos nascidos vivos,2021,73.2418
51013,Sul Matogrossense,Sul,resultados,pct_prenatal_7mais,Nascidos vivos com 7 ou mais consultas de pré-natal,% dos nascidos vivos,2022,76.5983
51013,Sul Matogrossense,Sul,resultados,pct_prenatal_7mais,Nascidos vivos com 7 ou mais consultas de pré-natal,% dos nascidos vivos,2023,79.6734
51013,Sul Matogrossense,Sul,resultados,pct_prenatal_7mais,Nascidos vivos com 7 ou mais consultas de pré-natal,% dos nascidos vivos,2024,82.2872
51013,Sul Matogrossense,Sul,resultados,taxa_mortalidade_geral,Taxa de mortalidade geral,óbitos por mil habitantes,2020,7.1944
51013,Sul Matogrossense,Sul,resultados,taxa_mortalidade_geral,Taxa de mortalidade geral,óbitos por mil habitantes,2021,7.7255
51013,Sul Matogrossense,Sul,resultados,taxa_mortalidade_geral,Taxa de mortalidade geral,óbitos por mil habitantes,2022,5.9187
51013,Sul Matogrossense,Sul,resultados,taxa_mortalidade_geral,Taxa de mortalidade geral,óbitos por mil habitantes,2023,5.9054
51013,Sul Matogrossense,Sul,resultados,taxa_mortalidade_geral,Taxa de mortalidade geral,óbitos por mil habitantes,2024,5.8428
51013,Sul Matogrossense,Sul,resultados,taxa_mortalidade_infantil,Taxa de mortalidade infantil,óbitos por mil nascidos vivos,2020,7.9037
51013,Sul Matogrossense,Sul,resultados,taxa_mortalidade_infantil,Taxa de mortalidade infantil,óbitos por mil nascidos vivos,2021,10.3105
51013,Sul Matogrossense,Sul,resultados,taxa_mortalidade_infantil,Taxa de mortalidade infantil,óbitos por mil nascidos vivos,2022,10.1415
51013,Sul Matogrossense,Sul,resultados,taxa_mortalidade_infantil,Taxa de mortalidade infantil,óbitos por mil nascidos vivos,2023,10.7687
51013,Sul Matogrossense,Sul,resultados,taxa_mortalidade_infantil,Taxa de mortalidade infantil,óbitos por mil nascidos vivos,2024,10.6449
51014,Teles Pires,Norte,atencao_basica,atend_individual_pc,Atendimentos individuais na atenção básica por habitante,atendimentos por hab.,2020,1.8808
51014,Teles Pires,Norte,atencao_basica,atend_individual_pc,Atendimentos individuais na atenção básica por habitante,atendimentos por hab.,2021,2.1101
51014,Teles Pires,Norte,atencao_basica,atend_individual_pc,Atendimentos individuais na atenção básica por habitante,atendimentos por hab.,2022,2.0189
51014,Teles Pires,Norte,atencao_basica,atend_individual_pc,Atendimentos individuais na atenção básica por habitante,atendimentos por hab.,2023,2.0694
51014,Teles Pires,Norte,atencao_basica,atend_individual_pc,Atendimentos individuais na atenção básica por habitante,atendimentos por hab.,2024,2.1822
51014,Teles Pires,Norte,atencao_basica,atend_individual_pc,Atendimentos individuais na atenção básica por habitante,atendimentos por hab.,2025,2.1244
51014,Teles Pires,Norte,atencao_basica,atend_odonto_pc,Atendimentos odontológicos por habitante,atendimentos por hab.,2020,0.1485
51014,Teles Pires,Norte,atencao_basica,atend_odonto_pc,Atendimentos odontológicos por habitante,atendimentos por hab.,2021,0.2322
51014,Teles Pires,Norte,atencao_basica,atend_odonto_pc,Atendimentos odontológicos por habitante,atendimentos por hab.,2022,0.26
51014,Teles Pires,Norte,atencao_basica,atend_odonto_pc,Atendimentos odontológicos por habitante,atendimentos por hab.,2023,0.3003
51014,Teles Pires,Norte,atencao_basica,atend_odonto_pc,Atendimentos odontológicos por habitante,atendimentos por hab.,2024,0.2994
51014,Teles Pires,Norte,atencao_basica,atend_odonto_pc,Atendimentos odontológicos por habitante,atendimentos por hab.,2025,0.3209
51014,Teles Pires,Norte,atencao_basica,doses_menor1_por_nv,Doses de vacina em menores de 1 ano por nascido vivo,doses por nascido vivo,2020,13.6322
51014,Teles Pires,Norte,atencao_basica,doses_menor1_por_nv,Doses de vacina em menores de 1 ano por nascido vivo,doses por nascido vivo,2021,12.5513
51014,Teles Pires,Norte,atencao_basica,doses_menor1_por_nv,Doses de vacina em menores de 1 ano por nascido vivo,doses por nascido vivo,2022,14.4472
51014,Teles Pires,Norte,atencao_basica,doses_menor1_por_nv,Doses de vacina em menores de 1 ano por nascido vivo,doses por nascido vivo,2023,15.9419
51014,Teles Pires,Norte,atencao_basica,doses_menor1_por_nv,Doses de vacina em menores de 1 ano por nascido vivo,doses por nascido vivo,2024,16.1979
51014,Teles Pires,Norte,atencao_basica,doses_pc,Doses de vacina aplicadas por habitante,doses por hab.,2020,0.8861
51014,Teles Pires,Norte,atencao_basica,doses_pc,Doses de vacina aplicadas por habitante,doses por hab.,2021,0.8028
51014,Teles Pires,Norte,atencao_basica,doses_pc,Doses de vacina aplicadas por habitante,doses por hab.,2022,0.865
51014,Teles Pires,Norte,atencao_basica,doses_pc,Doses de vacina aplicadas por habitante,doses por hab.,2023,0.8823
51014,Teles Pires,Norte,atencao_basica,doses_pc,Doses de vacina aplicadas por habitante,doses por hab.,2024,0.9607
51014,Teles Pires,Norte,atencao_basica,doses_pc,Doses de vacina aplicadas por habitante,doses por hab.,2025,0.9629
51014,Teles Pires,Norte,atencao_basica,procedimentos_ab_pc,Procedimentos na atenção básica por habitante,procedimentos por hab.,2020,3.7735
51014,Teles Pires,Norte,atencao_basica,procedimentos_ab_pc,Procedimentos na atenção básica por habitante,procedimentos por hab.,2021,4.4214
51014,Teles Pires,Norte,atencao_basica,procedimentos_ab_pc,Procedimentos na atenção básica por habitante,procedimentos por hab.,2022,3.9597
51014,Teles Pires,Norte,atencao_basica,procedimentos_ab_pc,Procedimentos na atenção básica por habitante,procedimentos por hab.,2023,4.236
51014,Teles Pires,Norte,atencao_basica,procedimentos_ab_pc,Procedimentos na atenção básica por habitante,procedimentos por hab.,2024,4.0145
51014,Teles Pires,Norte,atencao_basica,procedimentos_ab_pc,Procedimentos na atenção básica por habitante,procedimentos por hab.,2025,3.8895
51014,Teles Pires,Norte,atencao_basica,visitas_pc,Visitas domiciliares por habitante,visitas por hab.,2020,1.9038
51014,Teles Pires,Norte,atencao_basica,visitas_pc,Visitas domiciliares por habitante,visitas por hab.,2021,2.2733
51014,Teles Pires,Norte,atencao_basica,visitas_pc,Visitas domiciliares por habitante,visitas por hab.,2022,2.2681
51014,Teles Pires,Norte,atencao_basica,visitas_pc,Visitas domiciliares por habitante,visitas por hab.,2023,2.5878
51014,Teles Pires,Norte,atencao_basica,visitas_pc,Visitas domiciliares por habitante,visitas por hab.,2024,3.0379
51014,Teles Pires,Norte,atencao_basica,visitas_pc,Visitas domiciliares por habitante,visitas por hab.,2025,3.101
51014,Teles Pires,Norte,capacidade,equip_sus_p10000,Equipamentos SUS em uso por 10 mil habitantes,equipamentos por 10 mil hab.,2020,63.665
51014,Teles Pires,Norte,capacidade,equip_sus_p10000,Equipamentos SUS em uso por 10 mil habitantes,equipamentos por 10 mil hab.,2021,72.1475
51014,Teles Pires,Norte,capacidade,equip_sus_p10000,Equipamentos SUS em uso por 10 mil habitantes,equipamentos por 10 mil hab.,2022,75.885
51014,Teles Pires,Norte,capacidade,equip_sus_p10000,Equipamentos SUS em uso por 10 mil habitantes,equipamentos por 10 mil hab.,2023,81.9176
51014,Teles Pires,Norte,capacidade,equip_sus_p10000,Equipamentos SUS em uso por 10 mil habitantes,equipamentos por 10 mil hab.,2024,95.7054
51014,Teles Pires,Norte,capacidade,equip_sus_p10000,Equipamentos SUS em uso por 10 mil habitantes,equipamentos por 10 mil hab.,2025,104.9833
51014,Teles Pires,Norte,capacidade,equipes_esf_p10000,Equipes de Saúde da Família por 10 mil habitantes,equipes por 10 mil hab.,2020,2.5504
51014,Teles Pires,Norte,capacidade,equipes_esf_p10000,Equipes de Saúde da Família por 10 mil habitantes,equipes por 10 mil hab.,2021,2.549
51014,Teles Pires,Norte,capacidade,equipes_esf_p10000,Equipes de Saúde da Família por 10 mil habitantes,equipes por 10 mil hab.,2022,2.2193
51014,Teles Pires,Norte,capacidade,equipes_esf_p10000,Equipes de Saúde da Família por 10 mil habitantes,equipes por 10 mil hab.,2023,2.2268
51014,Teles Pires,Norte,capacidade,equipes_esf_p10000,Equipes de Saúde da Família por 10 mil habitantes,equipes por 10 mil hab.,2024,2.2686
51014,Teles Pires,Norte,capacidade,equipes_esf_p10000,Equipes de Saúde da Família por 10 mil habitantes,equipes por 10 mil hab.,2025,2.2485
51014,Teles Pires,Norte,capacidade,fte_acs_p1000,Agentes comunitários de saúde por mil habitantes,FTE por mil hab.,2020,2.2221
51014,Teles Pires,Norte,capacidade,fte_acs_p1000,Agentes comunitários de saúde por mil habitantes,FTE por mil hab.,2021,2.0661
51014,Teles Pires,Norte,capacidade,fte_acs_p1000,Agentes comunitários de saúde por mil habitantes,FTE por mil hab.,2022,1.7716
51014,Teles Pires,Norte,capacidade,fte_acs_p1000,Agentes comunitários de saúde por mil habitantes,FTE por mil hab.,2023,1.7714
51014,Teles Pires,Norte,capacidade,fte_acs_p1000,Agentes comunitários de saúde por mil habitantes,FTE por mil hab.,2024,1.9101
51014,Teles Pires,Norte,capacidade,fte_acs_p1000,Agentes comunitários de saúde por mil habitantes,FTE por mil hab.,2025,1.8994
51014,Teles Pires,Norte,capacidade,fte_dentistas_p1000,Dentistas SUS por mil habitantes,FTE por mil hab.,2020,0.3111
51014,Teles Pires,Norte,capacidade,fte_dentistas_p1000,Dentistas SUS por mil habitantes,FTE por mil hab.,2021,0.3074
51014,Teles Pires,Norte,capacidade,fte_dentistas_p1000,Dentistas SUS por mil habitantes,FTE por mil hab.,2022,0.2679
51014,Teles Pires,Norte,capacidade,fte_dentistas_p1000,Dentistas SUS por mil habitantes,FTE por mil hab.,2023,0.2918
51014,Teles Pires,Norte,capacidade,fte_dentistas_p1000,Dentistas SUS por mil habitantes,FTE por mil hab.,2024,0.3085
51014,Teles Pires,Norte,capacidade,fte_dentistas_p1000,Dentistas SUS por mil habitantes,FTE por mil hab.,2025,0.335
51014,Teles Pires,Norte,capacidade,fte_enfermeiros_p1000,Enfermeiros SUS por mil habitantes,FTE por mil hab.,2020,1.399
51014,Teles Pires,Norte,capacidade,fte_enfermeiros_p1000,Enfermeiros SUS por mil habitantes,FTE por mil hab.,2021,1.6598
51014,Teles Pires,Norte,capacidade,fte_enfermeiros_p1000,Enfermeiros SUS por mil habitantes,FTE por mil hab.,2022,1.4412
51014,Teles Pires,Norte,capacidade,fte_enfermeiros_p1000,Enfermeiros SUS por mil habitantes,FTE por mil hab.,2023,1.5008
51014,Teles Pires,Norte,capacidade,fte_enfermeiros_p1000,Enfermeiros SUS por mil habitantes,FTE por mil hab.,2024,1.7338
51014,Teles Pires,Norte,capacidade,fte_enfermeiros_p1000,Enfermeiros SUS por mil habitantes,FTE por mil hab.,2025,1.8234
51014,Teles Pires,Norte,capacidade,fte_medicos_p1000,Médicos SUS por mil habitantes,FTE por mil hab.,2020,1.3271
51014,Teles Pires,Norte,capacidade,fte_medicos_p1000,Médicos SUS por mil habitantes,FTE por mil hab.,2021,1.4811
51014,Teles Pires,Norte,capacidade,fte_medicos_p1000,Médicos SUS por mil habitantes,FTE por mil hab.,2022,1.3675
51014,Teles Pires,Norte,capacidade,fte_medicos_p1000,Médicos SUS por mil habitantes,FTE por mil hab.,2023,1.3919
51014,Teles Pires,Norte,capacidade,fte_medicos_p1000,Médicos SUS por mil habitantes,FTE por mil hab.,2024,1.7088
51014,Teles Pires,Norte,capacidade,fte_medicos_p1000,Médicos SUS por mil habitantes,FTE por mil hab.,2025,2.0849
51014,Teles Pires,Norte,capacidade,fte_tec_enfermagem_p1000,Técnicos de enfermagem SUS por mil habitantes,FTE por mil hab.,2020,2.9887
51014,Teles Pires,Norte,capacidade,fte_tec_enfermagem_p1000,Técnicos de enfermagem SUS por mil habitantes,FTE por mil hab.,2021,3.2783
51014,Teles Pires,Norte,capacidade,fte_tec_enfermagem_p1000,Técnicos de enfermagem SUS por mil habitantes,FTE por mil hab.,2022,2.7325
51014,Teles Pires,Norte,capacidade,fte_tec_enfermagem_p1000,Técnicos de enfermagem SUS por mil habitantes,FTE por mil hab.,2023,2.9195
51014,Teles Pires,Norte,capacidade,fte_tec_enfermagem_p1000,Técnicos de enfermagem SUS por mil habitantes,FTE por mil hab.,2024,3.1382
51014,Teles Pires,Norte,capacidade,fte_tec_enfermagem_p1000,Técnicos de enfermagem SUS por mil habitantes,FTE por mil hab.,2025,3.2529
51014,Teles Pires,Norte,capacidade,leitos_sus_p1000,Leitos SUS por mil habitantes,leitos por mil hab.,2020,1.0337
51014,Teles Pires,Norte,capacidade,leitos_sus_p1000,Leitos SUS por mil habitantes,leitos por mil hab.,2021,1.482
51014,Teles Pires,Norte,capacidade,leitos_sus_p1000,Leitos SUS por mil habitantes,leitos por mil hab.,2022,1.0675
51014,Teles Pires,Norte,capacidade,leitos_sus_p1000,Leitos SUS por mil habitantes,leitos por mil hab.,2023,1.3378
51014,Teles Pires,Norte,capacidade,leitos_sus_p1000,Leitos SUS por mil habitantes,leitos por mil hab.,2024,1.5731
51014,Teles Pires,Norte,capacidade,leitos_sus_p1000,Leitos SUS por mil habitantes,leitos por mil hab.,2025,1.4935
51014,Teles Pires,Norte,capacidade,leitos_uti_sus,Leitos de UTI SUS,leitos,2020,47.0
51014,Teles Pires,Norte,capacidade,leitos_uti_sus,Leitos de UTI SUS,leitos,2021,83.0
51014,Teles Pires,Norte,capacidade,leitos_uti_sus,Leitos de UTI SUS,leitos,2022,49.0
51014,Teles Pires,Norte,capacidade,leitos_uti_sus,Leitos de UTI SUS,leitos,2023,52.0
51014,Teles Pires,Norte,capacidade,leitos_uti_sus,Leitos de UTI SUS,leitos,2024,52.0
51014,Teles Pires,Norte,capacidade,leitos_uti_sus,Leitos de UTI SUS,leitos,2025,52.0
51014,Teles Pires,Norte,capacidade,n_equipes_eap,Equipes de atenção primária (eAP),equipes,2020,1.0
51014,Teles Pires,Norte,capacidade,n_equipes_eap,Equipes de atenção primária (eAP),equipes,2021,3.0
51014,Teles Pires,Norte,capacidade,n_equipes_eap,Equipes de atenção primária (eAP),equipes,2022,4.0
51014,Teles Pires,Norte,capacidade,n_equipes_eap,Equipes de atenção primária (eAP),equipes,2023,8.0
51014,Teles Pires,Norte,capacidade,n_equipes_eap,Equipes de atenção primária (eAP),equipes,2024,12.0
51014,Teles Pires,Norte,capacidade,n_equipes_eap,Equipes de atenção primária (eAP),equipes,2025,14.0
51014,Teles Pires,Norte,capacidade,n_equipes_esb,Equipes de saúde bucal,equipes,2020,97.0
51014,Teles Pires,Norte,capacidade,n_equipes_esb,Equipes de saúde bucal,equipes,2021,101.0
51014,Teles Pires,Norte,capacidade,n_equipes_esb,Equipes de saúde bucal,equipes,2022,103.0
51014,Teles Pires,Norte,capacidade,n_equipes_esb,Equipes de saúde bucal,equipes,2023,109.0
51014,Teles Pires,Norte,capacidade,n_equipes_esb,Equipes de saúde bucal,equipes,2024,117.0
51014,Teles Pires,Norte,capacidade,n_equipes_esb,Equipes de saúde bucal,equipes,2025,124.0
51014,Teles Pires,Norte,capacidade,n_estab_sus,Estabelecimentos com atendimento SUS,estabelecimentos,2020,449.0
51014,Teles Pires,Norte,capacidade,n_estab_sus,Estabelecimentos com atendimento SUS,estabelecimentos,2021,488.0
51014,Teles Pires,Norte,capacidade,n_estab_sus,Estabelecimentos com atendimento SUS,estabelecimentos,2022,508.0
51014,Teles Pires,Norte,capacidade,n_estab_sus,Estabelecimentos com atendimento SUS,estabelecimentos,2023,534.0
51014,Teles Pires,Norte,capacidade,n_estab_sus,Estabelecimentos com atendimento SUS,estabelecimentos,2024,577.0
51014,Teles Pires,Norte,capacidade,n_estab_sus,Estabelecimentos com atendimento SUS,estabelecimentos,2025,629.0
51014,Teles Pires,Norte,capacidade,n_hospitais_sus,Hospitais SUS,hospitais,2020,10.0
51014,Teles Pires,Norte,capacidade,n_hospitais_sus,Hospitais SUS,hospitais,2021,12.0
51014,Teles Pires,Norte,capacidade,n_hospitais_sus,Hospitais SUS,hospitais,2022,13.0
51014,Teles Pires,Norte,capacidade,n_hospitais_sus,Hospitais SUS,hospitais,2023,12.0
51014,Teles Pires,Norte,capacidade,n_hospitais_sus,Hospitais SUS,hospitais,2024,13.0
51014,Teles Pires,Norte,capacidade,n_hospitais_sus,Hospitais SUS,hospitais,2025,15.0
51014,Teles Pires,Norte,capacidade,n_ubs,Unidades básicas de saúde,unidades,2020,130.0
51014,Teles Pires,Norte,capacidade,n_ubs,Unidades básicas de saúde,unidades,2021,136.0
51014,Teles Pires,Norte,capacidade,n_ubs,Unidades básicas de saúde,unidades,2022,135.0
51014,Teles Pires,Norte,capacidade,n_ubs,Unidades básicas de saúde,unidades,2023,136.0
51014,Teles Pires,Norte,capacidade,n_ubs,Unidades básicas de saúde,unidades,2024,141.0
51014,Teles Pires,Norte,capacidade,n_ubs,Unidades básicas de saúde,unidades,2025,144.0
51014,Teles Pires,Norte,capacidade,n_upa,Unidades de pronto atendimento,unidades,2020,7.0
51014,Teles Pires,Norte,capacidade,n_upa,Unidades de pronto atendimento,unidades,2021,7.0
51014,Teles Pires,Norte,capacidade,n_upa,Unidades de pronto atendimento,unidades,2022,8.0
51014,Teles Pires,Norte,capacidade,n_upa,Unidades de pronto atendimento,unidades,2023,8.0
51014,Teles Pires,Norte,capacidade,n_upa,Unidades de pronto atendimento,unidades,2024,9.0
51014,Teles Pires,Norte,capacidade,n_upa,Unidades de pronto atendimento,unidades,2025,10.0
51014,Teles Pires,Norte,contexto,populacao,População,habitantes,2020,444084.0
51014,Teles Pires,Norte,contexto,populacao,População,habitantes,2021,454451.0
51014,Teles Pires,Norte,contexto,populacao,População,habitantes,2022,533240.0
51014,Teles Pires,Norte,contexto,populacao,População,habitantes,2023,556454.0
51014,Teles Pires,Norte,contexto,populacao,População,habitantes,2024,580757.0
51014,Teles Pires,Norte,contexto,populacao,População,habitantes,2025,599699.0
51014,Teles Pires,Norte,deslocamento,km_medio_internacao,Distância média até a internação,km,2020,32.2591
51014,Teles Pires,Norte,deslocamento,km_medio_internacao,Distância média até a internação,km,2021,33.0888
51014,Teles Pires,Norte,deslocamento,km_medio_internacao,Distância média até a internação,km,2022,39.8996
51014,Teles Pires,Norte,deslocamento,km_medio_internacao,Distância média até a internação,km,2023,44.3716
51014,Teles Pires,Norte,deslocamento,km_medio_internacao,Distância média até a internação,km,2024,44.2924
51014,Teles Pires,Norte,deslocamento,km_medio_internacao,Distância média até a internação,km,2025,46.5092
51014,Teles Pires,Norte,deslocamento,pct_internacoes_fora_mun,Internações fora do município de residência,% das internações de residentes,2020,22.9474
51014,Teles Pires,Norte,deslocamento,pct_internacoes_fora_mun,Internações fora do município de residência,% das internações de residentes,2021,22.9267
51014,Teles Pires,Norte,deslocamento,pct_internacoes_fora_mun,Internações fora do município de residência,% das internações de residentes,2022,25.9082
51014,Teles Pires,Norte,deslocamento,pct_internacoes_fora_mun,Internações fora do município de residência,% das internações de residentes,2023,27.0062
51014,Teles Pires,Norte,deslocamento,pct_internacoes_fora_mun,Internações fora do município de residência,% das internações de residentes,2024,28.0475
51014,Teles Pires,Norte,deslocamento,pct_internacoes_fora_mun,Internações fora do município de residência,% das internações de residentes,2025,27.0384
51014,Teles Pires,Norte,deslocamento,pct_internacoes_fora_regiao,Internações fora da região de saúde,% das internações de residentes,2020,5.1811
51014,Teles Pires,Norte,deslocamento,pct_internacoes_fora_regiao,Internações fora da região de saúde,% das internações de residentes,2021,5.1315
51014,Teles Pires,Norte,deslocamento,pct_internacoes_fora_regiao,Internações fora da região de saúde,% das internações de residentes,2022,5.8913
51014,Teles Pires,Norte,deslocamento,pct_internacoes_fora_regiao,Internações fora da região de saúde,% das internações de residentes,2023,8.2865
51014,Teles Pires,Norte,deslocamento,pct_internacoes_fora_regiao,Internações fora da região de saúde,% das internações de residentes,2024,6.2565
51014,Teles Pires,Norte,deslocamento,pct_internacoes_fora_regiao,Internações fora da região de saúde,% das internações de residentes,2025,6.9423
51014,Teles Pires,Norte,financiamento,desp_ab_pc,Despesa em atenção básica por habitante,R$ por habitante,2020,410.7102
51014,Teles Pires,Norte,financiamento,desp_ab_pc,Despesa em atenção básica por habitante,R$ por habitante,2021,453.4861
51014,Teles Pires,Norte,financiamento,desp_ab_pc,Despesa em atenção básica por habitante,R$ por habitante,2022,444.6876
51014,Teles Pires,Norte,financiamento,desp_ab_pc,Despesa em atenção básica por habitante,R$ por habitante,2023,528.2597
51014,Teles Pires,Norte,financiamento,desp_ab_pc,Despesa em atenção básica por habitante,R$ por habitante,2024,568.8971
51014,Teles Pires,Norte,financiamento,desp_ab_pc,Despesa em atenção básica por habitante,R$ por habitante,2025,634.3968
51014,Teles Pires,Norte,financiamento,desp_mac_pc,Despesa em média e alta complexidade por habitante,R$ por habitante,2020,389.7515
51014,Teles Pires,Norte,financiamento,desp_mac_pc,Despesa em média e alta complexidade por habitante,R$ por habitante,2021,544.678
51014,Teles Pires,Norte,financiamento,desp_mac_pc,Despesa em média e alta complexidade por habitante,R$ por habitante,2022,528.6692
51014,Teles Pires,Norte,financiamento,desp_mac_pc,Despesa em média e alta complexidade por habitante,R$ por habitante,2023,630.6719
51014,Teles Pires,Norte,financiamento,desp_mac_pc,Despesa em média e alta complexidade por habitante,R$ por habitante,2024,760.4368
51014,Teles Pires,Norte,financiamento,desp_mac_pc,Despesa em média e alta complexidade por habitante,R$ por habitante,2025,766.9256
51014,Teles Pires,Norte,financiamento,desp_total_pc,Despesa em saúde por habitante,R$ por habitante,2020,1083.8037
51014,Teles Pires,Norte,financiamento,desp_total_pc,Despesa em saúde por habitante,R$ por habitante,2021,1273.2756
51014,Teles Pires,Norte,financiamento,desp_total_pc,Despesa em saúde por habitante,R$ por habitante,2022,1230.8461
51014,Teles Pires,Norte,financiamento,desp_total_pc,Despesa em saúde por habitante,R$ por habitante,2023,1418.9827
51014,Teles Pires,Norte,financiamento,desp_total_pc,Despesa em saúde por habitante,R$ por habitante,2024,1622.6891
51014,Teles Pires,Norte,financiamento,desp_total_pc,Despesa em saúde por habitante,R$ por habitante,2025,1727.7542
51014,Teles Pires,Norte,financiamento,pct_capital,Despesa de capital,% da despesa total,2020,3.862
51014,Teles Pires,Norte,financiamento,pct_capital,Despesa de capital,% da despesa total,2021,2.8665
51014,Teles Pires,Norte,financiamento,pct_capital,Despesa de capital,% da despesa total,2022,4.1198
51014,Teles Pires,Norte,financiamento,pct_capital,Despesa de capital,% da despesa total,2023,3.9109
51014,Teles Pires,Norte,financiamento,pct_capital,Despesa de capital,% da despesa total,2024,9.5997
51014,Teles Pires,Norte,financiamento,pct_capital,Despesa de capital,% da despesa total,2025,4.1887
51014,Teles Pires,Norte,financiamento,pct_recursos_proprios,Despesa com recursos próprios,% da despesa total,2020,69.3301
51014,Teles Pires,Norte,financiamento,pct_recursos_proprios,Despesa com recursos próprios,% da despesa total,2021,73.4495
51014,Teles Pires,Norte,financiamento,pct_recursos_proprios,Despesa com recursos próprios,% da despesa total,2022,73.385
51014,Teles Pires,Norte,financiamento,pct_recursos_proprios,Despesa com recursos próprios,% da despesa total,2023,76.0522
51014,Teles Pires,Norte,financiamento,pct_recursos_proprios,Despesa com recursos próprios,% da despesa total,2024,78.3217
51014,Teles Pires,Norte,financiamento,pct_recursos_proprios,Despesa com recursos próprios,% da despesa total,2025,75.9614
51014,Teles Pires,Norte,media_alta,diarias_uti_p1000,Diárias de UTI por mil habitantes,diárias por mil hab.,2020,22.0792
51014,Teles Pires,Norte,media_alta,diarias_uti_p1000,Diárias de UTI por mil habitantes,diárias por mil hab.,2021,37.531
51014,Teles Pires,Norte,media_alta,diarias_uti_p1000,Diárias de UTI por mil habitantes,diárias por mil hab.,2022,16.5254
51014,Teles Pires,Norte,media_alta,diarias_uti_p1000,Diárias de UTI por mil habitantes,diárias por mil hab.,2023,26.9941
51014,Teles Pires,Norte,media_alta,diarias_uti_p1000,Diárias de UTI por mil habitantes,diárias por mil hab.,2024,28.7676
51014,Teles Pires,Norte,media_alta,diarias_uti_p1000,Diárias de UTI por mil habitantes,diárias por mil hab.,2025,28.671
51014,Teles Pires,Norte,media_alta,internacoes_local_p1000,Internações realizadas no município por mil habitantes,internações por mil hab.,2020,47.9842
51014,Teles Pires,Norte,media_alta,internacoes_local_p1000,Internações realizadas no município por mil habitantes,internações por mil hab.,2021,53.1939
51014,Teles Pires,Norte,media_alta,internacoes_local_p1000,Internações realizadas no município por mil habitantes,internações por mil hab.,2022,47.1664
51014,Teles Pires,Norte,media_alta,internacoes_local_p1000,Internações realizadas no município por mil habitantes,internações por mil hab.,2023,52.0546
51014,Teles Pires,Norte,media_alta,internacoes_local_p1000,Internações realizadas no município por mil habitantes,internações por mil hab.,2024,57.2597
51014,Teles Pires,Norte,media_alta,internacoes_local_p1000,Internações realizadas no município por mil habitantes,internações por mil hab.,2025,53.3734
51014,Teles Pires,Norte,media_alta,internacoes_res_p1000,Internações de residentes por mil habitantes,internações por mil hab.,2020,47.2005
51014,Teles Pires,Norte,media_alta,internacoes_res_p1000,Internações de residentes por mil habitantes,internações por mil hab.,2021,52.0584
51014,Teles Pires,Norte,media_alta,internacoes_res_p1000,Internações de residentes por mil habitantes,internações por mil hab.,2022,46.6657
51014,Teles Pires,Norte,media_alta,internacoes_res_p1000,Internações de residentes por mil habitantes,internações por mil hab.,2023,52.1571
51014,Teles Pires,Norte,media_alta,internacoes_res_p1000,Internações de residentes por mil habitantes,internações por mil hab.,2024,54.9335
51014,Teles Pires,Norte,media_alta,internacoes_res_p1000,Internações de residentes por mil habitantes,internações por mil hab.,2025,50.6571
51014,Teles Pires,Norte,media_alta,mortalidade_hosp_pct,Mortalidade hospitalar,% das internações locais,2020,4.2376
51014,Teles Pires,Norte,media_alta,mortalidade_hosp_pct,Mortalidade hospitalar,% das internações locais,2021,5.0219
51014,Teles Pires,Norte,media_alta,mortalidade_hosp_pct,Mortalidade hospitalar,% das internações locais,2022,2.6719
51014,Teles Pires,Norte,media_alta,mortalidade_hosp_pct,Mortalidade hospitalar,% das internações locais,2023,2.8896
51014,Teles Pires,Norte,media_alta,mortalidade_hosp_pct,Mortalidade hospitalar,% das internações locais,2024,2.7064
51014,Teles Pires,Norte,media_alta,mortalidade_hosp_pct,Mortalidade hospitalar,% das internações locais,2025,2.5119
51014,Teles Pires,Norte,media_alta,pct_urgencia,Internações de urgência,% das internações locais,2020,97.3814
51014,Teles Pires,Norte,media_alta,pct_urgencia,Internações de urgência,% das internações locais,2021,95.3586
51014,Teles Pires,Norte,media_alta,pct_urgencia,Internações de urgência,% das internações locais,2022,90.2628
51014,Teles Pires,Norte,media_alta,pct_urgencia,Internações de urgência,% das internações locais,2023,87.8375
51014,Teles Pires,Norte,media_alta,pct_urgencia,Internações de urgência,% das internações locais,2024,86.4738
51014,Teles Pires,Norte,media_alta,pct_urgencia,Internações de urgência,% das internações locais,2025,84.6913
51014,Teles Pires,Norte,media_alta,permanencia_media,Permanência média das internações,dias,2020,3.8901
51014,Teles Pires,Norte,media_alta,permanencia_media,Permanência média das internações,dias,2021,3.9574
51014,Teles Pires,Norte,media_alta,permanencia_media,Permanência média das internações,dias,2022,3.8818
51014,Teles Pires,Norte,media_alta,permanencia_media,Permanência média das internações,dias,2023,3.7741
51014,Teles Pires,Norte,media_alta,permanencia_media,Permanência média das internações,dias,2024,3.5644
51014,Teles Pires,Norte,media_alta,permanencia_media,Permanência média das internações,dias,2025,3.5638
51014,Teles Pires,Norte,media_alta,qtd_ac_local_pc,Procedimentos de alta complexidade por habitante,procedimentos por hab.,2020,0.1257
51014,Teles Pires,Norte,media_alta,qtd_ac_local_pc,Procedimentos de alta complexidade por habitante,procedimentos por hab.,2021,0.148
51014,Teles Pires,Norte,media_alta,qtd_ac_local_pc,Procedimentos de alta complexidade por habitante,procedimentos por hab.,2022,0.1555
51014,Teles Pires,Norte,media_alta,qtd_ac_local_pc,Procedimentos de alta complexidade por habitante,procedimentos por hab.,2023,0.134
51014,Teles Pires,Norte,media_alta,qtd_ac_local_pc,Procedimentos de alta complexidade por habitante,procedimentos por hab.,2024,0.1492
51014,Teles Pires,Norte,media_alta,qtd_ac_local_pc,Procedimentos de alta complexidade por habitante,procedimentos por hab.,2025,0.1736
51014,Teles Pires,Norte,media_alta,qtd_mc_local_pc,Procedimentos de média complexidade por habitante,procedimentos por hab.,2020,6.9685
51014,Teles Pires,Norte,media_alta,qtd_mc_local_pc,Procedimentos de média complexidade por habitante,procedimentos por hab.,2021,9.1486
51014,Teles Pires,Norte,media_alta,qtd_mc_local_pc,Procedimentos de média complexidade por habitante,procedimentos por hab.,2022,9.0643
51014,Teles Pires,Norte,media_alta,qtd_mc_local_pc,Procedimentos de média complexidade por habitante,procedimentos por hab.,2023,9.4033
51014,Teles Pires,Norte,media_alta,qtd_mc_local_pc,Procedimentos de média complexidade por habitante,procedimentos por hab.,2024,9.6903
51014,Teles Pires,Norte,media_alta,qtd_mc_local_pc,Procedimentos de média complexidade por habitante,procedimentos por hab.,2025,11.0002
51014,Teles Pires,Norte,media_alta,valor_sih_local_pc,Valor das internações realizadas no município por habitante,R$ por habitante,2020,52.2265
51014,Teles Pires,Norte,media_alta,valor_sih_local_pc,Valor das internações realizadas no município por habitante,R$ por habitante,2021,86.0445
51014,Teles Pires,Norte,media_alta,valor_sih_local_pc,Valor das internações realizadas no município por habitante,R$ por habitante,2022,46.5843
51014,Teles Pires,Norte,media_alta,valor_sih_local_pc,Valor das internações realizadas no município por habitante,R$ por habitante,2023,57.1382
51014,Teles Pires,Norte,media_alta,valor_sih_local_pc,Valor das internações realizadas no município por habitante,R$ por habitante,2024,67.6746
51014,Teles Pires,Norte,media_alta,valor_sih_local_pc,Valor das internações realizadas no município por habitante,R$ por habitante,2025,64.6384
51014,Teles Pires,Norte,media_alta,valor_sih_res_pc,Valor das internações de residentes por habitante,R$ por habitante,2020,53.9386
51014,Teles Pires,Norte,media_alta,valor_sih_res_pc,Valor das internações de residentes por habitante,R$ por habitante,2021,82.4027
51014,Teles Pires,Norte,media_alta,valor_sih_res_pc,Valor das internações de residentes por habitante,R$ por habitante,2022,48.3803
51014,Teles Pires,Norte,media_alta,valor_sih_res_pc,Valor das internações de residentes por habitante,R$ por habitante,2023,56.5593
51014,Teles Pires,Norte,media_alta,valor_sih_res_pc,Valor das internações de residentes por habitante,R$ por habitante,2024,64.1697
51014,Teles Pires,Norte,media_alta,valor_sih_res_pc,Valor das internações de residentes por habitante,R$ por habitante,2025,60.7415
51014,Teles Pires,Norte,resultados,pct_baixo_peso,Nascidos vivos com baixo peso,% dos nascidos vivos,2020,8.1688
51014,Teles Pires,Norte,resultados,pct_baixo_peso,Nascidos vivos com baixo peso,% dos nascidos vivos,2021,8.4848
51014,Teles Pires,Norte,resultados,pct_baixo_peso,Nascidos vivos com baixo peso,% dos nascidos vivos,2022,8.1054
51014,Teles Pires,Norte,resultados,pct_baixo_peso,Nascidos vivos com baixo peso,% dos nascidos vivos,2023,8.62
51014,Teles Pires,Norte,resultados,pct_baixo_peso,Nascidos vivos com baixo peso,% dos nascidos vivos,2024,8.0249
51014,Teles Pires,Norte,resultados,pct_cesarea,Partos cesáreos,% dos nascidos vivos,2020,59.4687
51014,Teles Pires,Norte,resultados,pct_cesarea,Partos cesáreos,% dos nascidos vivos,2021,62.2187
51014,Teles Pires,Norte,resultados,pct_cesarea,Partos cesáreos,% dos nascidos vivos,2022,62.7272
51014,Teles Pires,Norte,resultados,pct_cesarea,Partos cesáreos,% dos nascidos vivos,2023,62.8902
51014,Teles Pires,Norte,resultados,pct_cesarea,Partos cesáreos,% dos nascidos vivos,2024,64.3141
51014,Teles Pires,Norte,resultados,pct_mae_adolescente,Nascidos vivos de mães adolescentes,% dos nascidos vivos,2020,13.6304
51014,Teles Pires,Norte,resultados,pct_mae_adolescente,Nascidos vivos de mães adolescentes,% dos nascidos vivos,2021,13.8425
51014,Teles Pires,Norte,resultados,pct_mae_adolescente,Nascidos vivos de mães adolescentes,% dos nascidos vivos,2022,12.902
51014,Teles Pires,Norte,resultados,pct_mae_adolescente,Nascidos vivos de mães adolescentes,% dos nascidos vivos,2023,11.7775
51014,Teles Pires,Norte,resultados,pct_mae_adolescente,Nascidos vivos de mães adolescentes,% dos nascidos vivos,2024,11.0392
51014,Teles Pires,Norte,resultados,pct_prenatal_7mais,Nascidos vivos com 7 ou mais consultas de pré-natal,% dos nascidos vivos,2020,78.0797
51014,Teles Pires,Norte,resultados,pct_prenatal_7mais,Nascidos vivos com 7 ou mais consultas de pré-natal,% dos nascidos vivos,2021,81.2514
51014,Teles Pires,Norte,resultados,pct_prenatal_7mais,Nascidos vivos com 7 ou mais consultas de pré-natal,% dos nascidos vivos,2022,82.7687
51014,Teles Pires,Norte,resultados,pct_prenatal_7mais,Nascidos vivos com 7 ou mais consultas de pré-natal,% dos nascidos vivos,2023,85.5135
51014,Teles Pires,Norte,resultados,pct_prenatal_7mais,Nascidos vivos com 7 ou mais consultas de pré-natal,% dos nascidos vivos,2024,88.3328
51014,Teles Pires,Norte,resultados,taxa_mortalidade_geral,Taxa de mortalidade geral,óbitos por mil habitantes,2020,5.1207
51014,Teles Pires,Norte,resultados,taxa_mortalidade_geral,Taxa de mortalidade geral,óbitos por mil habitantes,2021,6.3285
51014,Teles Pires,Norte,resultados,taxa_mortalidade_geral,Taxa de mortalidade geral,óbitos por mil habitantes,2022,4.4145
51014,Teles Pires,Norte,resultados,taxa_mortalidade_geral,Taxa de mortalidade geral,óbitos por mil habitantes,2023,4.216
51014,Teles Pires,Norte,resultados,taxa_mortalidade_geral,Taxa de mortalidade geral,óbitos por mil habitantes,2024,4.2513
51014,Teles Pires,Norte,resultados,taxa_mortalidade_infantil,Taxa de mortalidade infantil,óbitos por mil nascidos vivos,2020,11.7205
51014,Teles Pires,Norte,resultados,taxa_mortalidade_infantil,Taxa de mortalidade infantil,óbitos por mil nascidos vivos,2021,11.4706
51014,Teles Pires,Norte,resultados,taxa_mortalidade_infantil,Taxa de mortalidade infantil,óbitos por mil nascidos vivos,2022,13.0246
51014,Teles Pires,Norte,resultados,taxa_mortalidade_infantil,Taxa de mortalidade infantil,óbitos por mil nascidos vivos,2023,10.3611
51014,Teles Pires,Norte,resultados,taxa_mortalidade_infantil,Taxa de mortalidade infantil,óbitos por mil nascidos vivos,2024,12.3341
51015,Vale do Peixoto,Norte,atencao_basica,atend_individual_pc,Atendimentos individuais na atenção básica por habitante,atendimentos por hab.,2020,1.3221
51015,Vale do Peixoto,Norte,atencao_basica,atend_individual_pc,Atendimentos individuais na atenção básica por habitante,atendimentos por hab.,2021,1.6618
51015,Vale do Peixoto,Norte,atencao_basica,atend_individual_pc,Atendimentos individuais na atenção básica por habitante,atendimentos por hab.,2022,2.1242
51015,Vale do Peixoto,Norte,atencao_basica,atend_individual_pc,Atendimentos individuais na atenção básica por habitante,atendimentos por hab.,2023,2.0323
51015,Vale do Peixoto,Norte,atencao_basica,atend_individual_pc,Atendimentos individuais na atenção básica por habitante,atendimentos por hab.,2024,2.0214
51015,Vale do Peixoto,Norte,atencao_basica,atend_individual_pc,Atendimentos individuais na atenção básica por habitante,atendimentos por hab.,2025,2.2358
51015,Vale do Peixoto,Norte,atencao_basica,atend_odonto_pc,Atendimentos odontológicos por habitante,atendimentos por hab.,2020,0.1208
51015,Vale do Peixoto,Norte,atencao_basica,atend_odonto_pc,Atendimentos odontológicos por habitante,atendimentos por hab.,2021,0.1706
51015,Vale do Peixoto,Norte,atencao_basica,atend_odonto_pc,Atendimentos odontológicos por habitante,atendimentos por hab.,2022,0.2307
51015,Vale do Peixoto,Norte,atencao_basica,atend_odonto_pc,Atendimentos odontológicos por habitante,atendimentos por hab.,2023,0.2919
51015,Vale do Peixoto,Norte,atencao_basica,atend_odonto_pc,Atendimentos odontológicos por habitante,atendimentos por hab.,2024,0.2986
51015,Vale do Peixoto,Norte,atencao_basica,atend_odonto_pc,Atendimentos odontológicos por habitante,atendimentos por hab.,2025,0.316
51015,Vale do Peixoto,Norte,atencao_basica,doses_menor1_por_nv,Doses de vacina em menores de 1 ano por nascido vivo,doses por nascido vivo,2020,13.2701
51015,Vale do Peixoto,Norte,atencao_basica,doses_menor1_por_nv,Doses de vacina em menores de 1 ano por nascido vivo,doses por nascido vivo,2021,11.0704
51015,Vale do Peixoto,Norte,atencao_basica,doses_menor1_por_nv,Doses de vacina em menores de 1 ano por nascido vivo,doses por nascido vivo,2022,13.8145
51015,Vale do Peixoto,Norte,atencao_basica,doses_menor1_por_nv,Doses de vacina em menores de 1 ano por nascido vivo,doses por nascido vivo,2023,14.2758
51015,Vale do Peixoto,Norte,atencao_basica,doses_menor1_por_nv,Doses de vacina em menores de 1 ano por nascido vivo,doses por nascido vivo,2024,14.9989
51015,Vale do Peixoto,Norte,atencao_basica,doses_pc,Doses de vacina aplicadas por habitante,doses por hab.,2020,0.6931
51015,Vale do Peixoto,Norte,atencao_basica,doses_pc,Doses de vacina aplicadas por habitante,doses por hab.,2021,0.5782
51015,Vale do Peixoto,Norte,atencao_basica,doses_pc,Doses de vacina aplicadas por habitante,doses por hab.,2022,0.6905
51015,Vale do Peixoto,Norte,atencao_basica,doses_pc,Doses de vacina aplicadas por habitante,doses por hab.,2023,0.7142
51015,Vale do Peixoto,Norte,atencao_basica,doses_pc,Doses de vacina aplicadas por habitante,doses por hab.,2024,0.9078
51015,Vale do Peixoto,Norte,atencao_basica,doses_pc,Doses de vacina aplicadas por habitante,doses por hab.,2025,0.9357
51015,Vale do Peixoto,Norte,atencao_basica,procedimentos_ab_pc,Procedimentos na atenção básica por habitante,procedimentos por hab.,2020,2.2432
51015,Vale do Peixoto,Norte,atencao_basica,procedimentos_ab_pc,Procedimentos na atenção básica por habitante,procedimentos por hab.,2021,2.8142
51015,Vale do Peixoto,Norte,atencao_basica,procedimentos_ab_pc,Procedimentos na atenção básica por habitante,procedimentos por hab.,2022,3.6435
51015,Vale do Peixoto,Norte,atencao_basica,procedimentos_ab_pc,Procedimentos na atenção básica por habitante,procedimentos por hab.,2023,3.7878
51015,Vale do Peixoto,Norte,atencao_basica,procedimentos_ab_pc,Procedimentos na atenção básica por habitante,procedimentos por hab.,2024,4.0809
51015,Vale do Peixoto,Norte,atencao_basica,procedimentos_ab_pc,Procedimentos na atenção básica por habitante,procedimentos por hab.,2025,4.6023
51015,Vale do Peixoto,Norte,atencao_basica,visitas_pc,Visitas domiciliares por habitante,visitas por hab.,2020,2.4807
51015,Vale do Peixoto,Norte,atencao_basica,visitas_pc,Visitas domiciliares por habitante,visitas por hab.,2021,3.3004
51015,Vale do Peixoto,Norte,atencao_basica,visitas_pc,Visitas domiciliares por habitante,visitas por hab.,2022,4.1603
51015,Vale do Peixoto,Norte,atencao_basica,visitas_pc,Visitas domiciliares por habitante,visitas por hab.,2023,3.931
51015,Vale do Peixoto,Norte,atencao_basica,visitas_pc,Visitas domiciliares por habitante,visitas por hab.,2024,4.3182
51015,Vale do Peixoto,Norte,atencao_basica,visitas_pc,Visitas domiciliares por habitante,visitas por hab.,2025,4.9384
51015,Vale do Peixoto,Norte,capacidade,equip_sus_p10000,Equipamentos SUS em uso por 10 mil habitantes,equipamentos por 10 mil hab.,2020,48.5074
51015,Vale do Peixoto,Norte,capacidade,equip_sus_p10000,Equipamentos SUS em uso por 10 mil habitantes,equipamentos por 10 mil hab.,2021,60.2815
51015,Vale do Peixoto,Norte,capacidade,equip_sus_p10000,Equipamentos SUS em uso por 10 mil habitantes,equipamentos por 10 mil hab.,2022,72.64
51015,Vale do Peixoto,Norte,capacidade,equip_sus_p10000,Equipamentos SUS em uso por 10 mil habitantes,equipamentos por 10 mil hab.,2023,84.7184
51015,Vale do Peixoto,Norte,capacidade,equip_sus_p10000,Equipamentos SUS em uso por 10 mil habitantes,equipamentos por 10 mil hab.,2024,81.7398
51015,Vale do Peixoto,Norte,capacidade,equip_sus_p10000,Equipamentos SUS em uso por 10 mil habitantes,equipamentos por 10 mil hab.,2025,82.5473
51015,Vale do Peixoto,Norte,capacidade,equipes_esf_p10000,Equipes de Saúde da Família por 10 mil habitantes,equipes por 10 mil hab.,2020,2.7704
51015,Vale do Peixoto,Norte,capacidade,equipes_esf_p10000,Equipes de Saúde da Família por 10 mil habitantes,equipes por 10 mil hab.,2021,2.8089
51015,Vale do Peixoto,Norte,capacidade,equipes_esf_p10000,Equipes de Saúde da Família por 10 mil habitantes,equipes por 10 mil hab.,2022,2.9961
51015,Vale do Peixoto,Norte,capacidade,equipes_esf_p10000,Equipes de Saúde da Família por 10 mil habitantes,equipes por 10 mil hab.,2023,3.0338
51015,Vale do Peixoto,Norte,capacidade,equipes_esf_p10000,Equipes de Saúde da Família por 10 mil habitantes,equipes por 10 mil hab.,2024,2.9973
51015,Vale do Peixoto,Norte,capacidade,equipes_esf_p10000,Equipes de Saúde da Família por 10 mil habitantes,equipes por 10 mil hab.,2025,3.0323
51015,Vale do Peixoto,Norte,capacidade,fte_acs_p1000,Agentes comunitários de saúde por mil habitantes,FTE por mil hab.,2020,2.8503
51015,Vale do Peixoto,Norte,capacidade,fte_acs_p1000,Agentes comunitários de saúde por mil habitantes,FTE por mil hab.,2021,2.8161
51015,Vale do Peixoto,Norte,capacidade,fte_acs_p1000,Agentes comunitários de saúde por mil habitantes,FTE por mil hab.,2022,2.9499
51015,Vale do Peixoto,Norte,capacidade,fte_acs_p1000,Agentes comunitários de saúde por mil habitantes,FTE por mil hab.,2023,2.9563
51015,Vale do Peixoto,Norte,capacidade,fte_acs_p1000,Agentes comunitários de saúde por mil habitantes,FTE por mil hab.,2024,2.9677
51015,Vale do Peixoto,Norte,capacidade,fte_acs_p1000,Agentes comunitários de saúde por mil habitantes,FTE por mil hab.,2025,2.9878
51015,Vale do Peixoto,Norte,capacidade,fte_dentistas_p1000,Dentistas SUS por mil habitantes,FTE por mil hab.,2020,0.2851
51015,Vale do Peixoto,Norte,capacidade,fte_dentistas_p1000,Dentistas SUS por mil habitantes,FTE por mil hab.,2021,0.2811
51015,Vale do Peixoto,Norte,capacidade,fte_dentistas_p1000,Dentistas SUS por mil habitantes,FTE por mil hab.,2022,0.3229
51015,Vale do Peixoto,Norte,capacidade,fte_dentistas_p1000,Dentistas SUS por mil habitantes,FTE por mil hab.,2023,0.3444
51015,Vale do Peixoto,Norte,capacidade,fte_dentistas_p1000,Dentistas SUS por mil habitantes,FTE por mil hab.,2024,0.3531
51015,Vale do Peixoto,Norte,capacidade,fte_dentistas_p1000,Dentistas SUS por mil habitantes,FTE por mil hab.,2025,0.3313
51015,Vale do Peixoto,Norte,capacidade,fte_enfermeiros_p1000,Enfermeiros SUS por mil habitantes,FTE por mil hab.,2020,0.8042
51015,Vale do Peixoto,Norte,capacidade,fte_enfermeiros_p1000,Enfermeiros SUS por mil habitantes,FTE por mil hab.,2021,0.9963
51015,Vale do Peixoto,Norte,capacidade,fte_enfermeiros_p1000,Enfermeiros SUS por mil habitantes,FTE por mil hab.,2022,1.2412
51015,Vale do Peixoto,Norte,capacidade,fte_enfermeiros_p1000,Enfermeiros SUS por mil habitantes,FTE por mil hab.,2023,1.4862
51015,Vale do Peixoto,Norte,capacidade,fte_enfermeiros_p1000,Enfermeiros SUS por mil habitantes,FTE por mil hab.,2024,1.5507
51015,Vale do Peixoto,Norte,capacidade,fte_enfermeiros_p1000,Enfermeiros SUS por mil habitantes,FTE por mil hab.,2025,1.6186
51015,Vale do Peixoto,Norte,capacidade,fte_medicos_p1000,Médicos SUS por mil habitantes,FTE por mil hab.,2020,0.7151
51015,Vale do Peixoto,Norte,capacidade,fte_medicos_p1000,Médicos SUS por mil habitantes,FTE por mil hab.,2021,0.8386
51015,Vale do Peixoto,Norte,capacidade,fte_medicos_p1000,Médicos SUS por mil habitantes,FTE por mil hab.,2022,0.9992
51015,Vale do Peixoto,Norte,capacidade,fte_medicos_p1000,Médicos SUS por mil habitantes,FTE por mil hab.,2023,1.07
51015,Vale do Peixoto,Norte,capacidade,fte_medicos_p1000,Médicos SUS por mil habitantes,FTE por mil hab.,2024,1.3709
51015,Vale do Peixoto,Norte,capacidade,fte_medicos_p1000,Médicos SUS por mil habitantes,FTE por mil hab.,2025,1.2484
51015,Vale do Peixoto,Norte,capacidade,fte_tec_enfermagem_p1000,Técnicos de enfermagem SUS por mil habitantes,FTE por mil hab.,2020,2.5202
51015,Vale do Peixoto,Norte,capacidade,fte_tec_enfermagem_p1000,Técnicos de enfermagem SUS por mil habitantes,FTE por mil hab.,2021,2.8497
51015,Vale do Peixoto,Norte,capacidade,fte_tec_enfermagem_p1000,Técnicos de enfermagem SUS por mil habitantes,FTE por mil hab.,2022,3.3373
51015,Vale do Peixoto,Norte,capacidade,fte_tec_enfermagem_p1000,Técnicos de enfermagem SUS por mil habitantes,FTE por mil hab.,2023,3.7189
51015,Vale do Peixoto,Norte,capacidade,fte_tec_enfermagem_p1000,Técnicos de enfermagem SUS por mil habitantes,FTE por mil hab.,2024,3.4509
51015,Vale do Peixoto,Norte,capacidade,fte_tec_enfermagem_p1000,Técnicos de enfermagem SUS por mil habitantes,FTE por mil hab.,2025,3.6853
51015,Vale do Peixoto,Norte,capacidade,leitos_sus_p1000,Leitos SUS por mil habitantes,leitos por mil hab.,2020,1.5166
51015,Vale do Peixoto,Norte,capacidade,leitos_sus_p1000,Leitos SUS por mil habitantes,leitos por mil hab.,2021,1.481
51015,Vale do Peixoto,Norte,capacidade,leitos_sus_p1000,Leitos SUS por mil habitantes,leitos por mil hab.,2022,1.574
51015,Vale do Peixoto,Norte,capacidade,leitos_sus_p1000,Leitos SUS por mil habitantes,leitos por mil hab.,2023,1.6148
51015,Vale do Peixoto,Norte,capacidade,leitos_sus_p1000,Leitos SUS por mil habitantes,leitos por mil hab.,2024,1.5728
51015,Vale do Peixoto,Norte,capacidade,leitos_sus_p1000,Leitos SUS por mil habitantes,leitos por mil hab.,2025,1.5482
51015,Vale do Peixoto,Norte,capacidade,leitos_uti_sus,Leitos de UTI SUS,leitos,2020,0.0
51015,Vale do Peixoto,Norte,capacidade,leitos_uti_sus,Leitos de UTI SUS,leitos,2021,7.0
51015,Vale do Peixoto,Norte,capacidade,leitos_uti_sus,Leitos de UTI SUS,leitos,2022,2.0
51015,Vale do Peixoto,Norte,capacidade,leitos_uti_sus,Leitos de UTI SUS,leitos,2023,0.0
51015,Vale do Peixoto,Norte,capacidade,leitos_uti_sus,Leitos de UTI SUS,leitos,2024,0.0
51015,Vale do Peixoto,Norte,capacidade,leitos_uti_sus,Leitos de UTI SUS,leitos,2025,0.0
51015,Vale do Peixoto,Norte,capacidade,n_equipes_eap,Equipes de atenção primária (eAP),equipes,2020,0.0
51015,Vale do Peixoto,Norte,capacidade,n_equipes_eap,Equipes de atenção primária (eAP),equipes,2021,0.0
51015,Vale do Peixoto,Norte,capacidade,n_equipes_eap,Equipes de atenção primária (eAP),equipes,2022,0.0
51015,Vale do Peixoto,Norte,capacidade,n_equipes_eap,Equipes de atenção primária (eAP),equipes,2023,0.0
51015,Vale do Peixoto,Norte,capacidade,n_equipes_eap,Equipes de atenção primária (eAP),equipes,2024,0.0
51015,Vale do Peixoto,Norte,capacidade,n_equipes_eap,Equipes de atenção primária (eAP),equipes,2025,0.0
51015,Vale do Peixoto,Norte,capacidade,n_equipes_esb,Equipes de saúde bucal,equipes,2020,23.0
51015,Vale do Peixoto,Norte,capacidade,n_equipes_esb,Equipes de saúde bucal,equipes,2021,24.0
51015,Vale do Peixoto,Norte,capacidade,n_equipes_esb,Equipes de saúde bucal,equipes,2022,25.0
51015,Vale do Peixoto,Norte,capacidade,n_equipes_esb,Equipes de saúde bucal,equipes,2023,26.0
51015,Vale do Peixoto,Norte,capacidade,n_equipes_esb,Equipes de saúde bucal,equipes,2024,26.0
51015,Vale do Peixoto,Norte,capacidade,n_equipes_esb,Equipes de saúde bucal,equipes,2025,27.0
51015,Vale do Peixoto,Norte,capacidade,n_estab_sus,Estabelecimentos com atendimento SUS,estabelecimentos,2020,78.0
51015,Vale do Peixoto,Norte,capacidade,n_estab_sus,Estabelecimentos com atendimento SUS,estabelecimentos,2021,81.0
51015,Vale do Peixoto,Norte,capacidade,n_estab_sus,Estabelecimentos com atendimento SUS,estabelecimentos,2022,87.0
51015,Vale do Peixoto,Norte,capacidade,n_estab_sus,Estabelecimentos com atendimento SUS,estabelecimentos,2023,92.0
51015,Vale do Peixoto,Norte,capacidade,n_estab_sus,Estabelecimentos com atendimento SUS,estabelecimentos,2024,94.0
51015,Vale do Peixoto,Norte,capacidade,n_estab_sus,Estabelecimentos com atendimento SUS,estabelecimentos,2025,104.0
51015,Vale do Peixoto,Norte,capacidade,n_hospitais_sus,Hospitais SUS,hospitais,2020,3.0
51015,Vale do Peixoto,Norte,capacidade,n_hospitais_sus,Hospitais SUS,hospitais,2021,3.0
51015,Vale do Peixoto,Norte,capacidade,n_hospitais_sus,Hospitais SUS,hospitais,2022,4.0
51015,Vale do Peixoto,Norte,capacidade,n_hospitais_sus,Hospitais SUS,hospitais,2023,4.0
51015,Vale do Peixoto,Norte,capacidade,n_hospitais_sus,Hospitais SUS,hospitais,2024,5.0
51015,Vale do Peixoto,Norte,capacidade,n_hospitais_sus,Hospitais SUS,hospitais,2025,5.0
51015,Vale do Peixoto,Norte,capacidade,n_ubs,Unidades básicas de saúde,unidades,2020,32.0
51015,Vale do Peixoto,Norte,capacidade,n_ubs,Unidades básicas de saúde,unidades,2021,33.0
51015,Vale do Peixoto,Norte,capacidade,n_ubs,Unidades básicas de saúde,unidades,2022,34.0
51015,Vale do Peixoto,Norte,capacidade,n_ubs,Unidades básicas de saúde,unidades,2023,35.0
51015,Vale do Peixoto,Norte,capacidade,n_ubs,Unidades básicas de saúde,unidades,2024,35.0
51015,Vale do Peixoto,Norte,capacidade,n_ubs,Unidades básicas de saúde,unidades,2025,35.0
51015,Vale do Peixoto,Norte,capacidade,n_upa,Unidades de pronto atendimento,unidades,2020,0.0
51015,Vale do Peixoto,Norte,capacidade,n_upa,Unidades de pronto atendimento,unidades,2021,0.0
51015,Vale do Peixoto,Norte,capacidade,n_upa,Unidades de pronto atendimento,unidades,2022,2.0
51015,Vale do Peixoto,Norte,capacidade,n_upa,Unidades de pronto atendimento,unidades,2023,2.0
51015,Vale do Peixoto,Norte,capacidade,n_upa,Unidades de pronto atendimento,unidades,2024,2.0
51015,Vale do Peixoto,Norte,capacidade,n_upa,Unidades de pronto atendimento,unidades,2025,2.0
51015,Vale do Peixoto,Norte,contexto,populacao,População,habitantes,2020,107097.0
51015,Vale do Peixoto,Norte,contexto,populacao,População,habitantes,2021,107980.0
51015,Vale do Peixoto,Norte,contexto,populacao,População,habitantes,2022,100965.0
51015,Vale do Peixoto,Norte,contexto,populacao,População,habitantes,2023,102182.0
51015,Vale do Peixoto,Norte,contexto,populacao,População,habitantes,2024,103427.0
51015,Vale do Peixoto,Norte,contexto,populacao,População,habitantes,2025,103881.0
51015,Vale do Peixoto,Norte,deslocamento,km_medio_internacao,Distância média até a internação,km,2020,55.9363
51015,Vale do Peixoto,Norte,deslocamento,km_medio_internacao,Distância média até a internação,km,2021,47.3485
51015,Vale do Peixoto,Norte,deslocamento,km_medio_internacao,Distância média até a internação,km,2022,51.1721
51015,Vale do Peixoto,Norte,deslocamento,km_medio_internacao,Distância média até a internação,km,2023,53.4848
51015,Vale do Peixoto,Norte,deslocamento,km_medio_internacao,Distância média até a internação,km,2024,71.3173
51015,Vale do Peixoto,Norte,deslocamento,km_medio_internacao,Distância média até a internação,km,2025,67.1144
51015,Vale do Peixoto,Norte,deslocamento,pct_internacoes_fora_mun,Internações fora do município de residência,% das internações de residentes,2020,28.2357
51015,Vale do Peixoto,Norte,deslocamento,pct_internacoes_fora_mun,Internações fora do município de residência,% das internações de residentes,2021,26.6405
51015,Vale do Peixoto,Norte,deslocamento,pct_internacoes_fora_mun,Internações fora do município de residência,% das internações de residentes,2022,25.5732
51015,Vale do Peixoto,Norte,deslocamento,pct_internacoes_fora_mun,Internações fora do município de residência,% das internações de residentes,2023,25.956
51015,Vale do Peixoto,Norte,deslocamento,pct_internacoes_fora_mun,Internações fora do município de residência,% das internações de residentes,2024,26.0141
51015,Vale do Peixoto,Norte,deslocamento,pct_internacoes_fora_mun,Internações fora do município de residência,% das internações de residentes,2025,26.2828
51015,Vale do Peixoto,Norte,deslocamento,pct_internacoes_fora_regiao,Internações fora da região de saúde,% das internações de residentes,2020,11.1621
51015,Vale do Peixoto,Norte,deslocamento,pct_internacoes_fora_regiao,Internações fora da região de saúde,% das internações de residentes,2021,10.3042
51015,Vale do Peixoto,Norte,deslocamento,pct_internacoes_fora_regiao,Internações fora da região de saúde,% das internações de residentes,2022,11.035
51015,Vale do Peixoto,Norte,deslocamento,pct_internacoes_fora_regiao,Internações fora da região de saúde,% das internações de residentes,2023,11.1839
51015,Vale do Peixoto,Norte,deslocamento,pct_internacoes_fora_regiao,Internações fora da região de saúde,% das internações de residentes,2024,15.423
51015,Vale do Peixoto,Norte,deslocamento,pct_internacoes_fora_regiao,Internações fora da região de saúde,% das internações de residentes,2025,14.458
51015,Vale do Peixoto,Norte,financiamento,desp_ab_pc,Despesa em atenção básica por habitante,R$ por habitante,2020,363.6917
51015,Vale do Peixoto,Norte,financiamento,desp_ab_pc,Despesa em atenção básica por habitante,R$ por habitante,2021,433.5555
51015,Vale do Peixoto,Norte,financiamento,desp_ab_pc,Despesa em atenção básica por habitante,R$ por habitante,2022,540.7797
51015,Vale do Peixoto,Norte,financiamento,desp_ab_pc,Despesa em atenção básica por habitante,R$ por habitante,2023,595.0615
51015,Vale do Peixoto,Norte,financiamento,desp_ab_pc,Despesa em atenção básica por habitante,R$ por habitante,2024,613.0644
51015,Vale do Peixoto,Norte,financiamento,desp_ab_pc,Despesa em atenção básica por habitante,R$ por habitante,2025,667.5997
51015,Vale do Peixoto,Norte,financiamento,desp_mac_pc,Despesa em média e alta complexidade por habitante,R$ por habitante,2020,388.9974
51015,Vale do Peixoto,Norte,financiamento,desp_mac_pc,Despesa em média e alta complexidade por habitante,R$ por habitante,2021,484.3529
51015,Vale do Peixoto,Norte,financiamento,desp_mac_pc,Despesa em média e alta complexidade por habitante,R$ por habitante,2022,703.2962
51015,Vale do Peixoto,Norte,financiamento,desp_mac_pc,Despesa em média e alta complexidade por habitante,R$ por habitante,2023,888.8122
51015,Vale do Peixoto,Norte,financiamento,desp_mac_pc,Despesa em média e alta complexidade por habitante,R$ por habitante,2024,1103.4776
51015,Vale do Peixoto,Norte,financiamento,desp_mac_pc,Despesa em média e alta complexidade por habitante,R$ por habitante,2025,1144.5294
51015,Vale do Peixoto,Norte,financiamento,desp_total_pc,Despesa em saúde por habitante,R$ por habitante,2020,920.4817
51015,Vale do Peixoto,Norte,financiamento,desp_total_pc,Despesa em saúde por habitante,R$ por habitante,2021,1102.4408
51015,Vale do Peixoto,Norte,financiamento,desp_total_pc,Despesa em saúde por habitante,R$ por habitante,2022,1476.68
51015,Vale do Peixoto,Norte,financiamento,desp_total_pc,Despesa em saúde por habitante,R$ por habitante,2023,1715.101
51015,Vale do Peixoto,Norte,financiamento,desp_total_pc,Despesa em saúde por habitante,R$ por habitante,2024,1950.5812
51015,Vale do Peixoto,Norte,financiamento,desp_total_pc,Despesa em saúde por habitante,R$ por habitante,2025,2126.4217
51015,Vale do Peixoto,Norte,financiamento,pct_capital,Despesa de capital,% da despesa total,2020,6.0179
51015,Vale do Peixoto,Norte,financiamento,pct_capital,Despesa de capital,% da despesa total,2021,7.0195
51015,Vale do Peixoto,Norte,financiamento,pct_capital,Despesa de capital,% da despesa total,2022,6.698
51015,Vale do Peixoto,Norte,financiamento,pct_capital,Despesa de capital,% da despesa total,2023,5.5766
51015,Vale do Peixoto,Norte,financiamento,pct_capital,Despesa de capital,% da despesa total,2024,6.6178
51015,Vale do Peixoto,Norte,financiamento,pct_capital,Despesa de capital,% da despesa total,2025,3.8339
51015,Vale do Peixoto,Norte,financiamento,pct_recursos_proprios,Despesa com recursos próprios,% da despesa total,2020,45.6337
51015,Vale do Peixoto,Norte,financiamento,pct_recursos_proprios,Despesa com recursos próprios,% da despesa total,2021,58.7366
51015,Vale do Peixoto,Norte,financiamento,pct_recursos_proprios,Despesa com recursos próprios,% da despesa total,2022,58.9098
51015,Vale do Peixoto,Norte,financiamento,pct_recursos_proprios,Despesa com recursos próprios,% da despesa total,2023,58.4281
51015,Vale do Peixoto,Norte,financiamento,pct_recursos_proprios,Despesa com recursos próprios,% da despesa total,2024,56.487
51015,Vale do Peixoto,Norte,financiamento,pct_recursos_proprios,Despesa com recursos próprios,% da despesa total,2025,53.7429
51015,Vale do Peixoto,Norte,media_alta,diarias_uti_p1000,Diárias de UTI por mil habitantes,diárias por mil hab.,2020,0.0
51015,Vale do Peixoto,Norte,media_alta,diarias_uti_p1000,Diárias de UTI por mil habitantes,diárias por mil hab.,2021,9.3628
51015,Vale do Peixoto,Norte,media_alta,diarias_uti_p1000,Diárias de UTI por mil habitantes,diárias por mil hab.,2022,4.556
51015,Vale do Peixoto,Norte,media_alta,diarias_uti_p1000,Diárias de UTI por mil habitantes,diárias por mil hab.,2023,0.0
51015,Vale do Peixoto,Norte,media_alta,diarias_uti_p1000,Diárias de UTI por mil habitantes,diárias por mil hab.,2024,0.0
51015,Vale do Peixoto,Norte,media_alta,diarias_uti_p1000,Diárias de UTI por mil habitantes,diárias por mil hab.,2025,0.0
51015,Vale do Peixoto,Norte,media_alta,internacoes_local_p1000,Internações realizadas no município por mil habitantes,internações por mil hab.,2020,48.0499
51015,Vale do Peixoto,Norte,media_alta,internacoes_local_p1000,Internações realizadas no município por mil habitantes,internações por mil hab.,2021,51.704
51015,Vale do Peixoto,Norte,media_alta,internacoes_local_p1000,Internações realizadas no município por mil habitantes,internações por mil hab.,2022,58.6639
51015,Vale do Peixoto,Norte,media_alta,internacoes_local_p1000,Internações realizadas no município por mil habitantes,internações por mil hab.,2023,70.0221
51015,Vale do Peixoto,Norte,media_alta,internacoes_local_p1000,Internações realizadas no município por mil habitantes,internações por mil hab.,2024,61.9954
51015,Vale do Peixoto,Norte,media_alta,internacoes_local_p1000,Internações realizadas no município por mil habitantes,internações por mil hab.,2025,70.4267
51015,Vale do Peixoto,Norte,media_alta,internacoes_res_p1000,Internações de residentes por mil habitantes,internações por mil hab.,2020,50.8604
51015,Vale do Peixoto,Norte,media_alta,internacoes_res_p1000,Internações de residentes por mil habitantes,internações por mil hab.,2021,54.1952
51015,Vale do Peixoto,Norte,media_alta,internacoes_res_p1000,Internações de residentes por mil habitantes,internações por mil hab.,2022,62.1998
51015,Vale do Peixoto,Norte,media_alta,internacoes_res_p1000,Internações de residentes por mil habitantes,internações por mil hab.,2023,74.7294
51015,Vale do Peixoto,Norte,media_alta,internacoes_res_p1000,Internações de residentes por mil habitantes,internações por mil hab.,2024,69.8367
51015,Vale do Peixoto,Norte,media_alta,internacoes_res_p1000,Internações de residentes por mil habitantes,internações por mil hab.,2025,78.2337
51015,Vale do Peixoto,Norte,media_alta,mortalidade_hosp_pct,Mortalidade hospitalar,% das internações locais,2020,3.8865
51015,Vale do Peixoto,Norte,media_alta,mortalidade_hosp_pct,Mortalidade hospitalar,% das internações locais,2021,6.4123
51015,Vale do Peixoto,Norte,media_alta,mortalidade_hosp_pct,Mortalidade hospitalar,% das internações locais,2022,3.2078
51015,Vale do Peixoto,Norte,media_alta,mortalidade_hosp_pct,Mortalidade hospitalar,% das internações locais,2023,1.6911
51015,Vale do Peixoto,Norte,media_alta,mortalidade_hosp_pct,Mortalidade hospitalar,% das internações locais,2024,2.0274
51015,Vale do Peixoto,Norte,media_alta,mortalidade_hosp_pct,Mortalidade hospitalar,% das internações locais,2025,2.6517
51015,Vale do Peixoto,Norte,media_alta,pct_urgencia,Internações de urgência,% das internações locais,2020,93.7233
51015,Vale do Peixoto,Norte,media_alta,pct_urgencia,Internações de urgência,% das internações locais,2021,95.7371
51015,Vale do Peixoto,Norte,media_alta,pct_urgencia,Internações de urgência,% das internações locais,2022,89.9713
51015,Vale do Peixoto,Norte,media_alta,pct_urgencia,Internações de urgência,% das internações locais,2023,88.3298
51015,Vale do Peixoto,Norte,media_alta,pct_urgencia,Internações de urgência,% das internações locais,2024,76.7623
51015,Vale do Peixoto,Norte,media_alta,pct_urgencia,Internações de urgência,% das internações locais,2025,79.8114
51015,Vale do Peixoto,Norte,media_alta,permanencia_media,Permanência média das internações,dias,2020,3.6244
51015,Vale do Peixoto,Norte,media_alta,permanencia_media,Permanência média das internações,dias,2021,3.5664
51015,Vale do Peixoto,Norte,media_alta,permanencia_media,Permanência média das internações,dias,2022,3.1373
51015,Vale do Peixoto,Norte,media_alta,permanencia_media,Permanência média das internações,dias,2023,2.9424
51015,Vale do Peixoto,Norte,media_alta,permanencia_media,Permanência média das internações,dias,2024,3.1795
51015,Vale do Peixoto,Norte,media_alta,permanencia_media,Permanência média das internações,dias,2025,3.6033
51015,Vale do Peixoto,Norte,media_alta,qtd_ac_local_pc,Procedimentos de alta complexidade por habitante,procedimentos por hab.,2020,0.0013
51015,Vale do Peixoto,Norte,media_alta,qtd_ac_local_pc,Procedimentos de alta complexidade por habitante,procedimentos por hab.,2021,0.0043
51015,Vale do Peixoto,Norte,media_alta,qtd_ac_local_pc,Procedimentos de alta complexidade por habitante,procedimentos por hab.,2022,0.0218
51015,Vale do Peixoto,Norte,media_alta,qtd_ac_local_pc,Procedimentos de alta complexidade por habitante,procedimentos por hab.,2023,0.079
51015,Vale do Peixoto,Norte,media_alta,qtd_ac_local_pc,Procedimentos de alta complexidade por habitante,procedimentos por hab.,2024,0.0981
51015,Vale do Peixoto,Norte,media_alta,qtd_ac_local_pc,Procedimentos de alta complexidade por habitante,procedimentos por hab.,2025,0.1057
51015,Vale do Peixoto,Norte,media_alta,qtd_mc_local_pc,Procedimentos de média complexidade por habitante,procedimentos por hab.,2020,4.5044
51015,Vale do Peixoto,Norte,media_alta,qtd_mc_local_pc,Procedimentos de média complexidade por habitante,procedimentos por hab.,2021,5.3633
51015,Vale do Peixoto,Norte,media_alta,qtd_mc_local_pc,Procedimentos de média complexidade por habitante,procedimentos por hab.,2022,7.3271
51015,Vale do Peixoto,Norte,media_alta,qtd_mc_local_pc,Procedimentos de média complexidade por habitante,procedimentos por hab.,2023,8.6119
51015,Vale do Peixoto,Norte,media_alta,qtd_mc_local_pc,Procedimentos de média complexidade por habitante,procedimentos por hab.,2024,10.4581
51015,Vale do Peixoto,Norte,media_alta,qtd_mc_local_pc,Procedimentos de média complexidade por habitante,procedimentos por hab.,2025,11.0296
51015,Vale do Peixoto,Norte,media_alta,valor_sih_local_pc,Valor das internações realizadas no município por habitante,R$ por habitante,2020,25.1942
51015,Vale do Peixoto,Norte,media_alta,valor_sih_local_pc,Valor das internações realizadas no município por habitante,R$ por habitante,2021,46.2549
51015,Vale do Peixoto,Norte,media_alta,valor_sih_local_pc,Valor das internações realizadas no município por habitante,R$ por habitante,2022,38.0132
51015,Vale do Peixoto,Norte,media_alta,valor_sih_local_pc,Valor das internações realizadas no município por habitante,R$ por habitante,2023,35.1957
51015,Vale do Peixoto,Norte,media_alta,valor_sih_local_pc,Valor das internações realizadas no município por habitante,R$ por habitante,2024,32.1786
51015,Vale do Peixoto,Norte,media_alta,valor_sih_local_pc,Valor das internações realizadas no município por habitante,R$ por habitante,2025,39.6114
51015,Vale do Peixoto,Norte,media_alta,valor_sih_res_pc,Valor das internações de residentes por habitante,R$ por habitante,2020,41.4004
51015,Vale do Peixoto,Norte,media_alta,valor_sih_res_pc,Valor das internações de residentes por habitante,R$ por habitante,2021,56.4095
51015,Vale do Peixoto,Norte,media_alta,valor_sih_res_pc,Valor das internações de residentes por habitante,R$ por habitante,2022,54.2077
51015,Vale do Peixoto,Norte,media_alta,valor_sih_res_pc,Valor das internações de residentes por habitante,R$ por habitante,2023,56.313
51015,Vale do Peixoto,Norte,media_alta,valor_sih_res_pc,Valor das internações de residentes por habitante,R$ por habitante,2024,62.8852
51015,Vale do Peixoto,Norte,media_alta,valor_sih_res_pc,Valor das internações de residentes por habitante,R$ por habitante,2025,68.7107
51015,Vale do Peixoto,Norte,resultados,pct_baixo_peso,Nascidos vivos com baixo peso,% dos nascidos vivos,2020,6.651
51015,Vale do Peixoto,Norte,resultados,pct_baixo_peso,Nascidos vivos com baixo peso,% dos nascidos vivos,2021,8.5132
51015,Vale do Peixoto,Norte,resultados,pct_baixo_peso,Nascidos vivos com baixo peso,% dos nascidos vivos,2022,8.1667
51015,Vale do Peixoto,Norte,resultados,pct_baixo_peso,Nascidos vivos com baixo peso,% dos nascidos vivos,2023,8.0427
51015,Vale do Peixoto,Norte,resultados,pct_baixo_peso,Nascidos vivos com baixo peso,% dos nascidos vivos,2024,8.9951
51015,Vale do Peixoto,Norte,resultados,pct_cesarea,Partos cesáreos,% dos nascidos vivos,2020,68.405
51015,Vale do Peixoto,Norte,resultados,pct_cesarea,Partos cesáreos,% dos nascidos vivos,2021,67.2078
51015,Vale do Peixoto,Norte,resultados,pct_cesarea,Partos cesáreos,% dos nascidos vivos,2022,71.4435
51015,Vale do Peixoto,Norte,resultados,pct_cesarea,Partos cesáreos,% dos nascidos vivos,2023,73.1715
51015,Vale do Peixoto,Norte,resultados,pct_cesarea,Partos cesáreos,% dos nascidos vivos,2024,78.5239
51015,Vale do Peixoto,Norte,resultados,pct_mae_adolescente,Nascidos vivos de mães adolescentes,% dos nascidos vivos,2020,16.628
51015,Vale do Peixoto,Norte,resultados,pct_mae_adolescente,Nascidos vivos de mães adolescentes,% dos nascidos vivos,2021,17.445
51015,Vale do Peixoto,Norte,resultados,pct_mae_adolescente,Nascidos vivos de mães adolescentes,% dos nascidos vivos,2022,15.2491
51015,Vale do Peixoto,Norte,resultados,pct_mae_adolescente,Nascidos vivos de mães adolescentes,% dos nascidos vivos,2023,14.9482
51015,Vale do Peixoto,Norte,resultados,pct_mae_adolescente,Nascidos vivos de mães adolescentes,% dos nascidos vivos,2024,15.9053
51015,Vale do Peixoto,Norte,resultados,pct_prenatal_7mais,Nascidos vivos com 7 ou mais consultas de pré-natal,% dos nascidos vivos,2020,74.0479
51015,Vale do Peixoto,Norte,resultados,pct_prenatal_7mais,Nascidos vivos com 7 ou mais consultas de pré-natal,% dos nascidos vivos,2021,74.2514
51015,Vale do Peixoto,Norte,resultados,pct_prenatal_7mais,Nascidos vivos com 7 ou mais consultas de pré-natal,% dos nascidos vivos,2022,75.4481
51015,Vale do Peixoto,Norte,resultados,pct_prenatal_7mais,Nascidos vivos com 7 ou mais consultas de pré-natal,% dos nascidos vivos,2023,79.7339
51015,Vale do Peixoto,Norte,resultados,pct_prenatal_7mais,Nascidos vivos com 7 ou mais consultas de pré-natal,% dos nascidos vivos,2024,81.1719
51015,Vale do Peixoto,Norte,resultados,taxa_mortalidade_geral,Taxa de mortalidade geral,óbitos por mil habitantes,2020,6.0786
51015,Vale do Peixoto,Norte,resultados,taxa_mortalidade_geral,Taxa de mortalidade geral,óbitos por mil habitantes,2021,8.1404
51015,Vale do Peixoto,Norte,resultados,taxa_mortalidade_geral,Taxa de mortalidade geral,óbitos por mil habitantes,2022,7.042
51015,Vale do Peixoto,Norte,resultados,taxa_mortalidade_geral,Taxa de mortalidade geral,óbitos por mil habitantes,2023,6.5863
51015,Vale do Peixoto,Norte,resultados,taxa_mortalidade_geral,Taxa de mortalidade geral,óbitos por mil habitantes,2024,6.4683
51015,Vale do Peixoto,Norte,resultados,taxa_mortalidade_infantil,Taxa de mortalidade infantil,óbitos por mil nascidos vivos,2020,12.0413
51015,Vale do Peixoto,Norte,resultados,taxa_mortalidade_infantil,Taxa de mortalidade infantil,óbitos por mil nascidos vivos,2021,8.4078
51015,Vale do Peixoto,Norte,resultados,taxa_mortalidade_infantil,Taxa de mortalidade infantil,óbitos por mil nascidos vivos,2022,19.47
51015,Vale do Peixoto,Norte,resultados,taxa_mortalidade_infantil,Taxa de mortalidade infantil,óbitos por mil nascidos vivos,2023,15.4639
51015,Vale do Peixoto,Norte,resultados,taxa_mortalidade_infantil,Taxa de mortalidade infantil,óbitos por mil nascidos vivos,2024,11.8044
51016,Vale dos Arinos,Norte,atencao_basica,atend_individual_pc,Atendimentos individuais na atenção básica por habitante,atendimentos por hab.,2020,2.3189
51016,Vale dos Arinos,Norte,atencao_basica,atend_individual_pc,Atendimentos individuais na atenção básica por habitante,atendimentos por hab.,2021,2.7203
51016,Vale dos Arinos,Norte,atencao_basica,atend_individual_pc,Atendimentos individuais na atenção básica por habitante,atendimentos por hab.,2022,3.0739
51016,Vale dos Arinos,Norte,atencao_basica,atend_individual_pc,Atendimentos individuais na atenção básica por habitante,atendimentos por hab.,2023,2.883
51016,Vale dos Arinos,Norte,atencao_basica,atend_individual_pc,Atendimentos individuais na atenção básica por habitante,atendimentos por hab.,2024,2.7561
51016,Vale dos Arinos,Norte,atencao_basica,atend_individual_pc,Atendimentos individuais na atenção básica por habitante,atendimentos por hab.,2025,2.9079
51016,Vale dos Arinos,Norte,atencao_basica,atend_odonto_pc,Atendimentos odontológicos por habitante,atendimentos por hab.,2020,0.1882
51016,Vale dos Arinos,Norte,atencao_basica,atend_odonto_pc,Atendimentos odontológicos por habitante,atendimentos por hab.,2021,0.2722
51016,Vale dos Arinos,Norte,atencao_basica,atend_odonto_pc,Atendimentos odontológicos por habitante,atendimentos por hab.,2022,0.3316
51016,Vale dos Arinos,Norte,atencao_basica,atend_odonto_pc,Atendimentos odontológicos por habitante,atendimentos por hab.,2023,0.3709
51016,Vale dos Arinos,Norte,atencao_basica,atend_odonto_pc,Atendimentos odontológicos por habitante,atendimentos por hab.,2024,0.3276
51016,Vale dos Arinos,Norte,atencao_basica,atend_odonto_pc,Atendimentos odontológicos por habitante,atendimentos por hab.,2025,0.3722
51016,Vale dos Arinos,Norte,atencao_basica,doses_menor1_por_nv,Doses de vacina em menores de 1 ano por nascido vivo,doses por nascido vivo,2020,17.8573
51016,Vale dos Arinos,Norte,atencao_basica,doses_menor1_por_nv,Doses de vacina em menores de 1 ano por nascido vivo,doses por nascido vivo,2021,15.1998
51016,Vale dos Arinos,Norte,atencao_basica,doses_menor1_por_nv,Doses de vacina em menores de 1 ano por nascido vivo,doses por nascido vivo,2022,15.0469
51016,Vale dos Arinos,Norte,atencao_basica,doses_menor1_por_nv,Doses de vacina em menores de 1 ano por nascido vivo,doses por nascido vivo,2023,15.8664
51016,Vale dos Arinos,Norte,atencao_basica,doses_menor1_por_nv,Doses de vacina em menores de 1 ano por nascido vivo,doses por nascido vivo,2024,16.3723
51016,Vale dos Arinos,Norte,atencao_basica,doses_pc,Doses de vacina aplicadas por habitante,doses por hab.,2020,1.0615
51016,Vale dos Arinos,Norte,atencao_basica,doses_pc,Doses de vacina aplicadas por habitante,doses por hab.,2021,0.7158
51016,Vale dos Arinos,Norte,atencao_basica,doses_pc,Doses de vacina aplicadas por habitante,doses por hab.,2022,0.8929
51016,Vale dos Arinos,Norte,atencao_basica,doses_pc,Doses de vacina aplicadas por habitante,doses por hab.,2023,0.8513
51016,Vale dos Arinos,Norte,atencao_basica,doses_pc,Doses de vacina aplicadas por habitante,doses por hab.,2024,0.8565
51016,Vale dos Arinos,Norte,atencao_basica,doses_pc,Doses de vacina aplicadas por habitante,doses por hab.,2025,0.7999
51016,Vale dos Arinos,Norte,atencao_basica,procedimentos_ab_pc,Procedimentos na atenção básica por habitante,procedimentos por hab.,2020,4.2121
51016,Vale dos Arinos,Norte,atencao_basica,procedimentos_ab_pc,Procedimentos na atenção básica por habitante,procedimentos por hab.,2021,4.9581
51016,Vale dos Arinos,Norte,atencao_basica,procedimentos_ab_pc,Procedimentos na atenção básica por habitante,procedimentos por hab.,2022,6.0724
51016,Vale dos Arinos,Norte,atencao_basica,procedimentos_ab_pc,Procedimentos na atenção básica por habitante,procedimentos por hab.,2023,5.8007
51016,Vale dos Arinos,Norte,atencao_basica,procedimentos_ab_pc,Procedimentos na atenção básica por habitante,procedimentos por hab.,2024,5.572
51016,Vale dos Arinos,Norte,atencao_basica,procedimentos_ab_pc,Procedimentos na atenção básica por habitante,procedimentos por hab.,2025,6.0978
51016,Vale dos Arinos,Norte,atencao_basica,visitas_pc,Visitas domiciliares por habitante,visitas por hab.,2020,3.7283
51016,Vale dos Arinos,Norte,atencao_basica,visitas_pc,Visitas domiciliares por habitante,visitas por hab.,2021,5.303
51016,Vale dos Arinos,Norte,atencao_basica,visitas_pc,Visitas domiciliares por habitante,visitas por hab.,2022,7.1887
51016,Vale dos Arinos,Norte,atencao_basica,visitas_pc,Visitas domiciliares por habitante,visitas por hab.,2023,7.7924
51016,Vale dos Arinos,Norte,atencao_basica,visitas_pc,Visitas domiciliares por habitante,visitas por hab.,2024,7.8212
51016,Vale dos Arinos,Norte,atencao_basica,visitas_pc,Visitas domiciliares por habitante,visitas por hab.,2025,6.2445
51016,Vale dos Arinos,Norte,capacidade,equip_sus_p10000,Equipamentos SUS em uso por 10 mil habitantes,equipamentos por 10 mil hab.,2020,53.2448
51016,Vale dos Arinos,Norte,capacidade,equip_sus_p10000,Equipamentos SUS em uso por 10 mil habitantes,equipamentos por 10 mil hab.,2021,68.5244
51016,Vale dos Arinos,Norte,capacidade,equip_sus_p10000,Equipamentos SUS em uso por 10 mil habitantes,equipamentos por 10 mil hab.,2022,80.3581
51016,Vale dos Arinos,Norte,capacidade,equip_sus_p10000,Equipamentos SUS em uso por 10 mil habitantes,equipamentos por 10 mil hab.,2023,81.6083
51016,Vale dos Arinos,Norte,capacidade,equip_sus_p10000,Equipamentos SUS em uso por 10 mil habitantes,equipamentos por 10 mil hab.,2024,85.8678
51016,Vale dos Arinos,Norte,capacidade,equip_sus_p10000,Equipamentos SUS em uso por 10 mil habitantes,equipamentos por 10 mil hab.,2025,115.8363
51016,Vale dos Arinos,Norte,capacidade,equipes_esf_p10000,Equipes de Saúde da Família por 10 mil habitantes,equipes por 10 mil hab.,2020,3.1966
51016,Vale dos Arinos,Norte,capacidade,equipes_esf_p10000,Equipes de Saúde da Família por 10 mil habitantes,equipes por 10 mil hab.,2021,3.3306
51016,Vale dos Arinos,Norte,capacidade,equipes_esf_p10000,Equipes de Saúde da Família por 10 mil habitantes,equipes por 10 mil hab.,2022,3.3541
51016,Vale dos Arinos,Norte,capacidade,equipes_esf_p10000,Equipes de Saúde da Família por 10 mil habitantes,equipes por 10 mil hab.,2023,3.3191
51016,Vale dos Arinos,Norte,capacidade,equipes_esf_p10000,Equipes de Saúde da Família por 10 mil habitantes,equipes por 10 mil hab.,2024,3.2844
51016,Vale dos Arinos,Norte,capacidade,equipes_esf_p10000,Equipes de Saúde da Família por 10 mil habitantes,equipes por 10 mil hab.,2025,3.3063
51016,Vale dos Arinos,Norte,capacidade,fte_acs_p1000,Agentes comunitários de saúde por mil habitantes,FTE por mil hab.,2020,2.9814
51016,Vale dos Arinos,Norte,capacidade,fte_acs_p1000,Agentes comunitários de saúde por mil habitantes,FTE por mil hab.,2021,2.9468
51016,Vale dos Arinos,Norte,capacidade,fte_acs_p1000,Agentes comunitários de saúde por mil habitantes,FTE por mil hab.,2022,2.9663
51016,Vale dos Arinos,Norte,capacidade,fte_acs_p1000,Agentes comunitários de saúde por mil habitantes,FTE por mil hab.,2023,3.1102
51016,Vale dos Arinos,Norte,capacidade,fte_acs_p1000,Agentes comunitários de saúde por mil habitantes,FTE por mil hab.,2024,3.1646
51016,Vale dos Arinos,Norte,capacidade,fte_acs_p1000,Agentes comunitários de saúde por mil habitantes,FTE por mil hab.,2025,2.4167
51016,Vale dos Arinos,Norte,capacidade,fte_dentistas_p1000,Dentistas SUS por mil habitantes,FTE por mil hab.,2020,0.3412
51016,Vale dos Arinos,Norte,capacidade,fte_dentistas_p1000,Dentistas SUS por mil habitantes,FTE por mil hab.,2021,0.3079
51016,Vale dos Arinos,Norte,capacidade,fte_dentistas_p1000,Dentistas SUS por mil habitantes,FTE por mil hab.,2022,0.2866
51016,Vale dos Arinos,Norte,capacidade,fte_dentistas_p1000,Dentistas SUS por mil habitantes,FTE por mil hab.,2023,0.2884
51016,Vale dos Arinos,Norte,capacidade,fte_dentistas_p1000,Dentistas SUS por mil habitantes,FTE por mil hab.,2024,0.3188
51016,Vale dos Arinos,Norte,capacidade,fte_dentistas_p1000,Dentistas SUS por mil habitantes,FTE por mil hab.,2025,0.3148
51016,Vale dos Arinos,Norte,capacidade,fte_enfermeiros_p1000,Enfermeiros SUS por mil habitantes,FTE por mil hab.,2020,0.8824
51016,Vale dos Arinos,Norte,capacidade,fte_enfermeiros_p1000,Enfermeiros SUS por mil habitantes,FTE por mil hab.,2021,1.0517
51016,Vale dos Arinos,Norte,capacidade,fte_enfermeiros_p1000,Enfermeiros SUS por mil habitantes,FTE por mil hab.,2022,1.0668
51016,Vale dos Arinos,Norte,capacidade,fte_enfermeiros_p1000,Enfermeiros SUS por mil habitantes,FTE por mil hab.,2023,1.0625
51016,Vale dos Arinos,Norte,capacidade,fte_enfermeiros_p1000,Enfermeiros SUS por mil habitantes,FTE por mil hab.,2024,1.1339
51016,Vale dos Arinos,Norte,capacidade,fte_enfermeiros_p1000,Enfermeiros SUS por mil habitantes,FTE por mil hab.,2025,1.2717
51016,Vale dos Arinos,Norte,capacidade,fte_medicos_p1000,Médicos SUS por mil habitantes,FTE por mil hab.,2020,0.8976
51016,Vale dos Arinos,Norte,capacidade,fte_medicos_p1000,Médicos SUS por mil habitantes,FTE por mil hab.,2021,0.9381
51016,Vale dos Arinos,Norte,capacidade,fte_medicos_p1000,Médicos SUS por mil habitantes,FTE por mil hab.,2022,0.9697
51016,Vale dos Arinos,Norte,capacidade,fte_medicos_p1000,Médicos SUS por mil habitantes,FTE por mil hab.,2023,1.1095
51016,Vale dos Arinos,Norte,capacidade,fte_medicos_p1000,Médicos SUS por mil habitantes,FTE por mil hab.,2024,1.1647
51016,Vale dos Arinos,Norte,capacidade,fte_medicos_p1000,Médicos SUS por mil habitantes,FTE por mil hab.,2025,1.2961
51016,Vale dos Arinos,Norte,capacidade,fte_tec_enfermagem_p1000,Técnicos de enfermagem SUS por mil habitantes,FTE por mil hab.,2020,2.8747
51016,Vale dos Arinos,Norte,capacidade,fte_tec_enfermagem_p1000,Técnicos de enfermagem SUS por mil habitantes,FTE por mil hab.,2021,3.0173
51016,Vale dos Arinos,Norte,capacidade,fte_tec_enfermagem_p1000,Técnicos de enfermagem SUS por mil habitantes,FTE por mil hab.,2022,3.0442
51016,Vale dos Arinos,Norte,capacidade,fte_tec_enfermagem_p1000,Técnicos de enfermagem SUS por mil habitantes,FTE por mil hab.,2023,2.8876
51016,Vale dos Arinos,Norte,capacidade,fte_tec_enfermagem_p1000,Técnicos de enfermagem SUS por mil habitantes,FTE por mil hab.,2024,3.0346
51016,Vale dos Arinos,Norte,capacidade,fte_tec_enfermagem_p1000,Técnicos de enfermagem SUS por mil habitantes,FTE por mil hab.,2025,3.8589
51016,Vale dos Arinos,Norte,capacidade,leitos_sus_p1000,Leitos SUS por mil habitantes,leitos por mil hab.,2020,1.6678
51016,Vale dos Arinos,Norte,capacidade,leitos_sus_p1000,Leitos SUS por mil habitantes,leitos por mil hab.,2021,1.8164
51016,Vale dos Arinos,Norte,capacidade,leitos_sus_p1000,Leitos SUS por mil habitantes,leitos por mil hab.,2022,1.8215
51016,Vale dos Arinos,Norte,capacidade,leitos_sus_p1000,Leitos SUS por mil habitantes,leitos por mil hab.,2023,1.6688
51016,Vale dos Arinos,Norte,capacidade,leitos_sus_p1000,Leitos SUS por mil habitantes,leitos por mil hab.,2024,1.5555
51016,Vale dos Arinos,Norte,capacidade,leitos_sus_p1000,Leitos SUS por mil habitantes,leitos por mil hab.,2025,1.5558
51016,Vale dos Arinos,Norte,capacidade,leitos_uti_sus,Leitos de UTI SUS,leitos,2020,0.0
51016,Vale dos Arinos,Norte,capacidade,leitos_uti_sus,Leitos de UTI SUS,leitos,2021,0.0
51016,Vale dos Arinos,Norte,capacidade,leitos_uti_sus,Leitos de UTI SUS,leitos,2022,0.0
51016,Vale dos Arinos,Norte,capacidade,leitos_uti_sus,Leitos de UTI SUS,leitos,2023,0.0
51016,Vale dos Arinos,Norte,capacidade,leitos_uti_sus,Leitos de UTI SUS,leitos,2024,0.0
51016,Vale dos Arinos,Norte,capacidade,leitos_uti_sus,Leitos de UTI SUS,leitos,2025,0.0
51016,Vale dos Arinos,Norte,capacidade,n_equipes_eap,Equipes de atenção primária (eAP),equipes,2020,0.0
51016,Vale dos Arinos,Norte,capacidade,n_equipes_eap,Equipes de atenção primária (eAP),equipes,2021,0.0
51016,Vale dos Arinos,Norte,capacidade,n_equipes_eap,Equipes de atenção primária (eAP),equipes,2022,0.0
51016,Vale dos Arinos,Norte,capacidade,n_equipes_eap,Equipes de atenção primária (eAP),equipes,2023,0.0
51016,Vale dos Arinos,Norte,capacidade,n_equipes_eap,Equipes de atenção primária (eAP),equipes,2024,0.0
51016,Vale dos Arinos,Norte,capacidade,n_equipes_eap,Equipes de atenção primária (eAP),equipes,2025,0.0
51016,Vale dos Arinos,Norte,capacidade,n_equipes_esb,Equipes de saúde bucal,equipes,2020,11.0
51016,Vale dos Arinos,Norte,capacidade,n_equipes_esb,Equipes de saúde bucal,equipes,2021,14.0
51016,Vale dos Arinos,Norte,capacidade,n_equipes_esb,Equipes de saúde bucal,equipes,2022,14.0
51016,Vale dos Arinos,Norte,capacidade,n_equipes_esb,Equipes de saúde bucal,equipes,2023,14.0
51016,Vale dos Arinos,Norte,capacidade,n_equipes_esb,Equipes de saúde bucal,equipes,2024,14.0
51016,Vale dos Arinos,Norte,capacidade,n_equipes_esb,Equipes de saúde bucal,equipes,2025,14.0
51016,Vale dos Arinos,Norte,capacidade,n_estab_sus,Estabelecimentos com atendimento SUS,estabelecimentos,2020,71.0
51016,Vale dos Arinos,Norte,capacidade,n_estab_sus,Estabelecimentos com atendimento SUS,estabelecimentos,2021,78.0
51016,Vale dos Arinos,Norte,capacidade,n_estab_sus,Estabelecimentos com atendimento SUS,estabelecimentos,2022,83.0
51016,Vale dos Arinos,Norte,capacidade,n_estab_sus,Estabelecimentos com atendimento SUS,estabelecimentos,2023,79.0
51016,Vale dos Arinos,Norte,capacidade,n_estab_sus,Estabelecimentos com atendimento SUS,estabelecimentos,2024,82.0
51016,Vale dos Arinos,Norte,capacidade,n_estab_sus,Estabelecimentos com atendimento SUS,estabelecimentos,2025,87.0
51016,Vale dos Arinos,Norte,capacidade,n_hospitais_sus,Hospitais SUS,hospitais,2020,5.0
51016,Vale dos Arinos,Norte,capacidade,n_hospitais_sus,Hospitais SUS,hospitais,2021,5.0
51016,Vale dos Arinos,Norte,capacidade,n_hospitais_sus,Hospitais SUS,hospitais,2022,6.0
51016,Vale dos Arinos,Norte,capacidade,n_hospitais_sus,Hospitais SUS,hospitais,2023,6.0
51016,Vale dos Arinos,Norte,capacidade,n_hospitais_sus,Hospitais SUS,hospitais,2024,6.0
51016,Vale dos Arinos,Norte,capacidade,n_hospitais_sus,Hospitais SUS,hospitais,2025,6.0
51016,Vale dos Arinos,Norte,capacidade,n_ubs,Unidades básicas de saúde,unidades,2020,27.0
51016,Vale dos Arinos,Norte,capacidade,n_ubs,Unidades básicas de saúde,unidades,2021,28.0
51016,Vale dos Arinos,Norte,capacidade,n_ubs,Unidades básicas de saúde,unidades,2022,27.0
51016,Vale dos Arinos,Norte,capacidade,n_ubs,Unidades básicas de saúde,unidades,2023,21.0
51016,Vale dos Arinos,Norte,capacidade,n_ubs,Unidades básicas de saúde,unidades,2024,20.0
51016,Vale dos Arinos,Norte,capacidade,n_ubs,Unidades básicas de saúde,unidades,2025,20.0
51016,Vale dos Arinos,Norte,capacidade,n_upa,Unidades de pronto atendimento,unidades,2020,0.0
51016,Vale dos Arinos,Norte,capacidade,n_upa,Unidades de pronto atendimento,unidades,2021,0.0
51016,Vale dos Arinos,Norte,capacidade,n_upa,Unidades de pronto atendimento,unidades,2022,0.0
51016,Vale dos Arinos,Norte,capacidade,n_upa,Unidades de pronto atendimento,unidades,2023,0.0
51016,Vale dos Arinos,Norte,capacidade,n_upa,Unidades de pronto atendimento,unidades,2024,0.0
51016,Vale dos Arinos,Norte,capacidade,n_upa,Unidades de pronto atendimento,unidades,2025,0.0
51016,Vale dos Arinos,Norte,contexto,populacao,População,habitantes,2020,53964.0
51016,Vale dos Arinos,Norte,contexto,populacao,População,habitantes,2021,54045.0
51016,Vale dos Arinos,Norte,contexto,populacao,População,habitantes,2022,53666.0
51016,Vale dos Arinos,Norte,contexto,populacao,População,habitantes,2023,54231.0
51016,Vale dos Arinos,Norte,contexto,populacao,População,habitantes,2024,54804.0
51016,Vale dos Arinos,Norte,contexto,populacao,População,habitantes,2025,54956.0
51016,Vale dos Arinos,Norte,deslocamento,km_medio_internacao,Distância média até a internação,km,2020,47.3903
51016,Vale dos Arinos,Norte,deslocamento,km_medio_internacao,Distância média até a internação,km,2021,46.3913
51016,Vale dos Arinos,Norte,deslocamento,km_medio_internacao,Distância média até a internação,km,2022,48.7965
51016,Vale dos Arinos,Norte,deslocamento,km_medio_internacao,Distância média até a internação,km,2023,64.2057
51016,Vale dos Arinos,Norte,deslocamento,km_medio_internacao,Distância média até a internação,km,2024,57.8756
51016,Vale dos Arinos,Norte,deslocamento,km_medio_internacao,Distância média até a internação,km,2025,58.1418
51016,Vale dos Arinos,Norte,deslocamento,pct_internacoes_fora_mun,Internações fora do município de residência,% das internações de residentes,2020,21.4773
51016,Vale dos Arinos,Norte,deslocamento,pct_internacoes_fora_mun,Internações fora do município de residência,% das internações de residentes,2021,18.4651
51016,Vale dos Arinos,Norte,deslocamento,pct_internacoes_fora_mun,Internações fora do município de residência,% das internações de residentes,2022,19.5029
51016,Vale dos Arinos,Norte,deslocamento,pct_internacoes_fora_mun,Internações fora do município de residência,% das internações de residentes,2023,26.3219
51016,Vale dos Arinos,Norte,deslocamento,pct_internacoes_fora_mun,Internações fora do município de residência,% das internações de residentes,2024,22.2872
51016,Vale dos Arinos,Norte,deslocamento,pct_internacoes_fora_mun,Internações fora do município de residência,% das internações de residentes,2025,23.8989
51016,Vale dos Arinos,Norte,deslocamento,pct_internacoes_fora_regiao,Internações fora da região de saúde,% das internações de residentes,2020,11.7623
51016,Vale dos Arinos,Norte,deslocamento,pct_internacoes_fora_regiao,Internações fora da região de saúde,% das internações de residentes,2021,10.7328
51016,Vale dos Arinos,Norte,deslocamento,pct_internacoes_fora_regiao,Internações fora da região de saúde,% das internações de residentes,2022,12.0175
51016,Vale dos Arinos,Norte,deslocamento,pct_internacoes_fora_regiao,Internações fora da região de saúde,% das internações de residentes,2023,16.473
51016,Vale dos Arinos,Norte,deslocamento,pct_internacoes_fora_regiao,Internações fora da região de saúde,% das internações de residentes,2024,14.9428
51016,Vale dos Arinos,Norte,deslocamento,pct_internacoes_fora_regiao,Internações fora da região de saúde,% das internações de residentes,2025,14.1864
51016,Vale dos Arinos,Norte,financiamento,desp_ab_pc,Despesa em atenção básica por habitante,R$ por habitante,2020,373.8533
51016,Vale dos Arinos,Norte,financiamento,desp_ab_pc,Despesa em atenção básica por habitante,R$ por habitante,2021,446.8383
51016,Vale dos Arinos,Norte,financiamento,desp_ab_pc,Despesa em atenção básica por habitante,R$ por habitante,2022,544.751
51016,Vale dos Arinos,Norte,financiamento,desp_ab_pc,Despesa em atenção básica por habitante,R$ por habitante,2023,672.2965
51016,Vale dos Arinos,Norte,financiamento,desp_ab_pc,Despesa em atenção básica por habitante,R$ por habitante,2024,698.3638
51016,Vale dos Arinos,Norte,financiamento,desp_ab_pc,Despesa em atenção básica por habitante,R$ por habitante,2025,812.0902
51016,Vale dos Arinos,Norte,financiamento,desp_mac_pc,Despesa em média e alta complexidade por habitante,R$ por habitante,2020,501.943
51016,Vale dos Arinos,Norte,financiamento,desp_mac_pc,Despesa em média e alta complexidade por habitante,R$ por habitante,2021,555.5325
51016,Vale dos Arinos,Norte,financiamento,desp_mac_pc,Despesa em média e alta complexidade por habitante,R$ por habitante,2022,830.4013
51016,Vale dos Arinos,Norte,financiamento,desp_mac_pc,Despesa em média e alta complexidade por habitante,R$ por habitante,2023,972.9925
51016,Vale dos Arinos,Norte,financiamento,desp_mac_pc,Despesa em média e alta complexidade por habitante,R$ por habitante,2024,1167.2974
51016,Vale dos Arinos,Norte,financiamento,desp_mac_pc,Despesa em média e alta complexidade por habitante,R$ por habitante,2025,1325.1925
51016,Vale dos Arinos,Norte,financiamento,desp_total_pc,Despesa em saúde por habitante,R$ por habitante,2020,1110.8496
51016,Vale dos Arinos,Norte,financiamento,desp_total_pc,Despesa em saúde por habitante,R$ por habitante,2021,1348.7261
51016,Vale dos Arinos,Norte,financiamento,desp_total_pc,Despesa em saúde por habitante,R$ por habitante,2022,1666.2176
51016,Vale dos Arinos,Norte,financiamento,desp_total_pc,Despesa em saúde por habitante,R$ por habitante,2023,1977.6504
51016,Vale dos Arinos,Norte,financiamento,desp_total_pc,Despesa em saúde por habitante,R$ por habitante,2024,2216.6399
51016,Vale dos Arinos,Norte,financiamento,desp_total_pc,Despesa em saúde por habitante,R$ por habitante,2025,2518.4912
51016,Vale dos Arinos,Norte,financiamento,pct_capital,Despesa de capital,% da despesa total,2020,4.278
51016,Vale dos Arinos,Norte,financiamento,pct_capital,Despesa de capital,% da despesa total,2021,4.2348
51016,Vale dos Arinos,Norte,financiamento,pct_capital,Despesa de capital,% da despesa total,2022,5.6248
51016,Vale dos Arinos,Norte,financiamento,pct_capital,Despesa de capital,% da despesa total,2023,6.4249
51016,Vale dos Arinos,Norte,financiamento,pct_capital,Despesa de capital,% da despesa total,2024,3.7393
51016,Vale dos Arinos,Norte,financiamento,pct_capital,Despesa de capital,% da despesa total,2025,6.1114
51016,Vale dos Arinos,Norte,financiamento,pct_recursos_proprios,Despesa com recursos próprios,% da despesa total,2020,51.6734
51016,Vale dos Arinos,Norte,financiamento,pct_recursos_proprios,Despesa com recursos próprios,% da despesa total,2021,64.5579
51016,Vale dos Arinos,Norte,financiamento,pct_recursos_proprios,Despesa com recursos próprios,% da despesa total,2022,66.2334
51016,Vale dos Arinos,Norte,financiamento,pct_recursos_proprios,Despesa com recursos próprios,% da despesa total,2023,64.7826
51016,Vale dos Arinos,Norte,financiamento,pct_recursos_proprios,Despesa com recursos próprios,% da despesa total,2024,63.4669
51016,Vale dos Arinos,Norte,financiamento,pct_recursos_proprios,Despesa com recursos próprios,% da despesa total,2025,69.3102
51016,Vale dos Arinos,Norte,media_alta,diarias_uti_p1000,Diárias de UTI por mil habitantes,diárias por mil hab.,2020,0.0
51016,Vale dos Arinos,Norte,media_alta,diarias_uti_p1000,Diárias de UTI por mil habitantes,diárias por mil hab.,2021,0.0
51016,Vale dos Arinos,Norte,media_alta,diarias_uti_p1000,Diárias de UTI por mil habitantes,diárias por mil hab.,2022,0.0
51016,Vale dos Arinos,Norte,media_alta,diarias_uti_p1000,Diárias de UTI por mil habitantes,diárias por mil hab.,2023,0.0
51016,Vale dos Arinos,Norte,media_alta,diarias_uti_p1000,Diárias de UTI por mil habitantes,diárias por mil hab.,2024,0.0
51016,Vale dos Arinos,Norte,media_alta,diarias_uti_p1000,Diárias de UTI por mil habitantes,diárias por mil hab.,2025,0.0
51016,Vale dos Arinos,Norte,media_alta,internacoes_local_p1000,Internações realizadas no município por mil habitantes,internações por mil hab.,2020,41.991
51016,Vale dos Arinos,Norte,media_alta,internacoes_local_p1000,Internações realizadas no município por mil habitantes,internações por mil hab.,2021,58.0997
51016,Vale dos Arinos,Norte,media_alta,internacoes_local_p1000,Internações realizadas no município por mil habitantes,internações por mil hab.,2022,58.6777
51016,Vale dos Arinos,Norte,media_alta,internacoes_local_p1000,Internações realizadas no município por mil habitantes,internações por mil hab.,2023,56.8678
51016,Vale dos Arinos,Norte,media_alta,internacoes_local_p1000,Internações realizadas no município por mil habitantes,internações por mil hab.,2024,63.2253
51016,Vale dos Arinos,Norte,media_alta,internacoes_local_p1000,Internações realizadas no município por mil habitantes,internações por mil hab.,2025,70.2562
51016,Vale dos Arinos,Norte,media_alta,internacoes_res_p1000,Internações de residentes por mil habitantes,internações por mil hab.,2020,46.1604
51016,Vale dos Arinos,Norte,media_alta,internacoes_res_p1000,Internações de residentes por mil habitantes,internações por mil hab.,2021,64.1317
51016,Vale dos Arinos,Norte,media_alta,internacoes_res_p1000,Internações de residentes por mil habitantes,internações por mil hab.,2022,63.7275
51016,Vale dos Arinos,Norte,media_alta,internacoes_res_p1000,Internações de residentes por mil habitantes,internações por mil hab.,2023,63.4692
51016,Vale dos Arinos,Norte,media_alta,internacoes_res_p1000,Internações de residentes por mil habitantes,internações por mil hab.,2024,71.8013
51016,Vale dos Arinos,Norte,media_alta,internacoes_res_p1000,Internações de residentes por mil habitantes,internações por mil hab.,2025,78.4992
51016,Vale dos Arinos,Norte,media_alta,mortalidade_hosp_pct,Mortalidade hospitalar,% das internações locais,2020,3.1774
51016,Vale dos Arinos,Norte,media_alta,mortalidade_hosp_pct,Mortalidade hospitalar,% das internações locais,2021,3.7261
51016,Vale dos Arinos,Norte,media_alta,mortalidade_hosp_pct,Mortalidade hospitalar,% das internações locais,2022,2.3817
51016,Vale dos Arinos,Norte,media_alta,mortalidade_hosp_pct,Mortalidade hospitalar,% das internações locais,2023,3.048
51016,Vale dos Arinos,Norte,media_alta,mortalidade_hosp_pct,Mortalidade hospitalar,% das internações locais,2024,2.5974
51016,Vale dos Arinos,Norte,media_alta,mortalidade_hosp_pct,Mortalidade hospitalar,% das internações locais,2025,3.0562
51016,Vale dos Arinos,Norte,media_alta,pct_urgencia,Internações de urgência,% das internações locais,2020,95.9841
51016,Vale dos Arinos,Norte,media_alta,pct_urgencia,Internações de urgência,% das internações locais,2021,89.5541
51016,Vale dos Arinos,Norte,media_alta,pct_urgencia,Internações de urgência,% das internações locais,2022,75.4843
51016,Vale dos Arinos,Norte,media_alta,pct_urgencia,Internações de urgência,% das internações locais,2023,69.2607
51016,Vale dos Arinos,Norte,media_alta,pct_urgencia,Internações de urgência,% das internações locais,2024,85.368
51016,Vale dos Arinos,Norte,media_alta,pct_urgencia,Internações de urgência,% das internações locais,2025,88.6558
51016,Vale dos Arinos,Norte,media_alta,permanencia_media,Permanência média das internações,dias,2020,2.8888
51016,Vale dos Arinos,Norte,media_alta,permanencia_media,Permanência média das internações,dias,2021,3.358
51016,Vale dos Arinos,Norte,media_alta,permanencia_media,Permanência média das internações,dias,2022,3.1143
51016,Vale dos Arinos,Norte,media_alta,permanencia_media,Permanência média das internações,dias,2023,3.1268
51016,Vale dos Arinos,Norte,media_alta,permanencia_media,Permanência média das internações,dias,2024,3.3296
51016,Vale dos Arinos,Norte,media_alta,permanencia_media,Permanência média das internações,dias,2025,3.6063
51016,Vale dos Arinos,Norte,media_alta,qtd_ac_local_pc,Procedimentos de alta complexidade por habitante,procedimentos por hab.,2020,0.0115
51016,Vale dos Arinos,Norte,media_alta,qtd_ac_local_pc,Procedimentos de alta complexidade por habitante,procedimentos por hab.,2021,0.0323
51016,Vale dos Arinos,Norte,media_alta,qtd_ac_local_pc,Procedimentos de alta complexidade por habitante,procedimentos por hab.,2022,0.0426
51016,Vale dos Arinos,Norte,media_alta,qtd_ac_local_pc,Procedimentos de alta complexidade por habitante,procedimentos por hab.,2023,0.0634
51016,Vale dos Arinos,Norte,media_alta,qtd_ac_local_pc,Procedimentos de alta complexidade por habitante,procedimentos por hab.,2024,0.0801
51016,Vale dos Arinos,Norte,media_alta,qtd_ac_local_pc,Procedimentos de alta complexidade por habitante,procedimentos por hab.,2025,0.0819
51016,Vale dos Arinos,Norte,media_alta,qtd_mc_local_pc,Procedimentos de média complexidade por habitante,procedimentos por hab.,2020,7.597
51016,Vale dos Arinos,Norte,media_alta,qtd_mc_local_pc,Procedimentos de média complexidade por habitante,procedimentos por hab.,2021,8.5085
51016,Vale dos Arinos,Norte,media_alta,qtd_mc_local_pc,Procedimentos de média complexidade por habitante,procedimentos por hab.,2022,11.1755
51016,Vale dos Arinos,Norte,media_alta,qtd_mc_local_pc,Procedimentos de média complexidade por habitante,procedimentos por hab.,2023,10.7883
51016,Vale dos Arinos,Norte,media_alta,qtd_mc_local_pc,Procedimentos de média complexidade por habitante,procedimentos por hab.,2024,11.2572
51016,Vale dos Arinos,Norte,media_alta,qtd_mc_local_pc,Procedimentos de média complexidade por habitante,procedimentos por hab.,2025,11.6489
51016,Vale dos Arinos,Norte,media_alta,valor_sih_local_pc,Valor das internações realizadas no município por habitante,R$ por habitante,2020,20.0061
51016,Vale dos Arinos,Norte,media_alta,valor_sih_local_pc,Valor das internações realizadas no município por habitante,R$ por habitante,2021,33.2952
51016,Vale dos Arinos,Norte,media_alta,valor_sih_local_pc,Valor das internações realizadas no município por habitante,R$ por habitante,2022,26.4624
51016,Vale dos Arinos,Norte,media_alta,valor_sih_local_pc,Valor das internações realizadas no município por habitante,R$ por habitante,2023,27.4926
51016,Vale dos Arinos,Norte,media_alta,valor_sih_local_pc,Valor das internações realizadas no município por habitante,R$ por habitante,2024,33.2134
51016,Vale dos Arinos,Norte,media_alta,valor_sih_local_pc,Valor das internações realizadas no município por habitante,R$ por habitante,2025,37.3085
51016,Vale dos Arinos,Norte,media_alta,valor_sih_res_pc,Valor das internações de residentes por habitante,R$ por habitante,2020,35.107
51016,Vale dos Arinos,Norte,media_alta,valor_sih_res_pc,Valor das internações de residentes por habitante,R$ por habitante,2021,64.9381
51016,Vale dos Arinos,Norte,media_alta,valor_sih_res_pc,Valor das internações de residentes por habitante,R$ por habitante,2022,44.2682
51016,Vale dos Arinos,Norte,media_alta,valor_sih_res_pc,Valor das internações de residentes por habitante,R$ por habitante,2023,51.3477
51016,Vale dos Arinos,Norte,media_alta,valor_sih_res_pc,Valor das internações de residentes por habitante,R$ por habitante,2024,61.4758
51016,Vale dos Arinos,Norte,media_alta,valor_sih_res_pc,Valor das internações de residentes por habitante,R$ por habitante,2025,66.3121
51016,Vale dos Arinos,Norte,resultados,pct_baixo_peso,Nascidos vivos com baixo peso,% dos nascidos vivos,2020,6.9457
51016,Vale dos Arinos,Norte,resultados,pct_baixo_peso,Nascidos vivos com baixo peso,% dos nascidos vivos,2021,5.8771
51016,Vale dos Arinos,Norte,resultados,pct_baixo_peso,Nascidos vivos com baixo peso,% dos nascidos vivos,2022,7.4044
51016,Vale dos Arinos,Norte,resultados,pct_baixo_peso,Nascidos vivos com baixo peso,% dos nascidos vivos,2023,7.6743
51016,Vale dos Arinos,Norte,resultados,pct_baixo_peso,Nascidos vivos com baixo peso,% dos nascidos vivos,2024,8.7731
51016,Vale dos Arinos,Norte,resultados,pct_cesarea,Partos cesáreos,% dos nascidos vivos,2020,65.0237
51016,Vale dos Arinos,Norte,resultados,pct_cesarea,Partos cesáreos,% dos nascidos vivos,2021,68.2709
51016,Vale dos Arinos,Norte,resultados,pct_cesarea,Partos cesáreos,% dos nascidos vivos,2022,68.5112
51016,Vale dos Arinos,Norte,resultados,pct_cesarea,Partos cesáreos,% dos nascidos vivos,2023,67.0772
51016,Vale dos Arinos,Norte,resultados,pct_cesarea,Partos cesáreos,% dos nascidos vivos,2024,68.7194
51016,Vale dos Arinos,Norte,resultados,pct_mae_adolescente,Nascidos vivos de mães adolescentes,% dos nascidos vivos,2020,19.8257
51016,Vale dos Arinos,Norte,resultados,pct_mae_adolescente,Nascidos vivos de mães adolescentes,% dos nascidos vivos,2021,15.7048
51016,Vale dos Arinos,Norte,resultados,pct_mae_adolescente,Nascidos vivos de mães adolescentes,% dos nascidos vivos,2022,13.2409
51016,Vale dos Arinos,Norte,resultados,pct_mae_adolescente,Nascidos vivos de mães adolescentes,% dos nascidos vivos,2023,15.0576
51016,Vale dos Arinos,Norte,resultados,pct_mae_adolescente,Nascidos vivos de mães adolescentes,% dos nascidos vivos,2024,14.1718
51016,Vale dos Arinos,Norte,resultados,pct_prenatal_7mais,Nascidos vivos com 7 ou mais consultas de pré-natal,% dos nascidos vivos,2020,80.4259
51016,Vale dos Arinos,Norte,resultados,pct_prenatal_7mais,Nascidos vivos com 7 ou mais consultas de pré-natal,% dos nascidos vivos,2021,83.7426
51016,Vale dos Arinos,Norte,resultados,pct_prenatal_7mais,Nascidos vivos com 7 ou mais consultas de pré-natal,% dos nascidos vivos,2022,81.5459
51016,Vale dos Arinos,Norte,resultados,pct_prenatal_7mais,Nascidos vivos com 7 ou mais consultas de pré-natal,% dos nascidos vivos,2023,83.0488
51016,Vale dos Arinos,Norte,resultados,pct_prenatal_7mais,Nascidos vivos com 7 ou mais consultas de pré-natal,% dos nascidos vivos,2024,86.9437
51016,Vale dos Arinos,Norte,resultados,taxa_mortalidade_geral,Taxa de mortalidade geral,óbitos por mil habitantes,2020,5.6519
51016,Vale dos Arinos,Norte,resultados,taxa_mortalidade_geral,Taxa de mortalidade geral,óbitos por mil habitantes,2021,7.9378
51016,Vale dos Arinos,Norte,resultados,taxa_mortalidade_geral,Taxa de mortalidade geral,óbitos por mil habitantes,2022,7.2299
51016,Vale dos Arinos,Norte,resultados,taxa_mortalidade_geral,Taxa de mortalidade geral,óbitos por mil habitantes,2023,6.3432
51016,Vale dos Arinos,Norte,resultados,taxa_mortalidade_geral,Taxa de mortalidade geral,óbitos por mil habitantes,2024,6.6236
51016,Vale dos Arinos,Norte,resultados,taxa_mortalidade_infantil,Taxa de mortalidade infantil,óbitos por mil nascidos vivos,2020,13.8889
51016,Vale dos Arinos,Norte,resultados,taxa_mortalidade_infantil,Taxa de mortalidade infantil,óbitos por mil nascidos vivos,2021,10.6838
51016,Vale dos Arinos,Norte,resultados,taxa_mortalidade_infantil,Taxa de mortalidade infantil,óbitos por mil nascidos vivos,2022,12.513
51016,Vale dos Arinos,Norte,resultados,taxa_mortalidade_infantil,Taxa de mortalidade infantil,óbitos por mil nascidos vivos,2023,13.9581
51016,Vale dos Arinos,Norte,resultados,taxa_mortalidade_infantil,Taxa de mortalidade infantil,óbitos por mil nascidos vivos,2024,15.748
