ano,cod_origem,cod_destino,nivel,internacoes,diarias,valor_total,obitos
2020,510010,510025,MC,1,2,303.11,0
2020,510010,510340,AC,6,38,48043.38,1
2020,510010,510340,MC,120,576,153869.49,4
2020,510010,510650,MC,1,1,426.02,0
2020,510010,510840,MC,22,247,165221.89,4
2020,510020,510020,MC,1095,2917,734409.82,29
2020,510020,510180,MC,16,74,37248.36,1
2020,510020,510270,MC,15,18,4713.72,0
2020,510020,510310,MC,4,9,938.21,0
2020,510020,510335,MC,4,18,1200.42,0
2020,510020,510340,AC,16,94,132769.66,0
2020,510020,510340,MC,48,458,163696.84,7
2020,510020,510525,MC,1,43,624.09,0
2020,510020,510625,MC,9,30,3719.43,1
2020,510020,510630,MC,1,5,1500.0,0
2020,510020,510706,MC,1,3,219.82,0
2020,510020,510718,MC,1,2,340.9,0
2020,510020,510760,MC,7,112,14274.06,0
2020,510020,510790,MC,1,0,1256.51,0
2020,510020,510792,MC,2,26,1634.29,0
2020,510020,510820,MC,1,3,288.97,0
2020,510020,510840,MC,9,109,74073.15,3
2020,510025,510025,MC,2788,9460,1778216.56,137
2020,510025,510080,MC,2,3,682.07,0
2020,510025,510250,MC,1,12,2328.02,0
2020,510025,510305,MC,1,1,116.71,0
2020,510025,510320,MC,7,42,8841.09,1
2020,510025,510340,AC,31,158,150840.12,0
2020,510025,510340,MC,141,1461,365195.76,11
2020,510025,510515,MC,1,1,213.69,0
2020,510025,510525,MC,2,6,1484.38,0
2020,510025,510560,MC,1,1,554.73,0
2020,510025,510622,MC,2,7,637.43,0
2020,510025,510629,MC,5,12,5371.42,0
2020,510025,510642,MC,3,11,885.31,0
2020,510025,510760,MC,1,28,18040.66,0
2020,510025,510790,AC,21,47,54717.12,0
2020,510025,510790,MC,30,109,23968.26,3
2020,510025,510792,MC,2,17,5417.45,0
2020,510025,510840,MC,20,280,212980.38,4
2020,510030,510020,MC,1,6,1500.0,0
2020,510030,510030,MC,481,1187,184099.69,16
2020,510030,510060,MC,1,2,672.11,0
2020,510030,510340,AC,2,8,9669.56,0
2020,510030,510340,MC,18,162,15355.62,1
2020,510030,510670,MC,3,4,365.35,0
2020,510030,510704,MC,24,235,119722.83,4
2020,510030,510719,MC,1,3,324.9,0
2020,510030,510760,AC,35,105,168314.49,2
2020,510030,510760,MC,325,1462,380841.39,21
2020,510030,510790,MC,1,14,492.49,0
2020,510035,510020,MC,2,10,2453.91,0
2020,510035,510180,MC,2,9,15308.86,1
2020,510035,510335,MC,8,12,3574.5,0
2020,510035,510340,MC,10,113,76046.62,0
2020,510035,510622,MC,1,3,513.46,0
2020,510035,510706,MC,1,4,807.82,0
2020,510035,510785,MC,211,478,91491.59,4
2020,510040,510030,MC,3,6,1506.09,0
2020,510040,510250,MC,1,15,1063.76,0
2020,510040,510340,AC,5,40,55459.72,0
2020,510040,510340,MC,10,43,22978.08,1
2020,510040,510704,MC,8,50,53897.86,2
2020,510040,510760,AC,13,43,63039.38,0
2020,510040,510760,MC,274,1299,335432.1,12
2020,510050,510130,MC,1,1,187.62,0
2020,510050,510170,MC,4,26,2445.13,0
2020,510050,510340,AC,4,5,17690.11,1
2020,510050,510340,MC,77,506,201326.48,7
2020,510050,510350,MC,80,155,49704.23,1
2020,510050,510622,MC,4,32,40790.43,0
2020,510050,510790,MC,1,6,6344.45,0
2020,510050,510795,MC,1,4,644.7,1
2020,510050,510840,MC,20,212,83538.64,1
2020,510060,510060,MC,110,271,66643.21,0
2020,510060,510340,MC,3,27,2185.71,0
2020,510060,510622,MC,1,2,268.42,0
2020,510060,510704,MC,7,32,17908.87,0
2020,510060,510760,AC,6,17,34152.32,0
2020,510060,510760,MC,90,630,133798.98,5
2020,510060,510820,MC,2,4,667.71,0
2020,510080,510025,MC,244,928,145445.01,5
2020,510080,510080,MC,324,1066,118591.84,0
2020,510080,510140,MC,1,6,865.91,0
2020,510080,510320,MC,1,1,516.6,0
2020,510080,510340,AC,3,3,6601.39,0
2020,510080,510340,MC,15,110,21497.72,1
2020,510080,510560,MC,2,2,610.0,0
2020,510080,510642,MC,1,2,478.6,0
2020,510080,510760,MC,1,9,17817.5,1
2020,510080,510790,AC,22,41,26743.65,0
2020,510080,510790,MC,1,11,1088.27,0
2020,510080,510792,MC,1,5,660.41,0
2020,510080,510840,MC,2,71,5309.2,0
2020,510100,510020,MC,2,3,1259.13,0
2020,510100,510180,MC,115,378,157228.82,8
2020,510100,510310,MC,2,5,619.3,0
2020,510100,510340,AC,1,0,527.41,0
2020,510100,510340,MC,1,1,846.28,0
2020,510100,510704,MC,1,2,456.94,0
2020,510120,510030,MC,3,5,1190.68,0
2020,510120,510670,MC,1,2,215.33,0
2020,510120,510704,MC,2,16,6736.6,0
2020,510120,510719,MC,1,3,348.9,0
2020,510120,510760,AC,2,5,14525.18,0
2020,510120,510760,MC,14,75,12520.26,0
2020,510125,510125,MC,72,123,24914.77,0
2020,510125,510250,MC,406,1898,440841.43,29
2020,510125,510340,AC,18,151,134253.3,1
2020,510125,510340,MC,41,411,92632.88,2
2020,510125,510562,MC,2,8,882.03,0
2020,510125,510675,MC,3,18,2344.58,1
2020,510125,510795,MC,1,2,186.06,0
2020,510125,510840,MC,2,5,2985.31,0
2020,510130,510020,MC,1,2,199.33,0
2020,510130,510130,MC,50,131,19410.73,2
2020,510130,510170,MC,122,355,58800.21,3
2020,510130,510263,MC,1,1,865.91,0
2020,510130,510340,AC,9,39,51791.48,0
2020,510130,510340,MC,79,427,69421.63,6
2020,510130,510350,MC,26,46,16382.55,0
2020,510130,510515,MC,1,69,434.1,0
2020,510130,510525,MC,1,7,1921.71,0
2020,510130,510622,MC,6,49,52791.89,1
2020,510130,510675,MC,1,1,40.38,0
2020,510130,510760,MC,2,27,2307.18,0
2020,510130,510790,MC,1,7,9654.59,1
2020,510130,510795,MC,5,16,1936.78,0
2020,510130,510840,MC,16,179,61396.09,2
2020,510140,510025,MC,1,2,673.11,0
2020,510140,510140,MC,680,1936,270504.31,4
2020,510140,510250,MC,9,166,9081.75,0
2020,510140,510263,MC,1,7,199.33,0
2020,510140,510320,MC,1,22,2777.23,0
2020,510140,510325,MC,3,9,623.13,0
2020,510140,510337,MC,1,1,204.5,0
2020,510140,510340,AC,7,48,32165.86,1
2020,510140,510340,MC,93,657,167373.85,5
2020,510140,510515,MC,145,682,92654.35,1
2020,510140,510517,MC,8,26,3780.49,0
2020,510140,510760,MC,1,20,13176.12,0
2020,510140,510790,MC,3,14,3371.1,1
2020,510140,510840,MC,4,14,4854.49,0
2020,510160,510340,AC,12,97,85078.09,0
2020,510160,510340,MC,108,758,223816.61,6
2020,510160,510650,MC,1,2,204.5,0
2020,510160,510840,MC,34,182,48962.45,3
2020,510170,510130,MC,3,7,1821.62,0
2020,510170,510170,MC,779,2476,342624.73,11
2020,510170,510267,MC,1,8,1224.65,0
2020,510170,510320,MC,1,4,1203.85,0
2020,510170,510340,AC,34,208,212324.45,0
2020,510170,510340,MC,195,1492,351740.12,6
2020,510170,510525,MC,1,4,879.87,0
2020,510170,510623,MC,2,6,955.32,0
2020,510170,510792,MC,1,10,2021.96,0
2020,510170,510795,MC,15,108,13719.88,2
2020,510170,510840,MC,59,486,289084.72,15
2020,510180,510020,MC,3,6,1181.86,0
2020,510180,510180,MC,2776,9934,3534129.05,184
2020,510180,510270,MC,6,10,2022.76,0
2020,510180,510310,MC,1,3,582.42,0
2020,510180,510335,MC,3,10,689.34,0
2020,510180,510340,AC,28,174,185144.94,0
2020,510180,510340,MC,132,990,143179.19,3
2020,510180,510390,MC,9,13,3835.43,0
2020,510180,510525,MC,1,46,565.25,0
2020,510180,510625,MC,6,24,1760.71,0
2020,510180,510628,MC,8,20,2526.34,0
2020,510180,510704,MC,2,7,1671.33,1
2020,510180,510718,MC,4,9,1822.75,0
2020,510180,510719,MC,1,3,487.21,0
2020,510180,510760,MC,11,94,49342.45,0
2020,510180,510790,MC,2,43,1117.48,0
2020,510180,510792,MC,1,9,2551.63,0
2020,510180,510820,MC,2,5,1048.94,0
2020,510180,510840,MC,9,109,60968.98,1
2020,510180,510860,MC,2,3,662.54,0
2020,510185,510020,MC,104,353,105314.79,3
2020,510185,510270,MC,2,5,1411.64,0
2020,510185,510310,MC,1,3,479.19,0
2020,510185,510335,MC,1,1,671.11,0
2020,510185,510340,AC,1,1,2598.55,0
2020,510185,510340,MC,6,28,5915.93,1
2020,510185,510706,MC,10,26,4204.33,0
2020,510185,510718,MC,4,7,1801.43,0
2020,510185,510760,MC,4,57,34879.96,0
2020,510185,510785,MC,3,8,1244.62,0
2020,510190,510170,MC,30,79,14510.09,0
2020,510190,510190,MC,1080,3198,373524.83,16
2020,510190,510263,MC,2,4,1070.55,0
2020,510190,510310,MC,1,3,261.18,0
2020,510190,510337,MC,1,3,215.33,0
2020,510190,510340,AC,17,78,102438.27,1
2020,510190,510340,MC,94,710,184379.13,4
2020,510190,510510,MC,1,1,509.6,0
2020,510190,510515,MC,153,546,91555.81,1
2020,510190,510517,MC,2,7,716.03,0
2020,510190,510525,MC,4,39,2082.95,0
2020,510190,510622,MC,1,5,718.83,0
2020,510190,510629,MC,1,2,1501.0,0
2020,510190,510760,MC,1,30,2554.39,0
2020,510190,510792,MC,2,6,1600.61,0
2020,510190,510795,MC,4,16,899.78,0
2020,510190,510840,MC,3,42,30353.79,0
2020,510250,510130,MC,1,2,465.59,0
2020,510250,510180,MC,1,6,400.55,0
2020,510250,510250,AC,7,14,6867.0,1
2020,510250,510250,MC,5358,23343,5455760.37,338
2020,510250,510340,AC,71,523,427474.44,1
2020,510250,510340,MC,155,1712,458699.54,17
2020,510250,510525,MC,1,0,354.68,0
2020,510250,510550,MC,1,2,695.77,0
2020,510250,510562,MC,3,19,3501.4,0
2020,510250,510622,MC,3,9,2047.64,0
2020,510250,510675,MC,3,13,2763.62,0
2020,510250,510706,MC,4,15,573.16,0
2020,510250,510760,MC,2,21,1932.25,0
2020,510250,510790,MC,1,1,338.02,0
2020,510250,510795,MC,1,1,193.33,0
2020,510250,510840,MC,16,102,59564.27,5
2020,510260,510020,MC,239,779,160172.12,17
2020,510260,510180,MC,15,46,30330.29,0
2020,510260,510260,MC,372,1208,199746.9,3
2020,510260,510270,MC,2,5,567.53,0
2020,510260,510310,MC,1,3,136.95,0
2020,510260,510340,AC,5,26,63681.49,1
2020,510260,510340,MC,23,260,130342.97,3
2020,510260,510625,MC,4,15,1536.54,0
2020,510260,510628,MC,3,7,1405.96,0
2020,510260,510704,MC,2,3,959.65,0
2020,510260,510760,MC,27,218,116797.02,2
2020,510260,510795,MC,1,1,61.62,0
2020,510260,510840,MC,7,77,38352.76,0
2020,510263,510130,MC,1,2,672.11,0
2020,510263,510170,MC,28,54,14386.23,0
2020,510263,510250,MC,5,44,3863.45,0
2020,510263,510263,MC,812,1910,363734.6,17
2020,510263,510335,MC,1,3,329.26,0
2020,510263,510340,AC,32,135,121330.99,1
2020,510263,510340,MC,256,1861,569854.27,10
2020,510263,510510,MC,1,3,432.14,0
2020,510263,510515,MC,4,17,1530.94,0
2020,510263,510517,MC,2,7,761.06,0
2020,510263,510525,MC,2,91,1576.61,0
2020,510263,510622,MC,7,23,2067.1,0
2020,510263,510627,MC,1,2,325.9,0
2020,510263,510760,MC,17,175,17392.39,0
2020,510263,510790,MC,4,15,21992.55,1
2020,510263,510792,MC,2,79,20414.26,0
2020,510263,510795,MC,20,67,15993.78,2
2020,510263,510840,MC,12,140,117087.19,4
2020,510267,510267,MC,1867,4919,1257701.43,43
2020,510267,510270,MC,2,0,251.77,0
2020,510267,510320,MC,1,1,154.44,0
2020,510267,510340,AC,28,143,142182.62,1
2020,510267,510340,MC,78,531,119972.21,3
2020,510267,510525,MC,1,9,912.16,0
2020,510267,510622,MC,3,11,2111.77,0
2020,510267,510625,MC,1,5,298.42,0
2020,510267,510630,MC,1,4,1500.0,0
2020,510267,510642,MC,2,11,1092.07,0
2020,510267,510704,MC,44,256,156996.03,11
2020,510267,510760,AC,49,234,304508.32,0
2020,510267,510760,MC,433,3312,1312225.95,32
2020,510267,510820,MC,2,5,694.97,0
2020,510267,510840,MC,10,55,23031.95,2
2020,510268,510250,AC,1,2,619.91,0
2020,510268,510250,MC,107,657,109545.74,6
2020,510268,510268,MC,314,1108,186883.76,1
2020,510268,510320,MC,1,3,179.62,0
2020,510268,510330,MC,1,2,622.91,0
2020,510268,510337,MC,2,4,773.41,0
2020,510268,510340,AC,5,49,50129.79,0
2020,510268,510340,MC,11,82,16426.47,1
2020,510268,510560,MC,1,0,1500.0,0
2020,510268,510642,MC,1,0,1501.0,0
2020,510268,510675,MC,128,313,57935.53,0
2020,510268,510790,MC,1,33,52846.05,1
2020,510268,510840,MC,2,15,5613.16,0
2020,510269,510020,MC,1,1,695.77,0
2020,510269,510180,MC,1,1,734.25,0
2020,510269,510320,MC,1,1,680.11,0
2020,510269,510335,MC,163,422,80383.07,2
2020,510269,510340,MC,20,262,47410.71,2
2020,510270,510020,MC,257,729,234818.0,6
2020,510270,510180,MC,5,29,11977.34,0
2020,510270,510250,MC,1,20,1107.09,0
2020,510270,510270,MC,694,1424,298013.63,7
2020,510270,510340,AC,4,17,18437.52,0
2020,510270,510340,MC,37,402,119098.25,6
2020,510270,510525,MC,1,23,851.42,0
2020,510270,510630,MC,1,3,271.89,0
2020,510270,510706,MC,3,5,2229.25,0
2020,510270,510718,MC,2,5,550.96,0
2020,510270,510760,MC,2,24,4707.75,0
2020,510270,510790,MC,2,19,776.34,0
2020,510270,510792,MC,2,24,6803.11,1
2020,510270,510840,MC,3,27,18321.69,0
2020,510279,510025,MC,395,1426,255747.01,22
2020,510279,510340,AC,7,22,88269.03,0
2020,510279,510340,MC,26,250,34789.23,4
2020,510279,510622,MC,1,6,1174.36,0
2020,510279,510629,MC,1,0,443.4,0
2020,510279,510790,AC,14,33,22868.26,1
2020,510279,510790,MC,7,40,5420.57,1
2020,510285,510140,MC,1,2,585.93,0
2020,510285,510340,AC,3,7,24109.9,0
2020,510285,510340,MC,20,153,22908.83,1
2020,510285,510515,MC,188,685,163814.87,3
2020,510285,510517,MC,4,19,1106.8,0
2020,510285,510525,MC,1,0,227.12,0
2020,510300,510250,MC,1,1,703.77,0
2020,510300,510267,MC,16,36,7179.68,2
2020,510300,510340,AC,20,82,67214.74,0
2020,510300,510340,MC,448,1963,491964.66,18
2020,510300,510510,MC,1,1,414.62,0
2020,510300,510760,MC,2,19,8884.05,0
2020,510300,510820,MC,1,1,614.91,0
2020,510300,510840,MC,93,594,111728.88,9
2020,510305,510305,MC,524,1109,189477.02,10
2020,510305,510320,MC,2,17,692.97,0
2020,510305,510340,AC,4,65,34721.18,0
2020,510305,510340,MC,9,62,11019.58,1
2020,510305,510642,MC,2,3,667.22,0
2020,510305,510675,MC,1,13,1076.07,0
2020,510305,510790,AC,13,40,49481.46,0
2020,510305,510790,MC,273,1126,302377.15,13
2020,510305,510792,MC,91,616,104404.81,13
2020,510310,510020,MC,81,163,41434.79,2
2020,510310,510180,MC,2,34,24102.14,2
2020,510310,510310,MC,114,321,31625.83,0
2020,510310,510340,MC,3,7,3138.83,1
2020,510320,510025,MC,4,12,7201.17,0
2020,510320,510190,MC,1,3,250.1,0
2020,510320,510305,MC,1,3,292.62,0
2020,510320,510320,MC,1466,5879,1363122.24,85
2020,510320,510340,AC,20,118,117887.71,0
2020,510320,510340,MC,63,380,108163.3,10
2020,510320,510410,MC,3,10,1443.53,0
2020,510320,510510,MC,1,1,846.36,0
2020,510320,510525,MC,2,44,2169.85,0
2020,510320,510622,MC,2,5,564.25,0
2020,510320,510642,MC,6,24,3463.93,0
2020,510320,510680,MC,1,2,125.24,0
2020,510320,510760,MC,10,120,65728.84,2
2020,510320,510790,AC,38,77,49035.93,0
2020,510320,510790,MC,33,110,71557.41,5
2020,510320,510792,MC,9,165,37044.41,1
2020,510320,510805,MC,5,13,3305.88,2
2020,510320,510840,MC,6,29,24456.72,2
2020,510325,510140,MC,2,10,805.28,0
2020,510325,510325,AC,1,2,1276.2,0
2020,510325,510325,MC,951,1731,344513.28,11
2020,510325,510337,MC,7,15,2400.9,0
2020,510325,510340,AC,15,72,64678.27,0
2020,510325,510340,MC,71,701,158018.52,4
2020,510325,510515,MC,207,1043,216964.01,4
2020,510325,510517,MC,2,5,670.97,0
2020,510325,510622,MC,1,0,334.43,0
2020,510325,510630,MC,1,1,1500.0,0
2020,510325,510760,MC,2,2,1056.81,0
2020,510325,510790,MC,1,8,293.79,1
2020,510325,510792,MC,2,3,2198.27,1
2020,510325,510840,MC,2,5,5060.37,1
2020,510330,510020,MC,1,2,715.46,0
2020,510330,510250,MC,99,633,127930.15,6
2020,510330,510320,MC,1,1,421.3,0
2020,510330,510330,MC,1201,4111,596276.24,13
2020,510330,510340,AC,7,43,67739.5,0
2020,510330,510340,MC,44,602,74825.57,4
2020,510330,510515,MC,1,1,207.33,0
2020,510330,510517,MC,1,7,257.32,0
2020,510330,510525,MC,1,3,426.3,0
2020,510330,510550,MC,2,4,664.19,0
2020,510330,510675,MC,152,427,67043.71,1
2020,510330,510840,MC,3,26,33732.29,1
2020,510335,510020,MC,10,36,9034.74,0
2020,510335,510180,MC,2,24,42843.32,1
2020,510335,510270,MC,1,1,545.73,0
2020,510335,510335,MC,1828,4903,871135.88,39
2020,510335,510340,AC,6,40,35762.73,0
2020,510335,510340,MC,77,801,283885.51,10
2020,510335,510525,MC,6,157,5960.3,1
2020,510335,510625,MC,1,3,1500.0,0
2020,510335,510628,MC,2,7,422.83,0
2020,510335,510706,MC,1,3,715.46,0
2020,510335,510760,MC,6,79,39235.99,0
2020,510335,510785,MC,8,16,3521.85,0
2020,510335,510790,MC,1,4,391.98,0
2020,510335,510792,MC,2,41,11179.63,0
2020,510335,510840,MC,21,267,214061.35,8
2020,510335,510860,MC,14,18,8495.61,0
2020,510336,510250,MC,51,335,64741.83,4
2020,510336,510340,AC,4,17,32525.28,0
2020,510336,510340,MC,8,21,3951.01,0
2020,510336,510550,MC,2,12,1164.84,1
2020,510336,510675,MC,107,271,44088.24,2
2020,510336,510795,MC,1,16,2010.77,0
2020,510337,510325,MC,23,31,8462.17,0
2020,510337,510337,MC,459,1468,169942.24,4
2020,510337,510340,AC,8,32,46009.18,0
2020,510337,510340,MC,34,169,18806.9,2
2020,510337,510515,MC,63,348,44853.33,1
2020,510337,510517,MC,10,40,4887.7,0
2020,510337,510790,MC,1,3,2104.25,0
2020,510337,510840,MC,1,3,6332.69,1
2020,510340,510025,MC,1,4,1798.22,0
2020,510340,510080,MC,1,1,179.62,0
2020,510340,510180,MC,7,58,23516.39,0
2020,510340,510250,MC,16,47,16030.87,0
2020,510340,510267,MC,6,10,4371.52,2
2020,510340,510320,MC,2,113,48230.72,1
2020,510340,510340,AC,1153,7381,6951045.37,34
2020,510340,510340,MC,19518,104374,27828889.41,954
2020,510340,510510,MC,1,2,421.3,0
2020,510340,510515,MC,2,8,468.15,0
2020,510340,510525,MC,3,5,2266.64,0
2020,510340,510550,MC,2,4,700.37,0
2020,510340,510562,MC,1,7,1500.0,0
2020,510340,510622,MC,10,54,20922.16,0
2020,510340,510628,MC,1,2,569.93,0
2020,510340,510629,MC,1,3,204.5,0
2020,510340,510630,MC,1,5,282.45,0
2020,510340,510642,MC,2,3,1780.8,0
2020,510340,510675,MC,1,2,338.03,0
2020,510340,510680,MC,1,2,363.95,0
2020,510340,510700,MC,1,4,1500.0,0
2020,510340,510704,MC,3,9,3902.03,0
2020,510340,510760,AC,2,4,11005.48,0
2020,510340,510760,MC,22,70,37596.41,3
2020,510340,510790,MC,20,167,32788.46,3
2020,510340,510792,MC,4,19,1641.94,0
2020,510340,510795,MC,3,9,901.06,0
2020,510340,510805,MC,1,3,475.21,0
2020,510340,510840,MC,1204,10211,4504504.18,177
2020,510343,510250,MC,256,1272,293293.92,16
2020,510343,510340,AC,4,67,35469.87,0
2020,510343,510340,MC,11,148,39347.02,2
2020,510343,510562,MC,3,7,1081.4,0
2020,510343,510775,MC,1,1,563.73,0
2020,510343,510792,MC,1,2,541.74,0
2020,510345,510130,MC,24,49,12347.74,0
2020,510345,510170,MC,83,233,40266.19,2
2020,510345,510337,MC,2,2,504.52,0
2020,510345,510340,AC,7,51,31148.84,0
2020,510345,510340,MC,29,199,29226.37,2
2020,510345,510500,MC,1,3,437.41,0
2020,510345,510622,MC,2,11,644.96,0
2020,510345,510760,MC,1,6,576.79,0
2020,510345,510795,MC,15,68,11761.14,2
2020,510345,510840,MC,9,84,34483.45,0
2020,510350,510180,MC,1,2,328.75,0
2020,510350,510250,MC,1,2,278.54,0
2020,510350,510340,AC,25,164,164526.97,3
2020,510350,510340,MC,192,1237,335298.42,7
2020,510350,510350,MC,854,1586,490464.33,6
2020,510350,510510,MC,1,9,428.63,0
2020,510350,510525,MC,2,2,1015.17,0
2020,510350,510622,MC,11,83,112890.51,1
2020,510350,510680,MC,2,4,898.61,0
2020,510350,510760,MC,7,85,7138.64,0
2020,510350,510770,MC,1,1,491.4,0
2020,510350,510790,MC,1,13,1881.98,0
2020,510350,510795,MC,8,20,7528.87,0
2020,510350,510840,MC,15,146,72399.49,4
2020,510360,510267,MC,3,17,2320.97,0
2020,510360,510340,AC,21,97,117740.86,1
2020,510360,510340,MC,20,204,62843.95,1
2020,510360,510360,MC,270,548,121675.36,1
2020,510360,510480,MC,21,60,13103.17,0
2020,510360,510704,MC,6,11,6279.05,1
2020,510360,510760,AC,3,10,14507.34,1
2020,510360,510760,MC,120,749,161334.74,6
2020,510360,510840,MC,1,0,355.59,0
2020,510370,510270,MC,1,0,443.4,0
2020,510370,510340,AC,4,52,64082.07,1
2020,510370,510340,MC,5,33,10736.57,1
2020,510370,510410,MC,1,1,444.4,0
2020,510370,510525,MC,1,14,528.62,0
2020,510370,510622,MC,2,2,99.49,0
2020,510370,510706,MC,1,5,568.65,0
2020,510370,510760,MC,2,4,1868.03,0
2020,510370,510790,AC,9,21,22267.12,0
2020,510370,510790,MC,60,287,109141.39,4
2020,510370,510792,MC,339,1891,276188.54,14
2020,510370,510840,MC,1,1,91.82,0
2020,510380,510250,MC,78,346,71484.02,4
2020,510380,510340,AC,2,14,10557.53,0
2020,510380,510340,MC,7,37,22870.66,1
2020,510380,510675,MC,7,20,2830.11,1
2020,510380,510840,MC,1,3,618.2,0
2020,510385,510020,MC,91,316,59888.77,3
2020,510385,510180,MC,6,47,36835.63,1
2020,510385,510270,MC,43,59,18002.65,0
2020,510385,510340,AC,4,14,36248.97,0
2020,510385,510340,MC,21,248,55566.61,1
2020,510385,510385,MC,191,496,66396.57,1
2020,510385,510630,MC,3,4,983.46,0
2020,510385,510704,MC,1,8,2501.7,0
2020,510385,510706,MC,1,2,330.6,0
2020,510385,510760,MC,2,38,12415.51,0
2020,510385,510840,MC,2,16,3276.11,0
2020,510390,510180,MC,106,391,212748.11,9
2020,510390,510340,AC,1,2,5510.16,0
2020,510390,510340,MC,5,56,8671.19,1
2020,510390,510390,MC,160,457,77728.44,4
2020,510390,510630,MC,1,1,557.6,0
2020,510390,510704,AC,1,1,794.89,0
2020,510390,510704,MC,178,339,99361.16,3
2020,510390,510760,MC,2,21,1158.7,0
2020,510390,510820,MC,1,2,215.33,0
2020,510395,510250,AC,1,2,1098.0,0
2020,510395,510250,MC,135,492,116349.8,12
2020,510395,510263,MC,1,12,865.91,0
2020,510395,510340,AC,4,25,20517.37,0
2020,510395,510340,MC,12,78,30409.12,2
2020,510395,510562,MC,1,4,511.19,0
2020,510395,510629,MC,1,4,177.07,0
2020,510395,510675,MC,2,9,845.97,0
2020,510410,510250,MC,1,3,376.08,0
2020,510410,510320,MC,7,23,5103.67,0
2020,510410,510340,AC,34,189,204177.3,0
2020,510410,510340,MC,101,836,220156.46,9
2020,510410,510410,MC,1142,3410,567739.54,57
2020,510410,510517,MC,2,5,367.34,0
2020,510410,510525,MC,9,125,5779.81,0
2020,510410,510560,MC,2,2,875.02,0
2020,510410,510642,MC,94,366,80368.72,0
2020,510410,510704,MC,2,42,13754.18,0
2020,510410,510760,MC,2,33,16595.78,0
2020,510410,510790,AC,3,4,5552.16,0
2020,510410,510790,MC,34,199,105889.43,5
2020,510410,510792,MC,4,40,13216.33,1
2020,510410,510805,MC,1,2,340.9,0
2020,510410,510840,MC,3,12,15521.07,1
2020,510420,510340,AC,1,2,2257.16,0
2020,510420,510340,MC,11,54,7488.83,0
2020,510420,510420,MC,263,450,109337.52,12
2020,510420,510704,MC,2,14,4614.03,0
2020,510420,510760,AC,23,116,184632.01,1
2020,510420,510760,MC,242,1303,296461.38,9
2020,510420,510820,MC,2,6,1040.94,0
2020,510420,510840,MC,1,2,298.97,0
2020,510450,510250,MC,74,467,104965.6,10
2020,510450,510340,AC,2,26,8442.37,0
2020,510450,510340,MC,8,30,4608.41,0
2020,510450,510525,MC,1,11,552.55,0
2020,510450,510675,MC,1,3,1636.41,0
2020,510450,510795,MC,1,4,174.42,0
2020,510452,510340,MC,21,88,15045.81,0
2020,510452,510622,MC,1,1,516.6,0
2020,510452,510760,MC,2,19,4486.8,0
2020,510452,510790,MC,8,89,51493.51,2
2020,510452,510792,MC,194,841,159254.76,8
2020,510452,510840,MC,1,4,1669.1,0
2020,510454,510340,AC,3,7,32133.63,0
2020,510454,510340,MC,3,23,2862.71,1
2020,510454,510515,MC,1,7,537.49,0
2020,510454,510622,MC,1,2,155.71,0
2020,510454,510629,MC,2,9,649.8,0
2020,510454,510680,MC,3,19,1063.77,0
2020,510454,510790,MC,1,5,199.33,0
2020,510454,510792,MC,222,965,175792.82,11
2020,510455,510025,MC,1,2,1500.0,0
2020,510455,510305,MC,1,1,218.68,0
2020,510455,510320,MC,152,593,125604.47,11
2020,510455,510340,AC,2,15,18797.46,0
2020,510455,510340,MC,15,69,11332.54,2
2020,510455,510525,MC,1,8,2026.92,0
2020,510455,510560,MC,1,1,554.73,0
2020,510455,510642,MC,1,4,271.26,0
2020,510455,510790,AC,13,38,17598.27,0
2020,510455,510790,MC,10,51,11540.83,1
2020,510455,510792,MC,7,69,19010.29,0
2020,510460,510180,MC,1,18,8657.98,1
2020,510460,510310,MC,1,3,324.9,0
2020,510460,510340,AC,1,3,2272.18,0
2020,510460,510340,MC,2,7,801.22,0
2020,510460,510460,MC,291,769,116118.95,7
2020,510460,510480,MC,1,3,287.76,0
2020,510460,510704,MC,12,107,43245.27,2
2020,510460,510760,AC,43,128,162722.6,2
2020,510460,510760,MC,335,1658,490376.26,11
2020,510480,510025,MC,1,1,452.57,0
2020,510480,510267,MC,9,117,171591.12,2
2020,510480,510335,MC,1,6,2017.19,0
2020,510480,510340,AC,32,201,275295.56,0
2020,510480,510340,MC,43,341,153505.36,3
2020,510480,510480,MC,980,2782,633541.56,33
2020,510480,510520,MC,1,4,379.15,0
2020,510480,510622,MC,1,4,199.33,0
2020,510480,510642,MC,1,3,380.71,0
2020,510480,510704,MC,25,244,140708.37,6
2020,510480,510760,AC,39,97,164746.19,1
2020,510480,510760,MC,433,2138,819704.26,36
2020,510480,510792,MC,4,32,18235.78,1
2020,510480,510840,MC,4,21,7919.49,1
2020,510490,510340,AC,14,130,107588.79,0
2020,510490,510340,MC,163,716,168930.16,4
2020,510490,510525,MC,1,3,487.21,0
2020,510490,510560,MC,1,0,444.4,0
2020,510490,510622,MC,1,2,193.66,0
2020,510490,510650,MC,6,8,4249.55,0
2020,510490,510840,MC,103,723,279052.5,18
2020,510500,510250,MC,135,597,127134.52,10
2020,510500,510337,MC,1,2,274.65,0
2020,510500,510340,AC,8,82,77427.8,0
2020,510500,510340,MC,29,343,81144.05,3
2020,510500,510500,MC,179,516,64563.2,10
2020,510500,510550,MC,2,8,1063.32,0
2020,510500,510675,MC,149,374,74444.37,4
2020,510500,510760,MC,4,77,53529.24,0
2020,510500,510840,MC,1,3,761.29,0
2020,510510,510025,MC,1,3,513.05,0
2020,510510,510320,MC,2,3,1099.02,0
2020,510510,510340,AC,13,95,70761.28,1
2020,510510,510340,MC,88,642,155784.69,10
2020,510510,510510,MC,1341,3895,677975.05,52
2020,510510,510515,MC,18,74,45822.58,0
2020,510510,510517,MC,2,8,379.62,0
2020,510510,510622,MC,1,3,1636.41,0
2020,510510,510627,MC,4,9,1048.42,0
2020,510510,510680,MC,15,86,7307.01,0
2020,510510,510790,MC,14,97,64947.95,3
2020,510510,510792,MC,8,85,32039.46,0
2020,510510,510794,MC,2,2,321.74,0
2020,510510,510840,MC,5,89,86864.68,2
2020,510515,510140,MC,1,2,475.6,0
2020,510515,510170,MC,1,2,561.73,0
2020,510515,510250,MC,2,38,1057.83,0
2020,510515,510325,MC,2,3,673.27,0
2020,510515,510335,MC,1,1,270.38,0
2020,510515,510337,MC,1,2,570.93,0
2020,510515,510340,AC,36,171,155853.82,0
2020,510515,510340,MC,158,1362,372576.45,12
2020,510515,510510,MC,1,2,634.03,0
2020,510515,510515,MC,2286,9051,1868098.79,43
2020,510515,510517,MC,4,18,1354.45,0
2020,510515,510680,MC,2,4,649.53,0
2020,510515,510718,MC,1,2,324.9,0
2020,510515,510760,AC,1,27,19537.55,0
2020,510515,510760,MC,1,5,287.59,0
2020,510515,510790,MC,4,26,18687.72,0
2020,510515,510792,MC,2,71,29835.12,1
2020,510515,510795,MC,3,9,1348.95,0
2020,510515,510800,MC,1,3,154.44,0
2020,510515,510840,MC,7,70,40270.02,0
2020,510517,510250,MC,1,20,722.69,0
2020,510517,510325,MC,1,0,274.01,0
2020,510517,510337,MC,5,9,1999.96,0
2020,510517,510340,AC,9,64,58316.51,1
2020,510517,510340,MC,44,401,100101.89,5
2020,510517,510460,MC,1,2,287.76,0
2020,510517,510515,AC,1,1,1030.64,1
2020,510517,510515,MC,130,544,107929.17,5
2020,510517,510517,MC,413,1492,189617.99,6
2020,510517,510642,MC,1,4,290.77,0
2020,510517,510675,MC,1,4,204.5,0
2020,510520,510340,AC,2,5,19942.44,0
2020,510520,510340,MC,11,57,9708.4,1
2020,510520,510480,MC,70,127,46804.46,0
2020,510520,510520,MC,218,901,99846.75,10
2020,510520,510704,MC,6,31,21552.84,2
2020,510520,510760,AC,22,71,110112.78,2
2020,510520,510760,MC,310,1869,555763.76,23
2020,510520,510840,MC,1,2,1509.34,0
2020,510523,510250,MC,204,914,201116.6,16
2020,510523,510340,AC,3,5,29809.2,0
2020,510523,510340,MC,2,23,1655.14,0
2020,510523,510562,MC,1,2,363.15,0
2020,510523,510720,MC,2,2,408.35,0
2020,510523,510760,MC,1,28,2389.59,0
2020,510523,510840,MC,2,10,12974.62,1
2020,510525,510263,MC,1,1,194.06,0
2020,510525,510320,MC,2,9,609.13,0
2020,510525,510340,AC,51,371,308360.85,3
2020,510525,510340,MC,79,722,156654.99,4
2020,510525,510510,MC,1,2,701.34,0
2020,510525,510515,MC,1,2,104.7,0
2020,510525,510525,MC,4098,12262,2602662.98,97
2020,510525,510560,MC,3,8,2906.24,0
2020,510525,510622,MC,30,286,358960.04,2
2020,510525,510642,MC,4,9,1617.04,0
2020,510525,510680,MC,1,5,329.17,0
2020,510525,510704,MC,1,18,2253.93,0
2020,510525,510706,MC,1,2,1636.41,0
2020,510525,510760,MC,8,105,57198.91,0
2020,510525,510790,AC,17,63,41957.78,0
2020,510525,510790,MC,76,424,287864.6,18
2020,510525,510792,AC,1,10,2877.22,0
2020,510525,510792,MC,111,726,162460.89,10
2020,510525,510795,MC,2,2,88.44,0
2020,510525,510805,MC,4,11,1527.94,0
2020,510525,510840,MC,7,78,54836.73,2
2020,510530,510335,MC,5,15,2586.36,0
2020,510530,510340,MC,2,4,1333.56,0
2020,510530,510785,MC,101,202,45566.25,2
2020,510530,510840,MC,3,68,45793.97,0
2020,510550,510250,AC,1,5,854.94,0
2020,510550,510250,MC,140,929,194157.12,18
2020,510550,510340,AC,7,76,56693.39,0
2020,510550,510340,MC,21,164,38694.44,4
2020,510550,510550,MC,1041,3078,437610.74,8
2020,510550,510675,MC,189,545,81955.58,2
2020,510550,510840,MC,3,18,12799.29,1
2020,510558,510305,MC,1,1,295.76,0
2020,510558,510320,MC,277,1239,342746.03,15
2020,510558,510340,AC,2,5,10225.53,0
2020,510558,510340,MC,16,147,46897.82,1
2020,510558,510525,MC,1,6,546.2,0
2020,510558,510558,MC,412,1551,224557.27,0
2020,510558,510642,MC,4,11,3190.93,0
2020,510558,510760,MC,2,12,6415.97,1
2020,510558,510790,AC,13,31,25498.15,0
2020,510558,510790,MC,31,178,59938.63,4
2020,510558,510792,MC,3,59,4936.03,0
2020,510558,510794,MC,1,1,551.73,0
2020,510558,510840,MC,1,5,1546.7,0
2020,510560,510025,MC,1,1,180.62,0
2020,510560,510320,MC,6,52,10420.47,0
2020,510560,510340,AC,17,117,138850.02,1
2020,510560,510340,MC,47,358,59710.76,3
2020,510560,510410,MC,1,3,637.19,0
2020,510560,510525,MC,6,115,4353.12,0
2020,510560,510560,MC,585,1513,280133.88,31
2020,510560,510629,MC,1,11,1500.0,0
2020,510560,510642,MC,230,593,118288.0,3
2020,510560,510760,MC,1,11,548.15,1
2020,510560,510790,AC,10,19,32433.01,0
2020,510560,510790,MC,20,144,59534.63,2
2020,510560,510840,MC,2,12,6508.87,0
2020,510562,510250,AC,1,2,1290.21,0
2020,510562,510250,MC,701,3304,709125.0,58
2020,510562,510337,MC,1,1,174.45,0
2020,510562,510340,AC,17,199,146851.58,1
2020,510562,510340,MC,53,411,94122.91,4
2020,510562,510562,MC,661,2516,412133.09,19
2020,510562,510642,MC,1,8,1501.0,0
2020,510562,510675,MC,2,0,3000.0,2
2020,510562,510760,MC,22,292,25626.2,0
2020,510562,510792,MC,1,4,192.6,0
2020,510562,510795,MC,1,5,224.56,0
2020,510562,510840,MC,3,21,17401.45,1
2020,510590,510250,MC,2,8,1627.81,1
2020,510590,510268,MC,1,4,416.39,0
2020,510590,510340,AC,18,78,64204.94,0
2020,510590,510340,MC,286,1793,498774.25,9
2020,510590,510350,MC,17,141,7192.55,0
2020,510590,510525,MC,2,7,1090.99,0
2020,510590,510590,MC,1096,2591,621104.96,31
2020,510590,510622,MC,8,20,3362.28,0
2020,510590,510760,MC,7,115,10951.54,0
2020,510590,510770,MC,1,4,865.91,0
2020,510590,510790,MC,3,7,1836.17,0
2020,510590,510795,MC,1,1,193.33,0
2020,510590,510840,MC,25,196,133923.65,5
2020,510600,510130,MC,1,1,233.85,0
2020,510600,510170,MC,1,4,614.42,0
2020,510600,510340,AC,6,36,53612.58,1
2020,510600,510340,MC,84,974,269905.38,6
2020,510600,510350,MC,97,161,53209.41,2
2020,510600,510525,MC,1,1,628.52,0
2020,510600,510622,MC,3,17,1842.97,0
2020,510600,510642,MC,1,2,325.08,0
2020,510600,510760,MC,5,74,6509.55,0
2020,510600,510795,MC,3,11,2412.54,0
2020,510600,510840,MC,7,45,24461.06,1
2020,510610,510340,AC,9,63,84418.54,1
2020,510610,510340,MC,215,894,209056.51,6
2020,510610,510610,MC,67,161,50724.61,2
2020,510610,510650,MC,15,33,5238.91,0
2020,510610,510840,MC,163,1013,297936.4,17
2020,510615,510025,MC,295,1155,201721.12,8
2020,510615,510320,MC,1,2,638.92,0
2020,510615,510337,MC,1,2,546.73,0
2020,510615,510340,AC,8,85,49938.88,1
2020,510615,510340,MC,19,237,48396.8,1
2020,510615,510515,MC,1,7,1221.77,0
2020,510615,510517,MC,4,13,1712.85,0
2020,510615,510680,MC,1,3,228.5,0
2020,510615,510760,AC,1,6,8274.33,0
2020,510615,510760,MC,1,1,459.6,0
2020,510615,510790,MC,12,114,32355.04,1
2020,510615,510840,MC,3,49,36370.93,0
2020,510617,510020,MC,98,318,57237.13,2
2020,510617,510270,MC,1,2,294.58,0
2020,510617,510310,MC,1,3,204.5,0
2020,510617,510340,AC,1,4,4014.62,0
2020,510617,510340,MC,1,1,1523.78,1
2020,510617,510525,MC,1,7,554.2,0
2020,510617,510625,MC,2,5,1244.78,0
2020,510618,510250,MC,68,401,96279.66,8
2020,510618,510263,MC,1,2,689.11,0
2020,510618,510330,MC,5,14,2747.73,0
2020,510618,510340,AC,2,21,33368.09,1
2020,510618,510340,MC,30,451,34398.91,2
2020,510618,510515,MC,2,3,1197.71,0
2020,510618,510675,MC,233,558,92419.82,1
2020,510618,510790,MC,1,1,1500.0,1
2020,510619,510320,MC,132,707,182039.94,14
2020,510619,510340,AC,7,41,79380.75,0
2020,510619,510340,MC,17,122,15537.88,1
2020,510619,510410,MC,1,1,444.4,0
2020,510619,510558,MC,5,18,3185.12,0
2020,510619,510622,MC,1,2,162.44,0
2020,510619,510790,MC,9,82,40733.25,2
2020,510619,510805,MC,1,14,365.08,0
2020,510620,510267,MC,16,28,9443.08,1
2020,510620,510340,AC,5,12,36092.84,1
2020,510620,510340,MC,56,202,42385.91,3
2020,510620,510630,MC,1,4,242.45,0
2020,510620,510760,MC,6,25,9049.4,0
2020,510620,510840,MC,19,155,116076.41,3
2020,510621,510025,MC,4,16,18006.52,1
2020,510621,510320,MC,287,1408,321554.79,21
2020,510621,510340,AC,3,18,17916.49,1
2020,510621,510340,MC,21,141,19368.46,2
2020,510621,510560,MC,1,16,350.69,0
2020,510621,510629,MC,4,14,4860.8,0
2020,510621,510680,MC,1,2,258.1,0
2020,510621,510790,AC,2,2,8866.47,0
2020,510621,510790,MC,13,51,23995.98,1
2020,510621,510805,MC,2,4,497.12,0
2020,510621,510840,MC,2,10,1656.62,0
2020,510622,510020,MC,1,1,1500.0,0
2020,510622,510130,MC,1,1,509.86,0
2020,510622,510263,MC,1,2,414.62,0
2020,510622,510320,MC,2,13,3276.63,0
2020,510622,510340,AC,24,120,132455.79,0
2020,510622,510340,MC,122,979,219828.81,5
2020,510622,510350,MC,1,2,566.6,0
2020,510622,510525,MC,16,111,10307.77,1
2020,510622,510550,MC,1,1,606.91,0
2020,510622,510622,MC,1850,6096,1424123.49,48
2020,510622,510642,MC,1,8,1173.77,0
2020,510622,510680,MC,1,2,363.15,0
2020,510622,510704,MC,1,49,22795.96,0
2020,510622,510730,MC,7,18,4939.4,0
2020,510622,510760,MC,4,37,19322.55,0
2020,510622,510775,MC,1,4,270.38,0
2020,510622,510790,AC,1,1,2541.73,0
2020,510622,510790,MC,21,163,127947.92,8
2020,510622,510792,AC,1,6,1444.61,0
2020,510622,510792,MC,48,459,140618.43,6
2020,510622,510795,MC,1,1,75.97,1
2020,510622,510805,MC,1,2,322.48,0
2020,510622,510840,MC,13,122,88188.01,2
2020,510623,510130,MC,1,2,109.24,0
2020,510623,510170,MC,58,123,25414.37,0
2020,510623,510337,MC,1,2,224.01,0
2020,510623,510340,AC,17,85,101690.06,0
2020,510623,510340,MC,80,593,176972.77,8
2020,510623,510515,MC,1,5,302.38,0
2020,510623,510622,MC,1,5,846.36,0
2020,510623,510623,MC,641,1585,338969.45,21
2020,510623,510675,MC,1,3,398.33,0
2020,510623,510760,MC,12,107,21394.54,0
2020,510623,510790,MC,1,1,491.95,0
2020,510623,510795,MC,12,51,27679.13,0
2020,510623,510840,MC,15,155,123473.59,6
2020,510624,510340,AC,5,14,18175.12,1
2020,510624,510340,MC,12,73,9396.87,0
2020,510624,510622,MC,2,18,27880.01,0
2020,510624,510706,MC,1,5,1500.0,0
2020,510624,510790,AC,14,25,24672.84,0
2020,510624,510790,MC,34,184,57790.05,4
2020,510624,510792,AC,1,6,2350.63,0
2020,510624,510792,MC,346,1761,307821.59,17
2020,510624,510795,MC,1,10,416.39,0
2020,510625,510020,MC,6,11,1873.82,1
2020,510625,510180,MC,57,410,381460.68,20
2020,510625,510310,MC,2,5,619.3,0
2020,510625,510335,MC,2,6,499.95,0
2020,510625,510340,AC,9,43,36965.03,0
2020,510625,510340,MC,23,163,27339.27,1
2020,510625,510625,MC,1005,3452,461984.62,36
2020,510625,510628,MC,4,10,1439.13,0
2020,510625,510718,MC,1,2,234.68,0
2020,510625,510760,MC,2,5,1092.1,0
2020,510625,510860,MC,1,1,443.4,0
2020,510626,510025,MC,1,3,454.34,0
2020,510626,510320,MC,5,16,6075.38,0
2020,510626,510340,AC,6,39,48329.93,0
2020,510626,510340,MC,8,61,19683.86,1
2020,510626,510410,MC,3,5,1294.36,0
2020,510626,510525,MC,3,39,1609.63,0
2020,510626,510560,MC,2,4,769.4,0
2020,510626,510642,MC,321,1420,165330.59,9
2020,510626,510790,AC,3,9,11159.19,0
2020,510626,510790,MC,11,55,25080.56,1
2020,510626,510805,MC,1,2,288.76,0
2020,510627,510340,AC,2,3,4694.53,0
2020,510627,510340,MC,6,84,8092.72,1
2020,510627,510510,MC,53,113,27723.41,1
2020,510627,510627,MC,86,372,26836.48,3
2020,510627,510680,MC,2,3,481.19,0
2020,510627,510790,AC,2,4,2200.0,0
2020,510627,510792,MC,1,4,3011.83,1
2020,510628,510180,MC,62,306,145251.72,5
2020,510628,510340,AC,3,9,27120.84,0
2020,510628,510340,MC,17,81,12082.82,0
2020,510628,510625,MC,1,8,199.33,0
2020,510628,510628,MC,283,971,125003.48,2
2020,510628,510704,MC,12,25,8807.24,0
2020,510628,510706,MC,1,3,1636.41,0
2020,510628,510760,MC,1,28,18188.66,1
2020,510629,510025,MC,455,1391,265028.34,13
2020,510629,510340,AC,8,34,34547.04,0
2020,510629,510340,MC,23,291,63737.17,1
2020,510629,510629,MC,192,502,118805.27,1
2020,510629,510760,MC,1,20,10177.16,0
2020,510629,510790,AC,25,60,37188.05,0
2020,510629,510790,MC,5,18,3037.23,0
2020,510629,510792,MC,1,4,717.71,0
2020,510629,510840,MC,1,3,305.91,0
2020,510630,510270,MC,3,6,671.57,0
2020,510630,510335,MC,1,3,218.68,0
2020,510630,510340,AC,7,29,31149.23,0
2020,510630,510340,MC,30,171,46770.4,2
2020,510630,510622,MC,1,2,614.58,0
2020,510630,510630,MC,813,1814,498157.09,20
2020,510630,510700,MC,8,13,6052.43,0
2020,510630,510704,MC,53,316,165853.21,11
2020,510630,510706,MC,1,2,1636.41,0
2020,510630,510760,AC,26,101,146281.59,0
2020,510630,510760,MC,384,2176,581033.11,23
2020,510630,510790,MC,2,6,1644.75,0
2020,510630,510792,MC,20,139,21774.86,0
2020,510630,510795,MC,1,3,223.33,0
2020,510630,510840,MC,2,12,2233.67,0
2020,510631,510020,MC,66,152,36710.91,4
2020,510631,510310,MC,1,3,324.9,0
2020,510631,510335,MC,1,2,679.11,0
2020,510631,510340,MC,1,10,435.25,0
2020,510631,510706,MC,1,1,221.92,0
2020,510631,510718,MC,1,2,227.68,0
2020,510631,510777,MC,1,2,218.68,0
2020,510631,510785,MC,2,1,864.54,1
2020,510637,510340,AC,3,28,48605.8,1
2020,510637,510340,MC,11,54,21102.8,1
2020,510637,510637,MC,362,1413,210306.12,30
2020,510637,510704,MC,14,123,92494.38,4
2020,510637,510760,AC,22,70,134804.98,1
2020,510637,510760,MC,638,3021,1029848.64,42
2020,510637,510840,MC,1,1,261.91,0
2020,510642,510025,MC,2,3,192.07,0
2020,510642,510320,MC,19,134,20250.67,3
2020,510642,510340,AC,16,165,96128.42,0
2020,510642,510340,MC,82,798,290110.24,11
2020,510642,510410,MC,2,8,2529.44,0
2020,510642,510525,MC,6,74,5018.97,1
2020,510642,510560,MC,13,24,6500.04,0
2020,510642,510622,MC,3,9,1164.39,0
2020,510642,510629,MC,1,2,434.99,0
2020,510642,510642,AC,1,12,733.67,0
2020,510642,510642,MC,1840,7445,1023464.43,65
2020,510642,510760,MC,2,8,5017.85,1
2020,510642,510790,AC,3,9,8992.8,0
2020,510642,510790,MC,29,258,74415.09,2
2020,510642,510792,MC,8,175,47604.37,0
2020,510642,510805,MC,4,13,2179.81,0
2020,510642,510840,MC,8,89,40834.28,1
2020,510645,510267,MC,6,19,2221.65,0
2020,510645,510340,AC,6,35,19056.73,0
2020,510645,510340,MC,44,163,32927.79,0
2020,510645,510630,MC,3,7,1752.56,0
2020,510645,510760,MC,6,33,10044.16,1
2020,510645,510840,MC,12,92,8161.33,0
2020,510650,510250,MC,1,5,130.87,0
2020,510650,510263,MC,1,2,674.09,0
2020,510650,510340,AC,32,290,173144.88,0
2020,510650,510340,MC,535,2349,638851.95,11
2020,510650,510560,MC,2,7,563.43,0
2020,510650,510610,MC,1,5,614.42,0
2020,510650,510622,MC,1,1,142.84,0
2020,510650,510642,MC,1,16,631.32,0
2020,510650,510650,AC,89,0,68695.69,0
2020,510650,510650,MC,1269,3487,548966.89,57
2020,510650,510760,MC,3,60,26916.17,0
2020,510650,510840,MC,179,1295,244508.57,19
2020,510665,510180,MC,192,722,188716.02,15
2020,510665,510320,MC,1,6,575.85,1
2020,510665,510340,AC,4,28,22291.94,0
2020,510665,510340,MC,14,65,21610.18,1
2020,510665,510820,MC,1,3,160.95,0
2020,510670,510020,MC,2,4,868.04,0
2020,510670,510180,MC,27,97,74836.64,2
2020,510670,510340,AC,2,19,17540.23,0
2020,510670,510340,MC,9,41,3906.34,1
2020,510670,510670,MC,37,105,12446.43,2
2020,510670,510820,MC,1,2,561.73,0
2020,510675,510250,AC,1,1,941.6,0
2020,510675,510250,MC,533,2781,730894.39,64
2020,510675,510268,MC,1,5,865.91,0
2020,510675,510340,AC,33,250,223337.54,2
2020,510675,510340,MC,110,1100,270421.6,10
2020,510675,510515,MC,1,24,807.77,0
2020,510675,510550,MC,12,32,6145.5,0
2020,510675,510629,MC,1,3,1500.0,0
2020,510675,510675,MC,2386,5932,1040465.05,52
2020,510675,510790,MC,1,2,542.28,0
2020,510675,510795,MC,1,12,1739.57,0
2020,510675,510840,MC,7,81,39018.03,2
2020,510677,510020,MC,4,6,1354.41,0
2020,510677,510180,MC,1,1,460.57,0
2020,510677,510270,MC,3,3,1098.37,0
2020,510677,510320,MC,1,10,318.37,0
2020,510677,510335,MC,348,767,178462.06,4
2020,510677,510340,MC,14,86,15110.81,1
2020,510677,510760,MC,1,8,5220.66,0
2020,510677,510777,MC,1,4,67.31,0
2020,510677,510790,MC,1,5,585.73,0
2020,510677,510860,MC,2,2,1255.64,0
2020,510680,510250,MC,4,33,3535.92,2
2020,510680,510340,AC,8,52,46212.35,0
2020,510680,510340,MC,18,87,18429.67,0
2020,510680,510410,MC,1,2,136.95,0
2020,510680,510510,MC,76,135,39880.04,1
2020,510680,510525,MC,1,13,511.15,0
2020,510680,510680,MC,298,754,133685.32,11
2020,510680,510790,MC,13,47,30433.14,2
2020,510682,510250,MC,519,2517,619401.56,31
2020,510682,510337,MC,1,1,287.76,0
2020,510682,510340,AC,13,86,82241.81,0
2020,510682,510340,MC,25,250,30678.24,1
2020,510682,510550,MC,1,1,606.91,0
2020,510682,510562,MC,2,6,788.41,0
2020,510682,510675,MC,2,5,464.8,0
2020,510682,510840,MC,2,16,13422.15,0
2020,510685,510130,MC,10,23,4952.66,0
2020,510685,510170,MC,51,190,23635.0,2
2020,510685,510250,MC,2,5,970.93,0
2020,510685,510263,MC,1,1,590.42,1
2020,510685,510340,AC,3,22,45474.19,1
2020,510685,510340,MC,30,177,82707.83,1
2020,510685,510795,MC,2,15,860.03,0
2020,510685,510840,MC,1,16,6660.04,0
2020,510700,510340,AC,4,16,22562.72,1
2020,510700,510340,MC,21,100,16620.59,4
2020,510700,510700,MC,827,2457,465386.47,47
2020,510700,510704,MC,127,341,127752.13,4
2020,510700,510760,AC,13,44,128294.22,1
2020,510700,510760,MC,312,1986,614190.52,19
2020,510700,510840,MC,1,5,183.39,0
2020,510704,510020,MC,1,2,241.15,0
2020,510704,510180,MC,5,10,2571.7,0
2020,510704,510267,MC,6,36,20614.23,1
2020,510704,510305,MC,2,2,447.45,0
2020,510704,510310,MC,1,3,261.18,0
2020,510704,510340,AC,37,180,209617.11,1
2020,510704,510340,MC,116,1019,176229.36,8
2020,510704,510390,MC,1,2,175.97,0
2020,510704,510520,MC,1,3,210.06,0
2020,510704,510525,MC,1,3,789.77,0
2020,510704,510560,MC,1,2,562.73,0
2020,510704,510622,MC,2,10,909.73,0
2020,510704,510625,MC,1,2,324.9,0
2020,510704,510628,MC,1,4,503.19,0
2020,510704,510630,MC,11,34,7308.13,0
2020,510704,510642,MC,1,3,438.82,0
2020,510704,510700,MC,6,9,2746.33,0
2020,510704,510704,AC,19,37,18474.18,0
2020,510704,510704,MC,3960,9258,3308962.95,107
2020,510704,510760,AC,63,268,514199.88,3
2020,510704,510760,MC,389,3413,1416424.66,32
2020,510704,510795,MC,1,10,1481.51,0
2020,510704,510810,MC,1,2,242.1,0
2020,510704,510840,MC,6,82,58717.99,1
2020,510706,510020,MC,121,338,77453.01,5
2020,510706,510180,MC,14,79,82823.18,4
2020,510706,510270,MC,17,22,7475.3,0
2020,510706,510310,MC,1,3,348.9,0
2020,510706,510335,MC,1,4,199.33,0
2020,510706,510340,AC,3,24,25066.91,0
2020,510706,510340,MC,35,422,150970.13,3
2020,510706,510525,MC,1,25,511.15,0
2020,510706,510560,MC,2,2,570.64,0
2020,510706,510625,MC,1,1,569.93,0
2020,510706,510706,MC,1106,2839,686408.75,7
2020,510706,510718,MC,1,3,147.42,0
2020,510706,510760,MC,6,87,45184.11,0
2020,510706,510790,MC,4,26,12131.41,0
2020,510706,510792,MC,2,13,1396.76,0
2020,510706,510820,MC,1,2,368.8,0
2020,510706,510840,MC,1,8,1711.13,0
2020,510710,510250,AC,1,4,859.69,0
2020,510710,510250,MC,478,2285,521776.4,50
2020,510710,510267,MC,1,2,1762.09,0
2020,510710,510340,AC,11,60,92064.1,0
2020,510710,510340,MC,47,423,119786.51,7
2020,510710,510562,MC,7,27,5005.74,1
2020,510710,510760,MC,9,71,6378.75,0
2020,510710,510795,MC,2,13,2498.05,0
2020,510710,510840,MC,3,4,2268.19,0
2020,510715,510250,MC,93,399,64355.77,5
2020,510715,510340,MC,3,38,9896.12,0
2020,510715,510795,MC,1,4,1339.64,0
2020,510715,510840,MC,1,5,1532.69,0
2020,510718,510020,MC,187,466,115713.64,3
2020,510718,510180,MC,1,3,856.71,0
2020,510718,510270,MC,3,3,1511.75,2
2020,510718,510310,MC,3,9,1115.82,0
2020,510718,510340,AC,2,4,5570.27,0
2020,510718,510340,MC,5,28,10396.66,2
2020,510718,510525,MC,1,9,277.67,0
2020,510718,510625,MC,2,5,169.83,0
2020,510718,510706,MC,3,10,2129.84,0
2020,510718,510718,MC,226,932,88835.33,3
2020,510718,510760,MC,3,53,23056.73,0
2020,510718,510840,MC,1,1,1191.48,0
2020,510718,510860,MC,1,2,444.4,0
2020,510719,510180,MC,56,234,79524.84,4
2020,510719,510340,AC,1,13,15468.77,0
2020,510719,510340,MC,5,37,5459.01,0
2020,510719,510719,MC,51,171,20654.76,0
2020,510719,510760,MC,5,59,15993.12,1
2020,510719,510820,MC,11,23,6117.23,0
2020,510720,510250,MC,171,718,172351.53,11
2020,510720,510267,MC,1,13,292.62,0
2020,510720,510340,AC,2,7,11069.06,0
2020,510720,510340,MC,4,63,5138.05,0
2020,510720,510720,MC,62,134,20071.27,0
2020,510720,510760,MC,2,36,3131.18,0
2020,510720,510775,MC,4,6,2014.26,0
2020,510720,510840,MC,1,20,2334.97,0
2020,510724,510340,AC,4,19,16176.47,0
2020,510724,510340,MC,9,40,5537.81,1
2020,510724,510525,MC,1,3,205.68,0
2020,510724,510760,MC,1,13,1153.59,0
2020,510724,510790,AC,4,18,8525.38,0
2020,510724,510790,MC,164,841,130061.72,6
2020,510724,510792,MC,39,339,61863.74,3
2020,510726,510130,MC,11,20,5204.61,0
2020,510726,510170,MC,26,67,10290.68,1
2020,510726,510340,MC,28,200,43812.13,1
2020,510726,510622,MC,1,3,414.39,0
2020,510726,510675,MC,1,5,1029.44,0
2020,510726,510795,MC,5,13,1535.24,1
2020,510726,510840,MC,3,37,5283.53,0
2020,510729,510340,AC,1,13,9544.19,0
2020,510729,510340,MC,3,7,1496.47,0
2020,510729,510704,MC,2,31,29752.06,1
2020,510729,510760,AC,14,34,58752.36,0
2020,510729,510760,MC,97,468,124927.31,7
2020,510730,510170,MC,1,0,588.12,0
2020,510730,510250,MC,1,2,1500.0,0
2020,510730,510263,MC,1,2,865.91,0
2020,510730,510310,MC,1,3,287.76,0
2020,510730,510340,AC,11,75,59159.54,1
2020,510730,510340,MC,148,981,141752.78,6
2020,510730,510350,MC,7,0,2733.29,0
2020,510730,510515,MC,1,6,701.97,0
2020,510730,510525,MC,1,0,463.21,0
2020,510730,510622,MC,15,84,8492.45,1
2020,510730,510629,MC,1,1,426.02,0
2020,510730,510730,MC,539,1305,282937.52,22
2020,510730,510790,MC,1,3,370.24,0
2020,510730,510792,MC,5,53,11171.87,0
2020,510730,510840,MC,5,28,7721.69,0
2020,510735,510180,MC,1,24,3331.97,0
2020,510735,510260,MC,1,1,179.62,0
2020,510735,510270,MC,1,1,443.4,0
2020,510735,510310,MC,1,3,287.76,0
2020,510735,510320,MC,1,2,532.43,0
2020,510735,510335,MC,267,673,134182.48,9
2020,510735,510340,AC,3,17,28345.36,0
2020,510735,510340,MC,14,168,40687.25,0
2020,510735,510560,MC,1,1,452.4,0
2020,510735,510628,MC,1,3,220.15,0
2020,510735,510642,MC,14,42,7509.11,0
2020,510735,510805,MC,1,4,175.97,0
2020,510735,510840,MC,3,21,9112.79,1
2020,510735,510860,MC,1,1,695.77,0
2020,510740,510267,MC,1,5,6314.01,0
2020,510740,510340,AC,2,5,7571.2,0
2020,510740,510340,MC,2,12,4561.13,0
2020,510740,510480,MC,109,350,70116.89,2
2020,510740,510515,MC,1,1,516.6,0
2020,510740,510520,MC,1,3,348.9,0
2020,510740,510704,MC,2,9,5761.89,0
2020,510740,510760,AC,16,46,61075.49,0
2020,510740,510760,MC,83,425,134736.56,7
2020,510757,510250,MC,1,1,470.24,0
2020,510757,510340,AC,2,3,5818.97,0
2020,510757,510340,MC,1,3,429.38,0
2020,510757,510675,MC,4,8,2056.3,0
2020,510760,510030,MC,1,1,392.22,1
2020,510760,510180,MC,1,2,533.37,0
2020,510760,510263,MC,1,4,1278.44,0
2020,510760,510267,MC,9,24,3777.74,0
2020,510760,510320,MC,2,4,1708.67,0
2020,510760,510340,AC,64,352,441935.63,1
2020,510760,510340,MC,121,851,189447.38,11
2020,510760,510385,MC,1,4,479.19,0
2020,510760,510420,MC,1,2,340.9,0
2020,510760,510480,MC,2,3,318.16,0
2020,510760,510515,MC,1,1,300.62,0
2020,510760,510520,MC,2,6,1108.26,0
2020,510760,510525,MC,4,12,2631.72,0
2020,510760,510560,MC,1,2,63.27,0
2020,510760,510622,MC,1,2,218.68,0
2020,510760,510625,MC,1,2,133.44,0
2020,510760,510630,MC,5,8,3737.19,0
2020,510760,510642,MC,3,18,3301.63,0
2020,510760,510675,MC,2,11,1483.79,0
2020,510760,510700,MC,3,10,1590.5,1
2020,510760,510704,MC,5,12,9873.25,0
2020,510760,510706,MC,2,7,1753.65,0
2020,510760,510760,AC,804,2695,3535177.39,16
2020,510760,510760,MC,13074,60865,19053512.47,854
2020,510760,510790,MC,2,9,2361.56,0
2020,510760,510840,MC,12,73,62730.94,1
2020,510760,510860,MC,1,1,695.77,0
2020,510770,510170,MC,1,2,443.4,0
2020,510770,510340,AC,23,137,142091.85,3
2020,510770,510340,MC,294,1549,469156.98,11
2020,510770,510350,MC,9,18,5000.88,1
2020,510770,510590,MC,6,15,3563.1,0
2020,510770,510622,MC,12,49,5703.98,0
2020,510770,510770,MC,813,2734,472132.21,21
2020,510770,510790,MC,2,14,1400.06,0
2020,510770,510792,MC,1,2,731.53,0
2020,510770,510795,MC,1,4,399.44,0
2020,510770,510840,MC,13,81,58513.74,3
2020,510774,510020,MC,1,2,215.33,0
2020,510774,510335,MC,79,236,40388.05,0
2020,510774,510340,AC,1,1,3780.25,0
2020,510774,510340,MC,6,51,6304.67,0
2020,510774,510840,MC,1,10,1788.81,0
2020,510774,510860,MC,1,1,695.77,0
2020,510775,510250,AC,1,2,827.29,0
2020,510775,510250,MC,114,549,97609.14,10
2020,510775,510340,AC,4,33,23324.26,0
2020,510775,510340,MC,4,94,5075.97,0
2020,510775,510720,MC,1,1,218.68,0
2020,510775,510775,MC,97,239,31711.52,3
2020,510775,510840,MC,1,10,17621.42,1
2020,510776,510340,MC,4,32,16029.59,1
2020,510776,510622,MC,11,26,4778.79,0
2020,510776,510680,MC,1,4,228.5,0
2020,510776,510790,MC,1,0,91.49,0
2020,510776,510792,MC,81,405,100508.59,4
2020,510777,510020,MC,2,4,394.95,0
2020,510777,510335,MC,199,516,100905.82,6
2020,510777,510340,AC,1,25,23173.74,1
2020,510777,510340,MC,29,143,14882.12,1
2020,510777,510525,MC,2,132,1494.92,0
2020,510777,510558,MC,1,4,614.42,0
2020,510777,510777,MC,157,501,51851.05,1
2020,510777,510860,MC,7,11,2226.28,0
2020,510779,510335,MC,1,3,723.46,0
2020,510779,510340,AC,2,5,10339.71,0
2020,510779,510340,MC,3,42,5375.51,1
2020,510779,510628,MC,5,14,2462.15,0
2020,510779,510630,MC,3,4,1353.41,0
2020,510779,510700,MC,32,50,18825.03,0
2020,510779,510704,MC,100,220,71330.58,0
2020,510779,510760,AC,4,26,35729.62,0
2020,510779,510760,MC,33,354,175537.96,4
2020,510780,510267,MC,4,6,1726.03,1
2020,510780,510340,AC,17,96,131982.95,0
2020,510780,510340,MC,411,1737,369648.91,22
2020,510780,510480,MC,1,21,614.92,0
2020,510780,510622,MC,1,10,1636.41,0
2020,510780,510650,MC,1,2,695.77,0
2020,510780,510760,AC,1,3,9412.15,0
2020,510780,510760,MC,15,61,15478.57,1
2020,510780,510805,MC,1,4,218.68,0
2020,510780,510840,MC,130,772,254374.04,18
2020,510785,510020,MC,6,22,6781.22,0
2020,510785,510180,MC,8,63,43916.26,1
2020,510785,510270,MC,1,3,139.42,0
2020,510785,510335,MC,23,48,12333.32,0
2020,510785,510340,AC,2,8,27022.16,0
2020,510785,510340,MC,43,320,46679.68,2
2020,510785,510706,MC,3,6,1360.2,0
2020,510785,510718,MC,3,9,1403.91,0
2020,510785,510760,MC,1,24,11399.39,0
2020,510785,510785,MC,754,1526,329041.09,12
2020,510785,510790,MC,3,5,1567.8,0
2020,510785,510840,MC,3,33,7239.67,0
2020,510787,510250,MC,6,31,5223.92,0
2020,510787,510263,MC,1,2,246.48,0
2020,510787,510268,MC,2,7,1731.82,1
2020,510787,510320,MC,1,4,262.54,0
2020,510787,510340,AC,19,136,110266.72,1
2020,510787,510340,MC,141,1115,336280.23,8
2020,510787,510525,MC,2,45,592.93,0
2020,510787,510622,MC,1,2,133.44,0
2020,510787,510675,MC,2,4,558.06,0
2020,510787,510760,MC,5,55,7525.41,0
2020,510787,510787,MC,1308,3680,647055.14,10
2020,510787,510790,MC,1,2,2025.74,0
2020,510787,510795,MC,8,19,6643.76,1
2020,510787,510840,MC,12,98,35361.2,2
2020,510788,510020,MC,62,152,35009.07,0
2020,510788,510340,AC,4,26,21291.6,0
2020,510788,510340,MC,2,18,1723.82,0
2020,510788,510706,MC,1,3,332.9,0
2020,510788,510760,MC,1,13,24480.91,1
2020,510788,510785,MC,1,3,606.42,0
2020,510790,510025,MC,5,19,2472.17,0
2020,510790,510080,MC,1,2,199.33,0
2020,510790,510180,MC,1,4,8101.49,0
2020,510790,510250,MC,5,24,2627.6,0
2020,510790,510270,MC,3,5,756.46,0
2020,510790,510305,MC,5,14,2781.42,0
2020,510790,510320,MC,22,110,32349.24,2
2020,510790,510340,AC,75,666,577289.58,0
2020,510790,510340,MC,159,1386,281453.41,9
2020,510790,510410,MC,2,10,974.14,1
2020,510790,510510,MC,1,2,421.3,0
2020,510790,510515,MC,5,18,1813.51,0
2020,510790,510517,MC,2,4,1069.43,0
2020,510790,510525,MC,18,259,14282.78,2
2020,510790,510558,MC,2,7,931.32,0
2020,510790,510560,MC,4,7,1613.93,0
2020,510790,510622,MC,10,28,20201.43,2
2020,510790,510627,MC,1,2,218.68,0
2020,510790,510629,MC,3,9,4500.0,0
2020,510790,510630,MC,1,1,250.1,0
2020,510790,510642,MC,14,57,7246.78,0
2020,510790,510680,MC,2,8,820.51,0
2020,510790,510760,MC,5,85,49717.88,0
2020,510790,510790,AC,243,549,596839.56,2
2020,510790,510790,MC,5605,22612,6632287.1,214
2020,510790,510792,MC,144,1012,277318.91,3
2020,510790,510794,MC,7,10,2164.34,0
2020,510790,510795,MC,1,3,606.42,0
2020,510790,510805,MC,4,15,2282.21,0
2020,510790,510840,MC,7,36,17475.64,1
2020,510792,510025,MC,2,3,1346.22,0
2020,510792,510060,MC,1,4,1500.0,0
2020,510792,510140,MC,2,7,337.94,0
2020,510792,510305,MC,1,1,257.32,0
2020,510792,510320,MC,6,17,4302.94,0
2020,510792,510335,MC,1,0,179.62,0
2020,510792,510340,AC,38,207,180594.65,1
2020,510792,510340,MC,114,1005,408026.33,4
2020,510792,510515,MC,3,4,911.55,0
2020,510792,510525,MC,26,231,21440.36,2
2020,510792,510558,MC,1,4,316.62,0
2020,510792,510560,MC,4,8,1327.11,1
2020,510792,510622,MC,13,226,306591.89,4
2020,510792,510627,MC,2,10,913.08,0
2020,510792,510630,MC,2,1,3009.0,0
2020,510792,510642,MC,4,6,1119.77,0
2020,510792,510680,MC,4,10,1207.22,0
2020,510792,510718,MC,1,4,250.68,0
2020,510792,510730,MC,1,0,453.4,0
2020,510792,510760,MC,44,587,59102.4,0
2020,510792,510790,AC,118,231,210353.45,0
2020,510792,510790,MC,142,812,758872.39,37
2020,510792,510792,AC,3,57,32618.29,2
2020,510792,510792,MC,3570,17684,3346124.57,187
2020,510792,510805,MC,1,2,218.68,0
2020,510792,510840,MC,2,3,3210.64,1
2020,510794,510305,MC,1,1,112.83,0
2020,510794,510340,AC,8,46,55690.61,0
2020,510794,510340,MC,14,147,19324.68,2
2020,510794,510510,MC,83,233,39712.15,3
2020,510794,510515,MC,4,23,18800.0,1
2020,510794,510560,MC,1,1,554.73,0
2020,510794,510622,MC,2,9,875.04,0
2020,510794,510680,MC,7,33,3306.04,0
2020,510794,510790,MC,46,347,73865.42,4
2020,510794,510792,MC,5,35,7806.65,1
2020,510794,510794,MC,231,482,93839.22,1
2020,510794,510805,MC,1,7,363.93,1
2020,510794,510840,MC,3,49,62647.23,1
2020,510795,510130,MC,5,11,1213.22,0
2020,510795,510170,MC,52,85,23550.8,0
2020,510795,510250,MC,2,10,3066.35,0
2020,510795,510263,MC,10,26,5194.52,0
2020,510795,510325,MC,1,2,360.8,0
2020,510795,510330,MC,1,4,204.5,0
2020,510795,510337,MC,2,6,914.64,0
2020,510795,510340,AC,83,479,511487.07,2
2020,510795,510340,MC,334,2344,530454.38,15
2020,510795,510390,MC,1,1,175.97,0
2020,510795,510480,MC,2,3,844.35,0
2020,510795,510515,MC,2,18,1243.33,0
2020,510795,510590,MC,1,2,413.41,0
2020,510795,510622,MC,6,18,1770.06,0
2020,510795,510623,MC,2,2,695.22,0
2020,510795,510630,MC,1,2,606.12,0
2020,510795,510704,MC,1,0,554.73,0
2020,510795,510760,MC,3,9,4717.21,0
2020,510795,510790,MC,3,15,1767.78,0
2020,510795,510792,MC,1,6,360.8,0
2020,510795,510795,MC,4000,14693,3344944.85,211
2020,510795,510840,MC,9,44,14744.34,1
2020,510800,510263,MC,1,1,321.68,0
2020,510800,510320,MC,1,2,459.4,0
2020,510800,510340,AC,10,52,73646.6,0
2020,510800,510340,MC,12,137,24779.98,1
2020,510800,510410,MC,1,1,444.4,0
2020,510800,510510,MC,1,2,192.6,0
2020,510800,510525,MC,13,85,11306.82,0
2020,510800,510622,MC,3,6,1028.88,0
2020,510800,510642,MC,1,2,460.07,0
2020,510800,510760,MC,6,78,6839.16,0
2020,510800,510790,AC,4,5,12561.2,0
2020,510800,510790,MC,21,120,91644.55,2
2020,510800,510792,MC,426,2191,397405.02,26
2020,510800,510800,MC,258,839,115248.73,0
2020,510805,510025,MC,1,2,199.33,0
2020,510805,510250,MC,1,2,697.91,0
2020,510805,510320,MC,8,64,23495.16,3
2020,510805,510325,MC,1,4,107.24,0
2020,510805,510340,AC,6,40,44786.36,0
2020,510805,510340,MC,29,326,89359.22,2
2020,510805,510560,MC,1,4,807.82,0
2020,510805,510622,MC,1,3,397.15,0
2020,510805,510642,MC,255,674,138557.77,4
2020,510805,510790,AC,11,23,23096.94,0
2020,510805,510790,MC,13,32,8628.58,2
2020,510805,510792,MC,4,48,11623.09,1
2020,510805,510805,MC,341,1430,153018.94,23
2020,510805,510840,MC,4,72,51838.74,1
2020,510810,510704,MC,2,14,7233.01,0
2020,510810,510760,AC,4,33,19020.15,1
2020,510810,510760,MC,91,676,184300.87,8
2020,510810,510810,MC,60,222,25543.29,1
2020,510820,510180,MC,58,249,89858.59,8
2020,510820,510340,AC,1,8,11070.05,0
2020,510820,510340,MC,11,166,47993.41,1
2020,510820,510719,MC,2,5,1168.15,0
2020,510820,510760,MC,1,8,5023.94,0
2020,510820,510820,AC,1,3,824.38,0
2020,510820,510820,MC,200,469,79229.36,1
2020,510830,510305,MC,3,6,862.76,0
2020,510830,510320,MC,2,9,2944.45,0
2020,510830,510340,AC,1,3,5443.51,0
2020,510830,510558,MC,1,3,348.9,0
2020,510830,510680,MC,1,1,183.97,0
2020,510830,510790,AC,3,13,10556.98,0
2020,510830,510790,MC,54,308,45098.36,2
2020,510830,510792,MC,77,437,63591.46,5
2020,510830,510820,MC,1,2,703.77,0
2020,510830,510840,MC,1,2,517.93,0
2020,510835,510250,MC,30,141,22532.05,5
2020,510835,510340,AC,7,14,15250.99,0
2020,510835,510340,MC,12,63,11362.85,1
2020,510835,510500,MC,5,13,2232.3,0
2020,510835,510515,MC,1,2,689.11,0
2020,510835,510675,MC,118,306,40604.99,3
2020,510840,510020,MC,1,2,338.03,0
2020,510840,510130,MC,1,1,44.22,0
2020,510840,510250,MC,3,9,2768.47,0
2020,510840,510263,MC,1,4,1165.85,0
2020,510840,510267,MC,1,1,122.01,0
2020,510840,510320,MC,2,20,3634.99,1
2020,510840,510340,AC,491,3051,2810531.15,9
2020,510840,510340,MC,6115,29497,8613286.86,256
2020,510840,510515,MC,3,9,1485.37,0
2020,510840,510525,MC,3,2,1114.3,0
2020,510840,510558,MC,5,14,1605.45,0
2020,510840,510560,MC,1,4,614.42,0
2020,510840,510590,MC,2,3,540.23,0
2020,510840,510610,MC,1,2,588.12,0
2020,510840,510622,MC,9,31,5638.23,0
2020,510840,510629,MC,1,0,539.92,0
2020,510840,510630,MC,1,3,317.62,0
2020,510840,510642,MC,1,3,414.62,0
2020,510840,510650,MC,9,9,4960.66,0
2020,510840,510675,MC,1,0,141.66,0
2020,510840,510680,MC,1,1,596.12,0
2020,510840,510704,MC,6,45,63520.37,1
2020,510840,510760,MC,10,25,4842.72,0
2020,510840,510775,MC,1,2,554.73,0
2020,510840,510790,MC,4,8,1785.89,1
2020,510840,510792,MC,4,19,3902.58,0
2020,510840,510840,AC,5,40,8370.12,0
2020,510840,510840,MC,6586,39511,11672067.65,598
2020,510850,510020,MC,1,2,329.26,0
2020,510850,510305,MC,1,1,292.62,0
2020,510850,510340,AC,3,28,23680.01,0
2020,510850,510340,MC,12,77,9907.15,0
2020,510850,510622,MC,1,5,254.74,0
2020,510850,510760,MC,7,148,12442.33,0
2020,510850,510790,AC,4,11,10674.07,0
2020,510850,510790,MC,33,313,80577.58,3
2020,510850,510792,MC,369,1697,298158.07,19
2020,510850,510794,MC,1,1,444.4,0
2020,510850,510840,MC,1,4,1659.76,0
2020,510860,510020,MC,4,9,2054.91,0
2020,510860,510180,MC,2,29,22753.24,0
2020,510860,510270,MC,1,0,203.82,0
2020,510860,510325,MC,1,2,340.9,0
2020,510860,510335,MC,183,514,93501.36,1
2020,510860,510340,AC,14,132,78288.0,0
2020,510860,510340,MC,57,462,154530.11,6
2020,510860,510718,MC,1,1,218.68,0
2020,510860,510760,MC,3,57,29199.18,0
2020,510860,510777,MC,2,4,423.18,0
2020,510860,510840,MC,5,61,49179.64,2
2020,510860,510860,MC,456,892,190521.39,9
2020,510880,510320,MC,142,698,146858.01,13
2020,510880,510340,MC,4,85,4078.22,0
2020,510880,510642,MC,4,9,3447.26,0
2020,510880,510790,AC,2,8,8079.34,0
2020,510880,510790,MC,13,74,17130.85,2
2020,510880,510792,MC,2,21,3540.84,1
2020,510880,510805,MC,2,5,327.92,0
2020,510885,510130,MC,10,21,2954.25,0
2020,510885,510170,MC,26,72,10118.24,0
2020,510885,510340,AC,2,10,18521.43,0
2020,510885,510340,MC,39,307,94840.17,3
2020,510885,510350,MC,12,19,9186.06,0
2020,510885,510515,MC,1,4,223.33,0
2020,510885,510760,MC,1,20,1730.4,0
2020,510885,510795,MC,5,13,2068.06,0
2020,510885,510840,MC,2,16,8498.01,1
2020,510890,510263,MC,2,10,400.59,0
2020,510890,510340,AC,2,10,6682.39,0
2020,510890,510340,MC,14,104,15349.84,0
2020,510890,510350,MC,1,2,924.51,0
2020,510890,510510,MC,1,3,846.36,0
2020,510890,510515,MC,1,3,658.03,0
2020,510890,510622,MC,2,14,951.83,0
2020,510890,510680,MC,1,2,363.15,0
2020,510890,510730,MC,12,32,8699.48,0
2020,510890,510790,MC,3,45,2066.45,0
2020,510890,510792,MC,142,945,116810.96,3
2020,510890,510800,MC,1,2,561.73,0
2020,510895,510025,MC,323,1233,193722.08,12
2020,510895,510340,AC,5,21,15965.36,0
2020,510895,510340,MC,15,131,29146.18,0
2020,510895,510510,MC,1,3,982.77,0
2020,510895,510629,MC,2,1,880.5,0
2020,510895,510760,MC,10,144,12607.11,0
2020,510895,510790,MC,1,4,193.66,0
2020,510895,510840,MC,3,10,2230.75,0
2021,510010,510340,AC,4,17,24744.97,0
2021,510010,510340,MC,101,511,142701.64,3
2021,510010,510770,MC,3,6,1130.64,0
2021,510010,510792,MC,1,2,490.88,0
2021,510010,510840,MC,31,247,46725.19,2
2021,510020,510020,MC,1807,5296,2266664.42,67
2021,510020,510180,MC,8,50,27131.2,1
2021,510020,510250,MC,1,1,44.22,0
2021,510020,510267,MC,1,2,681.11,0
2021,510020,510270,MC,6,15,3020.91,0
2021,510020,510310,MC,5,16,2785.71,0
2021,510020,510335,MC,2,12,1888.82,0
2021,510020,510340,AC,10,46,49801.08,1
2021,510020,510340,MC,37,411,209326.97,8
2021,510020,510525,MC,1,44,916.57,0
2021,510020,510625,MC,3,7,1425.95,0
2021,510020,510630,MC,1,1,246.48,0
2021,510020,510706,MC,8,69,103730.62,3
2021,510020,510760,MC,12,125,22237.31,0
2021,510020,510790,MC,3,35,44911.91,0
2021,510020,510840,MC,27,314,417927.89,11
2021,510025,510025,MC,2981,11603,4713557.48,180
2021,510025,510250,MC,2,10,1280.56,0
2021,510025,510267,MC,1,4,67.31,0
2021,510025,510320,MC,5,13,6820.84,0
2021,510025,510325,MC,1,2,865.91,0
2021,510025,510335,MC,1,2,258.1,0
2021,510025,510337,MC,1,1,452.4,0
2021,510025,510340,AC,44,181,212395.73,0
2021,510025,510340,MC,108,1061,207534.49,11
2021,510025,510525,MC,2,24,1108.9,0
2021,510025,510560,MC,2,4,1830.07,0
2021,510025,510622,MC,1,1,279.8,0
2021,510025,510629,MC,5,34,4041.24,0
2021,510025,510642,MC,4,29,25570.38,1
2021,510025,510760,MC,2,43,21184.06,0
2021,510025,510790,AC,15,35,35700.05,0
2021,510025,510790,MC,27,134,20513.14,2
2021,510025,510792,MC,4,18,3590.88,0
2021,510025,510840,MC,7,85,109569.46,3
2021,510030,510030,MC,490,989,203777.09,15
2021,510030,510060,MC,1,2,672.11,0
2021,510030,510180,MC,1,1,700.85,0
2021,510030,510340,AC,8,47,61090.61,0
2021,510030,510340,MC,17,137,27171.04,2
2021,510030,510642,MC,1,4,637.19,0
2021,510030,510670,MC,1,1,186.06,0
2021,510030,510704,MC,9,60,31543.83,1
2021,510030,510760,AC,37,99,174714.0,0
2021,510030,510760,MC,367,1970,935314.01,28
2021,510030,510840,MC,1,4,1693.56,0
2021,510035,510020,MC,9,43,46312.23,2
2021,510035,510180,MC,6,45,34435.36,1
2021,510035,510270,MC,1,0,1500.0,0
2021,510035,510335,MC,6,12,3431.02,0
2021,510035,510340,AC,1,19,15194.42,0
2021,510035,510340,MC,16,119,104739.17,1
2021,510035,510760,MC,2,9,5381.98,1
2021,510035,510785,MC,241,585,150189.14,8
2021,510035,510840,MC,10,141,86515.86,2
2021,510040,510030,MC,3,10,1299.27,0
2021,510040,510340,AC,5,31,58279.48,0
2021,510040,510340,MC,10,26,4124.52,1
2021,510040,510622,MC,1,3,287.76,0
2021,510040,510637,MC,1,2,604.12,0
2021,510040,510704,MC,13,118,146072.94,2
2021,510040,510760,AC,36,140,199968.83,0
2021,510040,510760,MC,409,1967,892700.49,30
2021,510050,510130,MC,8,8,3566.58,0
2021,510050,510263,MC,1,1,453.51,0
2021,510050,510340,AC,7,21,31387.22,0
2021,510050,510340,MC,76,686,155901.97,3
2021,510050,510350,MC,166,440,91149.23,6
2021,510050,510622,MC,3,21,15096.66,0
2021,510050,510760,MC,1,3,329.59,0
2021,510050,510770,MC,10,35,15000.0,0
2021,510050,510795,MC,1,2,1925.55,0
2021,510050,510840,MC,31,310,204760.94,8
2021,510060,510060,MC,147,367,91822.64,0
2021,510060,510340,MC,2,6,1840.68,0
2021,510060,510704,AC,2,47,78416.17,1
2021,510060,510704,MC,2,27,48473.1,1
2021,510060,510706,MC,1,8,1500.0,0
2021,510060,510760,AC,4,24,47322.28,0
2021,510060,510760,MC,109,754,466784.19,10
2021,510080,510025,MC,207,996,460369.86,15
2021,510080,510080,MC,525,1598,336613.41,1
2021,510080,510320,MC,2,8,3898.61,0
2021,510080,510340,AC,5,38,45314.55,0
2021,510080,510340,MC,28,168,21094.05,0
2021,510080,510510,MC,1,6,193.66,0
2021,510080,510629,MC,11,31,6528.34,0
2021,510080,510642,MC,1,1,454.4,0
2021,510080,510790,AC,13,26,14380.0,0
2021,510080,510790,MC,10,75,8934.22,0
2021,510100,510020,MC,3,14,22100.0,2
2021,510100,510180,MC,98,289,96808.84,2
2021,510100,510270,MC,1,1,443.4,0
2021,510100,510310,MC,2,5,529.05,0
2021,510100,510340,AC,2,21,47849.82,0
2021,510100,510340,MC,5,85,22243.02,1
2021,510100,510840,MC,1,18,32134.95,1
2021,510120,510030,MC,6,10,1693.91,1
2021,510120,510670,MC,1,34,195.71,0
2021,510120,510704,MC,1,4,1747.6,0
2021,510120,510760,MC,28,211,71411.6,1
2021,510125,510125,MC,96,126,37941.76,1
2021,510125,510250,MC,452,1927,552905.98,29
2021,510125,510340,AC,18,106,90935.93,1
2021,510125,510340,MC,56,634,167896.08,7
2021,510125,510517,MC,1,5,1523.35,0
2021,510125,510550,MC,1,1,472.43,0
2021,510125,510562,MC,3,14,3630.42,0
2021,510125,510675,MC,13,50,20440.43,2
2021,510125,510760,AC,1,2,5815.27,0
2021,510125,510760,MC,2,12,8874.68,0
2021,510125,510790,MC,1,35,2289.76,0
2021,510125,510840,MC,12,162,205104.67,6
2021,510130,510130,MC,564,1175,242791.36,5
2021,510130,510250,MC,3,22,3051.84,0
2021,510130,510263,MC,1,3,136.95,0
2021,510130,510340,AC,19,121,91753.04,0
2021,510130,510340,MC,111,777,149480.15,7
2021,510130,510525,MC,1,2,1086.77,0
2021,510130,510622,MC,3,11,2184.96,0
2021,510130,510704,MC,1,2,337.23,0
2021,510130,510760,MC,4,32,2950.01,0
2021,510130,510770,MC,1,5,582.42,0
2021,510130,510792,MC,1,2,2281.46,1
2021,510130,510795,MC,17,124,61232.5,2
2021,510130,510840,MC,44,351,210188.36,12
2021,510140,510140,MC,642,2410,297823.88,20
2021,510140,510320,MC,1,30,9462.14,0
2021,510140,510325,MC,7,13,2084.06,1
2021,510140,510337,MC,1,4,1500.0,0
2021,510140,510340,AC,10,60,48884.34,0
2021,510140,510340,MC,44,536,171815.63,7
2021,510140,510515,MC,198,1066,254933.58,2
2021,510140,510517,MC,4,15,2458.73,0
2021,510140,510525,MC,1,14,626.87,0
2021,510140,510790,MC,2,10,9918.8,1
2021,510140,510840,MC,1,7,14395.25,1
2021,510160,510180,MC,1,1,564.9,0
2021,510160,510267,MC,1,1,252.98,0
2021,510160,510340,AC,8,86,73526.77,0
2021,510160,510340,MC,117,494,132091.4,1
2021,510160,510760,MC,1,1,846.36,0
2021,510160,510840,MC,39,296,178541.41,12
2021,510170,510130,MC,410,641,203338.52,0
2021,510170,510250,MC,3,14,3765.64,0
2021,510170,510263,MC,3,5,918.1,0
2021,510170,510267,MC,1,1,610.93,0
2021,510170,510325,MC,3,6,767.97,0
2021,510170,510340,AC,50,277,265445.03,0
2021,510170,510340,MC,213,1741,532540.87,25
2021,510170,510525,MC,4,66,3756.85,0
2021,510170,510560,MC,1,2,560.28,0
2021,510170,510622,MC,1,3,8061.81,1
2021,510170,510623,MC,2,5,1215.35,0
2021,510170,510642,MC,1,2,627.91,0
2021,510170,510730,MC,1,1,44.22,0
2021,510170,510760,MC,3,19,1079.19,0
2021,510170,510790,MC,2,1,690.4,0
2021,510170,510792,MC,2,6,3381.44,1
2021,510170,510795,MC,26,253,230813.08,8
2021,510170,510840,MC,35,393,377857.99,14
2021,510180,510020,MC,3,11,18900.0,1
2021,510180,510180,AC,1,12,745.65,0
2021,510180,510180,MC,3015,10769,4713624.99,230
2021,510180,510250,MC,1,2,696.91,0
2021,510180,510260,MC,1,1,699.46,0
2021,510180,510270,MC,1,1,414.62,0
2021,510180,510310,MC,2,6,422.83,0
2021,510180,510325,MC,1,2,1500.0,0
2021,510180,510335,MC,1,3,1143.26,0
2021,510180,510340,AC,18,126,145557.2,2
2021,510180,510340,MC,61,793,336013.58,6
2021,510180,510390,MC,7,19,3760.37,0
2021,510180,510525,MC,2,12,821.44,0
2021,510180,510622,MC,2,7,1686.31,0
2021,510180,510625,MC,6,8,4021.28,0
2021,510180,510704,AC,3,21,40350.06,2
2021,510180,510704,MC,12,100,163179.96,2
2021,510180,510706,MC,2,2,724.15,0
2021,510180,510760,AC,2,41,25333.35,0
2021,510180,510760,MC,13,129,45692.82,1
2021,510180,510840,MC,29,370,613379.75,19
2021,510180,510860,MC,1,3,199.33,0
2021,510185,510020,MC,278,783,327979.12,13
2021,510185,510180,MC,4,14,21901.56,0
2021,510185,510335,MC,1,8,218.68,0
2021,510185,510340,AC,1,0,3298.56,0
2021,510185,510340,MC,3,3,1951.69,0
2021,510185,510706,MC,7,20,5944.66,0
2021,510185,510718,MC,1,7,603.73,0
2021,510185,510840,MC,2,19,3400.63,0
2021,510190,510190,MC,942,2836,441185.33,33
2021,510190,510250,MC,1,11,464.21,0
2021,510190,510330,MC,1,3,287.76,0
2021,510190,510340,AC,18,90,91174.76,1
2021,510190,510340,MC,131,1170,344245.85,13
2021,510190,510515,MC,196,788,367044.13,4
2021,510190,510525,MC,2,14,1028.9,0
2021,510190,510622,MC,2,29,45050.62,1
2021,510190,510790,MC,2,3,1115.33,0
2021,510190,510795,MC,6,22,5053.13,2
2021,510190,510840,MC,22,346,351652.33,6
2021,510250,510250,AC,4,8,2972.64,0
2021,510250,510250,MC,5724,23591,7622906.55,286
2021,510250,510267,MC,1,2,811.48,0
2021,510250,510340,AC,88,743,713992.58,2
2021,510250,510340,MC,220,2194,1244348.24,41
2021,510250,510515,MC,1,4,731.46,0
2021,510250,510562,MC,2,7,1188.84,0
2021,510250,510622,MC,4,13,2837.3,0
2021,510250,510675,MC,11,44,12483.3,0
2021,510250,510760,AC,2,8,12577.62,0
2021,510250,510760,MC,4,86,27907.68,0
2021,510250,510790,MC,2,3,1914.62,0
2021,510250,510792,MC,2,16,6296.73,1
2021,510250,510840,MC,54,541,732191.69,28
2021,510260,510020,MC,452,1842,617125.82,31
2021,510260,510180,MC,20,101,26943.01,1
2021,510260,510250,MC,1,0,582.42,1
2021,510260,510260,MC,600,1459,310380.89,6
2021,510260,510270,MC,1,1,443.4,0
2021,510260,510340,AC,12,44,33803.1,0
2021,510260,510340,MC,28,359,95402.68,4
2021,510260,510390,MC,1,1,199.33,0
2021,510260,510525,MC,1,11,523.85,0
2021,510260,510625,MC,1,1,467.6,0
2021,510260,510700,MC,1,2,688.11,0
2021,510260,510704,MC,3,7,2325.7,0
2021,510260,510706,MC,8,82,144800.0,4
2021,510260,510760,MC,9,64,40356.41,0
2021,510260,510840,MC,5,51,52764.9,3
2021,510263,510130,MC,2,5,1053.06,0
2021,510263,510190,MC,1,2,207.33,0
2021,510263,510250,MC,1,6,1132.27,0
2021,510263,510263,MC,2180,5368,1204731.02,55
2021,510263,510267,MC,1,2,44.22,0
2021,510263,510325,MC,1,0,205.25,0
2021,510263,510335,MC,1,2,308.62,0
2021,510263,510340,AC,56,243,191459.58,0
2021,510263,510340,MC,257,2049,669018.66,19
2021,510263,510510,MC,2,3,467.75,0
2021,510263,510590,MC,1,5,1500.0,0
2021,510263,510622,MC,8,24,6749.57,1
2021,510263,510625,MC,2,4,1784.2,0
2021,510263,510706,MC,1,2,221.92,0
2021,510263,510760,AC,2,13,12655.79,0
2021,510263,510760,MC,20,283,27096.82,0
2021,510263,510790,MC,3,2,1846.9,0
2021,510263,510795,MC,13,67,67345.42,4
2021,510263,510840,MC,83,730,680842.6,21
2021,510267,510180,MC,2,2,1325.17,1
2021,510267,510250,MC,1,3,735.85,0
2021,510267,510267,MC,1940,7075,3905128.84,105
2021,510267,510335,MC,1,4,347.15,0
2021,510267,510340,AC,21,132,78212.17,0
2021,510267,510340,MC,95,672,216564.34,9
2021,510267,510480,MC,2,3,1163.72,0
2021,510267,510675,MC,1,3,590.42,0
2021,510267,510704,MC,58,453,370520.94,16
2021,510267,510706,MC,1,6,1500.0,0
2021,510267,510760,AC,52,206,386532.64,2
2021,510267,510760,MC,432,2830,1013813.4,30
2021,510267,510790,MC,3,10,2582.29,0
2021,510267,510792,MC,2,23,5329.31,1
2021,510267,510840,MC,8,84,100378.26,2
2021,510268,510250,MC,60,259,53954.51,5
2021,510268,510268,MC,263,820,196752.12,4
2021,510268,510340,AC,5,19,26791.19,0
2021,510268,510340,MC,6,76,16786.02,0
2021,510268,510675,MC,99,275,49842.14,0
2021,510269,510020,MC,3,11,3640.91,1
2021,510269,510180,MC,2,14,2837.13,0
2021,510269,510335,MC,147,285,72819.86,4
2021,510269,510340,AC,2,8,10116.1,0
2021,510269,510340,MC,7,105,14469.42,0
2021,510269,510785,MC,2,4,1426.35,0
2021,510269,510792,MC,1,1,1649.11,0
2021,510269,510840,MC,7,66,85848.13,4
2021,510269,510860,MC,2,5,869.24,0
2021,510270,510020,MC,521,1539,621892.11,16
2021,510270,510180,MC,5,65,32667.82,1
2021,510270,510267,MC,1,4,432.47,0
2021,510270,510270,MC,938,2124,664562.07,15
2021,510270,510310,MC,1,3,487.21,0
2021,510270,510335,MC,1,2,215.33,0
2021,510270,510340,AC,13,24,46700.47,0
2021,510270,510340,MC,48,414,196417.16,5
2021,510270,510410,MC,1,15,292.62,0
2021,510270,510642,MC,1,1,199.33,0
2021,510270,510704,MC,2,24,27898.53,0
2021,510270,510706,MC,21,114,189229.1,8
2021,510270,510760,AC,1,3,5135.94,0
2021,510270,510760,MC,8,130,25819.7,0
2021,510270,510840,MC,14,126,194159.66,7
2021,510279,510025,MC,469,1846,798583.85,30
2021,510279,510320,MC,1,1,306.35,0
2021,510279,510337,MC,1,2,212.5,0
2021,510279,510340,AC,10,26,15255.71,0
2021,510279,510340,MC,26,231,167774.5,3
2021,510279,510629,MC,32,89,17096.09,0
2021,510279,510642,MC,1,3,695.77,0
2021,510279,510790,AC,3,3,9274.7,0
2021,510279,510790,MC,9,37,7751.77,1
2021,510279,510792,MC,3,15,4499.45,0
2021,510285,510190,MC,1,1,226.68,1
2021,510285,510337,MC,1,1,444.4,0
2021,510285,510340,AC,9,66,30677.53,0
2021,510285,510340,MC,15,133,84531.48,3
2021,510285,510515,MC,175,965,504838.81,9
2021,510285,510517,MC,5,28,1344.85,0
2021,510285,510704,MC,3,34,71253.58,3
2021,510285,510840,MC,5,25,29755.12,1
2021,510300,510180,MC,1,5,2374.3,0
2021,510300,510267,MC,19,94,80225.08,2
2021,510300,510340,AC,33,218,190287.97,1
2021,510300,510340,MC,431,1989,832534.89,24
2021,510300,510590,MC,1,1,218.68,0
2021,510300,510704,MC,1,3,2835.14,0
2021,510300,510760,AC,1,4,5869.18,0
2021,510300,510760,MC,11,76,25699.74,0
2021,510300,510790,MC,1,5,1500.0,0
2021,510300,510795,MC,1,3,494.13,0
2021,510300,510840,MC,157,1029,500605.76,22
2021,510305,510305,MC,704,1378,328969.67,33
2021,510305,510320,MC,3,14,9197.25,0
2021,510305,510340,AC,5,51,79622.49,1
2021,510305,510340,MC,12,132,20532.74,0
2021,510305,510510,MC,1,12,1500.0,0
2021,510305,510622,MC,7,94,166886.99,4
2021,510305,510642,MC,1,2,633.91,0
2021,510305,510760,MC,2,14,3155.42,0
2021,510305,510790,AC,23,35,89083.0,0
2021,510305,510790,MC,301,1513,616781.82,19
2021,510305,510792,MC,107,702,127947.62,9
2021,510310,510020,MC,233,595,284271.74,9
2021,510310,510310,MC,195,628,88908.91,0
2021,510310,510340,AC,1,3,8610.56,0
2021,510310,510340,MC,1,2,566.64,0
2021,510310,510706,MC,2,8,17400.0,1
2021,510310,510792,MC,1,3,448.13,0
2021,510310,510840,MC,2,24,42941.09,2
2021,510320,510025,MC,18,182,280926.33,7
2021,510320,510250,MC,2,7,1624.09,0
2021,510320,510320,MC,1504,5861,1523962.16,114
2021,510320,510340,AC,38,196,192949.79,0
2021,510320,510340,MC,80,590,459038.16,17
2021,510320,510510,MC,1,2,871.3,0
2021,510320,510590,MC,1,2,199.33,0
2021,510320,510622,MC,8,134,229673.44,4
2021,510320,510642,MC,33,193,226153.94,12
2021,510320,510680,MC,1,2,125.24,0
2021,510320,510760,MC,9,48,24917.8,2
2021,510320,510777,MC,1,2,332.9,0
2021,510320,510790,AC,42,78,74370.97,0
2021,510320,510790,MC,45,403,289399.99,12
2021,510320,510792,AC,1,9,1237.91,0
2021,510320,510792,MC,7,39,8370.68,0
2021,510320,510795,MC,1,5,1512.7,0
2021,510320,510840,MC,18,185,284920.86,14
2021,510325,510130,MC,1,6,696.77,0
2021,510325,510140,MC,1,1,475.6,0
2021,510325,510320,MC,1,2,680.11,0
2021,510325,510325,MC,1122,2385,642428.55,49
2021,510325,510337,MC,2,3,1031.33,0
2021,510325,510340,AC,15,116,54944.01,0
2021,510325,510340,MC,55,461,206573.33,7
2021,510325,510510,MC,1,29,339.54,0
2021,510325,510515,MC,173,1211,193405.13,3
2021,510325,510517,MC,1,2,157.73,0
2021,510325,510630,MC,1,1,188.62,0
2021,510325,510790,MC,2,3,650.64,0
2021,510325,510795,MC,2,27,38121.15,1
2021,510325,510840,MC,23,355,504216.76,9
2021,510330,510250,MC,157,832,188054.41,8
2021,510330,510330,AC,2,10,2026.16,0
2021,510330,510330,MC,1318,4961,788904.07,28
2021,510330,510337,MC,2,4,1712.5,0
2021,510330,510340,AC,23,187,181134.2,0
2021,510330,510340,MC,56,439,161948.45,11
2021,510330,510622,MC,1,10,1680.86,0
2021,510330,510675,MC,165,458,86914.59,10
2021,510330,510706,MC,1,2,358.13,0
2021,510330,510840,MC,11,158,150855.71,2
2021,510335,510020,MC,13,57,60751.23,3
2021,510335,510180,MC,5,30,34214.34,1
2021,510335,510335,MC,2189,5857,1055992.28,35
2021,510335,510340,AC,7,40,43830.6,0
2021,510335,510340,MC,77,815,417731.88,13
2021,510335,510525,MC,2,42,1352.92,0
2021,510335,510642,MC,1,3,454.4,0
2021,510335,510706,MC,20,151,250868.1,3
2021,510335,510760,MC,4,52,18877.3,0
2021,510335,510777,MC,2,9,1698.81,0
2021,510335,510785,MC,1,1,207.33,0
2021,510335,510790,MC,1,19,6949.67,0
2021,510335,510792,MC,1,4,590.65,0
2021,510335,510840,MC,43,385,416389.92,15
2021,510335,510860,MC,7,34,7587.3,0
2021,510336,510250,MC,80,402,108395.15,6
2021,510336,510340,AC,5,40,66427.2,0
2021,510336,510340,MC,13,84,26337.36,0
2021,510336,510550,MC,3,8,1466.5,0
2021,510336,510675,MC,104,283,51413.48,7
2021,510337,510140,MC,1,2,451.4,0
2021,510337,510263,MC,1,8,193.66,0
2021,510337,510320,MC,1,1,443.4,0
2021,510337,510325,MC,18,33,7262.34,0
2021,510337,510337,MC,350,1160,232455.3,14
2021,510337,510340,AC,11,94,87015.82,0
2021,510337,510340,MC,51,453,239810.53,10
2021,510337,510515,MC,95,555,171803.67,4
2021,510337,510517,MC,8,32,7503.53,0
2021,510337,510790,MC,2,7,4099.09,1
2021,510337,510792,MC,1,11,3101.85,0
2021,510337,510840,MC,4,82,109449.97,2
2021,510340,510025,MC,2,12,935.14,0
2021,510340,510180,MC,6,60,15922.76,2
2021,510340,510250,MC,9,17,6267.44,2
2021,510340,510263,MC,1,2,278.54,0
2021,510340,510267,MC,18,126,119677.5,4
2021,510340,510270,MC,2,8,497.12,0
2021,510340,510310,MC,1,6,1500.0,0
2021,510340,510320,MC,1,5,875.87,0
2021,510340,510325,MC,1,2,204.5,0
2021,510340,510335,MC,2,2,742.41,0
2021,510340,510337,MC,1,2,554.73,0
2021,510340,510340,AC,1300,8418,8172723.35,49
2021,510340,510340,MC,21047,122813,41712369.64,1463
2021,510340,510515,MC,2,6,2318.85,0
2021,510340,510520,MC,1,9,929.91,0
2021,510340,510525,MC,2,27,2916.96,0
2021,510340,510550,MC,2,3,875.04,0
2021,510340,510560,MC,2,13,2516.62,1
2021,510340,510562,MC,3,8,1623.49,0
2021,510340,510590,MC,2,7,802.92,0
2021,510340,510622,MC,19,122,163592.34,4
2021,510340,510623,MC,1,1,794.02,0
2021,510340,510625,MC,1,2,172.34,0
2021,510340,510629,MC,1,2,545.73,0
2021,510340,510642,MC,3,5,756.34,0
2021,510340,510670,MC,1,1,186.06,0
2021,510340,510675,MC,2,4,602.28,0
2021,510340,510680,MC,1,1,157.73,0
2021,510340,510700,MC,1,3,696.11,0
2021,510340,510704,AC,2,28,51731.5,1
2021,510340,510704,MC,9,105,174204.62,0
2021,510340,510730,MC,2,3,536.99,0
2021,510340,510760,AC,1,2,5815.27,0
2021,510340,510760,MC,38,224,174987.32,2
2021,510340,510770,MC,2,23,3000.0,0
2021,510340,510775,MC,2,4,914.8,0
2021,510340,510790,MC,13,122,78986.62,2
2021,510340,510792,MC,15,100,21962.48,1
2021,510340,510795,MC,4,15,5241.2,1
2021,510340,510805,MC,1,2,1500.0,0
2021,510340,510810,MC,1,2,109.24,0
2021,510340,510840,AC,1,5,1412.99,0
2021,510340,510840,MC,1678,15072,10043599.78,336
2021,510343,510250,AC,1,3,892.33,0
2021,510343,510250,MC,229,891,269057.59,14
2021,510343,510340,AC,5,24,31074.17,0
2021,510343,510340,MC,11,39,28375.46,3
2021,510343,510562,MC,1,1,680.11,0
2021,510343,510675,MC,2,13,3168.16,0
2021,510343,510840,MC,5,79,103030.25,3
2021,510345,510130,MC,258,510,111345.89,3
2021,510345,510263,MC,1,1,157.99,0
2021,510345,510340,AC,6,26,18141.63,0
2021,510345,510340,MC,38,265,87447.8,3
2021,510345,510500,MC,1,1,506.6,0
2021,510345,510622,MC,2,25,39234.04,0
2021,510345,510623,MC,1,2,715.46,0
2021,510345,510760,MC,3,44,3975.32,0
2021,510345,510790,MC,1,9,5362.17,1
2021,510345,510795,MC,2,7,2176.26,1
2021,510345,510840,MC,10,113,75163.75,4
2021,510350,510130,MC,5,11,2434.12,0
2021,510350,510250,MC,1,12,1755.67,0
2021,510350,510263,MC,1,3,199.33,0
2021,510350,510267,MC,1,6,482.45,0
2021,510350,510340,AC,30,161,248033.21,0
2021,510350,510340,MC,187,1343,471228.25,21
2021,510350,510350,MC,994,2447,493537.8,25
2021,510350,510525,MC,2,15,2068.65,1
2021,510350,510622,MC,17,139,146274.61,2
2021,510350,510642,MC,1,7,154.44,0
2021,510350,510730,MC,1,1,44.22,0
2021,510350,510760,MC,15,232,60465.4,0
2021,510350,510770,MC,1,0,242.09,0
2021,510350,510795,MC,4,28,3375.41,0
2021,510350,510840,MC,22,222,221992.09,9
2021,510360,510267,MC,11,55,26093.5,1
2021,510360,510340,AC,10,81,52264.11,1
2021,510360,510340,MC,22,145,64064.79,4
2021,510360,510360,MC,382,794,163245.17,8
2021,510360,510480,MC,44,128,36631.35,0
2021,510360,510704,MC,6,31,17832.29,1
2021,510360,510760,AC,12,55,97698.39,1
2021,510360,510760,MC,130,674,241071.9,11
2021,510360,510792,MC,1,8,2710.92,0
2021,510360,510840,MC,5,26,8248.42,0
2021,510370,510320,MC,1,3,860.87,0
2021,510370,510340,AC,8,89,82708.24,0
2021,510370,510340,MC,4,44,8360.73,1
2021,510370,510525,MC,1,1,414.62,0
2021,510370,510622,MC,12,130,198776.92,6
2021,510370,510629,MC,1,1,443.4,0
2021,510370,510642,MC,4,5,2296.37,0
2021,510370,510760,MC,1,5,463.21,0
2021,510370,510790,AC,22,51,59583.08,0
2021,510370,510790,MC,81,480,227932.96,8
2021,510370,510792,MC,338,1418,270852.15,12
2021,510370,510840,MC,1,4,1901.35,0
2021,510380,510250,MC,83,424,111382.67,7
2021,510380,510340,AC,4,26,37186.67,0
2021,510380,510340,MC,9,152,77775.99,4
2021,510380,510515,MC,1,12,20700.0,0
2021,510380,510675,MC,10,34,7259.82,0
2021,510385,510020,MC,233,564,177233.52,12
2021,510385,510180,MC,3,17,10008.35,0
2021,510385,510267,MC,2,16,18050.1,0
2021,510385,510270,MC,46,65,25793.18,0
2021,510385,510340,AC,2,10,4406.23,0
2021,510385,510340,MC,11,98,17588.87,2
2021,510385,510385,MC,211,724,77399.34,1
2021,510385,510590,MC,1,4,588.12,0
2021,510385,510704,MC,2,37,27990.47,1
2021,510385,510706,MC,3,40,70100.0,3
2021,510385,510760,MC,3,11,879.67,1
2021,510385,510840,MC,1,7,13064.08,0
2021,510390,510180,MC,102,370,142240.25,9
2021,510390,510340,MC,4,73,23444.6,1
2021,510390,510390,MC,131,450,103372.86,4
2021,510390,510625,MC,3,7,1758.55,0
2021,510390,510704,MC,226,685,182220.47,9
2021,510390,510760,MC,6,58,28489.65,0
2021,510390,510840,MC,1,13,1763.38,0
2021,510395,510250,AC,1,1,827.29,0
2021,510395,510250,MC,108,395,119635.51,12
2021,510395,510340,AC,3,2,9536.88,0
2021,510395,510340,MC,9,58,43094.0,1
2021,510395,510562,MC,6,37,7723.27,2
2021,510395,510675,MC,1,3,1642.76,0
2021,510395,510760,MC,2,26,2307.18,0
2021,510395,510840,MC,2,10,20800.32,2
2021,510410,510025,MC,7,55,65542.51,2
2021,510410,510270,MC,1,2,545.73,0
2021,510410,510320,MC,14,88,20784.23,3
2021,510410,510340,AC,22,195,246906.67,0
2021,510410,510340,MC,61,531,218660.55,9
2021,510410,510410,MC,1466,4861,932964.32,91
2021,510410,510525,MC,3,35,1617.38,0
2021,510410,510560,MC,2,1,632.02,0
2021,510410,510642,MC,62,269,197962.28,12
2021,510410,510760,AC,1,9,12451.76,0
2021,510410,510790,AC,25,38,53118.3,0
2021,510410,510790,MC,30,149,53941.63,5
2021,510410,510792,MC,4,98,8691.49,2
2021,510410,510805,MC,1,2,1500.0,0
2021,510410,510840,MC,5,24,44079.51,3
2021,510420,510267,MC,1,11,9570.05,0
2021,510420,510340,MC,23,84,23648.87,1
2021,510420,510420,MC,348,1045,194146.91,23
2021,510420,510704,MC,11,101,89536.68,2
2021,510420,510760,AC,35,108,151453.69,1
2021,510420,510760,MC,304,1736,1007218.1,38
2021,510420,510790,MC,1,4,1058.55,0
2021,510420,510840,MC,1,2,6344.45,1
2021,510450,510250,MC,60,227,73852.42,3
2021,510450,510340,AC,3,40,15871.76,0
2021,510450,510340,MC,11,92,7484.91,0
2021,510450,510675,MC,6,24,8149.03,0
2021,510450,510706,MC,1,2,195.62,0
2021,510450,510840,MC,1,16,17912.92,1
2021,510452,510320,MC,1,15,8970.69,1
2021,510452,510340,AC,2,13,1588.58,0
2021,510452,510340,MC,3,3,1561.09,0
2021,510452,510525,MC,2,10,1131.22,0
2021,510452,510590,MC,1,1,292.62,0
2021,510452,510622,MC,3,50,82106.6,2
2021,510452,510760,MC,1,2,430.62,0
2021,510452,510790,MC,10,68,44906.15,2
2021,510452,510792,MC,229,1072,272420.63,12
2021,510454,510340,AC,6,50,37437.42,0
2021,510454,510340,MC,11,71,77045.0,2
2021,510454,510515,MC,1,2,681.11,0
2021,510454,510622,MC,8,150,250040.32,5
2021,510454,510627,MC,2,6,577.84,0
2021,510454,510680,MC,2,3,379.05,0
2021,510454,510790,MC,14,134,75516.16,3
2021,510454,510792,AC,1,6,1140.8,0
2021,510454,510792,MC,249,1380,254345.73,10
2021,510455,510320,MC,128,489,169961.93,9
2021,510455,510340,AC,6,39,43918.38,0
2021,510455,510340,MC,14,102,31113.2,3
2021,510455,510410,MC,3,3,2266.69,0
2021,510455,510622,MC,3,68,113906.31,1
2021,510455,510642,MC,4,32,21401.48,1
2021,510455,510790,AC,6,20,17497.54,0
2021,510455,510790,MC,5,12,2115.83,0
2021,510455,510792,MC,1,3,694.31,0
2021,510455,510840,MC,3,54,85164.07,1
2021,510460,510340,AC,2,5,4043.53,0
2021,510460,510340,MC,5,16,3867.06,2
2021,510460,510460,MC,333,988,170659.3,9
2021,510460,510704,MC,7,51,48944.94,2
2021,510460,510760,AC,41,208,244737.65,1
2021,510460,510760,MC,376,1709,632759.57,24
2021,510480,510180,MC,1,4,727.25,0
2021,510480,510263,MC,1,6,83.46,0
2021,510480,510267,MC,17,87,98036.81,3
2021,510480,510340,AC,29,156,197654.76,2
2021,510480,510340,MC,55,671,206136.76,8
2021,510480,510480,MC,1314,3969,811419.59,28
2021,510480,510520,MC,2,9,851.45,0
2021,510480,510622,MC,3,27,5965.66,0
2021,510480,510680,MC,1,2,170.44,0
2021,510480,510704,AC,1,38,56300.35,0
2021,510480,510704,MC,29,244,306928.44,6
2021,510480,510706,MC,1,32,51100.0,0
2021,510480,510760,AC,46,163,221466.33,1
2021,510480,510760,MC,533,3243,1594126.1,60
2021,510480,510790,MC,2,3,693.94,0
2021,510480,510840,MC,3,32,28123.99,0
2021,510490,510340,AC,9,79,124730.09,1
2021,510490,510340,MC,152,529,149334.14,7
2021,510490,510622,MC,2,15,2746.84,0
2021,510490,510642,MC,1,4,463.21,0
2021,510490,510650,MC,13,16,6901.51,0
2021,510490,510790,MC,1,2,307.71,0
2021,510490,510840,MC,83,534,208113.48,13
2021,510500,510250,MC,149,829,172516.63,13
2021,510500,510340,AC,4,22,42170.74,0
2021,510500,510340,MC,11,81,13052.16,0
2021,510500,510500,MC,174,516,70373.72,14
2021,510500,510550,MC,1,3,472.43,0
2021,510500,510675,MC,123,296,75092.93,3
2021,510500,510840,MC,4,27,29503.12,1
2021,510510,510025,MC,1,21,2257.89,0
2021,510510,510130,MC,1,1,315.94,0
2021,510510,510337,MC,1,0,324.9,0
2021,510510,510340,AC,30,148,146000.66,0
2021,510510,510340,MC,111,906,574580.82,20
2021,510510,510510,AC,2,5,397.41,1
2021,510510,510510,MC,1831,6762,1117973.14,78
2021,510510,510515,MC,19,62,15688.62,1
2021,510510,510517,MC,1,2,109.24,0
2021,510510,510525,MC,1,5,1706.26,0
2021,510510,510622,MC,3,25,38371.01,2
2021,510510,510627,MC,1,3,242.45,0
2021,510510,510642,MC,2,4,2033.74,0
2021,510510,510680,MC,11,13,6098.51,0
2021,510510,510704,MC,1,12,19291.44,0
2021,510510,510790,AC,2,3,3051.81,0
2021,510510,510790,MC,15,70,16978.12,0
2021,510510,510792,MC,17,182,51723.74,3
2021,510510,510795,MC,2,26,43590.42,0
2021,510510,510840,MC,10,77,96013.09,6
2021,510515,510190,MC,1,1,590.42,0
2021,510515,510263,MC,2,6,2123.77,0
2021,510515,510320,MC,1,1,451.4,0
2021,510515,510325,MC,9,13,3023.7,0
2021,510515,510340,AC,34,221,215035.74,0
2021,510515,510340,MC,149,1543,556576.79,23
2021,510515,510510,MC,3,13,880.15,1
2021,510515,510515,MC,2203,10087,3424908.83,57
2021,510515,510517,MC,4,20,2217.37,0
2021,510515,510525,MC,3,57,1538.15,0
2021,510515,510627,MC,1,2,463.21,0
2021,510515,510675,MC,4,11,2644.88,1
2021,510515,510760,MC,1,4,1535.68,0
2021,510515,510790,MC,4,51,30200.58,0
2021,510515,510792,MC,2,21,3848.29,0
2021,510515,510795,MC,2,18,19143.68,1
2021,510515,510840,MC,40,433,540305.13,16
2021,510517,510025,MC,3,21,36785.52,2
2021,510517,510320,MC,1,13,7249.31,0
2021,510517,510325,MC,1,1,298.42,0
2021,510517,510337,MC,2,5,1167.05,0
2021,510517,510340,AC,13,90,49745.06,0
2021,510517,510340,MC,43,247,103228.05,6
2021,510517,510515,MC,143,756,141671.33,1
2021,510517,510517,MC,540,2182,316414.0,12
2021,510517,510525,MC,1,22,531.85,0
2021,510517,510622,MC,1,19,33627.0,1
2021,510517,510790,MC,1,1,562.51,0
2021,510517,510792,MC,5,95,20799.59,1
2021,510517,510795,MC,1,16,27995.42,1
2021,510517,510840,MC,3,8,11184.42,3
2021,510520,510267,MC,2,22,36053.73,1
2021,510520,510340,AC,6,10,30426.99,0
2021,510520,510340,MC,9,51,6590.48,1
2021,510520,510480,MC,52,105,32290.09,0
2021,510520,510520,MC,408,1250,218603.17,12
2021,510520,510642,MC,1,10,17500.0,1
2021,510520,510704,MC,7,66,44583.25,2
2021,510520,510760,AC,18,89,148101.48,0
2021,510520,510760,MC,359,2173,1313038.41,37
2021,510520,510840,MC,1,1,1644.41,0
2021,510523,510250,MC,228,900,260780.78,18
2021,510523,510340,AC,7,50,44073.9,0
2021,510523,510340,MC,15,150,15074.66,1
2021,510523,510622,MC,1,26,29007.86,0
2021,510523,510675,MC,7,28,10308.27,3
2021,510523,510840,MC,3,57,35793.67,0
2021,510525,510130,MC,1,1,416.43,0
2021,510525,510267,MC,5,20,3516.54,0
2021,510525,510320,MC,1,5,704.11,0
2021,510525,510340,AC,49,362,375429.91,2
2021,510525,510340,MC,99,817,197904.85,7
2021,510525,510525,MC,4936,14398,3305736.32,87
2021,510525,510590,MC,1,2,128.83,0
2021,510525,510622,MC,43,431,692507.02,17
2021,510525,510642,MC,12,57,9052.39,0
2021,510525,510704,MC,1,28,45564.39,0
2021,510525,510760,MC,10,86,44349.76,2
2021,510525,510790,AC,38,86,60969.68,0
2021,510525,510790,MC,80,598,403081.27,13
2021,510525,510792,AC,1,3,890.93,0
2021,510525,510792,MC,88,772,172013.08,10
2021,510525,510805,MC,1,2,236.76,0
2021,510525,510840,MC,5,45,57349.1,2
2021,510530,510335,MC,2,2,1118.39,0
2021,510530,510340,MC,2,73,37605.89,1
2021,510530,510777,MC,1,2,203.13,0
2021,510530,510785,MC,149,313,68705.03,2
2021,510530,510840,MC,3,67,64407.56,1
2021,510550,510180,MC,1,2,193.07,0
2021,510550,510250,AC,1,6,834.41,0
2021,510550,510250,MC,172,747,183133.63,13
2021,510550,510340,AC,13,80,67853.01,0
2021,510550,510340,MC,33,358,109692.61,4
2021,510550,510550,MC,892,2652,373057.72,21
2021,510550,510675,MC,183,493,77164.68,4
2021,510550,510760,MC,2,9,444.58,0
2021,510550,510795,MC,1,23,39557.61,1
2021,510550,510840,MC,2,19,23164.43,1
2021,510558,510025,MC,1,0,165.99,0
2021,510558,510305,MC,1,1,199.33,0
2021,510558,510320,MC,276,1392,344835.76,25
2021,510558,510335,MC,1,10,414.62,0
2021,510558,510340,AC,6,24,33981.43,0
2021,510558,510340,MC,28,327,168824.87,9
2021,510558,510558,MC,491,1977,336599.8,0
2021,510558,510622,MC,4,28,51047.12,2
2021,510558,510642,MC,9,76,81865.0,3
2021,510558,510790,AC,8,21,30512.92,0
2021,510558,510790,MC,38,226,69165.13,3
2021,510558,510792,MC,10,140,48111.71,1
2021,510558,510840,MC,5,78,125664.55,3
2021,510560,510025,MC,1,12,20700.0,0
2021,510560,510180,MC,1,8,4733.9,1
2021,510560,510320,MC,5,12,2398.97,0
2021,510560,510340,AC,21,85,95873.91,1
2021,510560,510340,MC,45,269,109690.55,8
2021,510560,510410,MC,2,5,3000.0,0
2021,510560,510525,MC,4,7,1610.45,1
2021,510560,510560,MC,570,1651,351287.34,49
2021,510560,510622,MC,1,6,865.91,0
2021,510560,510642,MC,266,777,312699.86,7
2021,510560,510790,AC,12,23,35445.35,0
2021,510560,510790,MC,12,64,19435.19,0
2021,510560,510792,MC,7,91,20721.63,0
2021,510560,510840,MC,5,40,25365.84,2
2021,510562,510250,AC,1,1,794.89,0
2021,510562,510250,MC,722,3119,793123.94,37
2021,510562,510263,MC,1,4,409.01,0
2021,510562,510340,AC,29,275,232171.52,2
2021,510562,510340,MC,68,716,250720.75,5
2021,510562,510550,MC,2,2,840.64,0
2021,510562,510562,MC,834,4078,778600.37,59
2021,510562,510622,MC,1,6,13458.21,1
2021,510562,510675,MC,4,10,2828.11,0
2021,510562,510760,MC,14,163,14207.33,0
2021,510562,510790,MC,2,6,839.09,0
2021,510562,510840,MC,20,208,262084.16,13
2021,510590,510270,MC,1,1,443.4,0
2021,510590,510320,MC,2,8,518.44,1
2021,510590,510340,AC,21,194,153566.71,1
2021,510590,510340,MC,266,1358,429830.5,12
2021,510590,510350,MC,30,46,16332.63,0
2021,510590,510590,MC,1061,2873,662469.34,37
2021,510590,510622,MC,13,65,70064.74,2
2021,510590,510650,MC,1,1,695.77,0
2021,510590,510730,MC,1,1,227.12,0
2021,510590,510760,MC,14,192,51783.7,0
2021,510590,510770,MC,8,21,7516.17,0
2021,510590,510792,MC,1,5,1144.3,1
2021,510590,510795,MC,1,6,11492.55,1
2021,510590,510840,MC,42,484,559253.02,18
2021,510600,510130,MC,11,31,4322.28,0
2021,510600,510267,MC,1,2,673.11,0
2021,510600,510340,AC,5,8,18296.37,0
2021,510600,510340,MC,81,891,213058.41,6
2021,510600,510350,MC,89,219,44951.92,0
2021,510600,510525,MC,1,1,241.2,0
2021,510600,510622,MC,2,11,16235.94,1
2021,510600,510642,MC,1,3,414.62,0
2021,510600,510760,MC,3,40,3971.98,1
2021,510600,510770,MC,10,32,13995.19,0
2021,510600,510840,MC,7,36,38980.23,2
2021,510610,510340,AC,9,51,37389.37,0
2021,510610,510340,MC,152,713,258262.93,10
2021,510610,510610,MC,126,534,99198.85,14
2021,510610,510622,MC,1,8,1550.8,0
2021,510610,510642,MC,1,3,448.39,1
2021,510610,510650,MC,12,22,6303.73,0
2021,510610,510795,MC,1,3,1536.9,0
2021,510610,510840,MC,160,1143,369353.37,16
2021,510615,510025,MC,378,1839,821743.19,26
2021,510615,510320,MC,2,5,1058.11,0
2021,510615,510340,AC,3,5,23730.53,0
2021,510615,510340,MC,12,123,22036.22,2
2021,510615,510510,MC,2,14,1860.8,0
2021,510615,510517,MC,1,4,225.66,0
2021,510615,510629,MC,14,34,6775.04,0
2021,510615,510760,MC,2,18,6774.67,1
2021,510615,510770,MC,1,1,295.76,0
2021,510615,510790,MC,4,63,47166.66,0
2021,510615,510792,MC,2,3,2624.34,0
2021,510617,510020,MC,310,1294,265065.62,10
2021,510617,510180,MC,1,1,564.9,0
2021,510617,510270,MC,1,2,443.4,0
2021,510617,510310,MC,1,4,1500.0,0
2021,510617,510340,AC,1,9,1286.95,0
2021,510617,510340,MC,3,47,7955.14,0
2021,510617,510625,MC,1,1,55.27,0
2021,510617,510760,MC,1,19,7030.8,0
2021,510618,510025,MC,1,4,1806.79,0
2021,510618,510250,MC,82,320,76807.65,1
2021,510618,510330,MC,1,3,204.5,0
2021,510618,510340,AC,15,67,97617.2,0
2021,510618,510340,MC,26,279,82667.15,4
2021,510618,510562,MC,1,2,1500.0,0
2021,510618,510675,MC,214,554,103739.19,6
2021,510618,510840,MC,2,12,25978.65,2
2021,510619,510320,MC,152,629,182873.62,6
2021,510619,510340,MC,12,100,53518.28,3
2021,510619,510525,MC,1,7,434.66,0
2021,510619,510622,MC,1,2,6461.81,1
2021,510619,510642,MC,4,25,20692.59,0
2021,510619,510790,AC,1,2,5444.21,0
2021,510619,510790,MC,10,39,14561.38,1
2021,510619,510792,MC,6,132,8121.89,0
2021,510619,510805,MC,1,4,214.57,0
2021,510620,510180,MC,1,1,378.43,0
2021,510620,510267,MC,24,136,86389.39,3
2021,510620,510340,AC,3,12,13561.92,0
2021,510620,510340,MC,73,445,108937.36,4
2021,510620,510704,MC,1,11,6905.38,1
2021,510620,510760,MC,1,17,6746.3,1
2021,510620,510840,MC,26,223,76106.62,2
2021,510621,510025,MC,17,198,229452.97,2
2021,510621,510320,MC,326,1557,445860.43,31
2021,510621,510340,AC,6,22,24672.25,0
2021,510621,510340,MC,26,197,117284.04,3
2021,510621,510622,MC,1,3,270.38,0
2021,510621,510625,MC,1,2,598.42,0
2021,510621,510629,MC,1,2,1500.0,0
2021,510621,510642,MC,11,84,114251.35,4
2021,510621,510760,MC,3,37,20856.47,0
2021,510621,510790,AC,2,2,13636.04,0
2021,510621,510790,MC,15,217,137915.53,0
2021,510621,510792,MC,6,30,7406.34,0
2021,510621,510840,MC,4,48,58367.98,3
2021,510622,510130,MC,3,5,1614.98,0
2021,510622,510180,MC,1,5,2315.56,0
2021,510622,510250,MC,2,65,2578.83,0
2021,510622,510263,MC,2,3,1140.02,0
2021,510622,510340,AC,37,192,165581.05,0
2021,510622,510340,MC,118,1237,296304.36,9
2021,510622,510350,MC,1,1,516.6,0
2021,510622,510525,MC,16,148,11645.85,1
2021,510622,510560,MC,1,2,1500.0,0
2021,510622,510622,MC,2428,10508,5732319.08,118
2021,510622,510642,MC,2,50,48516.91,0
2021,510622,510700,MC,2,2,398.66,0
2021,510622,510730,MC,3,7,287.77,0
2021,510622,510760,MC,9,61,30567.88,1
2021,510622,510790,AC,5,12,20588.18,0
2021,510622,510790,MC,19,254,82635.88,1
2021,510622,510792,AC,2,6,1673.86,0
2021,510622,510792,MC,52,412,89069.96,2
2021,510622,510840,MC,5,90,61005.47,1
2021,510623,510130,MC,4,11,2678.41,0
2021,510623,510250,MC,2,3,659.71,0
2021,510623,510263,MC,2,4,491.95,0
2021,510623,510340,AC,28,111,152832.86,0
2021,510623,510340,MC,110,781,320867.88,20
2021,510623,510623,MC,675,1835,376796.31,10
2021,510623,510760,MC,8,127,25276.14,0
2021,510623,510795,MC,16,116,146201.93,6
2021,510623,510840,MC,20,205,192275.58,7
2021,510624,510130,MC,11,23,6211.52,0
2021,510624,510320,MC,1,7,342.06,0
2021,510624,510340,AC,3,13,34086.07,0
2021,510624,510340,MC,9,42,15851.27,1
2021,510624,510590,MC,1,0,172.34,0
2021,510624,510622,MC,10,90,158964.43,5
2021,510624,510642,MC,2,15,20809.24,0
2021,510624,510680,MC,1,1,109.24,0
2021,510624,510760,MC,2,20,1708.95,0
2021,510624,510790,AC,16,30,62315.82,1
2021,510624,510790,MC,49,473,315160.57,5
2021,510624,510792,MC,409,1733,356043.41,24
2021,510624,510840,MC,2,12,3372.82,0
2021,510625,510020,MC,27,130,139886.23,8
2021,510625,510140,MC,1,3,204.5,0
2021,510625,510180,MC,65,441,317751.36,14
2021,510625,510340,AC,13,63,84155.2,0
2021,510625,510340,MC,45,446,202646.7,9
2021,510625,510410,MC,1,3,134.67,0
2021,510625,510625,MC,1467,5114,1024767.85,53
2021,510625,510704,MC,11,79,144190.1,4
2021,510625,510706,MC,8,58,100191.31,2
2021,510625,510760,AC,1,5,7864.73,0
2021,510625,510760,MC,2,27,2389.58,0
2021,510625,510790,MC,1,3,3403.16,0
2021,510625,510840,MC,9,107,148864.33,5
2021,510626,510025,MC,2,3,953.24,0
2021,510626,510320,AC,1,1,2298.24,0
2021,510626,510320,MC,1,1,782.69,1
2021,510626,510340,AC,6,35,9558.22,0
2021,510626,510340,MC,11,58,30416.15,1
2021,510626,510410,MC,2,4,797.29,0
2021,510626,510629,MC,1,1,545.73,0
2021,510626,510642,MC,301,975,296846.43,10
2021,510626,510790,AC,2,5,10651.21,0
2021,510626,510790,MC,8,48,7419.77,0
2021,510626,510792,MC,1,11,8249.84,1
2021,510627,510340,AC,4,22,17177.57,0
2021,510627,510340,MC,25,306,72874.59,2
2021,510627,510510,MC,75,178,43175.15,2
2021,510627,510627,MC,89,382,41236.95,5
2021,510627,510680,MC,2,2,362.03,0
2021,510627,510790,AC,2,2,13587.26,0
2021,510627,510790,MC,2,15,1826.39,1
2021,510627,510792,MC,6,41,3403.13,0
2021,510627,510840,MC,1,22,24226.24,0
2021,510628,510020,MC,2,8,11265.99,0
2021,510628,510180,MC,40,209,82497.12,5
2021,510628,510340,AC,3,4,11836.01,0
2021,510628,510340,MC,24,147,27425.92,0
2021,510628,510390,MC,1,3,1500.0,0
2021,510628,510625,MC,2,17,3141.59,0
2021,510628,510628,MC,445,1301,241087.25,6
2021,510628,510704,MC,12,51,60068.35,3
2021,510628,510706,MC,1,10,17500.0,1
2021,510628,510760,MC,4,21,7231.68,0
2021,510628,510840,MC,1,11,17995.45,1
2021,510629,510025,MC,357,1663,684300.56,36
2021,510629,510320,MC,4,11,4721.41,0
2021,510629,510337,MC,1,1,1500.0,0
2021,510629,510340,AC,12,64,58300.9,1
2021,510629,510340,MC,35,206,60860.12,2
2021,510629,510525,MC,1,31,616.59,0
2021,510629,510590,MC,1,1,270.38,0
2021,510629,510629,MC,715,1957,451403.93,1
2021,510629,510642,MC,2,7,1085.82,0
2021,510629,510790,AC,8,18,34462.32,0
2021,510629,510790,MC,7,65,15406.07,3
2021,510629,510792,MC,1,9,368.14,0
2021,510630,510180,MC,2,4,1698.54,0
2021,510630,510263,MC,1,4,158.99,0
2021,510630,510267,MC,3,14,1571.53,1
2021,510630,510270,MC,1,1,443.4,0
2021,510630,510340,AC,12,65,62204.83,0
2021,510630,510340,MC,37,352,73482.42,3
2021,510630,510525,MC,1,44,504.8,0
2021,510630,510622,MC,2,20,38541.54,1
2021,510630,510630,MC,1044,2392,613018.33,11
2021,510630,510700,MC,5,4,2679.6,0
2021,510630,510704,AC,2,51,85956.98,0
2021,510630,510704,MC,74,557,543617.54,16
2021,510630,510760,AC,30,127,240958.71,0
2021,510630,510760,MC,476,2784,1034340.97,39
2021,510630,510790,MC,1,10,791.29,0
2021,510630,510792,MC,34,137,33027.92,1
2021,510630,510840,MC,5,55,2787.18,0
2021,510631,510020,MC,125,360,166036.0,6
2021,510631,510180,MC,1,1,666.09,0
2021,510631,510335,MC,1,1,671.11,0
2021,510631,510706,MC,1,8,15900.0,1
2021,510631,510785,MC,8,11,4524.47,0
2021,510631,510840,MC,1,31,29376.54,0
2021,510637,510025,MC,1,10,1669.17,1
2021,510637,510267,MC,1,3,559.08,0
2021,510637,510340,AC,2,18,64629.5,0
2021,510637,510340,MC,6,16,2869.68,0
2021,510637,510637,MC,449,2238,229792.92,24
2021,510637,510704,MC,7,52,28544.97,2
2021,510637,510760,AC,26,132,222272.22,1
2021,510637,510760,MC,651,2883,1231823.88,43
2021,510642,510025,MC,3,17,22509.23,2
2021,510642,510320,MC,22,115,32733.16,0
2021,510642,510335,MC,1,1,454.4,0
2021,510642,510340,AC,37,199,181904.29,2
2021,510642,510340,MC,67,781,156682.51,3
2021,510642,510410,MC,5,15,5186.5,0
2021,510642,510525,MC,3,72,2992.13,0
2021,510642,510560,MC,7,20,4225.34,0
2021,510642,510622,MC,1,5,782.58,0
2021,510642,510642,MC,1910,7100,1379754.11,99
2021,510642,510680,MC,1,4,186.16,0
2021,510642,510760,MC,11,116,76391.44,2
2021,510642,510790,AC,24,57,66079.82,0
2021,510642,510790,MC,39,299,70173.15,5
2021,510642,510792,MC,16,357,48015.2,2
2021,510642,510805,MC,1,2,182.57,0
2021,510642,510840,MC,1,16,3097.88,0
2021,510645,510180,MC,1,1,680.11,0
2021,510645,510267,MC,7,22,5362.67,0
2021,510645,510340,AC,3,2,4688.77,0
2021,510645,510340,MC,64,432,168291.31,4
2021,510645,510704,MC,1,2,2707.06,1
2021,510645,510760,AC,1,2,5821.57,0
2021,510645,510760,MC,4,22,10052.46,1
2021,510645,510792,MC,1,17,4354.01,0
2021,510645,510840,MC,35,274,181782.97,7
2021,510650,510250,MC,1,20,5612.86,0
2021,510650,510340,AC,24,158,139038.97,0
2021,510650,510340,MC,492,2382,724986.49,17
2021,510650,510622,MC,2,10,13085.43,1
2021,510650,510642,MC,1,15,189.67,0
2021,510650,510650,AC,188,0,145474.44,0
2021,510650,510650,MC,1360,3388,564062.72,54
2021,510650,510790,MC,1,3,284.41,0
2021,510650,510792,MC,1,4,311.8,0
2021,510650,510840,MC,204,1655,712127.3,29
2021,510665,510180,MC,201,835,408660.96,18
2021,510665,510340,AC,2,15,13644.52,0
2021,510665,510340,MC,3,29,1278.03,0
2021,510665,510390,MC,3,6,2429.57,0
2021,510665,510625,MC,8,8,4230.15,0
2021,510665,510704,MC,2,1,3331.51,1
2021,510665,510840,MC,2,6,14703.56,2
2021,510670,510180,MC,30,161,50720.53,0
2021,510670,510340,AC,6,21,23255.25,0
2021,510670,510340,MC,7,91,8166.67,0
2021,510670,510670,MC,87,171,25476.85,1
2021,510675,510180,MC,1,1,422.62,0
2021,510675,510250,AC,1,13,1007.83,0
2021,510675,510250,MC,536,2694,649876.34,32
2021,510675,510337,MC,1,2,554.73,0
2021,510675,510340,AC,49,360,259334.51,0
2021,510675,510340,MC,121,1145,285331.39,14
2021,510675,510515,MC,1,6,693.97,0
2021,510675,510517,MC,1,3,198.81,0
2021,510675,510550,MC,27,81,11442.29,0
2021,510675,510622,MC,1,1,218.6,0
2021,510675,510675,MC,2666,7415,1268456.76,117
2021,510675,510790,MC,5,49,4731.35,0
2021,510675,510840,MC,17,186,191988.01,6
2021,510677,510020,MC,11,52,40816.95,0
2021,510677,510270,MC,1,1,376.95,0
2021,510677,510335,AC,1,14,989.08,0
2021,510677,510335,MC,368,909,202614.28,6
2021,510677,510340,AC,3,12,8563.39,0
2021,510677,510340,MC,21,114,94905.15,1
2021,510677,510525,MC,1,12,736.16,0
2021,510677,510706,MC,3,6,9129.82,0
2021,510677,510718,MC,1,2,237.28,0
2021,510677,510760,MC,1,18,1565.59,0
2021,510677,510785,MC,5,22,5055.53,0
2021,510677,510840,MC,15,176,146238.08,6
2021,510680,510320,MC,1,5,565.79,0
2021,510680,510335,MC,2,7,1196.84,0
2021,510680,510340,AC,3,16,21111.54,0
2021,510680,510340,MC,30,452,140655.89,1
2021,510680,510510,MC,83,200,42643.9,2
2021,510680,510515,MC,1,5,9636.41,0
2021,510680,510680,MC,397,971,205373.98,13
2021,510680,510790,MC,4,13,1748.49,0
2021,510680,510792,MC,2,3,1073.8,0
2021,510680,510840,MC,9,120,137865.99,3
2021,510682,510180,MC,1,1,589.1,0
2021,510682,510250,MC,483,1998,559892.35,23
2021,510682,510340,AC,10,80,68870.73,0
2021,510682,510340,MC,16,109,54920.63,3
2021,510682,510550,MC,2,3,597.67,0
2021,510682,510562,MC,2,17,3000.0,0
2021,510682,510675,MC,36,133,47117.59,5
2021,510682,510760,MC,1,25,2142.4,0
2021,510682,510840,MC,6,47,82673.13,5
2021,510685,510130,MC,100,204,45608.91,3
2021,510685,510250,MC,2,10,1852.86,0
2021,510685,510340,AC,4,37,25679.82,0
2021,510685,510340,MC,30,305,189574.19,4
2021,510685,510795,MC,1,17,29888.36,1
2021,510685,510840,MC,5,46,29403.89,0
2021,510700,510180,MC,1,1,203.82,0
2021,510700,510267,MC,3,7,8876.04,0
2021,510700,510340,AC,9,41,35160.44,0
2021,510700,510340,MC,12,66,26062.44,0
2021,510700,510700,MC,1064,2783,761260.96,34
2021,510700,510704,AC,4,9,9986.59,1
2021,510700,510704,MC,159,574,478495.68,12
2021,510700,510760,AC,29,91,180206.03,0
2021,510700,510760,MC,353,2315,1104750.24,40
2021,510700,510840,MC,2,5,1019.49,0
2021,510704,510020,MC,1,3,1500.0,0
2021,510704,510025,MC,1,1,557.9,0
2021,510704,510180,MC,16,41,10638.27,0
2021,510704,510250,MC,1,1,579.39,0
2021,510704,510263,MC,1,1,157.99,0
2021,510704,510267,MC,13,91,110954.22,4
2021,510704,510320,MC,1,0,270.38,0
2021,510704,510335,MC,1,7,218.68,0
2021,510704,510340,AC,33,148,145644.02,0
2021,510704,510340,MC,84,633,159728.44,6
2021,510704,510420,MC,1,0,207.33,0
2021,510704,510515,MC,1,2,267.96,0
2021,510704,510630,MC,3,6,1339.33,0
2021,510704,510642,MC,1,13,865.91,0
2021,510704,510675,MC,1,2,332.9,0
2021,510704,510700,MC,9,21,4876.05,0
2021,510704,510704,AC,44,419,669921.73,20
2021,510704,510704,MC,4351,12881,8644686.45,215
2021,510704,510706,MC,2,5,550.73,0
2021,510704,510760,AC,129,568,857783.85,3
2021,510704,510760,MC,440,3623,1654962.11,38
2021,510704,510790,MC,5,9,3970.36,0
2021,510704,510792,MC,2,6,1067.41,0
2021,510704,510810,MC,1,1,488.87,0
2021,510704,510840,MC,7,100,19493.76,0
2021,510706,510020,MC,350,952,190977.76,16
2021,510706,510180,MC,6,68,35978.02,2
2021,510706,510267,MC,1,1,228.4,0
2021,510706,510270,MC,18,33,9585.21,0
2021,510706,510310,MC,3,14,1771.46,0
2021,510706,510335,MC,2,4,1360.62,0
2021,510706,510340,AC,9,37,38725.75,0
2021,510706,510340,MC,32,443,136787.44,4
2021,510706,510525,MC,1,70,1137.92,0
2021,510706,510625,MC,1,3,1636.41,0
2021,510706,510670,MC,1,1,112.83,0
2021,510706,510706,MC,1104,3940,2017477.37,34
2021,510706,510760,MC,7,41,18562.05,1
2021,510706,510790,MC,1,3,414.62,0
2021,510706,510840,MC,2,17,27574.18,1
2021,510710,510250,AC,1,15,5067.01,0
2021,510710,510250,MC,574,2540,883591.55,33
2021,510710,510340,AC,9,100,78107.35,0
2021,510710,510340,MC,44,427,197528.02,8
2021,510710,510562,MC,5,28,4889.0,0
2021,510710,510650,MC,1,1,559.87,0
2021,510710,510675,MC,38,178,59291.97,4
2021,510710,510760,MC,11,180,50177.73,0
2021,510710,510840,MC,18,225,307161.0,10
2021,510715,510250,MC,95,389,128977.87,3
2021,510715,510325,MC,1,3,322.42,0
2021,510715,510340,AC,7,72,40594.44,0
2021,510715,510340,MC,5,24,4593.76,0
2021,510715,510675,MC,1,0,1636.41,1
2021,510715,510840,MC,3,65,25834.83,0
2021,510718,510020,MC,355,930,359047.51,17
2021,510718,510180,MC,4,9,2244.98,0
2021,510718,510270,MC,2,7,1963.21,0
2021,510718,510335,MC,1,1,88.7,1
2021,510718,510340,AC,2,4,5520.95,0
2021,510718,510340,MC,8,34,18188.05,3
2021,510718,510706,MC,4,14,2781.64,0
2021,510718,510718,MC,290,1022,122916.03,4
2021,510718,510760,MC,1,12,761.47,0
2021,510718,510840,MC,2,21,29507.97,1
2021,510719,510180,MC,41,213,142694.53,5
2021,510719,510340,AC,1,18,7159.22,0
2021,510719,510340,MC,6,36,7247.77,0
2021,510719,510625,MC,6,6,3483.83,0
2021,510719,510670,MC,1,1,227.65,0
2021,510719,510706,MC,1,6,11100.0,1
2021,510719,510719,MC,31,139,23035.99,0
2021,510719,510760,MC,2,17,1565.58,0
2021,510719,510820,MC,1,2,622.91,0
2021,510719,510840,MC,1,5,1546.7,0
2021,510720,510250,MC,179,672,264570.55,11
2021,510720,510340,MC,10,79,53352.42,3
2021,510720,510562,MC,1,2,688.11,0
2021,510720,510622,MC,1,2,198.57,0
2021,510720,510675,MC,6,42,9578.4,0
2021,510720,510720,MC,101,198,74800.33,2
2021,510720,510760,MC,5,60,5273.55,0
2021,510720,510840,MC,4,38,37253.76,1
2021,510724,510340,AC,5,71,55755.11,0
2021,510724,510340,MC,4,41,7061.64,1
2021,510724,510622,MC,1,13,20918.96,0
2021,510724,510760,MC,1,5,494.39,0
2021,510724,510790,AC,2,10,7615.21,0
2021,510724,510790,MC,186,1163,293637.2,17
2021,510724,510792,MC,27,189,45669.31,2
2021,510726,510130,MC,90,199,39388.56,1
2021,510726,510340,MC,15,124,21099.75,4
2021,510726,510760,MC,1,16,1400.79,0
2021,510726,510792,MC,1,4,312.2,0
2021,510726,510795,MC,8,47,51364.95,2
2021,510726,510840,MC,5,22,16105.18,2
2021,510729,510340,MC,3,6,1640.82,0
2021,510729,510700,MC,1,1,777.33,0
2021,510729,510704,MC,2,5,3326.73,0
2021,510729,510760,AC,19,83,112133.64,0
2021,510729,510760,MC,114,791,256297.79,8
2021,510730,510130,MC,12,30,6750.1,0
2021,510730,510263,MC,1,30,1670.64,0
2021,510730,510325,MC,2,4,1427.64,0
2021,510730,510340,AC,22,134,127193.52,1
2021,510730,510340,MC,116,781,178122.45,3
2021,510730,510350,MC,11,27,4899.58,0
2021,510730,510525,MC,1,5,972.97,0
2021,510730,510550,MC,2,6,1197.33,0
2021,510730,510622,MC,44,525,659246.31,11
2021,510730,510627,MC,2,4,349.68,0
2021,510730,510730,MC,792,2231,457599.43,24
2021,510730,510760,MC,4,25,6190.04,0
2021,510730,510790,MC,3,20,4614.11,1
2021,510730,510792,MC,10,98,21431.71,0
2021,510730,510840,MC,14,174,143449.83,4
2021,510735,510020,MC,2,12,14499.33,1
2021,510735,510180,MC,3,30,15244.91,1
2021,510735,510260,MC,1,1,443.4,0
2021,510735,510320,MC,7,19,9515.0,0
2021,510735,510335,MC,228,685,118618.91,4
2021,510735,510340,AC,2,33,8144.34,0
2021,510735,510340,MC,25,174,71862.92,3
2021,510735,510642,MC,11,29,4956.35,0
2021,510735,510706,MC,4,37,66800.0,2
2021,510735,510785,MC,1,1,695.77,0
2021,510735,510790,MC,1,1,155.3,0
2021,510735,510792,MC,2,59,3981.43,0
2021,510735,510840,MC,16,154,167507.48,4
2021,510735,510860,MC,2,14,644.84,0
2021,510740,510267,MC,1,9,799.92,1
2021,510740,510480,MC,145,504,99318.57,5
2021,510740,510520,MC,3,7,1116.95,0
2021,510740,510704,MC,8,71,56074.18,2
2021,510740,510760,AC,7,15,27519.84,0
2021,510740,510760,MC,107,971,615754.3,15
2021,510757,510325,MC,1,2,123.07,0
2021,510757,510340,AC,1,8,4251.84,0
2021,510757,510340,MC,6,45,9178.88,0
2021,510760,510020,MC,1,7,329.26,0
2021,510760,510025,MC,1,29,49500.0,1
2021,510760,510180,MC,4,16,16679.53,1
2021,510760,510267,MC,7,62,66337.92,1
2021,510760,510270,MC,1,2,1500.0,1
2021,510760,510340,AC,68,591,531187.93,2
2021,510760,510340,MC,162,1007,249996.85,15
2021,510760,510410,MC,1,2,1629.86,0
2021,510760,510480,MC,1,3,175.38,0
2021,510760,510510,MC,2,5,451.29,0
2021,510760,510520,MC,4,7,829.89,0
2021,510760,510525,MC,1,0,82.46,0
2021,510760,510560,MC,1,6,1636.41,0
2021,510760,510590,MC,1,1,588.12,0
2021,510760,510622,MC,5,37,41851.95,0
2021,510760,510642,MC,1,19,760.52,0
2021,510760,510700,MC,5,18,2234.11,0
2021,510760,510704,MC,10,67,115194.63,5
2021,510760,510706,MC,1,2,590.42,0
2021,510760,510760,AC,791,2732,4212394.79,21
2021,510760,510760,MC,15229,67854,24131484.01,827
2021,510760,510785,MC,1,1,139.07,0
2021,510760,510790,MC,10,47,15145.06,0
2021,510760,510792,MC,5,43,14493.13,1
2021,510760,510840,MC,10,69,66179.88,3
2021,510770,510267,MC,2,35,1405.66,0
2021,510770,510340,AC,30,221,230909.23,2
2021,510770,510340,MC,314,1801,495379.6,19
2021,510770,510350,MC,11,35,5567.8,0
2021,510770,510525,MC,1,4,1687.21,0
2021,510770,510590,MC,11,44,6501.09,0
2021,510770,510622,MC,16,90,55346.95,1
2021,510770,510760,MC,1,2,199.33,0
2021,510770,510770,MC,722,2666,462597.73,10
2021,510770,510840,MC,24,174,223061.97,13
2021,510774,510020,MC,1,2,215.33,0
2021,510774,510180,MC,2,14,24428.38,1
2021,510774,510335,MC,103,236,48696.45,1
2021,510774,510340,AC,6,45,43498.31,0
2021,510774,510340,MC,7,43,28394.95,1
2021,510774,510706,MC,1,17,28700.0,0
2021,510774,510840,MC,7,52,38241.63,1
2021,510774,510860,MC,2,2,933.65,0
2021,510775,510250,MC,144,630,131203.63,10
2021,510775,510340,AC,3,40,18909.31,0
2021,510775,510340,MC,7,64,9695.6,1
2021,510775,510675,MC,1,10,1733.85,0
2021,510775,510720,MC,1,2,1500.0,0
2021,510775,510775,MC,110,413,44469.78,2
2021,510775,510840,MC,3,60,82420.01,1
2021,510776,510025,MC,1,1,673.11,0
2021,510776,510340,MC,7,116,16526.87,1
2021,510776,510525,MC,1,39,810.02,0
2021,510776,510622,MC,24,147,143564.76,3
2021,510776,510730,MC,1,3,612.12,0
2021,510776,510790,MC,4,12,3687.17,0
2021,510776,510792,MC,103,428,78765.83,3
2021,510777,510020,MC,2,7,694.11,0
2021,510777,510335,MC,228,548,114208.09,4
2021,510777,510340,AC,3,28,22713.49,0
2021,510777,510340,MC,22,277,82188.85,3
2021,510777,510706,MC,2,20,35000.0,0
2021,510777,510777,MC,400,995,178192.22,7
2021,510777,510792,MC,1,7,715.5,0
2021,510777,510840,MC,2,14,19348.4,1
2021,510777,510860,MC,2,2,3000.0,0
2021,510779,510180,MC,2,6,981.76,0
2021,510779,510340,MC,1,15,1898.75,0
2021,510779,510700,MC,26,40,14544.75,0
2021,510779,510704,AC,1,3,1147.15,0
2021,510779,510704,MC,131,268,111750.45,1
2021,510779,510760,AC,4,23,22465.22,0
2021,510779,510760,MC,51,457,162492.12,4
2021,510779,510840,MC,1,4,705.11,0
2021,510780,510267,MC,7,34,8008.3,0
2021,510780,510340,AC,25,156,150078.05,1
2021,510780,510340,MC,391,1767,479667.2,21
2021,510780,510622,MC,3,10,2152.48,1
2021,510780,510704,MC,1,4,2254.23,0
2021,510780,510706,MC,1,2,300.62,0
2021,510780,510760,MC,20,87,30491.86,0
2021,510780,510840,MC,121,921,494878.89,28
2021,510785,510020,MC,27,132,144242.27,5
2021,510785,510180,MC,6,37,49402.1,2
2021,510785,510270,MC,1,1,443.4,0
2021,510785,510335,MC,16,41,7507.13,0
2021,510785,510340,AC,8,60,47095.87,0
2021,510785,510340,MC,24,253,51727.99,1
2021,510785,510525,MC,1,9,1305.06,0
2021,510785,510625,MC,1,6,199.33,0
2021,510785,510704,MC,1,12,19360.35,0
2021,510785,510706,MC,5,60,95284.16,0
2021,510785,510718,MC,1,2,321.68,0
2021,510785,510760,MC,1,3,1500.0,0
2021,510785,510785,MC,726,1735,443486.32,12
2021,510785,510790,MC,9,45,16796.85,0
2021,510785,510840,MC,16,216,267745.58,7
2021,510787,510020,MC,1,2,632.91,0
2021,510787,510190,MC,1,6,1500.0,0
2021,510787,510250,MC,5,20,17668.19,0
2021,510787,510263,MC,6,7,2940.35,0
2021,510787,510340,AC,21,153,113924.92,0
2021,510787,510340,MC,164,1288,457765.87,13
2021,510787,510515,MC,1,4,491.18,0
2021,510787,510517,MC,1,5,239.33,0
2021,510787,510525,MC,1,0,482.45,0
2021,510787,510550,MC,1,2,614.91,0
2021,510787,510622,MC,1,5,1002.32,1
2021,510787,510625,MC,1,2,725.18,1
2021,510787,510675,MC,1,2,1512.7,0
2021,510787,510706,MC,1,7,1636.41,0
2021,510787,510760,MC,10,127,39588.85,1
2021,510787,510787,MC,1335,4038,858275.02,13
2021,510787,510795,MC,9,59,71823.12,2
2021,510787,510840,MC,23,280,327425.42,10
2021,510788,510020,MC,96,305,108963.69,1
2021,510788,510340,MC,1,16,593.19,0
2021,510788,510706,MC,3,6,4463.57,1
2021,510788,510785,MC,1,1,279.4,0
2021,510790,510025,MC,6,20,2795.04,0
2021,510790,510250,MC,2,8,3286.16,0
2021,510790,510267,MC,2,6,1571.98,0
2021,510790,510270,MC,1,1,1500.0,0
2021,510790,510305,MC,1,1,287.76,0
2021,510790,510320,MC,16,138,19806.0,0
2021,510790,510325,MC,3,10,2463.32,0
2021,510790,510335,MC,1,2,471.38,0
2021,510790,510340,AC,78,562,625824.25,1
2021,510790,510340,MC,184,1589,438749.01,10
2021,510790,510410,MC,1,6,637.19,0
2021,510790,510510,MC,3,4,1168.25,0
2021,510790,510515,MC,3,14,885.77,1
2021,510790,510517,MC,1,4,199.33,0
2021,510790,510525,MC,9,128,8067.76,1
2021,510790,510560,MC,2,3,617.03,0
2021,510790,510590,MC,1,2,324.9,0
2021,510790,510622,MC,30,323,505622.52,14
2021,510790,510627,MC,1,1,444.4,0
2021,510790,510629,MC,1,4,1501.0,0
2021,510790,510642,MC,30,115,22508.91,3
2021,510790,510675,MC,1,2,339.54,0
2021,510790,510760,MC,14,138,67132.22,1
2021,510790,510790,AC,260,666,751887.46,2
2021,510790,510790,MC,5987,26968,8324992.6,267
2021,510790,510792,AC,1,9,3329.62,1
2021,510790,510792,MC,189,1027,271633.0,13
2021,510790,510795,MC,3,8,6869.58,1
2021,510790,510805,MC,6,27,4171.25,1
2021,510790,510840,MC,19,175,237730.19,7
2021,510792,510130,MC,9,11,4018.77,0
2021,510792,510140,MC,1,3,585.93,0
2021,510792,510250,MC,4,10,2100.4,0
2021,510792,510267,MC,1,4,736.55,0
2021,510792,510320,MC,3,6,2422.73,0
2021,510792,510340,AC,54,339,315217.05,0
2021,510792,510340,MC,100,860,235967.65,7
2021,510792,510410,MC,1,10,600.83,0
2021,510792,510510,MC,2,4,1417.03,0
2021,510792,510517,MC,1,5,270.38,0
2021,510792,510525,MC,15,45,13233.12,1
2021,510792,510560,MC,1,1,445.51,0
2021,510792,510590,MC,1,9,1500.0,0
2021,510792,510622,MC,45,574,971712.71,20
2021,510792,510625,MC,1,8,237.27,0
2021,510792,510642,MC,12,46,31104.84,1
2021,510792,510680,MC,2,4,811.16,0
2021,510792,510760,MC,30,402,47389.17,0
2021,510792,510785,MC,1,2,289.37,0
2021,510792,510790,AC,105,235,262928.24,0
2021,510792,510790,MC,139,1209,982086.12,29
2021,510792,510792,AC,3,36,9020.7,1
2021,510792,510792,MC,3780,18600,3640770.54,172
2021,510792,510840,MC,7,55,83089.19,4
2021,510794,510305,MC,1,1,189.67,0
2021,510794,510340,AC,1,3,1186.76,0
2021,510794,510340,MC,20,175,61838.7,2
2021,510794,510510,MC,96,265,44424.63,1
2021,510794,510515,MC,1,11,19100.0,0
2021,510794,510622,MC,1,11,1823.62,0
2021,510794,510642,MC,2,12,1914.62,0
2021,510794,510790,MC,32,326,146173.6,4
2021,510794,510792,MC,2,11,2101.83,1
2021,510794,510794,MC,507,1130,275971.04,14
2021,510794,510840,MC,3,56,20918.31,3
2021,510795,510030,MC,1,2,703.77,0
2021,510795,510130,MC,40,64,20194.31,0
2021,510795,510250,MC,11,55,6600.28,1
2021,510795,510263,MC,3,11,1236.54,0
2021,510795,510325,MC,2,2,597.16,0
2021,510795,510330,MC,1,2,218.68,0
2021,510795,510337,MC,2,11,1704.82,0
2021,510795,510340,AC,84,467,362660.49,3
2021,510795,510340,MC,301,2356,897515.03,33
2021,510795,510515,MC,2,8,1210.2,0
2021,510795,510525,MC,2,11,1316.27,0
2021,510795,510550,MC,1,4,606.91,0
2021,510795,510622,MC,5,17,4220.83,1
2021,510795,510623,MC,3,14,2370.24,0
2021,510795,510642,MC,2,9,1682.57,1
2021,510795,510675,MC,74,175,32813.11,0
2021,510795,510704,MC,2,17,32298.41,1
2021,510795,510760,MC,3,7,2041.34,0
2021,510795,510790,MC,2,5,986.28,0
2021,510795,510792,MC,1,19,1162.99,0
2021,510795,510795,MC,4830,19468,6580752.35,277
2021,510795,510840,MC,20,158,210112.06,11
2021,510800,510130,MC,3,8,1630.87,0
2021,510800,510190,MC,1,1,199.33,0
2021,510800,510340,AC,11,78,65106.28,0
2021,510800,510340,MC,15,79,29206.06,2
2021,510800,510515,MC,1,1,345.42,0
2021,510800,510525,MC,13,112,8360.1,0
2021,510800,510590,MC,1,2,347.15,0
2021,510800,510622,MC,12,134,218355.97,5
2021,510800,510642,MC,1,5,9500.0,0
2021,510800,510680,MC,1,2,626.93,0
2021,510800,510730,MC,1,2,67.38,0
2021,510800,510760,MC,8,135,26205.45,0
2021,510800,510790,AC,11,21,23474.78,0
2021,510800,510790,MC,38,308,169405.72,4
2021,510800,510792,MC,391,1886,348180.57,14
2021,510800,510800,MC,136,491,73561.05,0
2021,510800,510840,MC,2,20,23653.79,1
2021,510805,510320,MC,3,15,3486.71,0
2021,510805,510340,AC,2,2,6838.34,0
2021,510805,510340,MC,10,111,45760.03,1
2021,510805,510410,MC,1,8,1500.0,0
2021,510805,510515,MC,1,6,1542.47,0
2021,510805,510560,MC,2,10,738.13,0
2021,510805,510622,MC,2,28,49622.25,2
2021,510805,510629,MC,1,3,236.31,0
2021,510805,510642,MC,304,987,368508.83,17
2021,510805,510790,AC,10,16,30284.8,0
2021,510805,510790,MC,17,116,22172.56,2
2021,510805,510792,MC,8,40,6276.22,0
2021,510805,510805,MC,347,1794,221753.69,32
2021,510805,510840,MC,3,37,34469.89,1
2021,510810,510340,AC,1,1,4030.84,0
2021,510810,510340,MC,4,18,1908.75,0
2021,510810,510704,MC,3,20,32714.9,1
2021,510810,510760,AC,5,39,40949.45,0
2021,510810,510760,MC,119,599,331493.48,11
2021,510810,510810,MC,68,218,26275.39,3
2021,510820,510180,MC,42,216,125381.93,3
2021,510820,510310,MC,1,3,186.06,0
2021,510820,510340,AC,1,1,605.75,0
2021,510820,510340,MC,3,18,5929.64,0
2021,510820,510625,MC,10,12,7076.03,0
2021,510820,510704,AC,1,8,15689.98,1
2021,510820,510704,MC,2,20,36796.85,1
2021,510820,510760,MC,2,48,4119.99,0
2021,510820,510820,MC,191,588,116315.92,5
2021,510820,510840,MC,2,21,21432.03,1
2021,510830,510340,AC,3,9,17326.81,0
2021,510830,510340,MC,8,53,7163.0,0
2021,510830,510622,MC,4,56,94701.33,2
2021,510830,510790,AC,5,15,10800.15,0
2021,510830,510790,MC,89,447,173468.87,5
2021,510830,510792,MC,87,401,72998.62,4
2021,510830,510840,MC,2,10,11990.95,1
2021,510835,510250,AC,1,2,860.69,0
2021,510835,510250,MC,33,125,24229.77,2
2021,510835,510337,MC,1,3,479.21,0
2021,510835,510340,MC,6,46,3769.73,0
2021,510835,510500,MC,3,17,1148.12,0
2021,510835,510675,MC,103,271,51418.52,5
2021,510835,510840,MC,2,19,2246.96,0
2021,510840,510130,MC,1,2,634.03,0
2021,510840,510180,MC,1,1,308.82,0
2021,510840,510250,MC,7,40,23730.37,0
2021,510840,510263,MC,1,2,186.06,0
2021,510840,510267,MC,5,13,2874.6,0
2021,510840,510320,MC,2,6,518.25,0
2021,510840,510325,MC,1,11,119.54,0
2021,510840,510337,MC,3,15,1609.45,0
2021,510840,510340,AC,505,2882,3122247.48,14
2021,510840,510340,MC,5111,28026,10242375.41,339
2021,510840,510550,MC,2,5,385.39,0
2021,510840,510590,MC,1,2,741.69,0
2021,510840,510622,MC,8,49,16792.15,2
2021,510840,510642,MC,4,10,1667.97,0
2021,510840,510650,MC,2,2,750.93,0
2021,510840,510675,MC,1,2,242.45,0
2021,510840,510760,MC,11,67,6417.83,0
2021,510840,510790,MC,7,58,62817.86,2
2021,510840,510792,MC,12,80,9191.71,1
2021,510840,510840,MC,8944,55616,20119658.22,861
2021,510850,510025,MC,1,2,199.33,0
2021,510850,510340,AC,10,67,48850.97,0
2021,510850,510340,MC,30,203,18168.11,1
2021,510850,510622,MC,7,66,112906.65,4
2021,510850,510760,MC,9,169,92291.93,0
2021,510850,510790,AC,12,31,32606.3,0
2021,510850,510790,MC,45,533,382660.8,10
2021,510850,510792,MC,378,1900,383554.16,32
2021,510860,510020,MC,4,5,3088.43,2
2021,510860,510180,MC,3,7,6079.42,1
2021,510860,510263,MC,1,1,713.11,0
2021,510860,510267,MC,1,1,619.93,0
2021,510860,510335,MC,194,414,94008.25,1
2021,510860,510340,AC,6,35,43835.2,0
2021,510860,510340,MC,66,786,350056.93,12
2021,510860,510704,MC,1,7,11290.5,0
2021,510860,510706,MC,2,21,36600.0,0
2021,510860,510785,MC,4,10,2335.51,0
2021,510860,510840,MC,20,262,327596.63,9
2021,510860,510860,MC,1003,2794,599017.58,29
2021,510880,510025,MC,3,18,24251.23,0
2021,510880,510267,MC,1,2,199.33,0
2021,510880,510320,MC,115,425,131034.56,7
2021,510880,510340,AC,6,21,31861.09,0
2021,510880,510340,MC,9,40,23084.84,1
2021,510880,510410,MC,1,1,463.21,0
2021,510880,510642,MC,7,41,54419.76,2
2021,510880,510790,AC,6,12,13305.0,0
2021,510880,510790,MC,13,87,52012.24,3
2021,510880,510792,MC,5,32,12167.54,0
2021,510880,510805,MC,2,10,1736.5,0
2021,510885,510130,MC,107,215,49349.33,3
2021,510885,510340,AC,4,3,5715.09,0
2021,510885,510340,MC,25,248,67669.95,1
2021,510885,510350,MC,3,5,2004.05,0
2021,510885,510622,MC,2,5,2316.52,0
2021,510885,510760,MC,2,26,2307.19,0
2021,510885,510795,MC,1,5,7995.25,0
2021,510885,510840,MC,6,42,13928.04,1
2021,510890,510130,MC,1,3,696.11,0
2021,510890,510263,MC,1,2,343.13,0
2021,510890,510320,MC,1,5,638.91,0
2021,510890,510340,AC,1,2,1978.59,0
2021,510890,510340,MC,10,77,15931.25,1
2021,510890,510590,MC,1,2,292.62,0
2021,510890,510622,MC,14,213,365779.35,5
2021,510890,510730,MC,7,17,2046.67,0
2021,510890,510790,MC,3,26,9559.08,0
2021,510890,510792,MC,163,742,150361.97,9
2021,510895,510025,MC,350,1466,640633.13,30
2021,510895,510337,MC,1,2,1500.0,0
2021,510895,510340,AC,10,32,39714.35,0
2021,510895,510340,MC,37,377,96025.05,2
2021,510895,510510,MC,1,4,846.36,0
2021,510895,510629,MC,14,40,6946.61,0
2021,510895,510670,MC,1,2,193.07,0
2021,510895,510760,MC,2,22,1977.58,0
2021,510895,510790,MC,1,12,15969.85,0
2021,510895,510840,MC,4,57,63888.26,1
2022,510010,510340,AC,4,7,11521.89,0
2022,510010,510340,MC,117,543,113771.1,2
2022,510010,510525,MC,1,0,165.99,0
2022,510010,510795,MC,1,2,465.65,0
2022,510010,510840,MC,24,224,24871.89,3
2022,510020,510020,AC,24,1,18170.33,0
2022,510020,510020,MC,2026,5179,1295976.55,33
2022,510020,510180,MC,15,87,12823.55,0
2022,510020,510270,MC,2,3,793.97,0
2022,510020,510310,MC,5,17,1630.93,0
2022,510020,510320,MC,1,1,648.24,1
2022,510020,510340,AC,16,62,80307.38,0
2022,510020,510340,MC,38,248,58879.46,3
2022,510020,510515,MC,1,1,681.11,0
2022,510020,510625,MC,8,24,3840.24,0
2022,510020,510642,MC,1,2,414.62,0
2022,510020,510706,MC,6,27,41059.0,0
2022,510020,510760,MC,25,322,28592.55,0
2022,510020,510785,MC,1,1,237.28,0
2022,510020,510840,AC,1,5,5696.86,0
2022,510020,510840,MC,15,88,56497.39,0
2022,510025,510025,MC,2671,9691,2031647.0,117
2022,510025,510080,MC,1,3,865.91,0
2022,510025,510250,MC,4,41,17586.87,0
2022,510025,510320,MC,10,53,11285.19,0
2022,510025,510340,AC,40,260,216279.65,0
2022,510025,510340,MC,141,1081,275722.29,3
2022,510025,510410,MC,4,8,1614.72,0
2022,510025,510510,MC,3,4,932.77,0
2022,510025,510525,MC,1,0,192.6,0
2022,510025,510558,MC,1,4,117.24,0
2022,510025,510590,MC,2,10,1389.24,0
2022,510025,510622,MC,2,14,9341.38,1
2022,510025,510629,AC,1,0,397.38,0
2022,510025,510629,MC,312,683,162817.82,0
2022,510025,510642,MC,2,5,427.73,0
2022,510025,510760,MC,3,39,10602.57,0
2022,510025,510790,AC,7,12,10738.49,0
2022,510025,510790,MC,30,215,77551.47,3
2022,510025,510792,MC,8,42,5763.29,0
2022,510025,510795,MC,3,7,1830.63,0
2022,510025,510840,AC,12,98,79586.34,0
2022,510025,510840,MC,20,199,94828.22,3
2022,510030,510030,MC,609,1244,255501.57,14
2022,510030,510060,MC,1,2,463.21,0
2022,510030,510180,MC,1,2,673.11,0
2022,510030,510250,MC,1,3,635.08,0
2022,510030,510267,MC,2,16,1901.09,0
2022,510030,510340,AC,1,2,554.0,0
2022,510030,510340,MC,12,37,16276.88,1
2022,510030,510560,MC,1,4,614.42,0
2022,510030,510622,MC,1,4,898.68,0
2022,510030,510704,MC,16,87,69477.72,5
2022,510030,510760,AC,27,63,118415.94,1
2022,510030,510760,MC,317,1702,551936.31,7
2022,510030,510790,MC,1,2,694.11,0
2022,510030,510840,MC,7,33,3864.7,0
2022,510035,510020,MC,6,26,1551.3,1
2022,510035,510180,MC,4,14,1726.18,0
2022,510035,510335,MC,3,14,1300.39,0
2022,510035,510340,AC,5,29,23550.63,0
2022,510035,510340,MC,16,171,26840.68,1
2022,510035,510706,MC,1,10,702.54,0
2022,510035,510760,MC,1,1,398.68,0
2022,510035,510785,AC,1,5,1519.75,1
2022,510035,510785,MC,223,558,103768.03,4
2022,510035,510840,AC,1,29,1570.81,0
2022,510035,510840,MC,6,64,17042.16,0
2022,510040,510020,MC,1,2,185.07,0
2022,510040,510030,MC,1,2,207.33,0
2022,510040,510060,MC,1,2,672.11,0
2022,510040,510267,MC,1,6,702.68,0
2022,510040,510340,AC,3,43,6468.55,0
2022,510040,510340,MC,8,51,26564.09,3
2022,510040,510622,MC,1,2,154.44,0
2022,510040,510630,MC,1,25,413.41,0
2022,510040,510700,MC,1,3,199.33,0
2022,510040,510704,MC,6,37,29259.37,0
2022,510040,510760,AC,60,194,270364.96,1
2022,510040,510760,MC,434,1791,583578.25,13
2022,510040,510840,MC,11,30,4479.39,0
2022,510050,510130,MC,13,30,6264.69,0
2022,510050,510250,MC,4,19,14526.92,0
2022,510050,510267,MC,2,15,1321.22,0
2022,510050,510340,AC,7,73,37220.58,0
2022,510050,510340,MC,83,628,200045.85,13
2022,510050,510350,MC,212,552,110574.64,2
2022,510050,510410,MC,1,2,2092.97,0
2022,510050,510622,MC,5,15,6146.14,1
2022,510050,510704,MC,1,10,8184.17,1
2022,510050,510760,MC,4,29,2488.97,0
2022,510050,510792,MC,1,10,1598.16,0
2022,510050,510840,AC,4,19,17491.33,0
2022,510050,510840,MC,9,89,46472.35,2
2022,510060,510030,MC,1,2,215.33,0
2022,510060,510060,MC,303,515,179519.74,0
2022,510060,510340,AC,1,2,1441.84,0
2022,510060,510340,MC,10,86,10950.84,0
2022,510060,510704,MC,3,23,23938.87,2
2022,510060,510760,AC,10,68,93444.53,1
2022,510060,510760,MC,110,618,151234.87,3
2022,510060,510790,MC,2,18,15887.59,0
2022,510060,510840,MC,1,1,140.31,0
2022,510080,510025,MC,190,727,122531.06,6
2022,510080,510080,MC,467,1248,217134.15,2
2022,510080,510320,MC,7,19,6974.8,1
2022,510080,510340,AC,5,54,50766.74,0
2022,510080,510340,MC,16,125,19765.16,0
2022,510080,510558,MC,1,4,348.9,0
2022,510080,510629,MC,49,118,27190.48,0
2022,510080,510790,AC,6,12,6664.0,0
2022,510080,510790,MC,3,37,18349.86,0
2022,510080,510792,MC,1,1,287.8,0
2022,510080,510840,AC,2,9,12285.32,0
2022,510080,510840,MC,8,143,16178.13,0
2022,510100,510020,MC,2,2,1143.89,0
2022,510100,510180,MC,113,479,110155.07,3
2022,510100,510340,AC,3,13,16879.12,0
2022,510100,510340,MC,11,27,8365.05,1
2022,510100,510625,MC,21,22,13661.32,0
2022,510100,510704,MC,1,6,892.48,1
2022,510100,510760,MC,2,2,1519.4,1
2022,510100,510840,AC,1,10,6174.53,0
2022,510100,510840,MC,2,34,2101.68,0
2022,510120,510030,MC,3,4,666.17,0
2022,510120,510180,MC,1,1,554.73,0
2022,510120,510760,MC,34,90,19106.01,2
2022,510120,510820,MC,1,1,1036.74,0
2022,510125,510125,MC,104,207,37363.18,1
2022,510125,510180,MC,1,3,674.24,0
2022,510125,510250,AC,1,5,887.35,0
2022,510125,510250,MC,476,1856,485472.01,20
2022,510125,510340,AC,27,186,235262.21,1
2022,510125,510340,MC,72,635,116573.99,3
2022,510125,510515,MC,1,21,504.07,0
2022,510125,510562,MC,3,11,1060.23,0
2022,510125,510675,MC,2,5,1010.89,0
2022,510125,510760,AC,1,2,1438.23,0
2022,510125,510760,MC,1,3,487.72,0
2022,510125,510792,MC,1,13,700.6,0
2022,510125,510840,AC,2,18,15204.87,0
2022,510125,510840,MC,7,37,7329.87,0
2022,510130,510130,MC,553,1254,214631.96,3
2022,510130,510267,MC,1,26,4022.42,0
2022,510130,510340,AC,26,153,156445.51,0
2022,510130,510340,MC,122,962,292443.85,10
2022,510130,510350,MC,3,10,1635.82,0
2022,510130,510525,MC,3,19,1326.49,0
2022,510130,510622,MC,6,54,9026.82,0
2022,510130,510760,MC,2,18,1602.52,0
2022,510130,510795,MC,7,29,12656.4,1
2022,510130,510840,AC,1,9,1844.6,0
2022,510130,510840,MC,10,62,27433.84,0
2022,510140,510130,MC,1,2,445.51,0
2022,510140,510140,MC,1171,4344,455985.06,11
2022,510140,510250,MC,5,35,7078.19,0
2022,510140,510325,MC,5,10,1495.04,0
2022,510140,510337,MC,1,3,136.95,0
2022,510140,510340,AC,16,149,77986.58,0
2022,510140,510340,MC,98,1006,242946.88,6
2022,510140,510510,MC,1,6,368.64,0
2022,510140,510515,MC,225,1337,166060.85,2
2022,510140,510517,MC,2,13,749.57,0
2022,510140,510629,MC,1,2,637.97,0
2022,510140,510704,MC,2,23,24804.9,1
2022,510140,510760,AC,1,24,13742.78,0
2022,510140,510760,MC,5,121,73872.91,0
2022,510140,510790,MC,2,12,4049.35,0
2022,510140,510840,AC,1,5,4741.93,0
2022,510140,510840,MC,24,195,103546.0,6
2022,510160,510340,AC,16,152,112592.31,1
2022,510160,510340,MC,134,765,250085.24,7
2022,510160,510642,MC,1,5,588.12,0
2022,510160,510650,MC,3,6,1456.44,0
2022,510160,510760,MC,1,4,224.5,0
2022,510160,510840,AC,1,3,508.13,0
2022,510160,510840,MC,42,242,74480.49,6
2022,510170,510130,MC,589,1213,277366.33,0
2022,510170,510170,MC,73,133,33363.42,0
2022,510170,510250,MC,7,55,26054.73,0
2022,510170,510263,MC,2,4,476.51,0
2022,510170,510267,MC,1,10,728.8,1
2022,510170,510325,MC,1,2,179.62,0
2022,510170,510340,AC,53,363,242257.96,1
2022,510170,510340,MC,276,2075,560767.27,9
2022,510170,510350,MC,2,3,1197.01,0
2022,510170,510510,MC,1,5,634.03,0
2022,510170,510562,MC,1,4,262.48,0
2022,510170,510622,MC,1,2,524.6,0
2022,510170,510623,MC,2,4,584.58,0
2022,510170,510675,MC,1,1,563.35,0
2022,510170,510760,MC,1,8,510.78,0
2022,510170,510790,MC,4,24,3117.89,0
2022,510170,510795,MC,12,38,5309.91,0
2022,510170,510840,AC,5,31,28727.04,0
2022,510170,510840,MC,42,463,195760.53,6
2022,510180,510020,MC,13,25,11272.42,1
2022,510180,510180,MC,2672,8734,2182014.7,76
2022,510180,510250,MC,1,5,1319.36,0
2022,510180,510260,MC,1,3,324.9,0
2022,510180,510270,MC,1,2,545.73,0
2022,510180,510310,MC,1,6,199.33,0
2022,510180,510335,MC,2,9,1878.7,0
2022,510180,510340,AC,18,147,101074.09,1
2022,510180,510340,MC,74,726,163124.51,2
2022,510180,510390,MC,4,9,770.57,0
2022,510180,510525,MC,1,21,722.69,0
2022,510180,510625,MC,13,21,6612.71,0
2022,510180,510704,MC,2,15,1372.38,0
2022,510180,510706,MC,1,4,228.15,0
2022,510180,510760,AC,1,4,8229.37,0
2022,510180,510760,MC,11,89,53153.06,1
2022,510180,510785,MC,2,3,916.39,0
2022,510180,510792,MC,1,4,3967.69,1
2022,510180,510810,MC,1,2,479.19,0
2022,510180,510820,MC,1,1,512.83,0
2022,510180,510840,AC,6,54,30001.95,0
2022,510180,510840,MC,28,138,23235.92,1
2022,510185,510020,MC,309,842,243441.24,9
2022,510185,510180,MC,2,6,514.53,0
2022,510185,510340,AC,2,4,18970.01,1
2022,510185,510340,MC,14,47,9955.89,0
2022,510185,510525,MC,1,7,506.45,0
2022,510185,510642,MC,2,8,1291.94,0
2022,510185,510706,MC,8,27,18834.37,0
2022,510185,510718,MC,1,1,444.4,0
2022,510185,510760,MC,2,67,40903.16,0
2022,510185,510785,MC,5,15,2000.06,0
2022,510190,510020,MC,1,2,422.62,0
2022,510190,510180,MC,1,1,564.9,0
2022,510190,510190,MC,1384,4621,556563.46,11
2022,510190,510250,MC,3,18,5235.42,0
2022,510190,510263,MC,2,6,1086.97,0
2022,510190,510267,MC,1,1,607.59,1
2022,510190,510320,MC,2,23,724.15,0
2022,510190,510340,AC,29,99,110376.24,0
2022,510190,510340,MC,132,1130,248276.46,5
2022,510190,510350,MC,2,5,945.44,0
2022,510190,510510,MC,3,5,1134.98,0
2022,510190,510515,MC,128,553,128655.65,2
2022,510190,510525,MC,2,30,1311.57,0
2022,510190,510622,MC,1,2,198.57,0
2022,510190,510627,MC,1,2,270.38,0
2022,510190,510760,MC,3,9,3500.15,0
2022,510190,510790,AC,1,1,1081.2,0
2022,510190,510790,MC,3,17,12244.59,1
2022,510190,510792,MC,2,11,1695.3,0
2022,510190,510795,MC,3,14,944.17,1
2022,510190,510840,AC,2,47,18618.86,0
2022,510190,510840,MC,23,216,98195.72,4
2022,510250,510190,MC,1,1,55.27,0
2022,510250,510250,AC,8,19,6909.86,0
2022,510250,510250,MC,5496,21262,4890563.59,208
2022,510250,510267,MC,2,18,1102.92,0
2022,510250,510330,MC,1,4,582.42,0
2022,510250,510340,AC,66,661,475261.09,2
2022,510250,510340,MC,138,1191,249862.99,6
2022,510250,510525,MC,1,0,269.8,0
2022,510250,510562,MC,3,13,1631.69,0
2022,510250,510622,MC,5,6,677.18,0
2022,510250,510642,MC,1,0,543.08,0
2022,510250,510675,MC,6,26,6747.7,0
2022,510250,510760,MC,5,47,17034.96,0
2022,510250,510790,MC,1,3,697.11,0
2022,510250,510795,MC,3,18,2113.11,0
2022,510250,510840,AC,6,35,30218.77,0
2022,510250,510840,MC,28,282,109528.63,5
2022,510260,510020,MC,461,1715,387947.67,22
2022,510260,510180,MC,13,54,27954.69,2
2022,510260,510250,MC,3,25,19501.71,1
2022,510260,510260,MC,649,1960,280650.12,11
2022,510260,510270,MC,1,2,287.76,0
2022,510260,510340,AC,3,35,18780.23,0
2022,510260,510340,MC,43,659,162654.93,4
2022,510260,510625,MC,6,37,3547.01,0
2022,510260,510704,MC,4,14,2877.48,0
2022,510260,510760,MC,4,55,38431.83,1
2022,510260,510840,MC,6,39,11893.83,0
2022,510263,510025,MC,2,16,2080.81,0
2022,510263,510180,MC,1,4,954.36,0
2022,510263,510190,MC,3,4,547.55,0
2022,510263,510250,MC,3,29,9309.02,0
2022,510263,510263,AC,1,10,1003.09,0
2022,510263,510263,MC,2486,5972,1260116.65,49
2022,510263,510267,MC,2,18,783.69,0
2022,510263,510340,AC,41,190,227828.45,0
2022,510263,510340,MC,229,2003,463981.24,6
2022,510263,510410,MC,1,3,253.8,0
2022,510263,510510,MC,4,13,2067.56,0
2022,510263,510515,MC,1,0,151.67,0
2022,510263,510525,MC,2,169,983.95,0
2022,510263,510622,MC,4,11,2198.36,0
2022,510263,510623,MC,1,4,590.42,0
2022,510263,510675,MC,3,5,701.69,0
2022,510263,510730,MC,1,2,414.62,0
2022,510263,510760,MC,21,263,36283.75,1
2022,510263,510790,MC,4,50,35819.53,0
2022,510263,510792,MC,5,110,41231.5,0
2022,510263,510795,MC,21,166,15397.87,0
2022,510263,510840,AC,2,12,2470.73,0
2022,510263,510840,MC,20,240,144792.51,4
2022,510267,510030,MC,1,2,459.66,0
2022,510267,510267,MC,2528,7269,1244452.87,71
2022,510267,510340,AC,34,123,136103.04,1
2022,510267,510340,MC,109,723,223943.18,3
2022,510267,510410,MC,1,3,1011.86,0
2022,510267,510480,MC,7,24,2614.34,0
2022,510267,510510,MC,2,8,1332.96,0
2022,510267,510525,MC,1,4,1680.86,0
2022,510267,510558,MC,1,4,219.83,0
2022,510267,510642,MC,1,1,434.99,0
2022,510267,510704,MC,11,89,104497.83,3
2022,510267,510760,AC,72,354,629975.58,4
2022,510267,510760,MC,507,3006,1090338.23,10
2022,510267,510790,MC,5,24,10539.22,0
2022,510267,510840,AC,4,40,21449.58,0
2022,510267,510840,MC,14,127,14950.81,0
2022,510268,510250,MC,85,427,129496.09,1
2022,510268,510268,MC,347,922,144234.14,9
2022,510268,510340,MC,4,19,727.07,0
2022,510268,510675,MC,208,542,105953.95,0
2022,510268,510795,MC,1,5,348.84,0
2022,510268,510840,AC,1,4,1911.11,0
2022,510268,510840,MC,3,21,2258.16,0
2022,510269,510020,MC,1,6,3736.95,0
2022,510269,510180,MC,1,3,391.37,0
2022,510269,510335,MC,206,455,120621.98,1
2022,510269,510340,AC,1,1,4389.79,0
2022,510269,510340,MC,10,70,13867.0,0
2022,510269,510706,MC,3,18,33300.0,1
2022,510269,510785,MC,3,5,2154.92,0
2022,510269,510790,MC,2,25,20482.06,1
2022,510269,510840,MC,5,56,12610.66,0
2022,510270,510020,AC,1,2,598.6,0
2022,510270,510020,MC,619,1989,690107.64,18
2022,510270,510180,MC,5,10,1842.49,0
2022,510270,510270,MC,1058,2066,447459.21,12
2022,510270,510310,MC,1,4,233.85,0
2022,510270,510335,MC,1,1,663.11,0
2022,510270,510340,AC,10,50,45767.72,0
2022,510270,510340,MC,28,425,44871.84,3
2022,510270,510706,MC,8,36,33593.68,0
2022,510270,510760,MC,1,7,659.19,0
2022,510270,510840,MC,3,19,2098.07,0
2022,510279,510025,MC,391,1334,322484.52,23
2022,510279,510320,MC,3,6,3422.24,1
2022,510279,510340,AC,12,59,41042.03,0
2022,510279,510340,MC,40,385,79708.69,3
2022,510279,510622,MC,1,2,524.6,0
2022,510279,510629,MC,93,230,56150.84,0
2022,510279,510642,MC,2,3,495.24,0
2022,510279,510790,AC,24,82,87653.83,0
2022,510279,510790,MC,15,44,16791.33,0
2022,510279,510792,MC,1,9,1725.99,0
2022,510279,510840,MC,7,32,10667.57,0
2022,510285,510263,MC,1,3,661.02,0
2022,510285,510340,AC,8,17,9937.57,0
2022,510285,510340,MC,24,167,61093.03,4
2022,510285,510510,MC,1,3,193.66,0
2022,510285,510515,MC,163,798,158173.73,3
2022,510285,510517,MC,1,2,507.7,0
2022,510285,510622,MC,1,2,205.25,0
2022,510285,510795,MC,1,2,624.41,0
2022,510285,510840,AC,1,5,330.7,0
2022,510285,510840,MC,9,166,78493.06,0
2022,510300,510130,MC,1,2,445.51,0
2022,510300,510180,MC,1,5,592.8,0
2022,510300,510267,MC,13,48,6392.4,2
2022,510300,510340,AC,43,259,228839.14,4
2022,510300,510340,MC,503,2789,813490.48,17
2022,510300,510480,MC,1,2,565.6,0
2022,510300,510510,MC,1,189,582.42,0
2022,510300,510760,AC,1,10,14046.42,0
2022,510300,510760,MC,3,12,4329.8,0
2022,510300,510790,MC,1,11,972.81,0
2022,510300,510792,MC,1,5,679.85,0
2022,510300,510840,AC,1,3,1929.85,0
2022,510300,510840,MC,178,1414,449392.8,15
2022,510305,510250,MC,1,6,1848.55,0
2022,510305,510267,MC,1,0,199.33,1
2022,510305,510305,MC,331,864,112258.08,18
2022,510305,510320,MC,3,11,1409.93,0
2022,510305,510340,AC,5,41,43769.39,0
2022,510305,510340,MC,7,70,4772.56,0
2022,510305,510410,MC,1,2,253.8,0
2022,510305,510525,MC,46,107,21019.42,0
2022,510305,510622,MC,50,65,60577.52,3
2022,510305,510642,MC,2,8,12996.13,1
2022,510305,510760,MC,2,20,1847.32,0
2022,510305,510790,AC,45,109,152010.48,1
2022,510305,510790,MC,270,1154,274469.75,13
2022,510305,510792,AC,1,6,2049.31,0
2022,510305,510792,MC,122,599,115652.98,5
2022,510305,510840,MC,4,16,2936.28,0
2022,510310,510020,MC,280,592,194517.8,5
2022,510310,510310,MC,257,870,83857.4,0
2022,510310,510340,AC,1,2,4334.22,0
2022,510310,510340,MC,3,15,13525.18,2
2022,510310,510706,MC,1,2,512.84,0
2022,510320,510025,MC,17,118,149452.26,3
2022,510320,510190,MC,1,9,712.43,0
2022,510320,510250,MC,1,2,945.29,0
2022,510320,510268,MC,1,1,204.5,0
2022,510320,510320,MC,1593,6127,1755976.64,119
2022,510320,510340,AC,49,282,277519.88,3
2022,510320,510340,MC,101,733,190541.5,2
2022,510320,510410,MC,8,18,3518.36,0
2022,510320,510510,MC,1,4,133.44,0
2022,510320,510558,MC,1,2,634.03,0
2022,510320,510622,MC,4,34,54365.5,2
2022,510320,510629,MC,1,2,582.04,0
2022,510320,510642,MC,14,57,50817.7,3
2022,510320,510760,MC,2,13,4465.07,0
2022,510320,510790,AC,62,145,111253.34,0
2022,510320,510790,MC,41,353,63912.76,2
2022,510320,510792,MC,5,77,27391.26,0
2022,510320,510795,MC,1,2,213.92,0
2022,510320,510820,MC,1,1,1069.14,0
2022,510320,510840,AC,6,88,36747.12,0
2022,510320,510840,MC,11,79,85856.87,2
2022,510325,510025,MC,1,0,625.21,0
2022,510325,510130,MC,5,25,3964.39,0
2022,510325,510140,MC,1,2,199.33,0
2022,510325,510320,MC,2,9,982.72,0
2022,510325,510325,MC,1305,3267,511404.83,25
2022,510325,510340,AC,24,162,121867.98,0
2022,510325,510340,MC,110,1151,296733.91,7
2022,510325,510410,MC,1,6,582.42,0
2022,510325,510515,MC,232,1430,251291.37,4
2022,510325,510629,MC,1,3,637.97,0
2022,510325,510704,MC,1,20,11535.31,0
2022,510325,510760,AC,1,1,4218.92,0
2022,510325,510790,MC,1,8,716.18,0
2022,510325,510792,MC,1,71,22093.75,0
2022,510325,510795,MC,1,17,1578.66,0
2022,510325,510840,AC,2,36,8899.04,0
2022,510325,510840,MC,14,160,37309.57,1
2022,510330,510025,MC,1,8,529.34,0
2022,510330,510130,MC,2,4,1135.05,0
2022,510330,510250,AC,1,7,983.07,0
2022,510330,510250,MC,158,951,208085.41,7
2022,510330,510330,MC,1280,4917,664561.66,27
2022,510330,510337,MC,1,2,1508.0,1
2022,510330,510340,AC,29,208,199632.95,0
2022,510330,510340,MC,55,348,49914.54,1
2022,510330,510410,MC,1,3,719.83,0
2022,510330,510515,MC,2,7,602.48,0
2022,510330,510525,MC,1,23,444.93,0
2022,510330,510625,MC,1,2,613.12,0
2022,510330,510675,MC,235,600,117860.56,3
2022,510330,510760,MC,1,7,378.48,0
2022,510330,510790,MC,1,6,1803.06,0
2022,510330,510795,MC,1,5,199.33,0
2022,510330,510820,MC,1,3,1029.13,0
2022,510330,510840,MC,10,70,15184.22,1
2022,510335,510020,MC,6,25,15920.77,1
2022,510335,510180,MC,2,4,618.43,0
2022,510335,510250,MC,2,14,3500.19,0
2022,510335,510320,MC,3,15,2875.88,0
2022,510335,510335,MC,2483,6782,1258933.4,39
2022,510335,510340,AC,14,129,129714.44,0
2022,510335,510340,MC,73,999,225812.49,3
2022,510335,510410,MC,1,1,205.9,0
2022,510335,510525,MC,4,42,2364.5,0
2022,510335,510706,MC,12,123,208756.35,0
2022,510335,510760,MC,2,35,19346.86,0
2022,510335,510785,MC,9,25,5732.52,0
2022,510335,510790,MC,1,11,2112.15,0
2022,510335,510792,MC,2,13,1550.52,0
2022,510335,510840,MC,11,162,145444.32,3
2022,510335,510860,MC,1,1,199.33,0
2022,510336,510250,MC,41,155,36161.93,1
2022,510336,510340,AC,6,42,15771.18,0
2022,510336,510340,MC,8,50,10269.77,0
2022,510336,510410,MC,1,1,2010.26,0
2022,510336,510550,MC,7,28,2601.16,0
2022,510336,510642,MC,1,2,1098.24,0
2022,510336,510675,MC,135,452,79566.57,1
2022,510336,510840,AC,1,5,12122.81,0
2022,510336,510840,MC,3,30,26131.24,1
2022,510337,510250,MC,2,10,1594.53,0
2022,510337,510325,MC,18,50,5215.49,0
2022,510337,510337,MC,389,1179,141562.34,7
2022,510337,510340,AC,9,52,55703.34,2
2022,510337,510340,MC,45,364,63395.04,0
2022,510337,510515,MC,134,693,68519.16,0
2022,510337,510792,MC,1,1,1728.12,1
2022,510337,510795,MC,3,31,1631.15,1
2022,510337,510840,MC,4,9,7744.42,1
2022,510340,510020,MC,4,11,1475.21,0
2022,510340,510025,MC,4,7,1727.5,0
2022,510340,510130,MC,3,4,1426.45,0
2022,510340,510180,MC,9,22,3928.32,0
2022,510340,510250,MC,13,47,16050.73,0
2022,510340,510263,MC,2,10,1492.99,0
2022,510340,510267,MC,11,39,5488.13,1
2022,510340,510320,MC,1,5,599.49,0
2022,510340,510325,MC,2,6,703.36,0
2022,510340,510340,AC,1453,10110,9255063.08,38
2022,510340,510340,MC,23965,140658,33409894.14,956
2022,510340,510410,MC,1,0,242.09,0
2022,510340,510480,MC,3,1,968.49,0
2022,510340,510510,MC,2,6,708.57,0
2022,510340,510515,MC,1,15,303.33,0
2022,510340,510525,MC,2,4,1243.51,0
2022,510340,510560,MC,1,0,637.19,0
2022,510340,510590,MC,4,6,2324.01,0
2022,510340,510610,MC,1,1,480.87,0
2022,510340,510622,MC,16,59,17130.3,0
2022,510340,510625,MC,1,1,52.22,0
2022,510340,510629,MC,1,1,175.97,0
2022,510340,510642,MC,1,2,634.03,0
2022,510340,510675,MC,3,6,1152.76,0
2022,510340,510704,MC,2,9,14448.21,1
2022,510340,510706,MC,2,5,833.6,0
2022,510340,510760,AC,6,14,41705.2,0
2022,510340,510760,MC,44,212,115667.73,3
2022,510340,510770,MC,1,16,347.15,0
2022,510340,510775,MC,1,5,109.24,0
2022,510340,510790,MC,5,27,5325.11,0
2022,510340,510792,MC,3,14,2422.98,0
2022,510340,510795,MC,13,34,8070.78,0
2022,510340,510840,AC,33,259,176594.46,0
2022,510340,510840,MC,787,6558,2405573.46,128
2022,510343,510250,AC,1,2,810.88,0
2022,510343,510250,MC,242,876,276709.29,11
2022,510343,510340,AC,4,11,23000.31,0
2022,510343,510340,MC,19,102,21833.07,1
2022,510343,510562,MC,7,30,3844.24,0
2022,510343,510840,MC,6,35,20438.51,0
2022,510345,510130,MC,177,484,85363.25,1
2022,510345,510263,MC,1,9,1675.06,0
2022,510345,510267,MC,1,9,1024.23,0
2022,510345,510320,MC,1,3,154.44,0
2022,510345,510340,AC,6,17,68764.3,0
2022,510345,510340,MC,47,433,113994.87,6
2022,510345,510590,MC,1,2,598.42,0
2022,510345,510760,MC,4,44,3955.16,0
2022,510345,510790,MC,1,10,342.38,0
2022,510345,510792,MC,1,1,607.88,0
2022,510345,510795,MC,4,20,8125.98,1
2022,510345,510840,AC,1,12,6547.86,0
2022,510345,510840,MC,3,20,32771.5,1
2022,510350,510030,MC,1,2,308.62,0
2022,510350,510130,MC,4,6,1416.4,0
2022,510350,510250,MC,1,4,3636.71,0
2022,510350,510263,MC,1,3,409.01,0
2022,510350,510267,MC,2,8,1074.44,0
2022,510350,510340,AC,22,98,144701.23,1
2022,510350,510340,MC,246,1792,503398.07,13
2022,510350,510350,MC,1241,3336,620599.75,12
2022,510350,510517,MC,1,5,531.7,0
2022,510350,510525,MC,3,28,2274.11,0
2022,510350,510622,MC,20,108,45718.72,2
2022,510350,510760,MC,5,37,3629.3,0
2022,510350,510790,MC,5,33,4104.2,0
2022,510350,510792,MC,7,29,21331.89,1
2022,510350,510795,MC,11,76,78657.89,0
2022,510350,510840,MC,15,113,51867.68,1
2022,510360,510267,MC,10,41,5111.65,1
2022,510360,510340,AC,5,52,33626.55,0
2022,510360,510340,MC,20,101,26879.53,3
2022,510360,510360,MC,479,1022,206590.9,5
2022,510360,510480,MC,60,199,30848.71,1
2022,510360,510704,MC,3,12,8508.38,0
2022,510360,510760,AC,13,47,87377.08,1
2022,510360,510760,MC,195,966,258101.94,9
2022,510360,510840,MC,4,16,10603.88,1
2022,510370,510270,MC,2,5,647.9,0
2022,510370,510320,MC,1,1,972.97,0
2022,510370,510325,MC,1,2,108.25,0
2022,510370,510340,MC,23,243,46170.26,0
2022,510370,510410,MC,1,4,218.68,0
2022,510370,510525,MC,5,3,1718.98,0
2022,510370,510558,MC,1,9,416.96,0
2022,510370,510622,MC,38,100,126772.57,1
2022,510370,510642,MC,1,3,606.42,0
2022,510370,510706,MC,1,5,614.42,0
2022,510370,510790,AC,32,45,128293.78,0
2022,510370,510790,MC,92,534,126399.31,5
2022,510370,510792,MC,321,1485,307145.47,8
2022,510370,510805,MC,1,2,610.06,0
2022,510370,510840,AC,2,13,4517.45,0
2022,510370,510840,MC,2,5,857.8,0
2022,510380,510250,MC,64,180,52327.07,2
2022,510380,510340,AC,2,18,22235.83,1
2022,510380,510340,MC,8,23,8500.59,3
2022,510380,510500,MC,1,1,506.6,0
2022,510380,510675,MC,37,108,15391.54,1
2022,510380,510840,MC,1,10,6061.07,0
2022,510385,510020,MC,265,683,199678.12,3
2022,510385,510180,MC,2,2,766.5,0
2022,510385,510270,MC,29,34,13238.98,0
2022,510385,510340,AC,3,3,4326.59,0
2022,510385,510340,MC,14,136,28237.73,2
2022,510385,510385,MC,120,353,42213.81,1
2022,510385,510525,MC,1,9,627.89,0
2022,510385,510630,MC,2,1,1198.99,0
2022,510385,510642,MC,1,3,353.26,0
2022,510385,510704,MC,1,2,729.11,0
2022,510385,510706,MC,5,10,2056.12,0
2022,510385,510760,MC,8,28,2162.31,0
2022,510385,510790,MC,1,1,2040.19,0
2022,510385,510840,MC,2,10,3646.4,0
2022,510390,510180,MC,114,381,94912.29,5
2022,510390,510340,AC,3,14,16276.11,0
2022,510390,510340,MC,10,51,10674.93,0
2022,510390,510390,MC,141,500,52294.3,0
2022,510390,510625,MC,2,2,600.68,0
2022,510390,510704,MC,178,532,125568.85,5
2022,510390,510760,MC,9,128,44834.21,0
2022,510390,510840,AC,1,6,7359.66,0
2022,510390,510840,MC,3,12,1766.37,0
2022,510395,510250,MC,146,472,120910.9,2
2022,510395,510340,AC,3,17,41757.99,0
2022,510395,510340,MC,25,143,32811.74,1
2022,510395,510562,MC,3,11,1652.36,0
2022,510395,510840,MC,1,8,1719.31,0
2022,510410,510025,MC,3,24,8604.97,1
2022,510410,510250,MC,2,28,1690.92,0
2022,510410,510320,MC,18,56,18904.9,3
2022,510410,510340,AC,29,202,194656.88,1
2022,510410,510340,MC,82,774,166396.47,2
2022,510410,510410,AC,1,1,749.64,0
2022,510410,510410,MC,1929,5316,995959.48,39
2022,510410,510510,MC,1,3,414.62,0
2022,510410,510525,MC,1,5,1145.19,0
2022,510410,510560,MC,3,7,1368.26,1
2022,510410,510629,MC,1,2,247.46,0
2022,510410,510637,MC,1,7,274.68,0
2022,510410,510642,MC,41,194,232887.87,12
2022,510410,510760,AC,1,5,504.76,0
2022,510410,510760,MC,6,121,78831.05,0
2022,510410,510790,AC,31,59,90404.13,0
2022,510410,510790,MC,26,220,43190.23,2
2022,510410,510792,MC,8,97,23901.09,1
2022,510410,510840,AC,2,10,4476.07,0
2022,510410,510840,MC,12,83,34896.53,0
2022,510420,510267,MC,2,17,1446.23,2
2022,510420,510340,MC,4,58,7759.56,0
2022,510420,510420,MC,399,758,158507.85,33
2022,510420,510704,MC,9,118,64335.93,3
2022,510420,510760,AC,59,164,232043.56,5
2022,510420,510760,MC,341,1819,397792.44,12
2022,510420,510810,MC,1,1,487.19,0
2022,510420,510840,MC,8,23,6725.98,0
2022,510450,510250,MC,63,320,69934.64,3
2022,510450,510340,AC,5,23,22154.14,0
2022,510450,510340,MC,7,103,19041.38,1
2022,510450,510562,MC,1,3,210.06,0
2022,510450,510840,AC,1,6,11706.81,0
2022,510452,510250,MC,1,4,3555.09,0
2022,510452,510320,MC,1,9,298.92,0
2022,510452,510340,AC,3,21,32845.79,0
2022,510452,510340,MC,9,84,12249.17,1
2022,510452,510510,MC,1,3,171.91,0
2022,510452,510525,MC,4,17,1129.07,0
2022,510452,510622,MC,17,17,10921.53,0
2022,510452,510642,MC,1,2,414.62,0
2022,510452,510790,MC,19,101,23799.3,1
2022,510452,510792,MC,203,813,162600.9,6
2022,510452,510840,MC,1,7,551.51,0
2022,510454,510320,MC,1,2,524.18,0
2022,510454,510340,AC,5,24,18720.85,0
2022,510454,510340,MC,5,14,1926.15,0
2022,510454,510510,MC,4,17,1731.84,0
2022,510454,510622,MC,28,29,18167.2,0
2022,510454,510627,MC,1,3,242.88,0
2022,510454,510790,MC,21,89,22751.34,3
2022,510454,510792,AC,1,5,1890.38,0
2022,510454,510792,MC,215,1197,205662.9,7
2022,510454,510840,MC,1,11,548.94,0
2022,510455,510025,MC,4,2,2913.47,0
2022,510455,510320,MC,185,629,189036.97,2
2022,510455,510340,AC,4,16,41193.09,0
2022,510455,510340,MC,19,156,22114.38,1
2022,510455,510410,MC,5,9,4949.27,0
2022,510455,510558,MC,1,2,226.68,0
2022,510455,510622,MC,1,5,1443.11,0
2022,510455,510629,MC,1,1,545.73,0
2022,510455,510790,AC,26,59,59419.11,1
2022,510455,510790,MC,7,49,6863.14,0
2022,510455,510792,MC,6,25,11733.67,1
2022,510455,510840,MC,2,3,3648.98,0
2022,510460,510267,MC,2,21,1100.06,0
2022,510460,510340,AC,3,1,8711.95,0
2022,510460,510340,MC,29,136,26944.66,0
2022,510460,510460,MC,437,1228,193205.54,6
2022,510460,510704,MC,13,88,58411.84,3
2022,510460,510760,AC,39,163,281648.13,0
2022,510460,510760,MC,427,1696,588849.05,9
2022,510460,510790,MC,1,7,1549.53,0
2022,510460,510840,MC,5,21,2714.37,0
2022,510480,510020,MC,1,2,680.11,0
2022,510480,510267,MC,19,216,12466.58,6
2022,510480,510320,MC,1,1,398.01,0
2022,510480,510340,AC,27,160,135684.79,0
2022,510480,510340,MC,70,553,101433.68,7
2022,510480,510360,MC,1,0,443.4,0
2022,510480,510410,MC,1,2,588.12,0
2022,510480,510480,AC,3,4,4485.88,0
2022,510480,510480,MC,1479,4059,720020.0,23
2022,510480,510510,MC,1,3,481.49,0
2022,510480,510520,MC,1,0,199.33,0
2022,510480,510590,MC,1,0,199.33,0
2022,510480,510622,MC,2,4,516.34,0
2022,510480,510704,MC,23,234,140512.98,6
2022,510480,510706,MC,1,2,330.48,0
2022,510480,510760,AC,96,262,394431.75,0
2022,510480,510760,MC,548,3120,1011117.82,28
2022,510480,510792,MC,3,19,4345.18,0
2022,510480,510840,AC,2,9,6550.86,0
2022,510480,510840,MC,12,66,9738.5,0
2022,510490,510340,AC,12,60,62527.23,0
2022,510490,510340,MC,207,943,224763.48,5
2022,510490,510622,MC,1,3,308.33,0
2022,510490,510650,MC,9,9,6714.18,0
2022,510490,510840,MC,69,548,213319.86,4
2022,510500,510020,MC,1,1,52.22,0
2022,510500,510250,MC,132,627,213330.78,11
2022,510500,510340,AC,3,28,28938.04,0
2022,510500,510340,MC,24,192,53750.02,2
2022,510500,510500,MC,140,415,51267.72,4
2022,510500,510675,MC,152,485,83239.7,3
2022,510500,510840,MC,1,11,9156.86,0
2022,510510,510025,MC,1,1,262.54,0
2022,510510,510080,MC,1,2,444.4,0
2022,510510,510250,MC,2,9,5845.05,0
2022,510510,510263,MC,3,4,1650.67,0
2022,510510,510340,AC,25,139,153302.54,1
2022,510510,510340,MC,101,853,189731.69,7
2022,510510,510480,MC,1,4,366.08,0
2022,510510,510510,MC,1642,5592,769128.94,51
2022,510510,510515,MC,26,104,13176.81,1
2022,510510,510517,MC,1,4,112.83,0
2022,510510,510525,MC,2,61,1033.83,0
2022,510510,510560,MC,1,3,330.87,0
2022,510510,510622,MC,1,8,12769.85,0
2022,510510,510627,MC,1,5,174.84,0
2022,510510,510642,MC,1,6,996.09,0
2022,510510,510680,MC,8,20,2263.24,0
2022,510510,510790,MC,52,377,105983.0,5
2022,510510,510792,MC,10,117,18380.52,1
2022,510510,510795,MC,1,1,207.33,0
2022,510510,510840,AC,3,21,20449.55,0
2022,510510,510840,MC,17,104,39424.51,1
2022,510515,510140,MC,2,2,661.66,0
2022,510515,510263,MC,2,3,847.24,0
2022,510515,510267,MC,1,8,516.85,0
2022,510515,510320,MC,1,6,824.03,0
2022,510515,510340,AC,34,267,263652.52,1
2022,510515,510340,MC,185,1745,486539.29,12
2022,510515,510510,MC,3,4,1357.85,0
2022,510515,510515,AC,5,5,2841.27,0
2022,510515,510515,MC,2883,12544,1789858.08,27
2022,510515,510517,MC,3,10,944.62,0
2022,510515,510525,MC,2,18,964.45,0
2022,510515,510622,MC,3,7,2181.24,0
2022,510515,510760,MC,3,33,9942.74,0
2022,510515,510790,MC,5,46,18603.35,0
2022,510515,510792,MC,8,100,14635.96,0
2022,510515,510840,AC,4,51,24932.66,0
2022,510515,510840,MC,38,338,139760.52,5
2022,510517,510263,MC,1,2,523.74,0
2022,510517,510320,MC,1,3,1692.48,0
2022,510517,510325,MC,3,5,1268.34,0
2022,510517,510340,AC,16,66,43365.68,0
2022,510517,510340,MC,42,361,107483.97,3
2022,510517,510510,MC,3,10,1478.47,0
2022,510517,510515,AC,1,16,2360.72,0
2022,510517,510515,MC,158,754,103202.86,2
2022,510517,510517,MC,556,2177,218055.15,4
2022,510517,510629,MC,1,2,637.97,0
2022,510517,510675,MC,1,2,544.29,0
2022,510517,510760,MC,1,5,3677.52,0
2022,510517,510790,MC,2,12,5238.27,0
2022,510517,510840,AC,2,14,7524.47,0
2022,510517,510840,MC,10,55,15991.54,0
2022,510520,510020,MC,1,2,339.02,0
2022,510520,510180,MC,2,44,6444.63,0
2022,510520,510267,MC,5,54,4142.91,1
2022,510520,510340,AC,4,11,9899.49,0
2022,510520,510340,MC,22,167,18934.17,0
2022,510520,510480,MC,60,143,37162.2,0
2022,510520,510520,MC,602,1660,255268.93,12
2022,510520,510704,MC,10,89,78140.66,3
2022,510520,510760,AC,29,140,190778.35,1
2022,510520,510760,MC,352,1601,447543.9,12
2022,510520,510790,MC,1,7,529.28,0
2022,510520,510792,MC,5,54,11564.38,0
2022,510520,510840,MC,8,32,17040.14,2
2022,510523,510250,MC,253,791,244101.09,6
2022,510523,510340,AC,3,14,8439.81,0
2022,510523,510340,MC,34,427,98469.62,0
2022,510523,510562,MC,2,6,1212.84,0
2022,510523,510720,MC,1,0,479.19,0
2022,510523,510840,AC,2,9,7092.55,0
2022,510523,510840,MC,3,19,21110.54,1
2022,510525,510020,MC,1,0,167.52,0
2022,510525,510025,MC,1,0,2064.31,1
2022,510525,510250,MC,5,29,20849.99,2
2022,510525,510263,MC,1,0,44.22,0
2022,510525,510320,MC,5,22,6636.82,0
2022,510525,510325,MC,1,0,1500.72,0
2022,510525,510340,AC,51,400,334932.01,4
2022,510525,510340,MC,116,1071,220035.32,7
2022,510525,510410,MC,1,2,2433.0,0
2022,510525,510510,MC,6,27,3096.5,0
2022,510525,510525,AC,9,39,17960.5,0
2022,510525,510525,MC,4914,16373,2586996.96,51
2022,510525,510550,MC,1,1,952.8,0
2022,510525,510558,MC,2,8,952.1,0
2022,510525,510622,MC,28,116,47267.84,3
2022,510525,510642,MC,4,7,1887.0,0
2022,510525,510704,MC,3,4,1194.72,0
2022,510525,510706,MC,1,5,1197.85,0
2022,510525,510760,AC,3,17,26419.08,0
2022,510525,510760,MC,3,13,984.73,0
2022,510525,510790,AC,26,62,46836.66,0
2022,510525,510790,MC,50,306,54803.07,5
2022,510525,510792,AC,1,16,1339.46,0
2022,510525,510792,MC,51,467,71126.15,3
2022,510525,510795,MC,5,28,2125.28,0
2022,510525,510805,MC,2,23,1288.84,0
2022,510525,510840,AC,1,6,4925.82,0
2022,510525,510840,MC,17,203,43321.21,3
2022,510530,510180,MC,1,0,314.57,0
2022,510530,510267,MC,1,11,2552.31,1
2022,510530,510335,MC,6,20,2132.95,1
2022,510530,510340,MC,8,44,12237.6,1
2022,510530,510706,MC,1,1,614.91,0
2022,510530,510785,MC,166,343,73284.08,1
2022,510530,510840,MC,1,5,3548.66,0
2022,510550,510250,AC,2,4,1726.18,0
2022,510550,510250,MC,121,636,135402.13,4
2022,510550,510340,AC,4,40,21092.13,0
2022,510550,510340,MC,26,323,70436.52,3
2022,510550,510550,MC,1068,3107,467207.75,6
2022,510550,510560,MC,1,2,562.73,0
2022,510550,510675,MC,229,601,89511.99,1
2022,510550,510840,AC,2,25,19662.53,0
2022,510550,510840,MC,4,61,5806.74,0
2022,510558,510020,MC,2,9,533.71,0
2022,510558,510025,MC,3,8,5580.95,1
2022,510558,510250,MC,2,9,3722.95,0
2022,510558,510270,MC,1,2,203.82,0
2022,510558,510320,MC,385,1464,421908.92,13
2022,510558,510340,AC,12,84,92488.79,2
2022,510558,510340,MC,17,95,25227.35,2
2022,510558,510558,MC,717,2846,332926.75,0
2022,510558,510560,MC,1,2,620.29,0
2022,510558,510622,MC,1,13,1930.12,1
2022,510558,510642,MC,1,10,14333.56,0
2022,510558,510706,MC,1,3,1125.98,0
2022,510558,510790,AC,19,38,54263.13,1
2022,510558,510790,MC,31,108,29843.43,1
2022,510558,510792,MC,9,53,16752.13,0
2022,510558,510840,AC,1,15,5679.68,0
2022,510558,510840,MC,2,10,2284.04,0
2022,510560,510025,MC,1,2,402.83,0
2022,510560,510250,MC,2,7,4269.6,0
2022,510560,510320,MC,2,14,1187.54,0
2022,510560,510340,AC,23,122,133569.61,0
2022,510560,510340,MC,37,273,70480.37,3
2022,510560,510410,MC,10,30,4132.91,0
2022,510560,510515,MC,2,8,543.1,0
2022,510560,510558,MC,2,7,463.18,0
2022,510560,510560,MC,643,2003,323407.97,31
2022,510560,510622,MC,1,7,6184.88,0
2022,510560,510627,MC,1,9,560.28,0
2022,510560,510642,MC,261,711,207904.05,6
2022,510560,510760,MC,2,56,33188.12,0
2022,510560,510790,AC,16,33,25085.61,0
2022,510560,510790,MC,24,214,41994.43,3
2022,510560,510792,MC,8,68,6199.63,0
2022,510560,510840,AC,2,24,14534.65,1
2022,510560,510840,MC,6,46,9340.03,0
2022,510562,510130,MC,2,4,1692.11,0
2022,510562,510250,AC,1,3,923.29,0
2022,510562,510250,MC,856,3307,873007.99,40
2022,510562,510340,AC,24,254,296147.59,0
2022,510562,510340,MC,72,735,159942.51,1
2022,510562,510525,MC,1,1,224.68,0
2022,510562,510562,MC,1048,3702,553195.92,34
2022,510562,510675,MC,3,4,419.33,0
2022,510562,510704,MC,1,6,203.06,0
2022,510562,510760,MC,19,243,38493.74,0
2022,510562,510790,MC,1,19,2545.78,0
2022,510562,510840,AC,1,46,10138.03,0
2022,510562,510840,MC,10,47,12270.51,1
2022,510590,510263,MC,1,4,154.44,0
2022,510590,510340,AC,26,68,88522.65,0
2022,510590,510340,MC,336,2370,759135.98,21
2022,510590,510350,MC,23,55,7939.47,0
2022,510590,510525,MC,2,5,1261.02,0
2022,510590,510590,MC,1035,2794,543822.48,40
2022,510590,510622,MC,11,22,6180.71,2
2022,510590,510760,MC,6,81,7168.74,0
2022,510590,510770,MC,1,2,347.15,0
2022,510590,510792,MC,3,13,837.73,0
2022,510590,510840,AC,2,8,10804.07,0
2022,510590,510840,MC,40,432,150871.17,4
2022,510600,510130,MC,20,33,8240.84,0
2022,510600,510340,AC,7,22,12462.63,0
2022,510600,510340,MC,103,756,239528.54,3
2022,510600,510350,MC,141,390,76970.73,3
2022,510600,510410,MC,2,4,1378.44,0
2022,510600,510622,MC,4,9,2677.38,0
2022,510600,510642,MC,1,2,179.62,0
2022,510600,510706,MC,1,2,195.13,0
2022,510600,510760,MC,5,62,14214.45,0
2022,510600,510790,MC,1,3,3671.25,0
2022,510600,510795,MC,3,11,1375.5,1
2022,510600,510840,MC,10,87,26664.3,1
2022,510610,510180,MC,1,1,681.11,0
2022,510610,510267,MC,1,1,509.6,0
2022,510610,510340,AC,19,210,128547.16,0
2022,510610,510340,MC,142,808,258425.25,5
2022,510610,510610,MC,84,328,37405.05,5
2022,510610,510650,MC,40,65,20879.73,0
2022,510610,510792,MC,2,6,1470.47,0
2022,510610,510840,MC,166,1013,302008.69,15
2022,510615,510025,MC,433,1700,396439.15,13
2022,510615,510250,MC,1,16,1790.01,0
2022,510615,510320,MC,1,1,462.09,0
2022,510615,510340,AC,1,8,7700.14,0
2022,510615,510340,MC,34,445,182806.48,3
2022,510615,510510,MC,10,28,5014.19,0
2022,510615,510515,MC,1,27,44836.41,0
2022,510615,510627,MC,1,2,444.4,0
2022,510615,510629,MC,100,245,57139.14,0
2022,510615,510790,AC,2,16,5785.17,0
2022,510615,510790,MC,10,44,6775.98,0
2022,510615,510792,MC,3,31,7293.9,0
2022,510615,510795,MC,1,6,567.42,0
2022,510615,510840,AC,3,17,9911.7,0
2022,510615,510840,MC,3,24,17007.79,0
2022,510617,510020,MC,408,1512,210289.91,7
2022,510617,510180,MC,2,21,1685.38,0
2022,510617,510340,MC,4,20,14172.03,0
2022,510617,510706,MC,1,4,7900.0,0
2022,510617,510840,MC,4,19,7484.46,0
2022,510618,510250,AC,1,2,866.89,0
2022,510618,510250,MC,56,329,75115.45,2
2022,510618,510330,MC,1,2,507.7,0
2022,510618,510340,AC,14,30,53674.46,1
2022,510618,510340,MC,30,252,52954.42,0
2022,510618,510525,MC,1,2,151.66,0
2022,510618,510550,MC,1,2,606.91,0
2022,510618,510675,MC,290,811,128670.84,5
2022,510618,510790,MC,2,10,871.94,1
2022,510618,510840,MC,4,15,4171.72,0
2022,510619,510025,MC,1,12,761.31,0
2022,510619,510320,MC,210,814,274538.28,7
2022,510619,510340,AC,1,4,5582.22,0
2022,510619,510340,MC,10,71,20997.5,0
2022,510619,510517,MC,1,3,189.67,0
2022,510619,510622,MC,1,19,33646.05,1
2022,510619,510625,MC,1,1,273.29,0
2022,510619,510642,MC,1,3,637.19,0
2022,510619,510790,AC,2,3,8565.06,0
2022,510619,510790,MC,3,45,2150.24,0
2022,510619,510792,MC,5,25,12796.44,1
2022,510620,510267,MC,18,78,10321.69,0
2022,510620,510340,AC,9,53,36508.27,0
2022,510620,510340,MC,70,395,67101.46,2
2022,510620,510410,MC,1,2,695.77,0
2022,510620,510625,MC,1,2,244.41,0
2022,510620,510760,AC,1,5,9342.41,0
2022,510620,510760,MC,3,19,3591.09,0
2022,510620,510790,MC,2,6,1129.3,0
2022,510620,510840,AC,3,63,19775.7,0
2022,510620,510840,MC,38,455,74575.84,1
2022,510621,510025,MC,9,54,5098.54,2
2022,510621,510320,MC,407,1604,487514.48,39
2022,510621,510340,AC,12,68,56481.23,0
2022,510621,510340,MC,43,288,88699.41,1
2022,510621,510525,MC,1,1,485.48,0
2022,510621,510558,MC,1,5,614.42,0
2022,510621,510622,MC,1,2,6312.7,1
2022,510621,510629,MC,3,9,2211.36,0
2022,510621,510760,MC,1,18,12437.1,0
2022,510621,510790,AC,1,1,6773.24,0
2022,510621,510790,MC,4,43,3098.36,0
2022,510621,510792,MC,2,5,581.76,0
2022,510621,510795,MC,1,1,44.22,0
2022,510621,510840,AC,1,3,4616.71,0
2022,510621,510840,MC,14,120,63502.59,1
2022,510622,510020,MC,1,1,865.91,1
2022,510622,510180,MC,1,3,680.11,0
2022,510622,510250,MC,4,40,3821.72,0
2022,510622,510340,AC,43,274,319974.17,1
2022,510622,510340,MC,127,960,256450.55,5
2022,510622,510350,MC,4,10,1132.43,0
2022,510622,510410,MC,1,2,560.65,0
2022,510622,510510,MC,1,3,443.4,0
2022,510622,510515,MC,2,23,419.55,0
2022,510622,510525,MC,13,81,8939.64,0
2022,510622,510622,MC,2781,7205,1632379.11,28
2022,510622,510642,MC,1,4,995.35,0
2022,510622,510700,MC,1,4,347.15,0
2022,510622,510730,MC,2,4,469.87,0
2022,510622,510760,MC,9,31,19826.03,0
2022,510622,510790,AC,3,9,10962.87,0
2022,510622,510790,MC,22,202,35743.56,2
2022,510622,510792,AC,1,4,2075.05,0
2022,510622,510792,MC,31,270,47986.35,2
2022,510622,510795,MC,3,11,833.11,0
2022,510622,510840,AC,5,47,34449.26,0
2022,510622,510840,MC,14,142,34275.25,3
2022,510623,510020,MC,1,2,367.91,0
2022,510623,510130,MC,17,20,6600.14,0
2022,510623,510263,MC,3,14,1548.53,0
2022,510623,510340,AC,25,101,135950.42,1
2022,510623,510340,MC,121,1075,362567.08,9
2022,510623,510623,MC,636,1648,342994.67,12
2022,510623,510642,MC,1,1,112.83,0
2022,510623,510760,AC,1,25,5623.33,0
2022,510623,510760,MC,8,125,12056.2,0
2022,510623,510770,MC,2,8,455.18,0
2022,510623,510790,MC,2,11,4105.02,0
2022,510623,510795,MC,12,86,8863.94,0
2022,510623,510840,AC,2,35,8278.67,0
2022,510623,510840,MC,15,182,89252.08,3
2022,510624,510025,MC,1,2,180.62,0
2022,510624,510130,MC,13,25,8291.71,0
2022,510624,510320,MC,1,3,223.33,0
2022,510624,510340,AC,3,22,23239.24,0
2022,510624,510340,MC,11,65,6586.99,1
2022,510624,510410,MC,1,2,340.9,0
2022,510624,510525,MC,23,21,10310.77,0
2022,510624,510622,MC,27,29,20101.01,1
2022,510624,510642,MC,3,19,24972.04,1
2022,510624,510760,MC,9,93,35137.22,1
2022,510624,510790,AC,41,72,128211.35,0
2022,510624,510790,MC,41,219,49949.45,1
2022,510624,510792,AC,1,6,2614.67,0
2022,510624,510792,MC,438,2127,444072.1,17
2022,510624,510795,MC,2,20,835.49,0
2022,510624,510840,MC,5,14,5384.95,0
2022,510625,510020,MC,17,46,18776.46,2
2022,510625,510180,MC,58,297,114711.67,6
2022,510625,510310,MC,1,3,479.19,0
2022,510625,510340,AC,10,38,49601.75,0
2022,510625,510340,MC,35,206,36475.74,1
2022,510625,510525,MC,1,26,482.45,0
2022,510625,510622,MC,1,1,199.33,0
2022,510625,510625,MC,1553,4460,755921.94,49
2022,510625,510704,MC,2,8,7936.42,0
2022,510625,510760,MC,3,32,2883.97,0
2022,510625,510840,AC,1,5,4815.55,0
2022,510625,510840,MC,10,113,40819.9,2
2022,510626,510025,MC,3,6,1740.65,0
2022,510626,510320,MC,1,5,177.07,0
2022,510626,510340,AC,13,77,50851.77,0
2022,510626,510340,MC,16,174,42481.58,0
2022,510626,510410,MC,25,64,8561.45,0
2022,510626,510560,MC,1,1,452.4,0
2022,510626,510622,MC,1,6,3189.74,0
2022,510626,510642,MC,321,1088,276176.4,11
2022,510626,510790,MC,8,32,9130.15,1
2022,510626,510792,MC,1,35,2034.62,0
2022,510626,510840,AC,1,4,5597.95,0
2022,510626,510840,MC,3,16,17007.46,1
2022,510627,510340,AC,8,84,56144.08,0
2022,510627,510340,MC,25,212,26340.7,3
2022,510627,510510,MC,71,139,35270.54,2
2022,510627,510627,MC,165,488,61637.69,5
2022,510627,510790,AC,1,2,2895.59,0
2022,510627,510790,MC,4,39,4182.14,0
2022,510627,510792,MC,2,15,1747.76,0
2022,510627,510840,AC,3,24,13274.26,0
2022,510627,510840,MC,1,2,250.41,0
2022,510628,510020,MC,4,13,2662.96,1
2022,510628,510180,MC,61,195,72474.97,6
2022,510628,510340,AC,5,73,52082.34,1
2022,510628,510340,MC,6,35,8488.78,1
2022,510628,510625,MC,8,12,3578.93,0
2022,510628,510628,MC,526,1027,235055.37,6
2022,510628,510704,MC,6,10,2847.67,1
2022,510628,510760,AC,3,22,33531.65,1
2022,510628,510760,MC,4,26,3819.28,0
2022,510628,510790,MC,1,5,629.81,0
2022,510628,510840,MC,1,6,2050.56,0
2022,510629,510025,MC,270,1219,177476.36,16
2022,510629,510320,MC,1,3,322.48,0
2022,510629,510340,AC,13,60,63847.72,0
2022,510629,510340,MC,27,340,96528.01,1
2022,510629,510560,MC,2,3,1125.83,0
2022,510629,510629,MC,827,2443,357126.29,5
2022,510629,510790,AC,20,21,123069.51,0
2022,510629,510790,MC,1,2,604.28,0
2022,510629,510840,AC,3,39,26916.23,0
2022,510629,510840,MC,9,52,10613.23,0
2022,510630,510020,MC,1,2,199.33,0
2022,510630,510180,MC,6,22,7475.49,0
2022,510630,510267,MC,9,100,11649.54,0
2022,510630,510340,AC,11,82,38280.21,0
2022,510630,510340,MC,40,378,84719.42,4
2022,510630,510629,MC,2,3,928.88,0
2022,510630,510630,MC,1377,3460,682965.31,14
2022,510630,510700,MC,7,3,3144.96,0
2022,510630,510704,MC,72,591,408030.5,6
2022,510630,510760,AC,38,204,292060.21,0
2022,510630,510760,MC,432,2381,650064.88,14
2022,510630,510790,MC,4,55,5553.9,0
2022,510630,510792,MC,18,113,19899.28,2
2022,510630,510840,MC,19,70,22140.47,1
2022,510631,510020,MC,106,259,66573.77,1
2022,510631,510335,MC,1,1,507.6,0
2022,510631,510340,AC,1,1,3537.18,0
2022,510631,510340,MC,4,27,14386.2,0
2022,510631,510840,MC,1,1,85.96,0
2022,510637,510267,MC,3,10,2332.4,2
2022,510637,510340,AC,5,43,58683.51,0
2022,510637,510340,MC,7,58,7233.1,0
2022,510637,510480,MC,2,4,1120.78,0
2022,510637,510637,MC,382,1887,135423.55,16
2022,510637,510700,MC,1,1,195.13,0
2022,510637,510704,MC,13,84,52989.82,4
2022,510637,510760,AC,59,221,340676.21,2
2022,510637,510760,MC,642,3072,936848.64,23
2022,510637,510790,MC,1,10,1265.09,0
2022,510637,510840,AC,2,14,11034.54,0
2022,510637,510840,MC,5,14,1773.98,0
2022,510642,510025,MC,2,13,1489.65,0
2022,510642,510250,MC,2,18,13628.74,2
2022,510642,510320,MC,21,77,10979.87,0
2022,510642,510340,AC,26,154,122543.41,0
2022,510642,510340,MC,74,699,143566.67,3
2022,510642,510410,MC,7,16,2175.78,0
2022,510642,510510,MC,1,1,426.02,0
2022,510642,510525,MC,3,170,4337.49,0
2022,510642,510558,MC,1,8,302.93,0
2022,510642,510560,MC,9,28,4142.93,0
2022,510642,510642,MC,1731,5774,1097704.41,54
2022,510642,510760,MC,1,9,5875.43,0
2022,510642,510790,AC,22,48,82570.9,0
2022,510642,510790,MC,42,281,85232.39,3
2022,510642,510792,MC,9,59,16798.65,1
2022,510642,510805,MC,3,5,1350.25,1
2022,510642,510840,AC,2,20,5415.98,0
2022,510642,510840,MC,9,132,51071.68,3
2022,510645,510020,MC,1,4,2689.17,0
2022,510645,510267,MC,1,1,434.99,0
2022,510645,510340,AC,4,4,8318.94,0
2022,510645,510340,MC,67,386,121365.21,5
2022,510645,510704,MC,2,5,4272.65,1
2022,510645,510760,MC,5,28,11541.55,0
2022,510645,510792,MC,1,2,366.31,0
2022,510645,510840,MC,33,242,64008.28,3
2022,510650,510263,MC,1,1,199.33,0
2022,510650,510340,AC,38,376,267331.75,2
2022,510650,510340,MC,530,2926,851141.66,23
2022,510650,510525,MC,1,2,432.14,0
2022,510650,510650,AC,80,0,61728.0,0
2022,510650,510650,MC,1669,4092,579296.88,24
2022,510650,510760,MC,2,11,5030.03,1
2022,510650,510790,MC,1,4,1942.75,0
2022,510650,510840,AC,4,45,24377.13,0
2022,510650,510840,MC,228,1755,374254.9,19
2022,510665,510020,MC,1,4,2525.52,0
2022,510665,510180,MC,193,553,135925.41,5
2022,510665,510340,AC,7,103,51227.63,0
2022,510665,510340,MC,9,103,27125.48,0
2022,510665,510390,MC,1,2,287.76,0
2022,510665,510625,MC,20,23,11370.59,0
2022,510665,510706,MC,1,11,735.98,0
2022,510665,510820,MC,3,3,2659.9,0
2022,510665,510840,MC,4,48,11511.77,0
2022,510670,510030,MC,2,3,706.19,0
2022,510670,510180,MC,32,78,25896.89,0
2022,510670,510340,AC,4,14,12732.44,0
2022,510670,510340,MC,4,44,3341.1,0
2022,510670,510625,MC,5,6,2767.6,0
2022,510670,510670,MC,100,139,27148.6,0
2022,510670,510760,MC,4,14,4677.5,1
2022,510670,510820,MC,6,7,5140.74,0
2022,510670,510840,MC,1,5,342.14,0
2022,510675,510180,MC,1,2,280.13,0
2022,510675,510250,AC,2,4,1171.36,0
2022,510675,510250,MC,520,2584,740530.1,31
2022,510675,510330,MC,2,8,835.63,0
2022,510675,510335,MC,1,1,485.78,0
2022,510675,510340,AC,52,350,274359.03,0
2022,510675,510340,MC,159,1383,345142.56,12
2022,510675,510500,MC,1,1,498.6,0
2022,510675,510550,MC,20,50,9314.33,0
2022,510675,510562,MC,2,8,1031.54,0
2022,510675,510625,MC,1,3,693.59,0
2022,510675,510642,MC,2,9,812.95,0
2022,510675,510675,AC,3,9,3220.86,0
2022,510675,510675,MC,2911,7867,1248197.22,68
2022,510675,510720,MC,1,1,324.9,0
2022,510675,510760,MC,4,89,60228.65,0
2022,510675,510790,MC,2,24,1979.94,0
2022,510675,510840,AC,1,5,5548.42,0
2022,510675,510840,MC,18,86,22696.43,2
2022,510677,510020,MC,2,4,997.72,0
2022,510677,510180,MC,1,1,422.62,0
2022,510677,510270,MC,1,3,218.68,0
2022,510677,510335,MC,384,939,202263.47,7
2022,510677,510340,AC,1,6,14050.02,0
2022,510677,510340,MC,15,78,9231.05,0
2022,510677,510625,MC,1,2,570.17,0
2022,510677,510642,MC,2,5,609.06,0
2022,510677,510706,MC,3,22,36500.0,1
2022,510677,510760,MC,2,45,12855.22,0
2022,510677,510790,MC,2,14,5735.44,0
2022,510677,510792,MC,1,17,676.05,0
2022,510677,510840,MC,5,26,11652.89,0
2022,510680,510267,MC,1,18,4534.77,0
2022,510680,510320,MC,2,20,3513.32,0
2022,510680,510340,AC,9,30,36305.81,0
2022,510680,510340,MC,15,87,15117.08,1
2022,510680,510510,MC,79,155,39384.62,0
2022,510680,510590,MC,1,1,332.9,0
2022,510680,510680,MC,426,1301,193086.18,12
2022,510680,510790,AC,1,1,6773.24,0
2022,510680,510790,MC,7,52,19783.94,0
2022,510680,510792,MC,5,82,31077.76,1
2022,510680,510840,MC,5,22,8260.8,0
2022,510682,510250,AC,1,5,7723.59,0
2022,510682,510250,MC,453,1827,445378.42,18
2022,510682,510340,AC,12,83,83528.29,0
2022,510682,510340,MC,26,115,25274.07,1
2022,510682,510500,MC,1,1,506.6,0
2022,510682,510510,MC,1,6,600.21,0
2022,510682,510550,MC,1,1,606.91,0
2022,510682,510562,MC,3,14,1527.69,0
2022,510682,510675,MC,6,30,3628.95,0
2022,510682,510760,MC,1,4,6875.81,1
2022,510682,510795,MC,1,2,598.42,0
2022,510682,510840,MC,4,24,7817.66,2
2022,510685,510130,MC,108,306,49787.77,0
2022,510685,510250,MC,1,1,702.77,0
2022,510685,510340,AC,6,25,31426.68,0
2022,510685,510340,MC,32,244,56402.05,1
2022,510685,510622,MC,1,1,744.55,0
2022,510685,510623,MC,1,1,507.6,0
2022,510685,510840,MC,1,3,379.94,0
2022,510700,510180,MC,2,23,1479.24,0
2022,510700,510267,MC,10,147,17468.38,0
2022,510700,510340,AC,7,58,80188.09,1
2022,510700,510340,MC,12,109,27699.98,0
2022,510700,510510,MC,2,14,1127.09,0
2022,510700,510625,MC,1,1,345.22,0
2022,510700,510629,MC,1,2,445.51,0
2022,510700,510630,MC,1,4,361.26,0
2022,510700,510700,MC,1048,2689,541314.92,20
2022,510700,510704,AC,1,1,898.97,0
2022,510700,510704,MC,134,501,311965.29,10
2022,510700,510760,AC,47,260,466370.51,1
2022,510700,510760,MC,367,1925,517655.55,16
2022,510700,510840,AC,1,3,5625.71,0
2022,510700,510840,MC,8,18,3388.16,0
2022,510704,510020,MC,1,1,414.62,0
2022,510704,510130,MC,1,1,516.6,0
2022,510704,510180,MC,15,31,7739.34,0
2022,510704,510250,MC,2,11,5000.74,0
2022,510704,510267,MC,10,96,9986.18,3
2022,510704,510270,MC,1,0,139.42,0
2022,510704,510320,MC,1,1,203.82,0
2022,510704,510325,MC,1,2,598.42,0
2022,510704,510340,AC,44,296,295490.73,0
2022,510704,510340,MC,119,867,251320.58,11
2022,510704,510350,MC,1,1,199.33,0
2022,510704,510390,MC,1,2,332.9,0
2022,510704,510410,MC,1,3,479.19,0
2022,510704,510558,MC,1,5,364.9,0
2022,510704,510622,MC,1,3,1676.32,0
2022,510704,510630,MC,1,22,186.16,0
2022,510704,510642,MC,1,2,617.91,0
2022,510704,510675,MC,1,1,109.24,0
2022,510704,510700,MC,6,16,2145.19,0
2022,510704,510704,AC,14,26,15950.76,0
2022,510704,510704,MC,3789,9112,3613204.61,73
2022,510704,510760,AC,171,591,972897.28,2
2022,510704,510760,MC,569,4509,1749801.7,19
2022,510704,510790,MC,5,38,3135.37,0
2022,510704,510792,MC,2,10,1444.78,1
2022,510704,510820,MC,1,1,545.23,0
2022,510704,510840,AC,4,25,21494.18,0
2022,510704,510840,MC,19,149,28640.58,1
2022,510706,510020,MC,465,1657,471224.42,18
2022,510706,510180,MC,8,21,3994.12,0
2022,510706,510270,MC,13,17,5693.32,0
2022,510706,510335,MC,1,2,499.6,0
2022,510706,510340,AC,10,66,68585.77,0
2022,510706,510340,MC,52,369,106524.55,2
2022,510706,510625,MC,3,4,1116.47,0
2022,510706,510670,MC,2,2,371.89,0
2022,510706,510706,MC,1282,3178,768844.34,9
2022,510706,510760,MC,5,105,32013.19,0
2022,510706,510790,MC,6,7,3817.33,1
2022,510706,510792,MC,2,13,1280.31,0
2022,510706,510840,MC,10,85,12656.5,0
2022,510706,510860,MC,1,1,662.11,0
2022,510710,510250,AC,1,2,794.89,0
2022,510710,510250,MC,519,2153,522700.89,31
2022,510710,510340,AC,18,147,95384.15,0
2022,510710,510340,MC,66,478,188609.12,4
2022,510710,510562,MC,17,52,7420.35,1
2022,510710,510675,MC,4,13,2612.72,0
2022,510710,510760,MC,15,139,12607.06,0
2022,510710,510840,AC,1,3,4830.54,0
2022,510710,510840,MC,10,25,34346.15,6
2022,510715,510180,MC,1,1,266.26,0
2022,510715,510250,MC,94,371,96039.49,3
2022,510715,510340,AC,2,7,24171.97,0
2022,510715,510340,MC,5,45,5613.25,0
2022,510715,510760,MC,1,12,1192.25,0
2022,510715,510840,MC,1,25,18373.31,0
2022,510718,510020,MC,432,1120,331638.47,11
2022,510718,510180,MC,4,11,3648.9,0
2022,510718,510310,MC,1,3,287.76,0
2022,510718,510340,AC,3,8,15437.11,0
2022,510718,510340,MC,6,155,29130.75,0
2022,510718,510625,MC,1,2,645.97,0
2022,510718,510706,MC,17,93,87340.23,1
2022,510718,510718,MC,364,965,136010.96,0
2022,510718,510840,MC,2,19,2926.33,0
2022,510719,510180,MC,28,88,25852.69,3
2022,510719,510340,AC,1,12,10320.35,0
2022,510719,510340,MC,5,32,11103.53,1
2022,510719,510625,MC,5,5,3307.8,0
2022,510719,510704,MC,2,32,18507.66,1
2022,510719,510719,MC,33,129,11166.92,0
2022,510719,510760,MC,4,29,4230.88,0
2022,510719,510820,MC,11,17,6251.74,0
2022,510719,510840,AC,1,4,5587.39,0
2022,510719,510840,MC,1,2,661.39,0
2022,510720,510250,AC,1,3,1021.93,0
2022,510720,510250,MC,186,607,152676.26,7
2022,510720,510340,AC,8,40,34773.23,0
2022,510720,510340,MC,17,98,10433.64,0
2022,510720,510562,MC,2,9,957.52,0
2022,510720,510629,MC,1,1,438.87,0
2022,510720,510720,MC,32,66,17041.25,0
2022,510720,510760,MC,4,62,5438.36,0
2022,510720,510840,AC,1,7,1804.86,0
2022,510720,510840,MC,2,12,1569.51,0
2022,510724,510340,AC,4,22,15747.68,0
2022,510724,510340,MC,4,60,4088.07,1
2022,510724,510525,MC,6,6,2322.36,0
2022,510724,510622,MC,6,30,27781.53,0
2022,510724,510675,MC,1,2,279.8,0
2022,510724,510760,MC,1,23,1977.59,0
2022,510724,510790,AC,6,6,17244.63,0
2022,510724,510790,MC,182,814,254608.7,6
2022,510724,510792,MC,40,259,80768.61,4
2022,510726,510130,MC,94,241,37134.39,1
2022,510726,510340,AC,5,18,30711.4,1
2022,510726,510340,MC,30,233,63229.81,1
2022,510726,510760,MC,2,13,431.19,0
2022,510726,510792,MC,1,0,151.66,0
2022,510726,510795,MC,2,5,462.05,0
2022,510726,510840,MC,3,22,7705.24,0
2022,510729,510340,AC,2,7,2789.64,0
2022,510729,510340,MC,1,2,1111.83,0
2022,510729,510704,MC,5,35,26058.38,1
2022,510729,510760,AC,19,82,107945.52,0
2022,510729,510760,MC,193,993,320819.71,15
2022,510729,510840,MC,1,2,287.09,0
2022,510730,510025,MC,1,1,590.42,0
2022,510730,510130,MC,18,28,7976.58,0
2022,510730,510267,MC,1,12,630.47,0
2022,510730,510340,AC,20,157,121111.62,0
2022,510730,510340,MC,179,1173,292764.18,10
2022,510730,510350,MC,45,73,21755.14,0
2022,510730,510525,MC,1,3,681.11,0
2022,510730,510622,MC,22,60,15393.6,1
2022,510730,510642,MC,1,12,865.91,0
2022,510730,510730,AC,2,2,1499.28,0
2022,510730,510730,MC,855,2289,346833.03,8
2022,510730,510760,MC,2,0,1096.46,0
2022,510730,510790,MC,10,72,13174.67,1
2022,510730,510792,MC,7,26,7116.21,0
2022,510730,510795,MC,3,10,1077.75,0
2022,510730,510840,AC,3,14,9808.09,0
2022,510730,510840,MC,17,244,35659.22,0
2022,510735,510020,MC,1,0,398.68,0
2022,510735,510270,MC,1,1,434.99,0
2022,510735,510320,MC,6,13,4517.13,0
2022,510735,510335,MC,305,821,153307.1,3
2022,510735,510340,MC,19,144,29153.86,0
2022,510735,510560,MC,1,1,452.4,0
2022,510735,510642,MC,10,24,4855.29,0
2022,510735,510706,MC,3,28,50900.0,1
2022,510735,510790,MC,8,29,10411.43,0
2022,510735,510792,MC,1,13,812.12,0
2022,510735,510840,MC,8,111,60417.39,0
2022,510735,510860,MC,1,3,237.28,0
2022,510740,510267,MC,1,4,428.64,1
2022,510740,510340,AC,3,12,23612.34,0
2022,510740,510340,MC,7,29,4474.29,0
2022,510740,510480,MC,140,417,70536.95,4
2022,510740,510520,MC,2,1,365.06,0
2022,510740,510704,MC,4,52,30202.88,1
2022,510740,510760,AC,11,37,47754.28,0
2022,510740,510760,MC,142,629,202284.86,8
2022,510740,510840,MC,1,2,361.63,0
2022,510757,510340,MC,3,9,1323.74,0
2022,510757,510675,MC,2,4,1248.03,0
2022,510760,510130,MC,2,6,855.86,0
2022,510760,510250,MC,6,72,33120.85,0
2022,510760,510263,MC,1,1,44.22,0
2022,510760,510267,MC,9,43,5034.53,3
2022,510760,510270,MC,1,1,582.42,0
2022,510760,510310,MC,1,3,287.76,0
2022,510760,510320,MC,1,4,353.26,0
2022,510760,510340,AC,42,238,359657.23,0
2022,510760,510340,MC,193,1563,253834.82,7
2022,510760,510350,MC,1,5,192.6,0
2022,510760,510410,MC,1,2,136.95,0
2022,510760,510480,MC,8,13,2778.98,0
2022,510760,510510,MC,4,28,2086.83,0
2022,510760,510520,MC,4,10,2134.33,1
2022,510760,510525,MC,2,6,609.38,0
2022,510760,510622,MC,4,9,2106.64,0
2022,510760,510630,MC,2,5,414.26,0
2022,510760,510642,MC,1,0,193.3,0
2022,510760,510700,MC,7,13,3290.89,0
2022,510760,510704,MC,11,49,39817.57,4
2022,510760,510760,AC,996,3219,4955460.6,22
2022,510760,510760,MC,16527,67799,19697497.55,619
2022,510760,510790,MC,2,4,1237.51,0
2022,510760,510792,MC,5,50,6491.26,0
2022,510760,510795,MC,3,14,1211.88,1
2022,510760,510840,AC,8,33,32986.14,0
2022,510760,510840,MC,72,426,119378.52,2
2022,510770,510180,MC,1,3,763.35,0
2022,510770,510250,MC,1,31,8980.58,0
2022,510770,510340,AC,20,102,113999.33,0
2022,510770,510340,MC,311,1905,472190.67,18
2022,510770,510350,MC,48,118,16197.38,1
2022,510770,510510,MC,1,3,634.03,0
2022,510770,510590,MC,6,27,3683.32,0
2022,510770,510622,MC,9,43,9477.51,0
2022,510770,510623,MC,2,3,458.14,0
2022,510770,510760,MC,3,8,3706.78,0
2022,510770,510770,MC,610,2082,279861.42,14
2022,510770,510790,MC,3,8,1383.14,0
2022,510770,510792,MC,1,9,328.53,0
2022,510770,510840,MC,16,151,53538.49,4
2022,510774,510180,MC,1,3,779.75,0
2022,510774,510335,MC,118,369,68312.66,2
2022,510774,510340,AC,4,25,29751.69,0
2022,510774,510340,MC,12,178,54812.61,2
2022,510774,510785,MC,1,3,199.33,0
2022,510774,510840,MC,3,47,7953.65,0
2022,510775,510250,AC,1,2,834.49,0
2022,510775,510250,MC,130,477,112098.11,7
2022,510775,510320,MC,1,3,753.41,0
2022,510775,510340,AC,1,1,3210.94,0
2022,510775,510340,MC,6,48,5110.49,0
2022,510775,510720,MC,1,1,324.9,0
2022,510775,510775,MC,134,436,30329.8,6
2022,510776,510340,AC,3,9,58031.82,0
2022,510776,510340,MC,5,20,2278.44,0
2022,510776,510525,MC,4,1,1217.86,0
2022,510776,510590,MC,1,7,1505.11,0
2022,510776,510622,MC,33,51,19292.96,0
2022,510776,510790,AC,3,4,17559.47,0
2022,510776,510790,MC,11,45,6783.37,0
2022,510776,510792,MC,66,263,49742.72,2
2022,510776,510840,MC,1,0,179.01,0
2022,510777,510335,MC,234,516,127743.54,5
2022,510777,510340,AC,2,1,2014.42,0
2022,510777,510340,MC,17,157,34425.21,3
2022,510777,510706,MC,2,5,11000.0,0
2022,510777,510777,MC,451,1063,186378.54,5
2022,510777,510785,MC,3,8,1232.5,0
2022,510777,510792,MC,1,2,260.02,0
2022,510777,510840,MC,1,13,773.71,0
2022,510777,510860,MC,2,5,642.32,0
2022,510779,510020,MC,2,14,551.41,0
2022,510779,510180,MC,3,3,2013.53,0
2022,510779,510250,MC,1,4,564.04,0
2022,510779,510340,AC,2,17,15521.34,0
2022,510779,510340,MC,1,11,799.18,0
2022,510779,510700,MC,32,52,20916.35,0
2022,510779,510704,MC,121,310,103964.5,1
2022,510779,510760,AC,5,25,42444.69,0
2022,510779,510760,MC,35,251,99595.34,1
2022,510779,510840,AC,1,11,4023.74,0
2022,510779,510840,MC,3,44,4900.72,0
2022,510780,510130,MC,2,4,1468.77,0
2022,510780,510267,MC,4,19,2387.93,0
2022,510780,510340,AC,26,210,144961.56,0
2022,510780,510340,MC,541,3233,993793.95,23
2022,510780,510760,AC,1,7,1809.19,0
2022,510780,510760,MC,30,158,66990.48,1
2022,510780,510840,AC,1,5,5699.85,0
2022,510780,510840,MC,90,686,213907.61,15
2022,510785,510020,MC,12,23,4989.06,0
2022,510785,510180,MC,7,21,3542.79,1
2022,510785,510270,MC,3,6,1568.91,0
2022,510785,510335,MC,19,79,10456.56,1
2022,510785,510340,AC,4,20,23609.9,0
2022,510785,510340,MC,55,516,107959.97,1
2022,510785,510625,MC,1,2,240.97,0
2022,510785,510706,MC,3,13,15249.51,1
2022,510785,510785,MC,728,1580,349906.57,25
2022,510785,510790,MC,8,24,7835.22,0
2022,510785,510792,MC,1,12,758.66,0
2022,510785,510840,AC,1,5,1795.51,0
2022,510785,510840,MC,13,190,67900.14,2
2022,510787,510130,MC,1,2,235.12,0
2022,510787,510180,MC,1,1,346.03,0
2022,510787,510250,MC,5,38,5963.93,2
2022,510787,510263,MC,3,5,2001.98,1
2022,510787,510325,MC,1,1,204.5,0
2022,510787,510330,MC,1,2,622.91,0
2022,510787,510340,AC,22,153,125220.54,0
2022,510787,510340,MC,203,1828,492419.38,9
2022,510787,510410,MC,1,1,242.09,0
2022,510787,510525,MC,2,9,563.45,0
2022,510787,510590,MC,1,0,456.4,0
2022,510787,510622,MC,1,0,334.43,1
2022,510787,510642,MC,2,3,469.71,0
2022,510787,510675,MC,4,7,1444.05,0
2022,510787,510706,MC,1,2,295.76,0
2022,510787,510760,MC,3,30,6221.51,0
2022,510787,510787,MC,1340,4274,662958.55,9
2022,510787,510790,MC,9,106,28120.41,0
2022,510787,510792,MC,2,14,6689.66,0
2022,510787,510795,MC,4,13,1659.79,0
2022,510787,510840,AC,2,8,14003.99,0
2022,510787,510840,MC,9,68,41453.29,1
2022,510788,510020,MC,116,276,72027.14,2
2022,510788,510180,MC,2,4,1185.52,0
2022,510788,510340,AC,2,10,20294.03,0
2022,510788,510340,MC,2,16,4479.76,0
2022,510788,510706,MC,3,6,1233.93,0
2022,510788,510760,MC,1,14,1674.56,0
2022,510788,510785,MC,1,0,329.26,1
2022,510790,510025,MC,8,34,22615.24,1
2022,510790,510080,MC,1,3,602.73,0
2022,510790,510250,MC,7,38,25342.93,0
2022,510790,510263,MC,2,6,1400.98,0
2022,510790,510270,MC,3,4,1431.43,0
2022,510790,510305,MC,1,2,198.81,0
2022,510790,510320,MC,34,272,126630.48,4
2022,510790,510325,MC,2,5,313.74,0
2022,510790,510335,MC,3,100,1523.66,0
2022,510790,510340,AC,73,691,428014.43,0
2022,510790,510340,MC,255,1872,427314.08,10
2022,510790,510410,MC,11,41,4292.13,0
2022,510790,510510,MC,17,67,8554.87,0
2022,510790,510525,MC,45,93,18204.09,0
2022,510790,510558,MC,5,21,2777.77,0
2022,510790,510560,MC,3,11,883.04,1
2022,510790,510590,MC,1,1,67.31,0
2022,510790,510622,MC,243,466,427830.94,6
2022,510790,510629,MC,2,7,921.44,0
2022,510790,510642,MC,17,47,6502.59,0
2022,510790,510730,MC,1,4,370.03,0
2022,510790,510760,AC,4,9,13435.66,0
2022,510790,510760,MC,3,22,2124.36,0
2022,510790,510790,AC,382,838,1183965.35,1
2022,510790,510790,MC,5770,25915,5921199.69,142
2022,510790,510792,AC,1,4,1344.55,0
2022,510790,510792,MC,374,2209,452244.13,19
2022,510790,510805,MC,2,5,418.01,0
2022,510790,510840,AC,6,43,30972.76,0
2022,510790,510840,MC,40,284,126498.82,5
2022,510792,510020,MC,3,17,891.02,0
2022,510792,510130,MC,1,1,246.81,0
2022,510792,510267,MC,1,2,237.4,0
2022,510792,510320,MC,9,38,11820.53,1
2022,510792,510335,MC,1,2,270.38,0
2022,510792,510340,AC,32,198,245641.71,1
2022,510792,510340,MC,85,887,247887.62,6
2022,510792,510410,MC,6,13,2494.59,0
2022,510792,510460,MC,1,1,451.4,0
2022,510792,510480,MC,1,1,304.77,0
2022,510792,510510,MC,2,3,1139.17,0
2022,510792,510517,MC,1,1,45.93,1
2022,510792,510525,MC,36,167,16458.67,0
2022,510792,510558,MC,2,8,1228.84,0
2022,510792,510560,MC,3,15,1412.35,0
2022,510792,510590,MC,2,7,758.39,0
2022,510792,510622,MC,221,356,251293.0,3
2022,510792,510629,MC,1,2,414.62,0
2022,510792,510642,MC,9,50,30349.03,2
2022,510792,510675,MC,1,1,582.42,0
2022,510792,510706,MC,1,3,606.42,0
2022,510792,510760,AC,1,5,8026.26,0
2022,510792,510760,MC,30,371,33422.82,0
2022,510792,510790,AC,162,332,612789.1,0
2022,510792,510790,MC,164,1029,213164.44,15
2022,510792,510792,AC,2,11,3448.32,0
2022,510792,510792,MC,3824,19749,3818362.83,173
2022,510792,510795,MC,1,4,1180.45,0
2022,510792,510805,MC,1,1,873.91,0
2022,510792,510840,AC,8,47,42120.05,0
2022,510792,510840,MC,14,45,6246.96,0
2022,510794,510305,MC,1,2,57.0,0
2022,510794,510340,AC,5,66,67014.86,1
2022,510794,510340,MC,16,135,15549.55,2
2022,510794,510510,MC,97,241,50523.15,0
2022,510794,510525,MC,2,6,1013.84,0
2022,510794,510630,MC,1,1,254.48,0
2022,510794,510642,MC,1,2,282.8,0
2022,510794,510760,AC,1,11,14282.61,0
2022,510794,510760,MC,1,13,7832.48,0
2022,510794,510790,AC,2,3,9276.87,0
2022,510794,510790,MC,32,176,44743.32,5
2022,510794,510792,MC,6,53,21973.06,2
2022,510794,510794,MC,520,830,204786.6,3
2022,510794,510840,AC,2,7,7179.84,0
2022,510794,510840,MC,2,11,3569.28,0
2022,510795,510020,MC,1,4,47.27,0
2022,510795,510025,MC,1,5,388.71,0
2022,510795,510130,MC,79,161,49334.04,0
2022,510795,510180,MC,1,6,622.42,0
2022,510795,510190,MC,2,6,677.69,0
2022,510795,510250,MC,6,42,9754.2,0
2022,510795,510263,MC,5,7,1974.46,1
2022,510795,510267,MC,1,13,1410.46,1
2022,510795,510268,MC,1,5,582.42,0
2022,510795,510325,MC,1,2,324.9,0
2022,510795,510330,MC,1,4,606.42,0
2022,510795,510337,MC,1,2,553.73,0
2022,510795,510340,AC,84,460,369135.89,1
2022,510795,510340,MC,434,3074,789215.59,28
2022,510795,510510,MC,2,8,1264.76,0
2022,510795,510622,MC,4,11,2765.54,0
2022,510795,510650,MC,1,1,315.94,0
2022,510795,510675,MC,17,51,8879.84,1
2022,510795,510706,MC,1,3,308.62,0
2022,510795,510760,MC,8,57,13639.25,1
2022,510795,510790,MC,4,22,3219.69,0
2022,510795,510792,MC,1,1,421.3,0
2022,510795,510795,MC,4517,18123,3210231.88,176
2022,510795,510840,AC,13,106,71045.05,0
2022,510795,510840,MC,61,394,167382.88,11
2022,510800,510020,MC,2,6,457.43,0
2022,510800,510130,MC,1,3,563.92,0
2022,510800,510320,MC,2,8,1284.09,0
2022,510800,510340,AC,18,143,77663.6,1
2022,510800,510340,MC,30,235,77625.88,2
2022,510800,510510,MC,8,29,3287.86,0
2022,510800,510525,MC,24,43,16790.27,0
2022,510800,510622,MC,35,43,22916.33,0
2022,510800,510642,MC,1,5,657.91,0
2022,510800,510790,AC,24,48,78243.76,0
2022,510800,510790,MC,50,303,60940.09,3
2022,510800,510792,MC,337,1410,338393.07,13
2022,510800,510800,MC,424,1199,126622.47,1
2022,510800,510840,MC,5,29,3831.11,0
2022,510805,510025,MC,2,3,833.36,0
2022,510805,510320,MC,5,23,4569.04,0
2022,510805,510340,AC,4,10,13319.14,0
2022,510805,510340,MC,18,147,47024.05,2
2022,510805,510560,MC,3,9,742.42,0
2022,510805,510622,MC,2,23,15277.39,1
2022,510805,510642,MC,229,591,216167.0,4
2022,510805,510760,AC,1,4,11335.55,0
2022,510805,510760,MC,1,23,1977.59,0
2022,510805,510790,AC,22,30,111988.06,0
2022,510805,510790,MC,21,149,25662.15,1
2022,510805,510792,MC,2,30,5425.31,0
2022,510805,510805,MC,370,1439,160076.06,16
2022,510810,510180,MC,1,1,554.73,0
2022,510810,510510,MC,1,7,397.15,0
2022,510810,510704,MC,3,28,39177.56,1
2022,510810,510760,AC,10,28,40120.04,0
2022,510810,510760,MC,111,434,132175.99,4
2022,510810,510810,MC,90,249,35694.21,5
2022,510810,510840,MC,1,1,870.58,0
2022,510820,510020,MC,1,5,292.62,0
2022,510820,510180,MC,39,219,60989.25,6
2022,510820,510340,AC,1,11,2191.79,0
2022,510820,510340,MC,8,63,9051.92,0
2022,510820,510625,MC,1,1,742.52,0
2022,510820,510760,MC,3,7,1349.57,0
2022,510820,510820,MC,176,426,86536.22,6
2022,510820,510840,MC,2,6,1697.65,0
2022,510830,510340,MC,13,37,3995.76,0
2022,510830,510510,MC,1,4,204.5,0
2022,510830,510525,MC,6,10,2297.75,0
2022,510830,510558,MC,1,3,517.7,0
2022,510830,510622,MC,6,6,3003.44,0
2022,510830,510642,MC,1,4,560.65,0
2022,510830,510790,AC,3,4,12834.48,0
2022,510830,510790,MC,106,554,123780.1,3
2022,510830,510792,MC,74,404,69414.89,3
2022,510830,510840,AC,1,9,2967.59,0
2022,510830,510840,MC,1,29,1356.01,0
2022,510835,510250,AC,1,3,866.89,0
2022,510835,510250,MC,28,158,35824.81,1
2022,510835,510340,AC,3,43,33264.03,0
2022,510835,510340,MC,12,85,50799.63,1
2022,510835,510500,MC,1,0,463.21,1
2022,510835,510550,MC,3,3,1424.28,0
2022,510835,510675,MC,91,277,38831.55,3
2022,510840,510130,MC,1,2,461.51,0
2022,510840,510180,MC,2,10,3224.97,0
2022,510840,510250,MC,4,14,3231.98,0
2022,510840,510263,MC,1,1,356.81,0
2022,510840,510267,MC,2,17,655.28,0
2022,510840,510320,MC,2,2,536.66,0
2022,510840,510325,MC,1,3,199.33,0
2022,510840,510340,AC,612,4264,3742465.93,15
2022,510840,510340,MC,5608,30496,8389635.9,215
2022,510840,510410,MC,3,5,1602.82,0
2022,510840,510510,MC,3,8,485.65,0
2022,510840,510520,MC,1,2,582.42,0
2022,510840,510550,MC,1,2,770.7,0
2022,510840,510560,MC,1,2,598.42,0
2022,510840,510590,MC,2,2,1329.81,0
2022,510840,510622,MC,11,23,4258.62,0
2022,510840,510642,MC,2,1,373.48,0
2022,510840,510650,MC,1,2,485.48,0
2022,510840,510675,MC,4,9,1536.97,0
2022,510840,510704,MC,2,8,6471.63,0
2022,510840,510760,AC,3,7,17455.97,0
2022,510840,510760,MC,13,53,8016.82,0
2022,510840,510790,MC,2,8,1875.23,0
2022,510840,510792,MC,7,38,6243.68,0
2022,510840,510795,MC,4,19,2159.0,0
2022,510840,510840,AC,39,260,169620.26,2
2022,510840,510840,MC,7862,54326,14459663.11,491
2022,510850,510130,MC,10,19,7145.82,0
2022,510850,510250,MC,1,4,1199.93,0
2022,510850,510340,AC,13,36,38395.66,0
2022,510850,510340,MC,18,147,10407.38,0
2022,510850,510510,MC,2,3,924.43,0
2022,510850,510525,MC,7,83,4534.96,0
2022,510850,510560,MC,1,0,426.7,0
2022,510850,510622,MC,17,17,10689.36,0
2022,510850,510629,MC,1,2,255.46,0
2022,510850,510630,MC,1,1,467.18,0
2022,510850,510760,MC,2,23,2059.98,0
2022,510850,510790,AC,25,47,45682.91,0
2022,510850,510790,MC,58,307,114545.18,4
2022,510850,510792,MC,278,1297,274479.25,12
2022,510850,510840,MC,1,2,3266.9,0
2022,510860,510020,MC,5,13,8399.79,0
2022,510860,510180,MC,1,7,2185.58,0
2022,510860,510250,MC,1,6,2184.8,0
2022,510860,510263,MC,1,2,513.89,0
2022,510860,510335,MC,222,611,119614.87,2
2022,510860,510340,AC,6,44,16009.49,0
2022,510860,510340,MC,58,571,153722.89,3
2022,510860,510525,MC,1,106,778.02,0
2022,510860,510625,MC,2,7,893.48,1
2022,510860,510706,MC,4,36,63600.0,1
2022,510860,510760,MC,2,7,1081.56,0
2022,510860,510785,MC,2,8,1183.0,0
2022,510860,510790,MC,1,5,218.59,0
2022,510860,510840,AC,3,18,8655.55,0
2022,510860,510840,MC,8,83,96323.6,2
2022,510860,510860,AC,1,12,1003.09,0
2022,510860,510860,MC,907,2077,397849.52,28
2022,510880,510025,MC,3,23,33213.88,1
2022,510880,510320,MC,172,854,309726.67,4
2022,510880,510340,MC,10,95,7667.6,1
2022,510880,510642,MC,4,11,14274.69,1
2022,510880,510790,AC,31,64,79381.63,0
2022,510880,510790,MC,10,45,20077.33,1
2022,510880,510792,MC,2,26,6845.62,1
2022,510880,510805,MC,2,14,514.75,0
2022,510880,510840,MC,2,9,3914.55,1
2022,510885,510130,MC,118,222,53854.11,0
2022,510885,510340,AC,4,54,41236.79,0
2022,510885,510340,MC,52,537,82562.51,1
2022,510885,510350,MC,1,2,524.6,0
2022,510885,510410,MC,1,2,218.68,0
2022,510885,510622,MC,2,3,435.92,0
2022,510885,510760,MC,1,2,247.19,0
2022,510885,510795,MC,3,4,1087.35,0
2022,510885,510840,MC,1,15,4861.27,0
2022,510890,510020,MC,1,2,517.6,0
2022,510890,510180,MC,1,19,582.18,0
2022,510890,510190,MC,1,1,287.76,0
2022,510890,510325,MC,1,2,582.42,0
2022,510890,510340,AC,3,7,10571.61,0
2022,510890,510340,MC,27,154,48889.55,1
2022,510890,510350,MC,9,25,5387.13,0
2022,510890,510510,MC,4,7,1246.03,0
2022,510890,510525,MC,8,17,5569.6,0
2022,510890,510622,MC,8,21,4169.81,0
2022,510890,510760,AC,1,14,28328.96,0
2022,510890,510760,MC,1,9,693.97,0
2022,510890,510790,AC,1,4,5864.26,0
2022,510890,510790,MC,7,29,4882.76,0
2022,510890,510792,MC,132,577,145871.14,4
2022,510890,510795,MC,1,0,480.87,0
2022,510890,510840,MC,1,1,188.78,0
2022,510895,510025,MC,344,1135,229637.51,9
2022,510895,510080,MC,1,2,484.4,0
2022,510895,510320,MC,2,13,2014.07,0
2022,510895,510340,AC,9,50,33893.39,0
2022,510895,510340,MC,23,135,18636.19,0
2022,510895,510480,MC,1,1,199.33,0
2022,510895,510510,MC,2,5,1025.82,0
2022,510895,510629,MC,88,214,49036.39,0
2022,510895,510642,MC,1,6,1179.45,0
2022,510895,510760,MC,4,47,4202.36,0
2022,510895,510790,MC,1,5,1004.67,0
2022,510895,510792,MC,1,6,809.07,0
2022,510895,510820,MC,1,1,1101.54,0
2022,510895,510840,MC,2,5,3534.44,0
2023,510010,510340,AC,9,39,50067.96,0
2023,510010,510340,MC,101,355,145502.52,7
2023,510010,510770,MC,4,9,2609.55,0
2023,510010,510840,AC,1,5,3457.78,0
2023,510010,510840,MC,21,175,58640.42,4
2023,510020,510020,MC,1796,5338,1586436.33,42
2023,510020,510180,MC,18,93,40311.88,1
2023,510020,510267,MC,2,7,373.81,0
2023,510020,510270,MC,3,5,828.18,0
2023,510020,510320,MC,1,9,4306.32,1
2023,510020,510335,MC,2,9,859.45,0
2023,510020,510340,AC,13,67,56999.45,0
2023,510020,510340,MC,50,373,126101.57,3
2023,510020,510525,MC,3,65,1624.89,0
2023,510020,510625,MC,20,51,8365.01,0
2023,510020,510706,MC,1,2,728.87,0
2023,510020,510760,MC,22,220,27275.58,0
2023,510020,510785,MC,1,1,386.1,0
2023,510020,510790,MC,2,10,513.16,0
2023,510020,510792,AC,1,0,2023.53,0
2023,510020,510840,AC,4,57,44046.63,0
2023,510020,510840,MC,35,350,122250.3,3
2023,510025,510025,MC,2530,8719,1625675.57,81
2023,510025,510080,MC,2,3,833.3,0
2023,510025,510250,MC,2,13,1578.1,0
2023,510025,510320,MC,39,203,64063.8,2
2023,510025,510340,AC,53,182,278034.58,0
2023,510025,510340,MC,184,1472,241885.9,9
2023,510025,510410,MC,6,8,2959.92,0
2023,510025,510510,MC,2,2,399.9,0
2023,510025,510525,AC,1,4,1146.69,0
2023,510025,510525,MC,1,1,681.11,0
2023,510025,510558,MC,1,9,646.42,0
2023,510025,510562,MC,1,2,287.76,0
2023,510025,510622,MC,15,46,33460.86,6
2023,510025,510629,MC,173,358,90927.61,1
2023,510025,510642,MC,2,4,834.57,1
2023,510025,510760,MC,5,30,10894.12,0
2023,510025,510790,AC,13,18,47820.71,0
2023,510025,510790,MC,48,313,51218.02,3
2023,510025,510792,AC,4,13,8256.85,1
2023,510025,510792,MC,35,429,62173.52,2
2023,510025,510795,MC,1,1,195.13,0
2023,510025,510805,MC,1,1,434.99,0
2023,510025,510840,AC,22,126,115376.35,1
2023,510025,510840,MC,32,134,60118.66,0
2023,510030,510020,MC,2,14,709.78,0
2023,510030,510030,MC,653,1119,306445.73,18
2023,510030,510060,MC,2,4,2024.68,0
2023,510030,510180,MC,3,4,3123.66,0
2023,510030,510250,MC,5,21,1915.11,0
2023,510030,510267,MC,6,31,4462.9,1
2023,510030,510340,AC,5,19,33575.46,0
2023,510030,510340,MC,11,39,8269.66,1
2023,510030,510622,MC,1,16,9923.94,0
2023,510030,510704,MC,6,39,30862.03,2
2023,510030,510760,AC,36,76,185275.32,0
2023,510030,510760,MC,360,2082,809588.57,17
2023,510030,510790,MC,1,3,562.51,0
2023,510030,510792,MC,3,29,7635.59,0
2023,510030,510840,AC,1,1,5421.97,0
2023,510030,510840,MC,22,120,57844.55,2
2023,510035,510020,MC,9,31,5497.72,1
2023,510035,510180,MC,4,7,3613.28,1
2023,510035,510335,MC,2,3,493.31,0
2023,510035,510340,AC,3,29,9992.62,0
2023,510035,510340,MC,16,79,16527.28,1
2023,510035,510706,MC,2,6,463.84,0
2023,510035,510785,MC,273,778,137456.43,5
2023,510035,510840,AC,1,5,6133.47,0
2023,510035,510840,MC,6,23,6755.08,0
2023,510035,510860,MC,1,4,214.97,0
2023,510040,510030,MC,5,8,1976.27,0
2023,510040,510267,MC,2,28,1648.8,1
2023,510040,510340,AC,8,82,81189.3,0
2023,510040,510340,MC,7,75,8060.56,0
2023,510040,510622,MC,1,1,228.4,0
2023,510040,510630,MC,1,2,174.84,0
2023,510040,510704,MC,2,15,10344.82,0
2023,510040,510760,AC,45,117,252741.45,1
2023,510040,510760,MC,472,1999,692242.0,10
2023,510040,510792,AC,1,12,2924.84,0
2023,510040,510792,MC,1,12,5370.53,0
2023,510040,510820,MC,23,22,17015.79,0
2023,510040,510840,AC,2,8,11799.36,0
2023,510040,510840,MC,20,30,5446.47,0
2023,510050,510020,MC,1,2,322.48,0
2023,510050,510130,MC,10,18,5349.11,0
2023,510050,510170,MC,1,2,470.4,0
2023,510050,510250,MC,1,10,1133.51,0
2023,510050,510267,MC,1,1,1589.7,0
2023,510050,510340,AC,11,62,74484.61,0
2023,510050,510340,MC,84,454,134116.19,6
2023,510050,510350,MC,211,586,109619.59,6
2023,510050,510622,MC,5,27,12064.5,0
2023,510050,510760,MC,8,66,6607.82,1
2023,510050,510840,AC,2,21,6724.86,0
2023,510050,510840,MC,27,189,74686.55,2
2023,510060,510030,MC,4,11,1115.49,0
2023,510060,510060,MC,413,881,246695.29,4
2023,510060,510180,MC,1,3,975.08,0
2023,510060,510267,MC,1,5,904.27,0
2023,510060,510340,AC,1,1,1730.35,0
2023,510060,510340,MC,6,12,2284.94,0
2023,510060,510525,MC,1,3,438.62,0
2023,510060,510625,MC,1,3,1171.7,0
2023,510060,510642,MC,1,1,338.02,0
2023,510060,510704,MC,3,41,17857.48,0
2023,510060,510760,AC,10,85,112303.86,0
2023,510060,510760,MC,153,732,256289.2,6
2023,510060,510792,MC,1,0,385.99,0
2023,510060,510840,MC,8,23,7238.51,1
2023,510080,510025,MC,171,644,120701.85,10
2023,510080,510080,MC,514,1745,204005.62,1
2023,510080,510180,MC,1,1,578.15,0
2023,510080,510320,MC,10,38,8984.77,2
2023,510080,510340,AC,5,52,98047.0,0
2023,510080,510340,MC,21,195,23437.97,2
2023,510080,510510,MC,1,1,444.4,0
2023,510080,510515,MC,1,2,689.11,0
2023,510080,510525,MC,1,53,549.25,0
2023,510080,510622,AC,1,5,2445.87,0
2023,510080,510622,MC,4,72,46001.58,0
2023,510080,510629,MC,56,132,35337.5,0
2023,510080,510706,MC,1,4,568.29,0
2023,510080,510790,AC,4,7,22343.25,0
2023,510080,510790,MC,7,39,6398.37,0
2023,510080,510792,MC,13,48,14457.67,1
2023,510080,510840,AC,2,6,7600.96,0
2023,510080,510840,MC,7,61,15912.23,0
2023,510100,510030,MC,1,1,52.22,0
2023,510100,510180,MC,112,350,94063.17,1
2023,510100,510340,AC,3,9,14134.02,0
2023,510100,510340,MC,13,153,22918.0,1
2023,510100,510510,MC,1,2,708.73,0
2023,510100,510625,MC,6,12,2369.13,0
2023,510100,510642,MC,1,4,524.15,0
2023,510100,510820,MC,10,10,8844.86,0
2023,510100,510840,AC,2,11,10369.04,0
2023,510100,510840,MC,4,13,7093.42,0
2023,510120,510030,MC,5,10,1994.13,0
2023,510120,510267,MC,1,12,838.03,0
2023,510120,510340,AC,1,17,5284.18,0
2023,510120,510760,AC,3,5,8830.1,0
2023,510120,510760,MC,22,71,31414.33,0
2023,510120,510820,MC,3,4,2474.0,0
2023,510120,510840,AC,1,5,5568.99,0
2023,510120,510840,MC,6,100,10709.56,0
2023,510125,510020,MC,1,7,247.33,0
2023,510125,510125,MC,152,409,55777.44,1
2023,510125,510250,AC,1,2,1849.93,0
2023,510125,510250,MC,507,1982,474365.35,17
2023,510125,510263,MC,1,1,298.42,0
2023,510125,510325,MC,1,0,251.96,0
2023,510125,510340,AC,20,132,101714.75,1
2023,510125,510340,MC,64,580,132141.6,6
2023,510125,510515,MC,1,2,430.62,0
2023,510125,510525,MC,1,0,699.46,0
2023,510125,510562,MC,3,8,1390.5,0
2023,510125,510622,MC,3,16,14749.11,2
2023,510125,510642,MC,1,1,338.02,0
2023,510125,510760,AC,2,3,35515.36,1
2023,510125,510760,MC,1,6,569.63,0
2023,510125,510840,AC,3,24,18384.48,0
2023,510125,510840,MC,17,148,42629.92,3
2023,510130,510130,MC,633,1807,260180.04,2
2023,510130,510170,MC,1,5,996.34,0
2023,510130,510250,MC,1,11,1300.69,0
2023,510130,510263,MC,6,13,11507.92,0
2023,510130,510267,MC,4,23,2399.82,0
2023,510130,510340,AC,18,47,59536.26,0
2023,510130,510340,MC,142,855,287318.44,8
2023,510130,510350,MC,7,24,7555.55,1
2023,510130,510622,MC,8,89,43444.27,1
2023,510130,510623,MC,1,3,889.91,0
2023,510130,510760,MC,11,105,10581.84,0
2023,510130,510795,MC,2,3,748.78,0
2023,510130,510840,AC,2,10,7371.42,0
2023,510130,510840,MC,29,231,47448.52,2
2023,510140,510130,MC,2,4,1431.33,0
2023,510140,510140,MC,1077,3746,384484.79,11
2023,510140,510180,MC,1,4,899.1,0
2023,510140,510250,MC,2,15,1588.9,0
2023,510140,510267,MC,1,4,44.22,0
2023,510140,510320,MC,1,9,2808.19,0
2023,510140,510325,MC,2,6,988.63,0
2023,510140,510337,MC,1,3,562.73,0
2023,510140,510340,AC,40,170,149938.28,0
2023,510140,510340,MC,136,1188,334774.06,8
2023,510140,510410,MC,1,9,292.62,0
2023,510140,510510,MC,2,22,1747.37,0
2023,510140,510515,MC,134,924,65431.34,1
2023,510140,510517,MC,1,3,495.21,0
2023,510140,510622,MC,2,42,14947.86,0
2023,510140,510675,MC,1,3,289.17,0
2023,510140,510760,AC,1,6,1565.69,0
2023,510140,510760,MC,6,85,35511.0,0
2023,510140,510770,MC,1,2,907.93,0
2023,510140,510790,MC,2,4,1422.87,1
2023,510140,510792,MC,4,33,18630.44,1
2023,510140,510795,MC,1,2,84.62,0
2023,510140,510840,AC,3,16,9439.24,0
2023,510140,510840,MC,105,601,168284.79,2
2023,510160,510340,AC,16,107,80235.87,0
2023,510160,510340,MC,132,432,139201.24,5
2023,510160,510622,MC,2,5,675.8,0
2023,510160,510650,MC,25,47,12090.39,0
2023,510160,510760,AC,1,2,6259.72,0
2023,510160,510760,MC,1,3,329.26,0
2023,510160,510770,MC,2,4,1542.07,0
2023,510160,510840,AC,2,26,13445.41,0
2023,510160,510840,MC,52,349,91728.01,5
2023,510170,510130,MC,9,11,3906.13,0
2023,510170,510170,MC,1007,2950,457335.02,17
2023,510170,510263,MC,3,5,1702.26,0
2023,510170,510340,AC,64,398,323737.98,1
2023,510170,510340,MC,332,2729,735317.05,20
2023,510170,510350,MC,3,10,1435.66,1
2023,510170,510410,MC,1,6,865.91,0
2023,510170,510510,MC,1,2,444.4,0
2023,510170,510515,MC,2,3,422.14,0
2023,510170,510590,MC,1,1,434.99,0
2023,510170,510622,MC,13,88,41354.49,1
2023,510170,510623,MC,6,13,2735.14,0
2023,510170,510760,MC,3,10,7373.23,0
2023,510170,510785,MC,1,2,199.33,0
2023,510170,510795,MC,3,4,1473.66,0
2023,510170,510840,AC,6,33,35750.64,0
2023,510170,510840,MC,57,561,150729.73,5
2023,510180,510020,MC,29,78,15146.85,2
2023,510180,510180,AC,6,4,5728.3,1
2023,510180,510180,MC,3073,9257,2337215.27,64
2023,510180,510250,MC,1,10,788.5,0
2023,510180,510263,MC,1,2,718.83,0
2023,510180,510267,MC,1,3,371.1,0
2023,510180,510270,MC,4,7,1555.45,0
2023,510180,510335,MC,2,4,616.32,0
2023,510180,510340,AC,10,42,42411.92,0
2023,510180,510340,MC,99,893,255453.93,7
2023,510180,510390,MC,3,12,862.74,0
2023,510180,510510,MC,1,2,591.76,0
2023,510180,510515,MC,2,6,710.54,0
2023,510180,510525,MC,2,34,1052.4,0
2023,510180,510625,MC,11,32,4977.6,0
2023,510180,510704,MC,1,1,165.99,0
2023,510180,510706,MC,5,12,2167.04,0
2023,510180,510760,AC,12,88,203851.42,0
2023,510180,510760,MC,21,123,40299.07,2
2023,510180,510785,MC,2,5,1149.17,0
2023,510180,510790,AC,1,15,2681.54,0
2023,510180,510790,MC,3,16,1988.72,0
2023,510180,510792,AC,1,2,2090.65,0
2023,510180,510792,MC,2,3,1728.62,0
2023,510180,510820,MC,13,12,11876.71,0
2023,510180,510840,AC,17,137,96563.58,0
2023,510180,510840,MC,109,615,201183.05,1
2023,510180,510860,MC,1,3,582.42,0
2023,510185,510020,MC,261,825,299297.9,7
2023,510185,510180,MC,1,4,1402.16,0
2023,510185,510270,MC,2,3,1050.31,0
2023,510185,510340,AC,1,11,10182.27,0
2023,510185,510340,MC,5,63,10418.05,0
2023,510185,510706,MC,10,31,3505.86,0
2023,510185,510718,MC,1,2,246.89,0
2023,510185,510785,MC,6,16,2621.91,0
2023,510185,510840,AC,1,6,5323.54,0
2023,510185,510840,MC,3,27,7945.24,0
2023,510190,510020,MC,1,3,124.25,0
2023,510190,510190,MC,1799,5346,690200.35,14
2023,510190,510250,MC,1,3,879.29,0
2023,510190,510263,MC,2,5,1364.6,0
2023,510190,510320,MC,1,4,630.91,0
2023,510190,510325,MC,1,3,582.42,0
2023,510190,510340,AC,32,162,152083.33,1
2023,510190,510340,MC,127,1133,295140.04,4
2023,510190,510350,MC,2,5,899.77,0
2023,510190,510510,MC,4,7,2221.18,0
2023,510190,510515,MC,132,505,60003.43,2
2023,510190,510622,MC,2,22,12867.64,0
2023,510190,510730,MC,1,4,193.66,0
2023,510190,510760,MC,5,42,4513.61,0
2023,510190,510790,MC,1,9,569.66,0
2023,510190,510792,MC,4,31,2886.85,0
2023,510190,510840,AC,10,99,64012.39,0
2023,510190,510840,MC,38,218,65345.79,1
2023,510250,510020,MC,1,4,470.34,0
2023,510250,510125,MC,1,3,582.42,0
2023,510250,510190,MC,1,1,120.83,0
2023,510250,510250,AC,4,12,4033.44,0
2023,510250,510250,MC,6888,28485,6357965.59,239
2023,510250,510263,MC,1,0,230.76,0
2023,510250,510340,AC,57,592,487810.87,1
2023,510250,510340,MC,219,2042,424610.92,12
2023,510250,510350,MC,2,5,1368.49,0
2023,510250,510515,MC,3,7,1202.2,0
2023,510250,510562,MC,2,6,1218.54,0
2023,510250,510622,MC,4,9,5855.62,0
2023,510250,510675,MC,6,31,3080.72,0
2023,510250,510760,MC,9,93,42848.64,2
2023,510250,510790,MC,7,34,7071.8,0
2023,510250,510792,MC,2,20,1550.2,0
2023,510250,510795,MC,3,2,1463.43,1
2023,510250,510840,AC,10,60,47174.06,0
2023,510250,510840,MC,90,886,332005.41,16
2023,510260,510020,MC,546,2273,492121.94,27
2023,510260,510180,MC,15,49,15669.69,1
2023,510260,510250,MC,1,2,231.13,0
2023,510260,510260,MC,606,2062,269692.45,5
2023,510260,510270,MC,8,66,3499.08,1
2023,510260,510340,AC,2,14,10942.66,0
2023,510260,510340,MC,41,462,118526.19,7
2023,510260,510625,MC,18,47,6346.04,0
2023,510260,510704,MC,3,6,2416.93,0
2023,510260,510706,MC,1,2,234.68,0
2023,510260,510760,MC,5,54,17875.62,0
2023,510260,510792,AC,1,16,6128.93,0
2023,510260,510792,MC,3,29,14057.93,1
2023,510260,510840,AC,3,45,21034.77,0
2023,510260,510840,MC,9,49,9424.28,0
2023,510263,510130,MC,2,3,1380.36,0
2023,510263,510170,MC,1,2,625.91,0
2023,510263,510180,MC,3,6,2228.3,0
2023,510263,510190,MC,3,5,952.77,0
2023,510263,510250,MC,9,49,5937.91,0
2023,510263,510263,MC,2603,5899,1401055.65,46
2023,510263,510267,MC,3,7,513.91,0
2023,510263,510330,MC,1,7,463.21,0
2023,510263,510340,AC,73,284,254023.92,2
2023,510263,510340,MC,250,2083,681805.46,14
2023,510263,510350,MC,2,7,937.31,0
2023,510263,510510,MC,5,13,2373.29,0
2023,510263,510515,MC,11,32,4436.78,0
2023,510263,510525,MC,3,13,1305.78,0
2023,510263,510590,MC,1,0,172.34,0
2023,510263,510622,MC,7,37,23601.91,2
2023,510263,510642,MC,1,5,194.44,0
2023,510263,510704,MC,1,2,685.31,0
2023,510263,510760,AC,1,4,8553.48,0
2023,510263,510760,MC,19,225,35205.15,0
2023,510263,510790,MC,2,15,1402.09,0
2023,510263,510792,MC,6,180,33475.77,0
2023,510263,510795,MC,10,48,4597.01,0
2023,510263,510840,AC,11,89,54333.57,1
2023,510263,510840,MC,25,220,95065.72,4
2023,510267,510020,MC,2,14,1366.55,0
2023,510267,510030,MC,1,2,425.55,0
2023,510267,510180,MC,1,3,753.83,0
2023,510267,510190,MC,1,1,136.95,0
2023,510267,510250,MC,9,25,12901.27,0
2023,510267,510267,MC,2890,7941,1458151.77,69
2023,510267,510320,MC,1,6,543.08,0
2023,510267,510340,AC,50,251,345733.18,1
2023,510267,510340,MC,103,873,274088.99,8
2023,510267,510480,MC,4,7,932.34,0
2023,510267,510510,MC,1,2,251.96,0
2023,510267,510515,MC,1,3,211.13,0
2023,510267,510520,MC,1,0,199.33,0
2023,510267,510622,MC,1,7,3292.53,0
2023,510267,510630,MC,2,4,643.55,0
2023,510267,510704,MC,8,50,29829.52,1
2023,510267,510706,MC,2,4,625.34,0
2023,510267,510760,AC,47,175,364677.88,1
2023,510267,510760,MC,498,2971,1066342.41,8
2023,510267,510785,MC,1,3,582.42,0
2023,510267,510790,MC,1,4,1069.75,0
2023,510267,510792,AC,1,1,2069.48,0
2023,510267,510792,MC,1,1,1948.08,0
2023,510267,510810,MC,1,1,257.32,0
2023,510267,510840,AC,10,59,39414.55,0
2023,510267,510840,MC,32,274,97018.72,2
2023,510268,510250,MC,76,477,113577.74,5
2023,510268,510268,AC,1,0,135.0,1
2023,510268,510268,MC,407,883,165095.48,4
2023,510268,510340,AC,1,3,3485.11,0
2023,510268,510340,MC,4,55,4388.48,0
2023,510268,510622,MC,3,19,764.18,0
2023,510268,510675,MC,219,624,112250.36,2
2023,510268,510840,AC,1,13,12795.37,0
2023,510268,510840,MC,8,25,7650.21,0
2023,510269,510020,MC,1,3,223.33,0
2023,510269,510320,MC,2,24,12911.47,0
2023,510269,510335,MC,228,616,130975.52,1
2023,510269,510340,AC,2,3,14465.93,0
2023,510269,510340,MC,21,182,86157.21,4
2023,510269,510625,MC,1,5,752.8,0
2023,510269,510706,MC,1,1,179.62,0
2023,510269,510760,MC,1,1,416.02,0
2023,510269,510790,MC,1,9,6078.33,0
2023,510269,510792,MC,1,13,1028.73,0
2023,510269,510840,MC,9,41,9992.38,1
2023,510269,510860,MC,1,2,372.54,0
2023,510270,510020,MC,568,2035,663473.5,16
2023,510270,510180,MC,8,32,4596.37,0
2023,510270,510270,MC,970,1925,416773.8,20
2023,510270,510340,AC,18,54,73767.59,0
2023,510270,510340,MC,34,260,113035.64,3
2023,510270,510625,MC,8,45,3298.27,0
2023,510270,510706,MC,9,40,5234.0,0
2023,510270,510760,MC,4,43,15049.72,0
2023,510270,510790,MC,2,6,1284.7,0
2023,510270,510840,MC,14,52,19313.26,0
2023,510279,510025,MC,355,1079,221783.63,8
2023,510279,510267,MC,1,4,491.18,0
2023,510279,510320,MC,11,102,28417.52,0
2023,510279,510340,AC,10,81,45350.42,1
2023,510279,510340,MC,20,110,42837.4,0
2023,510279,510622,MC,2,17,11445.02,0
2023,510279,510629,MC,73,169,50670.54,0
2023,510279,510642,MC,1,6,972.97,0
2023,510279,510706,MC,1,10,359.22,0
2023,510279,510790,AC,13,23,27477.09,0
2023,510279,510790,MC,18,97,11900.51,1
2023,510279,510792,AC,2,14,5770.9,0
2023,510279,510792,MC,6,38,7391.73,0
2023,510279,510840,AC,6,33,31027.01,0
2023,510279,510840,MC,17,108,24788.98,0
2023,510285,510190,MC,1,1,109.24,0
2023,510285,510337,MC,2,5,758.23,0
2023,510285,510340,AC,12,37,23997.49,0
2023,510285,510340,MC,29,283,56295.24,2
2023,510285,510515,MC,211,1000,109720.06,1
2023,510285,510622,MC,2,25,5154.99,0
2023,510285,510730,MC,2,1,589.0,0
2023,510285,510840,MC,23,200,81038.78,3
2023,510300,510170,MC,1,1,462.4,0
2023,510300,510267,MC,18,122,14228.47,0
2023,510300,510340,AC,48,309,280213.92,0
2023,510300,510340,MC,678,3069,757031.16,16
2023,510300,510350,MC,1,3,617.91,0
2023,510300,510515,MC,1,3,438.62,0
2023,510300,510560,MC,1,1,739.66,0
2023,510300,510590,MC,2,3,962.87,0
2023,510300,510622,MC,2,4,548.95,0
2023,510300,510760,MC,2,37,6900.53,0
2023,510300,510770,MC,1,2,637.97,0
2023,510300,510790,MC,1,2,525.6,0
2023,510300,510840,AC,10,48,51714.82,0
2023,510300,510840,MC,201,1467,399829.51,12
2023,510305,510025,MC,12,52,5893.98,0
2023,510305,510180,MC,1,1,681.11,0
2023,510305,510305,MC,541,1415,176163.32,14
2023,510305,510320,MC,9,50,6817.45,0
2023,510305,510340,AC,2,4,11766.81,0
2023,510305,510340,MC,8,68,9272.15,0
2023,510305,510480,MC,1,1,193.66,0
2023,510305,510525,MC,2,20,1832.35,0
2023,510305,510622,MC,42,187,115231.01,2
2023,510305,510642,MC,1,4,1033.79,0
2023,510305,510760,MC,4,26,7171.88,0
2023,510305,510790,AC,52,101,172424.22,0
2023,510305,510790,MC,309,1210,243316.23,7
2023,510305,510792,MC,140,530,116582.6,1
2023,510305,510840,AC,1,4,3776.24,0
2023,510305,510840,MC,8,103,32312.68,0
2023,510310,510020,MC,236,620,244369.11,7
2023,510310,510180,MC,1,4,553.77,0
2023,510310,510310,MC,279,775,72224.54,4
2023,510310,510335,MC,1,2,316.43,0
2023,510310,510340,MC,2,57,2932.37,0
2023,510310,510840,AC,1,3,1741.18,0
2023,510310,510840,MC,4,22,7419.65,0
2023,510320,510025,MC,1,1,355.46,0
2023,510320,510190,MC,1,2,199.33,0
2023,510320,510250,MC,1,4,430.67,0
2023,510320,510305,MC,1,0,582.42,0
2023,510320,510320,AC,1,3,1843.52,0
2023,510320,510320,MC,1638,8106,1895821.83,105
2023,510320,510340,AC,39,209,148865.31,1
2023,510320,510340,MC,112,631,155775.58,6
2023,510320,510350,MC,1,1,624.91,0
2023,510320,510410,MC,8,16,2902.54,0
2023,510320,510510,MC,2,4,1470.95,0
2023,510320,510525,MC,2,27,751.48,0
2023,510320,510560,MC,1,1,155.71,0
2023,510320,510622,AC,2,15,10727.82,0
2023,510320,510622,MC,12,117,62961.95,3
2023,510320,510625,MC,1,3,56.38,0
2023,510320,510629,MC,1,1,506.6,0
2023,510320,510642,MC,8,21,3367.89,1
2023,510320,510706,MC,2,6,1070.03,0
2023,510320,510760,MC,6,19,12084.17,0
2023,510320,510790,AC,51,108,128880.7,0
2023,510320,510790,MC,56,361,88942.93,5
2023,510320,510792,AC,4,13,8675.49,1
2023,510320,510792,MC,28,300,81128.72,3
2023,510320,510805,MC,11,11,4250.53,0
2023,510320,510840,AC,8,52,42521.19,0
2023,510320,510840,MC,31,134,35242.85,0
2023,510325,510025,MC,1,9,782.96,0
2023,510325,510130,MC,8,27,5931.28,0
2023,510325,510250,MC,1,10,284.03,0
2023,510325,510267,MC,1,0,606.46,0
2023,510325,510320,MC,3,18,1476.6,0
2023,510325,510325,MC,1281,3184,481306.05,18
2023,510325,510337,MC,1,2,142.84,0
2023,510325,510340,AC,35,50,76288.0,0
2023,510325,510340,MC,96,848,258894.87,2
2023,510325,510510,MC,2,9,1332.87,0
2023,510325,510515,MC,156,833,69712.18,1
2023,510325,510760,AC,2,3,7167.4,0
2023,510325,510760,MC,7,81,44836.0,0
2023,510325,510790,MC,2,19,12359.13,1
2023,510325,510792,MC,2,14,2132.54,0
2023,510325,510840,AC,6,54,39155.53,0
2023,510325,510840,MC,36,308,88199.75,3
2023,510330,510130,MC,6,14,3724.65,0
2023,510330,510250,MC,150,897,224775.77,4
2023,510330,510268,MC,1,0,141.04,0
2023,510330,510330,AC,1,5,1013.08,0
2023,510330,510330,MC,1238,4676,567248.86,13
2023,510330,510340,AC,39,149,168419.08,0
2023,510330,510340,MC,84,483,83826.15,6
2023,510330,510410,MC,3,17,1350.11,0
2023,510330,510515,MC,1,1,707.46,0
2023,510330,510525,MC,1,4,426.7,0
2023,510330,510550,MC,8,18,3960.52,0
2023,510330,510622,MC,1,5,5038.4,1
2023,510330,510675,MC,315,826,172748.04,10
2023,510330,510760,MC,1,5,3177.92,0
2023,510330,510792,MC,1,4,502.92,0
2023,510330,510840,AC,5,25,35366.98,0
2023,510330,510840,MC,19,130,60730.45,3
2023,510335,510020,MC,8,17,4229.28,0
2023,510335,510180,MC,9,29,3494.06,0
2023,510335,510250,MC,1,2,806.49,0
2023,510335,510267,MC,4,30,3600.73,1
2023,510335,510320,MC,1,2,2658.99,1
2023,510335,510335,AC,2,2,2758.6,0
2023,510335,510335,MC,2606,8000,1343200.78,45
2023,510335,510340,AC,14,134,93666.74,0
2023,510335,510340,MC,102,1102,474289.15,10
2023,510335,510350,MC,1,17,921.98,0
2023,510335,510525,MC,2,14,1103.55,0
2023,510335,510625,MC,1,1,52.22,0
2023,510335,510704,MC,1,2,3004.65,0
2023,510335,510706,MC,2,11,1445.91,0
2023,510335,510760,MC,11,130,28240.77,0
2023,510335,510777,MC,1,0,199.33,0
2023,510335,510785,MC,2,4,1325.59,0
2023,510335,510790,AC,2,24,4500.59,0
2023,510335,510790,MC,3,26,11866.57,0
2023,510335,510792,MC,2,13,1356.63,0
2023,510335,510840,AC,6,38,38650.23,1
2023,510335,510840,MC,33,385,105607.1,2
2023,510335,510860,MC,1,1,463.21,0
2023,510336,510250,MC,50,246,39448.65,1
2023,510336,510340,AC,6,8,19619.06,0
2023,510336,510340,MC,13,112,45782.15,2
2023,510336,510550,MC,6,17,3006.11,0
2023,510336,510675,MC,176,530,82670.56,3
2023,510336,510840,AC,1,8,6038.7,0
2023,510336,510840,MC,5,44,28235.57,2
2023,510337,510320,MC,1,6,1593.49,0
2023,510337,510325,MC,10,32,3649.48,1
2023,510337,510337,MC,540,1465,199873.38,6
2023,510337,510340,AC,12,21,56919.94,2
2023,510337,510340,MC,66,429,123206.38,1
2023,510337,510410,MC,1,1,199.33,0
2023,510337,510515,MC,110,480,51666.6,1
2023,510337,510517,MC,2,7,944.69,0
2023,510337,510525,MC,2,80,1181.29,0
2023,510337,510790,MC,2,45,26844.44,0
2023,510337,510840,AC,4,28,23070.19,0
2023,510337,510840,MC,45,225,67999.65,3
2023,510340,510020,MC,5,14,5926.07,1
2023,510340,510060,MC,1,2,1280.55,0
2023,510340,510130,MC,3,8,2179.25,0
2023,510340,510180,MC,4,24,8151.9,1
2023,510340,510250,AC,1,3,892.09,0
2023,510340,510250,MC,19,62,10806.5,0
2023,510340,510263,MC,4,6,2711.78,0
2023,510340,510267,MC,11,24,4336.55,0
2023,510340,510325,MC,1,10,338.03,0
2023,510340,510340,AC,1748,11927,11369902.63,42
2023,510340,510340,MC,28080,151508,38683799.59,1014
2023,510340,510350,MC,6,14,2821.3,0
2023,510340,510410,MC,3,6,974.65,0
2023,510340,510480,MC,2,4,370.75,0
2023,510340,510510,MC,1,5,228.7,0
2023,510340,510515,MC,10,45,3165.68,0
2023,510340,510520,MC,3,2,306.82,0
2023,510340,510525,MC,11,98,7229.02,0
2023,510340,510550,MC,1,2,996.34,0
2023,510340,510560,MC,1,1,507.6,0
2023,510340,510590,MC,5,11,1618.04,0
2023,510340,510622,AC,1,17,14308.73,0
2023,510340,510622,MC,17,73,42820.05,2
2023,510340,510625,MC,2,10,575.95,0
2023,510340,510642,MC,3,6,1443.55,0
2023,510340,510650,MC,1,6,395.15,0
2023,510340,510675,MC,1,3,426.29,0
2023,510340,510704,MC,8,10,4937.48,0
2023,510340,510706,MC,1,4,1266.05,0
2023,510340,510760,AC,5,29,56822.73,0
2023,510340,510760,MC,47,203,61626.22,1
2023,510340,510770,MC,1,2,545.73,0
2023,510340,510790,MC,15,84,10836.94,0
2023,510340,510792,MC,14,57,19083.71,0
2023,510340,510795,MC,1,2,342.09,0
2023,510340,510805,MC,2,4,731.49,0
2023,510340,510840,AC,76,484,418346.57,1
2023,510340,510840,MC,981,8306,2500628.5,98
2023,510343,510250,AC,1,1,900.33,0
2023,510343,510250,MC,292,1306,288621.67,14
2023,510343,510340,AC,9,136,111872.42,0
2023,510343,510340,MC,30,225,32449.98,1
2023,510343,510562,MC,11,57,6666.21,0
2023,510343,510622,MC,1,4,1962.95,0
2023,510343,510840,MC,13,200,75088.03,2
2023,510345,510130,MC,189,482,88220.72,2
2023,510345,510170,MC,3,5,1700.22,0
2023,510345,510250,MC,1,5,1794.47,0
2023,510345,510340,AC,9,55,34813.7,0
2023,510345,510340,MC,61,307,96778.8,2
2023,510345,510622,MC,1,2,67.31,0
2023,510345,510760,MC,2,37,3213.58,0
2023,510345,510840,AC,3,26,15751.53,0
2023,510345,510840,MC,18,73,41074.86,1
2023,510350,510130,MC,2,13,1087.85,0
2023,510350,510250,MC,3,4,1812.82,0
2023,510350,510267,MC,2,11,1371.3,0
2023,510350,510340,AC,50,223,226061.31,1
2023,510350,510340,MC,247,1961,661022.87,20
2023,510350,510350,MC,1225,3228,637105.4,12
2023,510350,510510,MC,2,6,1194.14,0
2023,510350,510515,MC,2,5,808.48,0
2023,510350,510525,MC,2,38,1774.01,0
2023,510350,510550,MC,1,3,218.68,0
2023,510350,510590,MC,2,6,430.66,0
2023,510350,510622,MC,15,94,37910.48,3
2023,510350,510675,MC,1,5,270.38,0
2023,510350,510704,MC,1,0,262.54,0
2023,510350,510760,MC,7,95,8687.14,0
2023,510350,510790,MC,1,2,839.96,0
2023,510350,510792,MC,2,8,700.95,0
2023,510350,510795,MC,10,106,9694.97,1
2023,510350,510840,AC,10,40,44319.38,0
2023,510350,510840,MC,60,522,157588.64,2
2023,510360,510267,MC,19,44,9511.36,2
2023,510360,510340,AC,13,55,89583.43,0
2023,510360,510340,MC,23,122,20963.2,1
2023,510360,510360,MC,509,1032,216736.21,7
2023,510360,510410,MC,1,3,503.19,0
2023,510360,510480,MC,32,49,16855.4,0
2023,510360,510520,MC,1,2,44.22,0
2023,510360,510525,MC,1,3,629.83,0
2023,510360,510629,MC,1,0,407.88,0
2023,510360,510700,MC,1,9,865.91,0
2023,510360,510704,MC,4,28,14527.23,1
2023,510360,510760,AC,17,74,133992.2,2
2023,510360,510760,MC,247,1003,318883.29,8
2023,510360,510840,AC,1,3,5468.37,0
2023,510360,510840,MC,14,57,18210.19,1
2023,510370,510020,MC,1,6,291.96,0
2023,510370,510025,MC,8,38,4034.2,0
2023,510370,510270,MC,4,6,1279.1,0
2023,510370,510320,MC,11,60,10157.64,1
2023,510370,510340,AC,10,102,130117.39,1
2023,510370,510340,MC,20,148,16723.11,0
2023,510370,510510,MC,1,3,460.4,0
2023,510370,510525,MC,5,18,2067.72,0
2023,510370,510558,MC,3,6,1787.26,0
2023,510370,510622,MC,27,52,31006.0,1
2023,510370,510704,MC,1,2,324.2,0
2023,510370,510706,MC,2,5,1020.65,0
2023,510370,510760,MC,2,14,1427.96,0
2023,510370,510790,AC,46,91,162714.03,0
2023,510370,510790,MC,115,573,102549.78,4
2023,510370,510792,MC,295,1368,271700.13,12
2023,510370,510840,AC,3,10,15504.43,0
2023,510370,510840,MC,5,28,7548.27,0
2023,510380,510250,MC,99,331,88995.54,5
2023,510380,510340,AC,7,21,33086.57,0
2023,510380,510340,MC,16,47,9966.08,1
2023,510380,510515,MC,1,6,913.91,0
2023,510380,510562,MC,1,2,258.05,0
2023,510380,510675,MC,70,198,34926.81,3
2023,510380,510840,MC,7,22,11963.3,1
2023,510385,510020,AC,1,0,2419.52,1
2023,510385,510020,MC,263,676,222575.38,5
2023,510385,510180,MC,1,1,517.6,0
2023,510385,510270,MC,40,80,15360.2,0
2023,510385,510340,AC,13,36,35741.3,0
2023,510385,510340,MC,18,136,29573.99,0
2023,510385,510385,MC,88,241,31021.62,0
2023,510385,510510,MC,1,1,402.83,0
2023,510385,510625,MC,1,2,1241.0,0
2023,510385,510630,MC,1,3,391.44,0
2023,510385,510704,MC,1,15,3456.97,0
2023,510385,510706,MC,2,4,1325.25,0
2023,510385,510760,MC,5,55,34826.75,0
2023,510385,510790,MC,3,13,1509.62,0
2023,510385,510840,MC,4,15,8214.92,0
2023,510390,510180,MC,115,455,96234.88,3
2023,510390,510340,MC,15,173,28160.65,0
2023,510390,510390,MC,183,521,87892.59,2
2023,510390,510625,MC,2,3,560.55,0
2023,510390,510700,MC,4,10,2107.69,0
2023,510390,510704,MC,152,411,105251.8,1
2023,510390,510760,AC,1,7,27155.2,0
2023,510390,510760,MC,11,93,53441.69,1
2023,510390,510792,AC,1,0,2031.53,0
2023,510390,510820,MC,1,1,1004.34,0
2023,510390,510840,AC,1,8,5801.05,0
2023,510390,510840,MC,4,45,17457.16,0
2023,510395,510250,MC,171,542,139816.38,7
2023,510395,510340,AC,4,19,22719.61,0
2023,510395,510340,MC,21,115,37677.73,0
2023,510395,510760,MC,1,10,906.39,0
2023,510395,510840,AC,2,10,4918.87,0
2023,510395,510840,MC,3,19,6892.36,0
2023,510410,510025,MC,1,7,770.72,0
2023,510410,510320,MC,22,112,38817.0,3
2023,510410,510340,AC,29,175,219165.82,1
2023,510410,510340,MC,102,749,189818.52,5
2023,510410,510350,MC,1,3,332.29,0
2023,510410,510410,MC,2660,6523,1239619.29,28
2023,510410,510510,MC,2,4,1419.28,0
2023,510410,510515,MC,1,3,68.22,0
2023,510410,510525,MC,2,15,752.38,0
2023,510410,510560,MC,4,8,1729.23,0
2023,510410,510622,MC,12,152,81055.66,3
2023,510410,510625,MC,1,2,495.19,0
2023,510410,510642,MC,23,87,11011.02,0
2023,510410,510760,MC,3,7,628.13,0
2023,510410,510770,MC,1,1,53.93,0
2023,510410,510790,AC,30,58,122180.24,0
2023,510410,510790,MC,37,253,63599.19,1
2023,510410,510792,MC,25,174,54068.45,4
2023,510410,510840,AC,7,36,26199.34,1
2023,510410,510840,MC,16,170,81797.48,1
2023,510420,510020,MC,1,0,219.12,0
2023,510420,510340,AC,3,9,14520.13,0
2023,510420,510340,MC,22,148,25768.14,0
2023,510420,510420,MC,539,1179,202711.77,12
2023,510420,510480,MC,2,3,259.55,0
2023,510420,510525,MC,1,1,543.08,0
2023,510420,510700,MC,1,6,747.46,0
2023,510420,510704,MC,4,25,9321.6,0
2023,510420,510760,AC,53,174,222233.0,3
2023,510420,510760,MC,435,2674,864945.37,21
2023,510420,510792,MC,1,9,5639.91,0
2023,510420,510810,MC,5,30,2362.28,2
2023,510420,510820,MC,1,3,1004.34,0
2023,510420,510840,AC,3,11,17587.79,0
2023,510420,510840,MC,10,46,15799.53,1
2023,510450,510250,MC,97,468,96058.52,8
2023,510450,510340,AC,2,40,40351.32,0
2023,510450,510340,MC,12,81,23668.55,2
2023,510450,510675,MC,1,1,1494.47,0
2023,510450,510840,AC,3,28,11402.11,0
2023,510450,510840,MC,4,76,25264.28,0
2023,510452,510025,MC,6,28,3555.73,0
2023,510452,510250,MC,1,7,875.2,0
2023,510452,510267,MC,1,1,703.93,0
2023,510452,510340,AC,6,27,22508.11,0
2023,510452,510340,MC,24,108,42138.92,0
2023,510452,510510,MC,1,13,1415.05,0
2023,510452,510525,MC,9,14,3021.26,0
2023,510452,510622,MC,31,36,23239.59,1
2023,510452,510790,MC,26,120,17572.44,0
2023,510452,510792,MC,209,1077,170283.96,7
2023,510452,510840,AC,1,4,5751.33,0
2023,510452,510840,MC,16,72,28576.15,1
2023,510454,510025,MC,3,13,1552.15,0
2023,510454,510320,MC,2,10,1026.79,0
2023,510454,510340,AC,7,35,18020.1,0
2023,510454,510340,MC,12,84,7875.48,0
2023,510454,510510,MC,4,7,1975.81,0
2023,510454,510515,MC,2,7,441.51,0
2023,510454,510525,MC,6,18,7820.86,0
2023,510454,510560,MC,1,6,329.26,0
2023,510454,510622,MC,13,63,39787.66,0
2023,510454,510790,MC,20,95,11747.09,0
2023,510454,510792,AC,1,6,1944.66,0
2023,510454,510792,MC,207,981,183280.81,7
2023,510454,510840,AC,1,3,5533.18,0
2023,510454,510840,MC,2,4,4155.8,0
2023,510455,510025,MC,4,11,2310.03,0
2023,510455,510320,MC,183,781,224916.06,7
2023,510455,510340,AC,6,48,35085.55,1
2023,510455,510340,MC,27,233,34758.66,1
2023,510455,510410,MC,6,12,6537.31,0
2023,510455,510510,MC,1,2,225.7,0
2023,510455,510622,MC,11,40,38042.46,3
2023,510455,510642,MC,1,2,192.6,0
2023,510455,510790,AC,8,10,31392.35,0
2023,510455,510790,MC,13,127,18739.13,1
2023,510455,510792,MC,11,61,15628.04,3
2023,510455,510805,MC,2,6,1038.77,0
2023,510455,510840,AC,1,10,5713.55,0
2023,510460,510267,MC,6,62,3323.42,0
2023,510460,510340,AC,1,21,7435.73,0
2023,510460,510340,MC,15,124,14508.0,1
2023,510460,510420,MC,1,10,324.9,0
2023,510460,510460,AC,35,35,27005.66,0
2023,510460,510460,MC,491,1233,176686.3,8
2023,510460,510515,MC,1,15,570.04,0
2023,510460,510622,MC,1,3,167.14,0
2023,510460,510704,MC,8,56,36942.41,1
2023,510460,510760,AC,46,174,400577.4,1
2023,510460,510760,MC,499,1980,679836.87,14
2023,510460,510790,MC,2,20,990.87,0
2023,510460,510792,MC,1,8,4943.94,0
2023,510460,510840,AC,3,13,19917.05,0
2023,510460,510840,MC,9,90,20256.39,0
2023,510480,510263,MC,1,2,44.22,0
2023,510480,510267,MC,25,215,27789.03,7
2023,510480,510340,AC,24,186,230153.32,0
2023,510480,510340,MC,67,389,101650.79,6
2023,510480,510480,MC,1334,3901,666735.73,32
2023,510480,510520,MC,1,2,193.66,0
2023,510480,510622,MC,2,4,478.13,0
2023,510480,510704,MC,23,239,125897.9,5
2023,510480,510760,AC,142,413,584269.64,0
2023,510480,510760,MC,626,3224,1061516.46,42
2023,510480,510790,MC,1,1,279.8,0
2023,510480,510792,MC,1,4,954.57,0
2023,510480,510795,MC,1,1,199.83,0
2023,510480,510840,AC,7,29,33329.94,0
2023,510480,510840,MC,28,123,52237.84,3
2023,510490,510130,MC,1,2,472.43,0
2023,510490,510340,AC,15,63,92311.45,1
2023,510490,510340,MC,206,769,247870.32,8
2023,510490,510650,MC,19,26,12749.67,0
2023,510490,510770,MC,13,31,8234.08,0
2023,510490,510840,AC,2,5,636.32,0
2023,510490,510840,MC,88,840,313780.78,10
2023,510500,510250,MC,148,672,195570.11,14
2023,510500,510267,MC,2,8,522.72,0
2023,510500,510340,AC,22,151,76736.36,0
2023,510500,510340,MC,35,249,41110.22,1
2023,510500,510500,MC,128,390,51308.96,7
2023,510500,510510,MC,1,3,547.3,0
2023,510500,510550,MC,2,5,847.77,0
2023,510500,510560,MC,1,1,554.73,0
2023,510500,510562,MC,1,2,453.4,0
2023,510500,510622,MC,2,44,34032.09,0
2023,510500,510675,MC,249,674,128303.12,7
2023,510500,510760,AC,2,8,10971.21,0
2023,510500,510760,MC,3,65,41024.62,1
2023,510500,510840,MC,4,94,15409.4,0
2023,510510,510025,MC,2,8,1940.65,0
2023,510510,510250,MC,4,14,3330.36,0
2023,510510,510320,MC,2,6,2651.26,0
2023,510510,510325,MC,1,1,596.12,0
2023,510510,510340,AC,19,198,212268.46,0
2023,510510,510340,MC,122,859,159750.24,3
2023,510510,510410,MC,1,1,590.42,0
2023,510510,510510,MC,1708,5458,862566.02,70
2023,510510,510515,MC,27,90,11953.84,0
2023,510510,510517,MC,1,2,561.73,0
2023,510510,510525,MC,5,97,3208.71,0
2023,510510,510622,MC,11,172,114764.61,2
2023,510510,510627,MC,3,5,854.1,0
2023,510510,510642,MC,1,6,559.02,0
2023,510510,510680,MC,1,1,873.91,0
2023,510510,510760,MC,4,29,19469.29,0
2023,510510,510790,MC,51,367,99072.19,7
2023,510510,510792,AC,2,11,4051.09,0
2023,510510,510792,MC,28,347,64000.4,0
2023,510510,510800,MC,1,1,265.26,0
2023,510510,510840,AC,10,82,41132.85,0
2023,510510,510840,MC,33,130,69160.11,1
2023,510515,510025,MC,2,6,966.32,0
2023,510515,510140,MC,1,2,199.33,0
2023,510515,510190,MC,1,2,262.48,0
2023,510515,510250,MC,1,2,908.91,0
2023,510515,510263,MC,2,4,2419.29,0
2023,510515,510267,MC,5,44,4911.55,0
2023,510515,510320,MC,1,3,467.4,0
2023,510515,510325,MC,4,5,1009.85,0
2023,510515,510340,AC,81,349,363059.69,3
2023,510515,510340,MC,225,1822,638902.91,15
2023,510515,510350,MC,3,9,2705.98,0
2023,510515,510510,MC,5,12,2223.14,0
2023,510515,510515,AC,6,10,2332.63,0
2023,510515,510515,MC,3309,12024,1456095.12,32
2023,510515,510525,MC,1,37,1153.27,0
2023,510515,510622,MC,8,73,42852.96,1
2023,510515,510642,MC,1,1,132.51,0
2023,510515,510675,MC,1,3,199.33,0
2023,510515,510760,AC,4,12,29058.17,0
2023,510515,510760,MC,6,31,10001.1,0
2023,510515,510790,MC,13,86,13233.37,0
2023,510515,510792,AC,1,11,2827.4,0
2023,510515,510792,MC,5,23,3930.31,0
2023,510515,510840,AC,10,45,39644.61,0
2023,510515,510840,MC,108,660,262674.17,2
2023,510517,510025,MC,1,1,195.13,0
2023,510517,510250,MC,2,6,1536.78,0
2023,510517,510267,MC,3,27,2129.9,1
2023,510517,510325,MC,2,1,772.27,0
2023,510517,510337,MC,1,4,562.73,0
2023,510517,510340,AC,27,119,160229.22,0
2023,510517,510340,MC,62,540,188655.61,4
2023,510517,510510,MC,5,24,4026.69,0
2023,510517,510515,MC,163,691,72542.25,1
2023,510517,510517,MC,569,2243,213919.65,11
2023,510517,510525,MC,1,14,882.02,0
2023,510517,510622,MC,3,33,21781.68,1
2023,510517,510790,MC,5,30,5867.77,0
2023,510517,510792,MC,3,23,6399.62,0
2023,510517,510840,AC,4,21,19447.75,0
2023,510517,510840,MC,37,135,52379.93,0
2023,510520,510267,MC,11,82,9030.91,1
2023,510520,510340,AC,10,50,69639.56,0
2023,510520,510340,MC,20,99,22785.46,2
2023,510520,510480,MC,50,72,30802.95,0
2023,510520,510510,MC,1,3,679.51,0
2023,510520,510515,MC,1,13,686.42,0
2023,510520,510520,MC,666,1615,232858.53,10
2023,510520,510622,MC,1,7,2342.82,0
2023,510520,510700,MC,1,1,360.8,0
2023,510520,510704,MC,14,107,60280.66,3
2023,510520,510760,AC,70,188,275836.85,3
2023,510520,510760,MC,358,1644,483628.98,15
2023,510520,510795,MC,1,1,615.82,1
2023,510520,510840,AC,1,4,7641.56,0
2023,510520,510840,MC,14,37,11491.67,0
2023,510523,510170,MC,1,2,625.91,0
2023,510523,510250,MC,278,1027,251131.12,13
2023,510523,510340,AC,3,23,42307.15,0
2023,510523,510340,MC,17,176,15727.84,0
2023,510523,510410,MC,1,0,687.76,0
2023,510523,510562,MC,3,12,2163.79,0
2023,510523,510622,MC,1,5,2576.6,0
2023,510523,510840,AC,1,28,8081.39,0
2023,510523,510840,MC,8,44,13573.26,1
2023,510525,510020,MC,1,2,590.42,1
2023,510525,510025,MC,2,5,975.84,0
2023,510525,510180,MC,1,2,753.91,0
2023,510525,510250,MC,4,29,10445.69,0
2023,510525,510263,MC,2,3,801.69,0
2023,510525,510320,MC,5,29,15874.72,1
2023,510525,510335,MC,1,2,414.62,0
2023,510525,510340,AC,44,340,322819.76,0
2023,510525,510340,MC,133,1278,284506.17,8
2023,510525,510350,MC,7,24,3192.81,0
2023,510525,510410,MC,13,37,4945.32,1
2023,510525,510510,MC,6,17,2021.17,0
2023,510525,510515,MC,2,11,363.68,0
2023,510525,510525,AC,24,150,48391.85,1
2023,510525,510525,MC,6207,20731,3552489.64,94
2023,510525,510558,MC,1,4,384.8,0
2023,510525,510590,MC,1,0,741.69,0
2023,510525,510622,MC,77,353,204226.28,4
2023,510525,510642,MC,2,9,955.66,0
2023,510525,510675,MC,2,2,619.69,0
2023,510525,510760,AC,1,9,13510.02,0
2023,510525,510760,MC,14,177,56171.11,1
2023,510525,510790,AC,32,61,65257.67,0
2023,510525,510790,MC,50,278,65615.48,4
2023,510525,510792,AC,4,10,4231.93,0
2023,510525,510792,MC,71,497,114959.48,5
2023,510525,510795,MC,6,24,2162.0,0
2023,510525,510840,AC,4,13,21617.5,0
2023,510525,510840,MC,21,158,68087.82,3
2023,510530,510180,MC,1,3,640.28,0
2023,510530,510270,MC,1,2,139.42,0
2023,510530,510335,MC,5,24,3152.87,0
2023,510530,510340,MC,6,52,28600.26,1
2023,510530,510706,MC,1,1,614.91,0
2023,510530,510785,MC,176,457,79464.67,4
2023,510530,510840,MC,5,34,8395.33,0
2023,510550,510180,MC,2,2,1533.3,0
2023,510550,510250,AC,1,12,1456.41,0
2023,510550,510250,MC,115,659,129820.09,5
2023,510550,510340,AC,14,96,112408.24,1
2023,510550,510340,MC,40,405,187225.38,2
2023,510550,510525,MC,1,36,783.35,0
2023,510550,510550,MC,1268,4189,536244.38,12
2023,510550,510675,MC,197,579,84730.1,2
2023,510550,510760,AC,1,2,9266.08,0
2023,510550,510760,MC,1,3,4429.08,0
2023,510550,510840,AC,2,8,10989.45,0
2023,510550,510840,MC,14,242,36523.36,3
2023,510558,510025,MC,7,19,3104.21,0
2023,510558,510250,MC,1,3,974.89,0
2023,510558,510320,MC,297,1277,347539.43,5
2023,510558,510340,AC,4,23,22613.29,0
2023,510558,510340,MC,18,131,18770.0,1
2023,510558,510525,MC,1,1,179.62,0
2023,510558,510558,MC,523,2216,221843.63,9
2023,510558,510560,MC,1,2,204.5,0
2023,510558,510622,MC,12,119,76948.87,2
2023,510558,510760,MC,1,5,6193.91,1
2023,510558,510790,AC,12,24,67900.28,0
2023,510558,510790,MC,64,432,161947.35,3
2023,510558,510792,AC,1,7,2083.71,0
2023,510558,510792,MC,17,87,13068.99,0
2023,510558,510840,AC,5,29,28727.32,0
2023,510558,510840,MC,18,356,31752.89,0
2023,510560,510020,MC,1,3,312.77,0
2023,510560,510025,MC,2,8,612.61,0
2023,510560,510320,MC,4,20,3201.72,0
2023,510560,510340,AC,31,164,188251.03,0
2023,510560,510340,MC,71,377,80417.68,3
2023,510560,510350,MC,1,1,286.73,0
2023,510560,510410,MC,10,21,5877.8,0
2023,510560,510510,MC,3,5,2032.59,0
2023,510560,510525,MC,3,15,2550.7,0
2023,510560,510558,MC,1,2,340.9,0
2023,510560,510560,MC,807,1982,428144.59,22
2023,510560,510622,MC,6,30,20111.91,3
2023,510560,510629,MC,1,2,139.42,0
2023,510560,510642,MC,300,635,170039.91,1
2023,510560,510790,AC,5,11,21130.61,0
2023,510560,510790,MC,18,124,36129.1,3
2023,510560,510792,MC,13,106,29898.79,1
2023,510560,510805,MC,1,2,325.08,0
2023,510560,510840,AC,5,26,26698.48,0
2023,510560,510840,MC,10,63,26251.95,2
2023,510562,510020,MC,1,1,645.97,0
2023,510562,510025,MC,1,2,353.96,0
2023,510562,510250,MC,966,4214,1046211.26,32
2023,510562,510267,MC,1,9,666.48,0
2023,510562,510320,MC,2,7,6359.01,1
2023,510562,510340,AC,34,331,345365.36,2
2023,510562,510340,MC,101,693,203497.94,12
2023,510562,510525,MC,1,24,696.55,0
2023,510562,510562,MC,1110,3719,556300.97,27
2023,510562,510622,MC,2,19,14905.84,1
2023,510562,510642,MC,1,2,617.91,0
2023,510562,510675,MC,2,4,684.87,0
2023,510562,510760,AC,1,7,10330.1,0
2023,510562,510760,MC,9,162,14007.93,0
2023,510562,510790,MC,2,23,2084.47,0
2023,510562,510795,MC,3,12,1135.24,0
2023,510562,510840,AC,9,40,49023.88,0
2023,510562,510840,MC,28,245,97417.48,4
2023,510590,510170,MC,1,2,988.97,0
2023,510590,510267,MC,2,2,553.56,0
2023,510590,510340,AC,30,206,122916.23,1
2023,510590,510340,MC,351,2165,588496.56,15
2023,510590,510350,MC,42,106,15041.87,0
2023,510590,510525,MC,3,19,3853.71,2
2023,510590,510590,MC,1075,2798,491850.48,30
2023,510590,510622,MC,14,48,24015.35,1
2023,510590,510642,MC,1,2,125.24,0
2023,510590,510760,MC,7,115,10781.72,0
2023,510590,510770,MC,10,29,6539.42,0
2023,510590,510790,MC,3,19,5324.87,0
2023,510590,510792,MC,4,13,4430.58,1
2023,510590,510795,MC,1,11,647.19,0
2023,510590,510840,AC,2,8,10174.5,0
2023,510590,510840,MC,81,357,115723.14,4
2023,510600,510130,MC,23,40,8877.99,0
2023,510600,510250,MC,1,4,935.92,0
2023,510600,510263,MC,1,6,644.43,0
2023,510600,510267,MC,1,10,444.4,0
2023,510600,510340,AC,9,67,55287.39,1
2023,510600,510340,MC,107,687,167673.4,3
2023,510600,510350,MC,119,344,60526.42,0
2023,510600,510622,MC,1,2,2704.66,0
2023,510600,510760,MC,9,111,9805.52,0
2023,510600,510792,MC,1,7,833.89,0
2023,510600,510795,MC,2,9,1190.22,1
2023,510600,510840,AC,4,16,13290.37,0
2023,510600,510840,MC,23,156,43664.6,2
2023,510610,510020,MC,2,5,249.66,0
2023,510610,510180,MC,1,7,2744.69,0
2023,510610,510250,MC,1,3,344.6,0
2023,510610,510267,MC,1,9,470.92,0
2023,510610,510340,AC,20,168,123697.45,1
2023,510610,510340,MC,246,1373,371172.58,10
2023,510610,510515,MC,1,1,207.33,0
2023,510610,510562,MC,1,1,596.12,0
2023,510610,510610,MC,114,450,45464.45,7
2023,510610,510622,MC,1,16,9766.36,0
2023,510610,510650,MC,67,124,34925.32,0
2023,510610,510795,MC,1,2,635.03,0
2023,510610,510840,AC,5,30,20180.02,0
2023,510610,510840,MC,153,976,269059.97,13
2023,510615,510025,MC,412,1376,285586.06,9
2023,510615,510267,MC,1,1,258.26,0
2023,510615,510320,MC,13,58,12311.56,2
2023,510615,510325,MC,1,4,108.25,0
2023,510615,510340,AC,6,62,33933.41,0
2023,510615,510340,MC,21,207,59703.33,3
2023,510615,510410,MC,1,1,865.91,0
2023,510615,510510,MC,13,23,5624.72,0
2023,510615,510515,MC,2,6,949.55,0
2023,510615,510525,MC,1,14,915.31,0
2023,510615,510622,MC,3,32,19332.87,0
2023,510615,510629,MC,46,93,27796.93,0
2023,510615,510680,MC,1,5,361.68,0
2023,510615,510790,AC,3,8,11152.07,0
2023,510615,510790,MC,4,25,4965.17,0
2023,510615,510792,AC,1,7,2139.71,0
2023,510615,510792,MC,10,57,14884.64,0
2023,510615,510805,MC,1,2,220.15,0
2023,510615,510840,AC,4,22,27366.24,0
2023,510615,510840,MC,15,109,22260.57,1
2023,510617,510020,MC,452,2045,290155.42,7
2023,510617,510180,MC,3,36,2459.46,0
2023,510617,510340,AC,1,2,8668.07,0
2023,510617,510340,MC,5,37,18159.21,1
2023,510617,510625,MC,5,14,3282.82,0
2023,510617,510840,MC,4,13,4860.58,0
2023,510618,510250,MC,107,656,152342.71,5
2023,510618,510330,MC,3,10,1040.92,0
2023,510618,510337,MC,1,3,562.73,0
2023,510618,510340,AC,20,38,74353.89,0
2023,510618,510340,MC,49,324,92836.42,5
2023,510618,510550,MC,3,3,1515.9,0
2023,510618,510675,MC,280,759,140963.86,3
2023,510618,510704,MC,1,4,3789.16,0
2023,510618,510760,AC,1,4,6955.09,0
2023,510618,510840,AC,1,9,4688.14,0
2023,510618,510840,MC,19,293,126314.86,0
2023,510619,510025,MC,2,8,861.0,0
2023,510619,510320,MC,143,705,216822.8,9
2023,510619,510340,AC,5,18,24337.05,0
2023,510619,510340,MC,11,61,13835.9,0
2023,510619,510410,MC,3,9,1716.73,0
2023,510619,510622,MC,2,14,10796.44,1
2023,510619,510642,MC,1,2,469.4,0
2023,510619,510760,MC,1,2,345.26,0
2023,510619,510790,AC,5,5,28504.66,0
2023,510619,510790,MC,12,112,18201.33,2
2023,510619,510792,AC,1,4,2084.58,0
2023,510619,510792,MC,7,51,14613.92,1
2023,510619,510840,AC,5,42,33319.4,0
2023,510619,510840,MC,9,72,9751.51,1
2023,510620,510180,MC,1,3,1026.89,0
2023,510620,510267,MC,25,128,15364.19,3
2023,510620,510340,AC,12,86,73492.21,0
2023,510620,510340,MC,53,166,38336.13,1
2023,510620,510760,AC,1,2,9352.96,0
2023,510620,510760,MC,11,74,27517.05,2
2023,510620,510792,MC,1,2,979.64,0
2023,510620,510840,AC,1,3,4718.58,0
2023,510620,510840,MC,43,328,119811.84,4
2023,510621,510025,MC,8,33,5090.23,1
2023,510621,510320,MC,324,1307,405915.46,19
2023,510621,510340,AC,18,106,83683.71,0
2023,510621,510340,MC,52,352,63032.04,1
2023,510621,510410,MC,2,13,602.85,0
2023,510621,510510,MC,1,1,324.94,0
2023,510621,510525,MC,2,43,1547.51,0
2023,510621,510558,MC,1,6,302.16,0
2023,510621,510560,MC,1,3,312.17,0
2023,510621,510622,MC,4,22,15067.61,1
2023,510621,510627,MC,1,1,204.15,0
2023,510621,510629,MC,14,31,7621.37,0
2023,510621,510642,MC,2,16,941.5,0
2023,510621,510760,MC,1,11,205.91,0
2023,510621,510790,AC,19,54,60856.5,0
2023,510621,510790,MC,18,101,41101.55,4
2023,510621,510792,MC,5,30,4106.95,0
2023,510621,510840,MC,17,58,29399.09,0
2023,510622,510130,MC,1,1,167.42,0
2023,510622,510263,MC,2,2,209.95,0
2023,510622,510267,MC,4,9,1635.44,0
2023,510622,510320,MC,3,21,8137.44,0
2023,510622,510340,AC,42,251,246165.97,2
2023,510622,510340,MC,135,866,221322.76,4
2023,510622,510350,MC,7,23,3515.75,0
2023,510622,510410,MC,3,13,692.0,0
2023,510622,510515,MC,1,2,689.11,0
2023,510622,510525,MC,16,136,11916.38,0
2023,510622,510622,MC,3035,10317,3041655.78,63
2023,510622,510706,MC,1,3,286.38,0
2023,510622,510760,AC,2,8,9975.73,0
2023,510622,510760,MC,7,103,28803.72,0
2023,510622,510790,AC,3,20,10125.76,0
2023,510622,510790,MC,32,177,74071.87,1
2023,510622,510792,AC,4,43,11659.4,0
2023,510622,510792,MC,40,174,65438.12,2
2023,510622,510795,MC,1,5,504.59,0
2023,510622,510840,AC,8,71,34221.37,0
2023,510622,510840,MC,26,233,53313.47,1
2023,510623,510130,MC,58,130,32068.62,0
2023,510623,510170,MC,1,5,322.48,0
2023,510623,510180,MC,1,1,799.05,0
2023,510623,510263,MC,2,12,1299.58,0
2023,510623,510340,AC,36,194,243939.61,0
2023,510623,510340,MC,121,802,292392.67,5
2023,510623,510622,MC,4,14,6301.92,0
2023,510623,510623,MC,547,1315,308328.91,4
2023,510623,510760,MC,14,190,16761.62,0
2023,510623,510795,MC,1,3,480.0,0
2023,510623,510840,AC,2,17,7561.5,0
2023,510623,510840,MC,20,157,74483.55,1
2023,510624,510025,MC,5,8,1452.25,0
2023,510624,510267,MC,2,5,1021.94,0
2023,510624,510320,MC,9,55,4368.71,0
2023,510624,510340,AC,4,9,31788.6,0
2023,510624,510340,MC,12,56,15586.02,0
2023,510624,510350,MC,1,2,597.5,0
2023,510624,510410,MC,1,1,203.82,0
2023,510624,510510,MC,2,3,1510.04,0
2023,510624,510525,MC,6,5,2960.58,0
2023,510624,510622,AC,1,10,9241.1,1
2023,510624,510622,MC,21,59,35020.16,3
2023,510624,510642,MC,2,5,638.68,0
2023,510624,510760,MC,4,48,7812.25,0
2023,510624,510790,AC,56,113,125778.82,0
2023,510624,510790,MC,64,343,70853.14,1
2023,510624,510792,AC,4,21,12991.0,0
2023,510624,510792,MC,404,1619,310078.94,8
2023,510624,510840,MC,9,28,11141.39,0
2023,510625,510020,MC,33,216,103700.71,3
2023,510625,510180,MC,53,239,64986.42,3
2023,510625,510267,MC,1,1,1105.09,0
2023,510625,510270,MC,1,1,199.33,0
2023,510625,510340,AC,6,36,39938.58,0
2023,510625,510340,MC,48,470,137962.81,2
2023,510625,510625,AC,1,5,1533.97,0
2023,510625,510625,MC,1579,4839,784989.29,52
2023,510625,510704,MC,2,3,3168.0,1
2023,510625,510706,MC,2,8,534.52,0
2023,510625,510760,MC,15,224,186105.89,3
2023,510625,510785,MC,1,1,173.99,0
2023,510625,510790,MC,2,3,3844.17,0
2023,510625,510820,MC,18,26,12747.13,0
2023,510625,510840,AC,6,48,25371.96,0
2023,510625,510840,MC,14,173,49824.54,2
2023,510626,510025,MC,4,7,2441.66,1
2023,510626,510270,MC,1,6,367.44,0
2023,510626,510340,AC,10,57,54340.01,0
2023,510626,510340,MC,12,94,16810.1,0
2023,510626,510410,MC,31,71,15254.66,0
2023,510626,510525,MC,1,3,133.24,0
2023,510626,510642,MC,386,1251,206792.55,2
2023,510626,510704,MC,1,0,490.84,0
2023,510626,510790,MC,6,49,15054.35,0
2023,510626,510792,MC,1,23,1877.77,1
2023,510626,510840,AC,1,4,3750.97,1
2023,510626,510840,MC,2,9,2600.13,0
2023,510627,510190,MC,3,2,768.87,0
2023,510627,510250,MC,3,13,1642.03,0
2023,510627,510320,MC,1,16,9225.46,0
2023,510627,510340,AC,3,6,6793.08,0
2023,510627,510340,MC,14,112,12186.22,0
2023,510627,510510,MC,86,206,47965.55,0
2023,510627,510515,MC,1,2,598.42,0
2023,510627,510622,MC,4,50,32228.68,0
2023,510627,510627,MC,218,671,82430.78,12
2023,510627,510680,MC,1,2,496.87,0
2023,510627,510790,AC,2,7,5000.68,0
2023,510627,510790,MC,10,60,13815.0,0
2023,510627,510792,MC,4,11,3356.11,1
2023,510627,510840,AC,2,16,20348.39,0
2023,510627,510840,MC,2,6,3000.51,1
2023,510628,510020,MC,11,19,5246.5,0
2023,510628,510180,MC,111,552,162197.07,3
2023,510628,510250,MC,5,43,3777.58,0
2023,510628,510340,AC,7,42,26480.21,1
2023,510628,510340,MC,10,70,16278.79,1
2023,510628,510625,MC,12,23,4961.06,0
2023,510628,510628,MC,518,1211,205706.92,1
2023,510628,510704,MC,8,15,7104.12,1
2023,510628,510706,MC,2,6,783.68,0
2023,510628,510760,AC,1,8,21098.69,0
2023,510628,510760,MC,4,32,14091.76,0
2023,510628,510820,MC,1,1,380.54,0
2023,510628,510840,AC,3,18,17520.31,0
2023,510628,510840,MC,7,48,18703.46,1
2023,510629,510025,MC,259,1033,178237.05,14
2023,510629,510250,MC,3,17,1851.71,0
2023,510629,510320,MC,3,17,3063.89,0
2023,510629,510340,AC,14,47,58008.99,1
2023,510629,510340,MC,35,338,39763.49,2
2023,510629,510525,MC,1,19,544.37,0
2023,510629,510622,MC,2,15,6589.66,0
2023,510629,510629,MC,932,2887,381195.53,1
2023,510629,510642,MC,2,3,1155.74,0
2023,510629,510760,MC,3,7,4500.81,1
2023,510629,510790,AC,21,39,119893.33,0
2023,510629,510790,MC,15,143,16143.61,2
2023,510629,510792,AC,1,8,2152.93,0
2023,510629,510792,MC,7,18,4708.85,0
2023,510629,510840,AC,3,13,13456.33,0
2023,510629,510840,MC,11,49,18023.15,0
2023,510630,510180,MC,6,23,4546.85,0
2023,510630,510267,MC,18,255,12998.82,1
2023,510630,510335,MC,1,1,177.07,0
2023,510630,510340,AC,16,90,83193.55,0
2023,510630,510340,MC,56,458,94709.06,2
2023,510630,510590,MC,1,1,741.69,0
2023,510630,510622,MC,1,34,22183.68,0
2023,510630,510630,MC,1437,3737,657825.54,8
2023,510630,510700,MC,4,3,1947.87,0
2023,510630,510704,MC,49,238,143277.03,9
2023,510630,510760,AC,53,257,319821.23,3
2023,510630,510760,MC,381,2121,705925.84,24
2023,510630,510790,MC,2,8,3011.81,0
2023,510630,510792,MC,10,64,18318.25,0
2023,510630,510840,AC,3,8,12660.99,0
2023,510630,510840,MC,31,183,96410.76,1
2023,510631,510020,MC,105,273,79920.05,1
2023,510631,510180,MC,1,16,1878.8,0
2023,510631,510340,MC,2,4,824.0,0
2023,510631,510706,MC,1,2,270.54,0
2023,510631,510760,AC,1,9,16362.6,0
2023,510631,510760,MC,1,9,2188.11,0
2023,510631,510785,MC,5,8,1515.61,0
2023,510631,510840,AC,1,4,2577.2,0
2023,510631,510840,MC,4,9,7754.91,0
2023,510637,510263,MC,1,0,175.97,0
2023,510637,510267,MC,5,62,6399.64,1
2023,510637,510340,MC,21,178,41117.66,1
2023,510637,510515,MC,1,2,73.0,0
2023,510637,510637,MC,373,1751,130771.39,14
2023,510637,510704,MC,19,154,101721.96,5
2023,510637,510760,AC,77,227,441250.68,2
2023,510637,510760,MC,731,3324,895348.58,32
2023,510637,510840,AC,2,6,9802.41,0
2023,510637,510840,MC,11,28,5240.77,0
2023,510642,510025,MC,5,16,6727.94,0
2023,510642,510320,MC,34,168,55422.23,3
2023,510642,510340,AC,35,155,177227.06,0
2023,510642,510340,MC,60,513,69750.0,0
2023,510642,510350,MC,1,1,473.85,0
2023,510642,510410,MC,25,74,8872.18,0
2023,510642,510515,MC,1,5,149.42,0
2023,510642,510525,MC,6,49,3638.7,1
2023,510642,510560,MC,8,10,4450.71,0
2023,510642,510622,MC,18,133,99689.63,4
2023,510642,510629,MC,1,2,300.62,0
2023,510642,510642,MC,1746,5977,966666.22,32
2023,510642,510790,AC,8,10,31310.06,0
2023,510642,510790,MC,43,214,85510.51,4
2023,510642,510792,AC,1,9,3699.37,0
2023,510642,510792,MC,23,174,40324.46,2
2023,510642,510805,MC,8,42,2631.8,1
2023,510642,510840,AC,9,77,50529.64,1
2023,510642,510840,MC,19,192,41902.34,1
2023,510645,510180,MC,1,15,5913.52,0
2023,510645,510267,MC,6,21,2907.4,0
2023,510645,510270,MC,2,10,634.28,0
2023,510645,510340,AC,8,67,65894.65,0
2023,510645,510340,MC,113,617,208912.41,3
2023,510645,510704,MC,1,1,411.1,0
2023,510645,510760,AC,1,8,15577.07,1
2023,510645,510760,MC,3,16,10350.42,1
2023,510645,510840,MC,51,353,143799.47,3
2023,510650,510250,MC,7,43,12896.41,0
2023,510650,510340,AC,57,487,490483.45,1
2023,510650,510340,MC,653,3302,892850.28,24
2023,510650,510480,MC,1,1,199.33,0
2023,510650,510510,MC,1,2,511.82,0
2023,510650,510525,MC,1,9,294.29,0
2023,510650,510622,MC,2,9,2630.12,0
2023,510650,510650,AC,39,0,30092.4,0
2023,510650,510650,MC,1542,5213,612709.72,46
2023,510650,510760,AC,1,8,9380.03,0
2023,510650,510760,MC,3,9,6964.69,0
2023,510650,510840,AC,11,92,68349.14,0
2023,510650,510840,MC,240,1713,579764.89,22
2023,510665,510180,MC,215,721,156126.08,2
2023,510665,510340,AC,2,1,1113.94,0
2023,510665,510340,MC,13,99,27742.07,2
2023,510665,510390,MC,2,14,431.36,0
2023,510665,510625,MC,9,14,3189.18,0
2023,510665,510760,AC,2,13,27933.08,0
2023,510665,510760,MC,4,22,11508.73,0
2023,510665,510820,MC,23,22,18360.5,0
2023,510665,510840,MC,9,27,12378.78,0
2023,510670,510180,MC,39,142,37012.17,3
2023,510670,510340,AC,4,46,43883.49,0
2023,510670,510340,MC,7,32,7591.04,0
2023,510670,510625,MC,8,9,3971.38,0
2023,510670,510670,MC,149,202,64190.69,1
2023,510670,510760,AC,1,13,35688.63,1
2023,510670,510760,MC,2,9,2258.71,0
2023,510670,510820,MC,4,4,2886.87,0
2023,510670,510840,MC,2,49,25282.34,1
2023,510675,510025,MC,1,6,247.33,0
2023,510675,510180,MC,1,26,2264.73,0
2023,510675,510250,AC,3,11,2472.99,0
2023,510675,510250,MC,599,3185,817152.12,39
2023,510675,510267,MC,6,18,5872.59,2
2023,510675,510320,MC,2,21,9022.04,0
2023,510675,510340,AC,48,385,435636.16,4
2023,510675,510340,MC,242,2275,862549.41,20
2023,510675,510510,MC,1,6,442.92,0
2023,510675,510515,MC,2,6,872.52,0
2023,510675,510520,MC,1,0,588.12,0
2023,510675,510525,MC,5,97,4201.31,0
2023,510675,510550,MC,29,63,12438.46,0
2023,510675,510562,MC,1,3,606.42,0
2023,510675,510622,MC,4,32,16608.93,0
2023,510675,510642,MC,1,3,279.8,0
2023,510675,510675,MC,3107,8517,1498084.39,35
2023,510675,510704,MC,2,46,7619.15,0
2023,510675,510760,AC,2,5,18793.63,0
2023,510675,510760,MC,11,131,60765.55,1
2023,510675,510790,MC,2,2,1579.53,1
2023,510675,510792,MC,1,17,2778.37,0
2023,510675,510840,AC,8,45,55337.06,1
2023,510675,510840,MC,74,752,331211.52,10
2023,510677,510020,MC,4,9,754.89,0
2023,510677,510250,MC,1,5,148.84,0
2023,510677,510267,MC,1,12,713.18,0
2023,510677,510270,MC,1,1,190.96,0
2023,510677,510320,MC,1,9,3923.91,0
2023,510677,510335,MC,491,1301,292366.66,5
2023,510677,510340,AC,10,63,68475.42,0
2023,510677,510340,MC,45,350,95910.63,1
2023,510677,510622,MC,2,6,4262.76,1
2023,510677,510625,MC,1,3,157.44,0
2023,510677,510642,MC,2,20,1853.0,0
2023,510677,510704,MC,1,13,5301.69,0
2023,510677,510706,MC,2,6,290.88,0
2023,510677,510785,MC,2,5,1886.25,0
2023,510677,510792,MC,1,39,2264.52,0
2023,510677,510840,AC,2,26,8583.55,0
2023,510677,510840,MC,5,23,10656.5,1
2023,510680,510025,MC,2,5,544.16,0
2023,510680,510320,MC,4,41,16180.45,0
2023,510680,510340,AC,7,13,15908.7,0
2023,510680,510340,MC,15,68,18498.76,1
2023,510680,510410,MC,1,4,600.83,0
2023,510680,510510,MC,127,236,76251.87,1
2023,510680,510515,MC,1,6,92.22,0
2023,510680,510525,MC,1,18,641.95,0
2023,510680,510622,MC,5,41,25659.97,2
2023,510680,510680,MC,578,1665,227325.86,2
2023,510680,510790,MC,18,81,27828.06,1
2023,510680,510792,MC,10,59,10743.28,0
2023,510680,510840,AC,3,20,22108.37,0
2023,510680,510840,MC,11,47,23399.97,0
2023,510682,510180,MC,2,2,1436.1,0
2023,510682,510250,AC,4,23,4132.42,0
2023,510682,510250,MC,573,2602,649708.48,27
2023,510682,510340,AC,6,73,63708.29,0
2023,510682,510340,MC,51,351,85735.18,5
2023,510682,510510,MC,1,2,546.73,0
2023,510682,510562,MC,3,10,1359.66,0
2023,510682,510675,MC,6,19,3420.69,0
2023,510682,510704,MC,1,17,12392.89,1
2023,510682,510760,MC,2,25,2196.94,0
2023,510682,510840,AC,4,37,16774.97,0
2023,510682,510840,MC,19,206,54854.91,2
2023,510685,510130,MC,8,21,5957.77,0
2023,510685,510170,MC,59,162,26848.06,1
2023,510685,510250,MC,4,10,4802.64,1
2023,510685,510340,AC,10,38,40382.17,0
2023,510685,510340,MC,27,235,78412.17,1
2023,510685,510515,MC,1,2,705.89,0
2023,510685,510623,MC,1,3,606.42,0
2023,510685,510790,MC,1,4,1432.44,0
2023,510685,510840,MC,4,33,14312.48,0
2023,510700,510020,MC,2,4,1132.1,0
2023,510700,510180,MC,2,1,1217.48,0
2023,510700,510250,MC,1,5,1001.03,0
2023,510700,510267,MC,11,106,11402.41,3
2023,510700,510340,AC,7,49,98909.71,0
2023,510700,510340,MC,19,109,35707.28,1
2023,510700,510350,MC,1,5,739.46,0
2023,510700,510625,MC,1,4,483.69,0
2023,510700,510700,MC,1305,3671,690291.51,27
2023,510700,510704,MC,178,733,330463.2,6
2023,510700,510760,AC,57,197,386496.08,1
2023,510700,510760,MC,464,2360,828647.57,22
2023,510700,510810,MC,1,2,199.33,0
2023,510700,510840,AC,4,16,21677.71,0
2023,510700,510840,MC,23,96,21159.0,0
2023,510704,510020,MC,1,10,822.49,0
2023,510704,510180,MC,15,77,14132.85,1
2023,510704,510250,MC,1,3,606.42,0
2023,510704,510267,MC,20,166,20126.86,4
2023,510704,510270,MC,1,2,414.62,0
2023,510704,510335,MC,1,3,374.13,0
2023,510704,510340,AC,75,220,260211.42,0
2023,510704,510340,MC,107,890,228114.43,4
2023,510704,510350,MC,2,4,1103.31,0
2023,510704,510410,MC,1,1,175.97,0
2023,510704,510510,MC,2,2,671.42,0
2023,510704,510515,MC,2,7,538.5,0
2023,510704,510525,MC,2,23,752.47,0
2023,510704,510560,MC,1,5,622.42,0
2023,510704,510622,MC,4,23,16459.54,0
2023,510704,510625,MC,4,8,1270.97,1
2023,510704,510630,MC,1,1,289.91,0
2023,510704,510642,MC,1,3,414.62,0
2023,510704,510700,MC,12,39,7251.03,0
2023,510704,510704,AC,15,30,13439.85,0
2023,510704,510704,MC,3788,8670,3290305.22,66
2023,510704,510706,MC,1,2,561.25,0
2023,510704,510760,AC,210,713,1183003.9,5
2023,510704,510760,MC,619,4582,1654184.83,28
2023,510704,510790,AC,3,7,6070.59,0
2023,510704,510790,MC,7,43,4598.84,0
2023,510704,510792,AC,2,13,5271.13,0
2023,510704,510792,MC,2,5,712.88,0
2023,510704,510840,AC,17,82,92841.89,0
2023,510704,510840,MC,37,192,66699.07,3
2023,510706,510020,AC,3,6,3945.66,0
2023,510706,510020,MC,432,1558,456509.89,13
2023,510706,510180,MC,7,40,13024.13,0
2023,510706,510250,MC,1,6,630.42,0
2023,510706,510270,MC,23,27,9534.04,0
2023,510706,510320,MC,1,2,191.8,1
2023,510706,510335,MC,1,2,338.03,0
2023,510706,510340,AC,13,58,79136.91,0
2023,510706,510340,MC,75,613,267502.76,3
2023,510706,510625,MC,5,15,2886.01,0
2023,510706,510670,MC,1,1,545.73,0
2023,510706,510706,MC,1655,4322,774625.79,9
2023,510706,510760,MC,8,104,29758.17,0
2023,510706,510785,MC,1,4,407.21,0
2023,510706,510790,MC,6,17,2645.51,0
2023,510706,510792,MC,1,2,535.94,0
2023,510706,510840,AC,4,28,22227.3,0
2023,510706,510840,MC,25,118,59665.76,0
2023,510710,510250,MC,702,2891,709476.93,30
2023,510710,510263,MC,1,2,332.9,0
2023,510710,510267,MC,2,14,2137.7,1
2023,510710,510340,AC,18,166,165337.75,0
2023,510710,510340,MC,82,817,345767.81,1
2023,510710,510525,MC,1,5,396.69,0
2023,510710,510562,MC,15,55,8190.21,0
2023,510710,510622,MC,2,8,4469.7,0
2023,510710,510675,MC,1,3,681.11,0
2023,510710,510704,MC,1,5,3234.92,0
2023,510710,510706,MC,1,1,190.85,0
2023,510710,510760,MC,17,231,23211.68,0
2023,510710,510840,AC,2,20,8023.9,0
2023,510710,510840,MC,22,222,104753.27,7
2023,510715,510250,MC,127,505,123353.96,7
2023,510715,510320,MC,1,14,8583.52,0
2023,510715,510340,AC,2,4,6925.78,0
2023,510715,510340,MC,7,59,30117.88,1
2023,510715,510562,MC,2,7,1479.12,0
2023,510715,510792,MC,2,3,773.87,0
2023,510715,510840,AC,2,18,5869.44,0
2023,510715,510840,MC,9,92,47533.47,0
2023,510718,510020,MC,377,1134,363397.29,6
2023,510718,510180,MC,6,25,4131.12,0
2023,510718,510270,MC,2,4,804.2,0
2023,510718,510340,AC,5,8,20395.76,0
2023,510718,510340,MC,15,165,33346.11,1
2023,510718,510706,MC,16,50,8461.44,1
2023,510718,510718,MC,247,714,94361.58,1
2023,510718,510760,MC,1,1,680.11,0
2023,510718,510785,MC,2,4,373.32,0
2023,510718,510840,AC,2,11,10834.04,0
2023,510718,510840,MC,7,65,45663.0,0
2023,510718,510860,MC,1,4,582.42,0
2023,510719,510180,MC,25,71,21704.14,2
2023,510719,510270,MC,1,1,606.91,0
2023,510719,510340,AC,5,20,24806.12,0
2023,510719,510340,MC,4,44,7518.64,0
2023,510719,510625,MC,6,7,2075.72,0
2023,510719,510719,MC,52,219,17715.88,1
2023,510719,510760,AC,1,3,4647.47,0
2023,510719,510760,MC,4,34,3214.64,0
2023,510719,510820,MC,45,64,28635.48,0
2023,510719,510840,AC,2,10,8248.31,0
2023,510719,510840,MC,4,43,7923.31,1
2023,510720,510130,MC,1,3,907.93,0
2023,510720,510250,MC,164,675,162673.35,5
2023,510720,510340,AC,3,15,15837.57,0
2023,510720,510340,MC,31,281,111921.58,2
2023,510720,510562,MC,1,2,669.05,0
2023,510720,510622,MC,1,2,2499.46,1
2023,510720,510720,MC,83,306,32435.35,0
2023,510720,510760,MC,3,48,4202.38,0
2023,510720,510775,MC,1,2,452.4,0
2023,510720,510840,MC,8,43,12017.46,1
2023,510724,510025,MC,2,9,1066.86,0
2023,510724,510320,MC,2,5,1951.62,1
2023,510724,510340,AC,1,1,5654.01,0
2023,510724,510340,MC,3,15,2885.35,0
2023,510724,510510,MC,1,6,253.8,0
2023,510724,510525,MC,2,10,1287.88,0
2023,510724,510622,AC,1,2,2930.49,1
2023,510724,510622,MC,14,23,16992.03,0
2023,510724,510760,MC,3,20,1895.17,0
2023,510724,510790,AC,7,11,38868.63,0
2023,510724,510790,MC,187,801,214547.71,3
2023,510724,510792,AC,1,7,4060.53,0
2023,510724,510792,MC,59,470,60242.44,4
2023,510724,510795,MC,1,3,638.17,0
2023,510726,510130,MC,140,342,55916.0,5
2023,510726,510340,AC,11,38,40235.23,2
2023,510726,510340,MC,30,190,43651.58,1
2023,510726,510760,MC,1,24,2059.99,0
2023,510726,510795,MC,1,3,171.0,0
2023,510726,510840,MC,3,12,10619.78,1
2023,510729,510180,MC,1,1,130.39,0
2023,510729,510340,AC,2,17,3165.87,0
2023,510729,510340,MC,1,31,13896.57,0
2023,510729,510760,AC,36,104,169314.35,0
2023,510729,510760,MC,156,747,249612.81,9
2023,510729,510840,AC,2,6,9889.17,0
2023,510729,510840,MC,3,5,1259.53,0
2023,510730,510130,MC,17,36,11716.94,0
2023,510730,510250,MC,1,3,483.38,0
2023,510730,510263,MC,2,2,590.3,0
2023,510730,510320,MC,4,54,35676.66,1
2023,510730,510340,AC,30,132,140025.95,1
2023,510730,510340,MC,141,895,230930.77,11
2023,510730,510350,MC,93,130,44136.32,0
2023,510730,510510,MC,1,0,662.62,1
2023,510730,510515,MC,4,9,1682.09,1
2023,510730,510525,MC,6,46,3130.77,0
2023,510730,510622,MC,26,150,57734.49,1
2023,510730,510642,MC,1,0,165.99,0
2023,510730,510706,MC,1,4,100.42,0
2023,510730,510730,MC,918,2209,333302.58,18
2023,510730,510760,MC,3,24,8669.1,0
2023,510730,510790,MC,6,55,27060.31,0
2023,510730,510792,AC,1,6,4583.93,0
2023,510730,510792,MC,11,110,30025.63,2
2023,510730,510795,MC,2,4,379.67,0
2023,510730,510840,AC,10,48,54285.41,1
2023,510730,510840,MC,63,341,100599.03,3
2023,510735,510180,MC,6,41,24837.41,0
2023,510735,510320,MC,4,12,2916.43,0
2023,510735,510335,MC,283,783,161157.37,4
2023,510735,510340,AC,2,3,4042.08,0
2023,510735,510340,MC,27,200,50719.63,0
2023,510735,510410,MC,1,1,626.07,0
2023,510735,510622,MC,4,55,36926.19,0
2023,510735,510642,MC,8,32,4300.86,0
2023,510735,510706,MC,1,1,292.62,0
2023,510735,510760,MC,3,37,16860.99,1
2023,510735,510790,MC,2,2,1032.2,0
2023,510735,510792,MC,1,4,589.39,0
2023,510735,510840,MC,11,90,31222.76,1
2023,510740,510267,MC,3,27,2292.72,0
2023,510740,510340,AC,4,36,41658.04,1
2023,510740,510340,MC,2,2,1797.59,0
2023,510740,510480,MC,107,293,46500.76,0
2023,510740,510520,MC,1,0,199.33,0
2023,510740,510760,AC,25,66,96631.23,0
2023,510740,510760,MC,164,1241,577083.98,9
2023,510740,510840,AC,1,3,4779.17,0
2023,510740,510840,MC,4,9,2618.8,0
2023,510757,510250,MC,1,1,201.33,0
2023,510757,510340,AC,1,9,2105.36,0
2023,510757,510340,MC,3,13,5751.35,0
2023,510757,510675,MC,14,34,10163.4,0
2023,510760,510020,MC,1,0,236.31,0
2023,510760,510060,MC,1,1,507.6,0
2023,510760,510180,MC,7,34,7202.64,1
2023,510760,510190,MC,1,13,259.51,0
2023,510760,510250,MC,1,1,49.38,0
2023,510760,510267,MC,4,66,1643.21,0
2023,510760,510340,AC,71,501,464176.75,2
2023,510760,510340,MC,185,1766,493344.8,8
2023,510760,510350,MC,3,8,2137.12,0
2023,510760,510410,MC,2,5,852.9,0
2023,510760,510480,MC,4,5,1099.98,0
2023,510760,510515,MC,2,6,646.05,0
2023,510760,510520,MC,6,9,2162.21,0
2023,510760,510525,MC,2,12,386.26,0
2023,510760,510590,MC,1,7,1384.31,0
2023,510760,510622,MC,6,24,9432.97,0
2023,510760,510630,MC,1,1,590.42,0
2023,510760,510700,MC,3,2,1668.48,0
2023,510760,510704,MC,7,44,32610.19,1
2023,510760,510706,MC,2,6,865.64,0
2023,510760,510760,AC,1407,3925,6199576.52,27
2023,510760,510760,MC,17702,73034,19891931.93,654
2023,510760,510785,MC,1,1,488.87,0
2023,510760,510790,MC,2,12,866.31,0
2023,510760,510792,MC,7,43,9462.08,1
2023,510760,510840,AC,33,166,161827.54,0
2023,510760,510840,MC,191,682,163930.94,3
2023,510760,510860,MC,1,7,182.57,0
2023,510770,510340,AC,19,136,114113.96,1
2023,510770,510340,MC,231,947,333962.45,9
2023,510770,510350,MC,19,47,7641.26,0
2023,510770,510590,MC,8,14,4039.03,1
2023,510770,510622,MC,14,138,62660.36,2
2023,510770,510650,MC,2,2,1439.7,0
2023,510770,510760,MC,3,26,1197.51,1
2023,510770,510770,MC,725,2069,334643.43,14
2023,510770,510792,MC,1,5,227.82,0
2023,510770,510840,AC,3,14,17412.03,0
2023,510770,510840,MC,40,237,94390.38,2
2023,510774,510320,MC,1,3,2011.83,0
2023,510774,510335,MC,137,412,74943.23,2
2023,510774,510340,AC,2,3,5074.59,0
2023,510774,510340,MC,8,41,14380.63,1
2023,510774,510525,MC,1,10,392.55,0
2023,510774,510625,MC,1,3,371.15,0
2023,510774,510790,MC,1,7,562.69,0
2023,510774,510840,AC,1,6,1256.64,1
2023,510775,510250,MC,132,452,121519.66,2
2023,510775,510340,AC,2,10,10627.74,0
2023,510775,510340,MC,9,89,6091.74,0
2023,510775,510517,MC,1,5,292.62,0
2023,510775,510775,MC,102,325,32338.13,3
2023,510775,510795,MC,1,3,223.33,0
2023,510775,510840,MC,3,33,14790.3,1
2023,510776,510340,AC,4,33,21664.09,0
2023,510776,510340,MC,13,74,41934.19,1
2023,510776,510350,MC,26,54,13999.1,0
2023,510776,510510,MC,3,15,1846.39,0
2023,510776,510525,MC,8,43,4600.14,0
2023,510776,510622,MC,29,61,17951.18,0
2023,510776,510730,MC,1,1,516.6,0
2023,510776,510760,MC,1,3,302.08,0
2023,510776,510790,MC,8,39,25417.09,1
2023,510776,510792,AC,1,4,2604.65,0
2023,510776,510792,MC,86,421,97371.73,6
2023,510776,510840,AC,1,16,5445.69,0
2023,510776,510840,MC,4,21,4611.19,1
2023,510777,510180,MC,1,5,1304.18,0
2023,510777,510250,MC,1,1,513.46,0
2023,510777,510335,MC,277,798,159246.69,11
2023,510777,510340,AC,6,31,32873.88,0
2023,510777,510340,MC,32,241,40266.14,2
2023,510777,510622,MC,1,1,2113.86,1
2023,510777,510625,MC,1,1,224.57,0
2023,510777,510628,MC,1,1,179.62,0
2023,510777,510760,MC,11,204,165536.13,2
2023,510777,510777,MC,432,799,138579.33,9
2023,510777,510785,MC,1,2,496.87,0
2023,510777,510840,MC,1,5,3816.67,0
2023,510779,510020,MC,1,3,452.4,0
2023,510779,510180,MC,1,1,517.6,0
2023,510779,510267,MC,2,3,1094.88,0
2023,510779,510340,MC,3,24,5693.07,0
2023,510779,510625,MC,1,2,486.28,0
2023,510779,510700,MC,19,32,12416.96,0
2023,510779,510704,MC,123,317,102641.28,2
2023,510779,510760,AC,12,46,58746.21,0
2023,510779,510760,MC,27,189,63232.57,1
2023,510779,510790,MC,1,1,434.99,0
2023,510779,510840,AC,1,5,6659.33,0
2023,510779,510840,MC,5,39,7934.32,0
2023,510780,510250,MC,2,3,897.64,0
2023,510780,510267,MC,10,42,10658.7,1
2023,510780,510320,MC,1,1,132.51,0
2023,510780,510340,AC,35,246,174606.1,0
2023,510780,510340,MC,679,3949,1091417.64,24
2023,510780,510480,MC,1,3,296.53,0
2023,510780,510622,MC,1,5,557.29,0
2023,510780,510706,MC,2,6,1202.54,0
2023,510780,510760,AC,1,9,27994.91,0
2023,510780,510760,MC,20,139,22236.07,0
2023,510780,510790,MC,1,3,887.32,0
2023,510780,510840,AC,7,34,27935.46,0
2023,510780,510840,MC,91,588,158220.04,7
2023,510785,510020,MC,13,127,69819.83,3
2023,510785,510025,MC,1,3,216.1,0
2023,510785,510180,MC,10,23,8574.52,1
2023,510785,510270,MC,2,8,852.8,0
2023,510785,510335,MC,17,54,8427.57,0
2023,510785,510340,AC,13,124,103771.96,0
2023,510785,510340,MC,30,214,35913.91,0
2023,510785,510510,MC,2,6,593.84,0
2023,510785,510625,MC,3,11,1149.58,0
2023,510785,510706,MC,12,40,4208.69,0
2023,510785,510760,MC,3,24,5750.57,0
2023,510785,510785,MC,809,1986,376325.55,20
2023,510785,510790,MC,5,9,2364.2,0
2023,510785,510792,MC,2,11,1425.8,0
2023,510785,510840,AC,2,19,16482.49,1
2023,510785,510840,MC,16,132,32237.67,2
2023,510787,510250,MC,5,28,7285.41,0
2023,510787,510263,MC,6,7,3772.4,0
2023,510787,510267,MC,2,0,356.65,0
2023,510787,510340,AC,36,144,146859.89,0
2023,510787,510340,MC,164,1145,311304.63,8
2023,510787,510410,MC,1,8,384.11,0
2023,510787,510510,MC,2,3,1134.85,0
2023,510787,510515,MC,2,2,107.49,0
2023,510787,510525,MC,2,4,593.06,0
2023,510787,510560,MC,1,1,227.12,0
2023,510787,510622,MC,3,18,1718.47,0
2023,510787,510675,MC,2,4,693.45,0
2023,510787,510760,MC,4,45,23194.29,0
2023,510787,510787,MC,1703,5611,781401.55,28
2023,510787,510790,MC,6,27,11751.17,0
2023,510787,510792,MC,3,23,8238.56,0
2023,510787,510795,MC,2,0,1130.25,1
2023,510787,510840,AC,5,71,39313.14,0
2023,510787,510840,MC,43,545,157031.29,2
2023,510788,510020,MC,86,224,77267.6,1
2023,510788,510180,MC,1,3,275.96,0
2023,510788,510340,AC,1,2,6883.14,0
2023,510788,510340,MC,3,19,4283.69,0
2023,510788,510706,MC,3,7,1203.91,0
2023,510790,510025,MC,103,474,51547.95,0
2023,510790,510030,MC,1,3,283.41,0
2023,510790,510170,MC,1,4,1602.18,0
2023,510790,510250,MC,12,114,11601.71,0
2023,510790,510263,MC,1,1,394.05,0
2023,510790,510267,MC,1,0,141.66,0
2023,510790,510305,MC,1,5,199.33,0
2023,510790,510320,MC,180,1212,259546.07,16
2023,510790,510325,MC,1,1,123.45,0
2023,510790,510340,AC,94,644,629320.61,1
2023,510790,510340,MC,396,2102,468763.66,9
2023,510790,510350,MC,1,2,195.62,0
2023,510790,510410,MC,15,31,8145.5,1
2023,510790,510480,MC,1,2,44.22,0
2023,510790,510510,MC,22,50,11851.98,1
2023,510790,510515,MC,9,57,5824.58,0
2023,510790,510525,MC,30,335,18013.45,0
2023,510790,510558,MC,2,11,597.16,0
2023,510790,510560,MC,4,6,1634.67,0
2023,510790,510622,AC,1,30,21934.83,0
2023,510790,510622,MC,208,1594,994853.13,34
2023,510790,510629,MC,3,11,581.92,0
2023,510790,510642,MC,7,26,4411.1,0
2023,510790,510680,MC,1,5,85.93,0
2023,510790,510760,AC,7,50,77610.72,1
2023,510790,510760,MC,22,161,31188.21,0
2023,510790,510785,MC,2,8,1258.71,0
2023,510790,510790,AC,579,1265,1467074.32,3
2023,510790,510790,MC,6373,26334,6075379.18,144
2023,510790,510792,AC,12,82,45051.44,2
2023,510790,510792,MC,690,3694,728469.38,16
2023,510790,510795,MC,1,4,287.76,0
2023,510790,510805,MC,7,15,3131.95,0
2023,510790,510840,AC,21,114,80816.07,0
2023,510790,510840,MC,93,451,102040.25,4
2023,510792,510020,MC,2,5,345.05,0
2023,510792,510025,MC,50,184,25539.69,0
2023,510792,510320,MC,57,309,78681.06,6
2023,510792,510335,MC,1,2,251.96,0
2023,510792,510340,AC,40,194,194176.72,0
2023,510792,510340,MC,105,781,151525.82,2
2023,510792,510350,MC,3,15,906.56,0
2023,510792,510410,MC,5,15,2612.84,0
2023,510792,510510,MC,4,9,1640.0,0
2023,510792,510515,MC,2,3,1206.71,0
2023,510792,510525,MC,33,174,16408.7,2
2023,510792,510590,MC,1,3,324.9,0
2023,510792,510622,AC,1,3,2919.61,0
2023,510792,510622,MC,129,860,518313.29,15
2023,510792,510629,MC,2,3,809.54,0
2023,510792,510630,MC,1,5,291.96,0
2023,510792,510642,MC,8,17,3509.02,0
2023,510792,510706,MC,1,1,109.24,0
2023,510792,510760,AC,1,2,794.89,0
2023,510792,510760,MC,21,295,25586.0,0
2023,510792,510785,MC,1,4,240.33,0
2023,510792,510790,AC,211,358,860349.82,0
2023,510792,510790,MC,194,1324,310756.39,8
2023,510792,510792,AC,17,127,63250.21,3
2023,510792,510792,MC,3882,17630,3892904.0,159
2023,510792,510805,MC,2,12,1172.59,1
2023,510792,510840,AC,20,125,113174.04,0
2023,510792,510840,MC,41,155,47255.28,1
2023,510794,510025,MC,2,8,1502.22,0
2023,510794,510340,AC,8,146,91294.5,1
2023,510794,510340,MC,28,181,23063.84,0
2023,510794,510410,MC,1,2,203.13,0
2023,510794,510510,MC,119,301,67113.18,3
2023,510794,510515,MC,1,2,125.24,0
2023,510794,510622,MC,8,113,72749.58,2
2023,510794,510627,MC,1,3,457.35,0
2023,510794,510642,MC,1,4,1002.15,0
2023,510794,510680,MC,1,3,133.24,0
2023,510794,510760,MC,3,8,6450.88,1
2023,510794,510790,AC,4,5,16534.64,0
2023,510794,510790,MC,48,398,59076.55,3
2023,510794,510792,MC,5,23,3658.49,0
2023,510794,510794,MC,32,83,12577.24,2
2023,510794,510805,MC,1,11,54.32,1
2023,510794,510840,AC,1,14,2241.3,0
2023,510794,510840,MC,4,14,5386.84,0
2023,510795,510020,MC,2,6,743.05,0
2023,510795,510130,MC,70,140,40738.55,0
2023,510795,510170,MC,3,4,1236.5,0
2023,510795,510180,MC,1,2,742.25,0
2023,510795,510190,MC,3,4,421.86,0
2023,510795,510250,MC,4,15,2235.9,0
2023,510795,510263,MC,7,15,4793.54,0
2023,510795,510267,MC,2,4,801.1,0
2023,510795,510270,MC,1,6,44.22,0
2023,510795,510325,MC,1,7,163.24,0
2023,510795,510330,MC,1,4,324.9,0
2023,510795,510340,AC,94,421,522015.77,5
2023,510795,510340,MC,412,2868,836173.72,17
2023,510795,510350,MC,9,32,4893.4,0
2023,510795,510410,MC,2,4,508.89,0
2023,510795,510510,MC,4,18,2905.68,0
2023,510795,510515,MC,13,93,6793.0,0
2023,510795,510525,MC,3,13,1425.36,1
2023,510795,510550,MC,9,19,4749.36,0
2023,510795,510622,MC,8,32,14140.39,1
2023,510795,510623,MC,2,4,1116.59,0
2023,510795,510675,MC,2,4,805.36,0
2023,510795,510704,MC,2,22,2292.1,1
2023,510795,510760,AC,2,8,11523.48,0
2023,510795,510760,MC,14,164,82951.08,1
2023,510795,510790,MC,5,21,3612.55,0
2023,510795,510792,AC,3,17,7210.73,0
2023,510795,510792,MC,6,36,8003.75,0
2023,510795,510795,MC,2282,9095,1073979.52,81
2023,510795,510800,MC,2,6,372.12,0
2023,510795,510840,AC,34,181,163514.58,2
2023,510795,510840,MC,153,1119,386060.34,7
2023,510800,510025,MC,2,5,1581.89,0
2023,510800,510130,MC,11,16,4045.15,0
2023,510800,510263,MC,5,21,4254.28,0
2023,510800,510267,MC,4,7,1776.15,0
2023,510800,510320,MC,5,24,6841.18,0
2023,510800,510340,AC,14,108,93093.96,0
2023,510800,510340,MC,29,262,39062.44,0
2023,510800,510350,MC,3,10,1003.0,0
2023,510800,510510,MC,9,19,4554.15,1
2023,510800,510515,MC,1,12,305.04,0
2023,510800,510525,MC,68,135,39861.78,2
2023,510800,510560,MC,1,5,622.42,0
2023,510800,510622,MC,19,101,60463.72,2
2023,510800,510642,MC,1,1,44.22,0
2023,510800,510730,MC,1,3,218.68,0
2023,510800,510760,MC,1,13,969.91,0
2023,510800,510770,MC,1,3,582.42,0
2023,510800,510790,AC,33,68,111731.55,0
2023,510800,510790,MC,48,258,53792.4,1
2023,510800,510792,AC,1,8,1989.48,0
2023,510800,510792,MC,333,1592,333111.82,9
2023,510800,510800,MC,527,1592,139597.27,6
2023,510800,510840,AC,2,6,5703.75,0
2023,510800,510840,MC,7,71,11782.83,0
2023,510805,510250,MC,1,11,462.26,0
2023,510805,510320,MC,7,30,6245.02,1
2023,510805,510340,AC,16,56,65656.23,0
2023,510805,510340,MC,18,79,51695.37,1
2023,510805,510410,MC,3,0,1889.09,0
2023,510805,510510,MC,1,0,253.8,0
2023,510805,510515,MC,1,9,116.22,0
2023,510805,510525,MC,2,16,1112.8,0
2023,510805,510622,MC,6,42,15833.32,1
2023,510805,510642,MC,329,832,184585.58,1
2023,510805,510790,AC,8,18,53205.34,0
2023,510805,510790,MC,18,92,21745.12,2
2023,510805,510792,MC,3,28,9950.15,0
2023,510805,510805,MC,441,1455,181086.17,27
2023,510805,510840,MC,3,14,11636.42,0
2023,510810,510340,AC,4,36,82375.02,0
2023,510810,510340,MC,2,22,3220.64,1
2023,510810,510704,MC,4,22,16598.94,1
2023,510810,510760,AC,23,62,53372.83,0
2023,510810,510760,MC,113,369,126217.59,6
2023,510810,510810,MC,86,295,33821.27,2
2023,510810,510840,MC,2,6,2172.18,0
2023,510820,510020,MC,1,2,215.33,0
2023,510820,510180,MC,36,136,28951.06,2
2023,510820,510340,AC,2,17,23858.64,0
2023,510820,510340,MC,1,10,2567.87,0
2023,510820,510625,MC,7,9,2966.07,0
2023,510820,510760,MC,1,6,2826.7,0
2023,510820,510820,MC,190,331,115219.91,5
2023,510820,510840,AC,1,5,1896.19,0
2023,510820,510840,MC,3,6,1867.02,0
2023,510830,510025,MC,1,2,272.55,0
2023,510830,510305,MC,1,4,199.33,0
2023,510830,510320,MC,9,52,12321.13,0
2023,510830,510340,AC,6,25,13161.72,0
2023,510830,510340,MC,10,56,14133.91,0
2023,510830,510510,MC,1,3,647.95,0
2023,510830,510525,MC,2,45,1963.29,0
2023,510830,510558,MC,1,2,117.24,0
2023,510830,510622,MC,16,45,24802.42,0
2023,510830,510760,MC,2,12,1344.76,1
2023,510830,510770,MC,1,0,112.83,0
2023,510830,510790,AC,8,10,37237.48,0
2023,510830,510790,MC,91,405,64105.31,2
2023,510830,510792,MC,71,283,90544.18,4
2023,510830,510840,MC,2,10,2661.15,0
2023,510835,510250,AC,1,28,4408.78,1
2023,510835,510250,MC,35,209,42661.77,3
2023,510835,510340,AC,10,41,88610.18,0
2023,510835,510340,MC,26,285,62840.96,1
2023,510835,510500,MC,1,4,614.42,0
2023,510835,510515,MC,1,1,117.24,0
2023,510835,510550,MC,4,8,2326.94,0
2023,510835,510675,MC,109,310,51944.88,1
2023,510835,510840,MC,4,56,9431.28,1
2023,510840,510020,MC,2,13,503.17,0
2023,510840,510025,MC,1,2,820.89,0
2023,510840,510060,MC,1,1,52.22,0
2023,510840,510180,MC,5,18,6034.6,0
2023,510840,510190,MC,1,2,284.43,0
2023,510840,510250,MC,10,78,14421.24,2
2023,510840,510263,MC,2,2,2099.04,0
2023,510840,510267,MC,6,22,3427.8,0
2023,510840,510270,MC,3,9,1283.28,0
2023,510840,510325,MC,1,0,637.19,0
2023,510840,510340,AC,629,4218,4081764.35,16
2023,510840,510340,MC,6256,31335,8491788.3,224
2023,510840,510350,MC,8,18,5306.28,0
2023,510840,510410,MC,3,7,643.15,0
2023,510840,510510,MC,2,4,1015.75,0
2023,510840,510515,MC,4,10,2286.23,0
2023,510840,510520,MC,1,0,199.33,0
2023,510840,510525,MC,2,41,715.82,0
2023,510840,510550,MC,1,4,414.62,0
2023,510840,510560,MC,2,3,801.62,0
2023,510840,510562,MC,1,2,213.92,0
2023,510840,510622,MC,13,70,29925.48,0
2023,510840,510629,MC,1,2,247.46,0
2023,510840,510675,MC,3,4,1244.12,0
2023,510840,510704,MC,1,9,6047.71,0
2023,510840,510730,MC,3,6,1225.06,1
2023,510840,510760,AC,2,14,28742.25,0
2023,510840,510760,MC,27,127,56862.54,3
2023,510840,510790,MC,1,1,747.29,0
2023,510840,510792,MC,5,23,2490.96,0
2023,510840,510795,MC,1,2,617.47,0
2023,510840,510840,AC,119,820,615122.39,2
2023,510840,510840,MC,6916,44167,12119439.29,489
2023,510850,510025,MC,4,14,1089.45,0
2023,510850,510130,MC,14,31,7550.12,0
2023,510850,510320,MC,3,40,22495.95,2
2023,510850,510340,AC,5,12,15243.44,0
2023,510850,510340,MC,22,155,17695.57,0
2023,510850,510410,MC,5,20,1034.73,0
2023,510850,510525,MC,22,56,8323.47,0
2023,510850,510622,MC,23,113,84965.41,3
2023,510850,510760,MC,1,5,859.13,0
2023,510850,510790,AC,15,22,64819.38,0
2023,510850,510790,MC,78,545,97750.99,4
2023,510850,510792,AC,3,30,10030.66,0
2023,510850,510792,MC,248,1026,224609.44,5
2023,510850,510840,AC,2,5,7798.26,0
2023,510850,510840,MC,2,5,4383.57,0
2023,510860,510020,MC,4,6,1436.36,0
2023,510860,510180,MC,4,6,1366.21,0
2023,510860,510320,MC,1,17,12048.74,1
2023,510860,510335,MC,239,522,129279.59,1
2023,510860,510340,AC,11,85,80453.54,1
2023,510860,510340,MC,45,320,86811.41,3
2023,510860,510622,MC,2,6,4707.13,1
2023,510860,510704,MC,1,8,6768.4,1
2023,510860,510706,MC,2,3,889.27,0
2023,510860,510760,MC,4,57,24755.08,1
2023,510860,510777,MC,3,1,731.56,0
2023,510860,510785,MC,3,6,1288.5,0
2023,510860,510792,MC,2,38,2728.51,0
2023,510860,510840,AC,5,26,26901.02,0
2023,510860,510840,MC,19,133,52732.45,2
2023,510860,510860,AC,2,13,1978.16,0
2023,510860,510860,MC,930,2696,421648.76,33
2023,510880,510025,MC,7,18,3762.01,0
2023,510880,510320,MC,142,653,172581.54,2
2023,510880,510340,AC,4,39,41754.84,0
2023,510880,510340,MC,12,103,12008.37,0
2023,510880,510410,MC,1,7,200.51,0
2023,510880,510525,MC,1,52,539.85,0
2023,510880,510622,MC,3,73,52530.09,0
2023,510880,510642,MC,3,9,1343.97,0
2023,510880,510790,AC,34,59,98168.68,0
2023,510880,510790,MC,10,122,17252.22,0
2023,510880,510792,MC,2,21,16424.32,1
2023,510880,510805,MC,6,18,2172.74,0
2023,510880,510840,MC,4,11,1642.9,0
2023,510885,510130,MC,139,336,65889.61,0
2023,510885,510340,AC,8,63,50844.54,0
2023,510885,510340,MC,58,347,96071.02,1
2023,510885,510350,MC,1,2,617.91,0
2023,510885,510410,MC,2,4,461.56,0
2023,510885,510510,MC,2,7,717.52,0
2023,510885,510840,AC,1,6,6602.88,0
2023,510885,510840,MC,6,54,31616.2,1
2023,510890,510320,MC,2,18,2941.96,0
2023,510890,510340,MC,16,90,9737.89,1
2023,510890,510350,MC,24,47,13032.76,0
2023,510890,510590,MC,1,1,174.45,0
2023,510890,510622,MC,20,101,67527.18,1
2023,510890,510642,MC,1,1,199.33,0
2023,510890,510730,MC,1,1,741.69,0
2023,510890,510790,MC,4,13,2217.94,0
2023,510890,510792,MC,76,420,100151.86,2
2023,510890,510840,AC,1,3,4695.52,0
2023,510890,510840,MC,4,10,2619.3,0
2023,510895,510025,MC,320,988,191181.38,6
2023,510895,510180,MC,2,11,1143.84,0
2023,510895,510190,MC,1,2,218.68,0
2023,510895,510320,MC,1,3,1339.83,0
2023,510895,510340,AC,8,37,46677.91,0
2023,510895,510340,MC,28,305,36971.84,1
2023,510895,510410,MC,2,12,1751.09,0
2023,510895,510510,MC,1,6,612.02,0
2023,510895,510525,MC,1,1,180.62,0
2023,510895,510629,MC,59,102,33867.19,0
2023,510895,510630,MC,1,2,303.76,0
2023,510895,510642,MC,1,9,718.47,0
2023,510895,510670,MC,1,1,545.73,0
2023,510895,510760,MC,6,63,7397.67,0
2023,510895,510790,AC,2,2,9323.75,0
2023,510895,510790,MC,5,43,19398.45,1
2023,510895,510792,MC,7,44,7998.37,0
2023,510895,510840,AC,1,9,1046.46,0
2023,510895,510840,MC,2,37,5135.8,0
2024,510010,510340,AC,8,75,46588.78,0
2024,510010,510340,MC,136,921,227829.74,11
2024,510010,510622,MC,1,15,7327.82,0
2024,510010,510650,MC,11,22,5340.28,0
2024,510010,510704,MC,1,1,287.8,0
2024,510010,510770,MC,3,6,2266.81,0
2024,510010,510792,MC,1,6,398.3,0
2024,510010,510840,MC,30,259,58346.46,1
2024,510020,510020,MC,1989,6235,1988420.07,53
2024,510020,510180,MC,25,152,50887.98,0
2024,510020,510267,MC,2,1,553.47,0
2024,510020,510270,MC,4,9,777.88,0
2024,510020,510335,MC,1,0,560.65,0
2024,510020,510340,AC,28,163,161063.94,0
2024,510020,510340,MC,60,486,148643.95,2
2024,510020,510525,MC,1,16,344.97,0
2024,510020,510622,MC,2,21,11200.16,0
2024,510020,510625,MC,38,128,21229.77,1
2024,510020,510628,MC,2,2,8506.93,0
2024,510020,510706,MC,5,15,2210.78,0
2024,510020,510760,MC,19,219,31784.51,1
2024,510020,510785,MC,2,8,641.97,0
2024,510020,510790,MC,1,0,811.03,1
2024,510020,510820,MC,1,1,645.19,0
2024,510020,510840,AC,5,84,52316.65,1
2024,510020,510840,MC,20,263,52332.75,1
2024,510025,510025,AC,1,4,792.89,0
2024,510025,510025,MC,3187,9371,2605373.38,66
2024,510025,510140,MC,1,1,426.3,0
2024,510025,510250,MC,1,2,1418.58,0
2024,510025,510267,MC,3,4,915.4,1
2024,510025,510320,MC,35,146,42828.91,0
2024,510025,510340,AC,58,340,356804.03,1
2024,510025,510340,MC,138,1152,275908.13,6
2024,510025,510510,MC,3,6,2040.67,0
2024,510025,510525,MC,3,38,1471.63,0
2024,510025,510558,MC,1,2,212.5,0
2024,510025,510622,AC,2,10,7989.54,0
2024,510025,510622,MC,95,429,211560.81,2
2024,510025,510629,MC,320,603,179301.15,0
2024,510025,510760,AC,2,4,11381.11,0
2024,510025,510760,MC,10,57,14855.13,1
2024,510025,510770,MC,1,9,413.41,0
2024,510025,510790,AC,48,96,131286.06,0
2024,510025,510790,MC,33,224,77045.18,1
2024,510025,510792,AC,1,0,2023.53,0
2024,510025,510792,MC,38,239,71293.2,3
2024,510025,510805,MC,1,1,996.34,0
2024,510025,510840,AC,21,189,128317.85,0
2024,510025,510840,MC,30,150,46810.1,0
2024,510030,510030,MC,539,1024,217713.77,15
2024,510030,510060,MC,1,1,76.42,0
2024,510030,510180,MC,1,3,754.5,0
2024,510030,510267,MC,5,56,5139.02,2
2024,510030,510340,AC,8,31,56254.99,1
2024,510030,510340,MC,13,175,53807.94,0
2024,510030,510622,MC,2,4,889.82,0
2024,510030,510628,MC,3,3,2112.89,0
2024,510030,510670,MC,1,1,996.34,0
2024,510030,510700,MC,3,5,1856.37,0
2024,510030,510704,MC,1,4,746.15,1
2024,510030,510760,AC,48,143,238288.2,0
2024,510030,510760,MC,406,1734,739201.05,24
2024,510030,510820,MC,2,2,578.21,0
2024,510030,510840,AC,1,4,9030.81,0
2024,510030,510840,MC,2,5,1297.48,0
2024,510035,510020,MC,14,52,11870.42,0
2024,510035,510180,MC,5,30,4176.92,1
2024,510035,510270,MC,2,6,1053.69,0
2024,510035,510335,MC,7,17,3031.42,0
2024,510035,510340,AC,6,59,24358.38,0
2024,510035,510340,MC,18,199,58846.51,2
2024,510035,510625,MC,6,28,3066.11,0
2024,510035,510628,MC,4,5,13043.74,0
2024,510035,510706,MC,3,12,2275.41,1
2024,510035,510760,MC,1,2,193.3,0
2024,510035,510785,MC,289,807,141570.75,3
2024,510035,510820,MC,5,7,3803.16,0
2024,510035,510840,AC,1,14,5814.46,0
2024,510035,510840,MC,7,52,14759.77,0
2024,510040,510020,MC,1,2,422.62,0
2024,510040,510025,MC,1,6,442.64,0
2024,510040,510030,MC,7,19,2141.51,0
2024,510040,510267,MC,7,73,5105.65,0
2024,510040,510340,AC,12,127,107730.13,0
2024,510040,510340,MC,20,186,74494.73,1
2024,510040,510625,MC,1,6,386.68,0
2024,510040,510628,MC,1,2,358.13,0
2024,510040,510700,MC,9,18,7593.14,0
2024,510040,510704,MC,10,55,41081.95,0
2024,510040,510760,AC,37,94,229162.28,0
2024,510040,510760,MC,559,2045,790780.52,13
2024,510040,510792,MC,1,3,465.18,0
2024,510040,510820,MC,10,12,7365.72,1
2024,510040,510840,AC,5,47,28676.62,0
2024,510040,510840,MC,4,33,3094.67,0
2024,510050,510130,MC,6,9,3360.41,0
2024,510050,510170,MC,2,2,1198.71,0
2024,510050,510250,MC,2,4,425.14,0
2024,510050,510267,MC,2,2,1329.42,0
2024,510050,510340,AC,14,167,120948.16,0
2024,510050,510340,MC,87,479,155847.96,9
2024,510050,510350,MC,195,438,97268.28,1
2024,510050,510525,MC,1,3,193.66,0
2024,510050,510622,MC,12,125,62546.03,1
2024,510050,510760,MC,3,51,4449.59,0
2024,510050,510792,AC,2,1,4063.06,0
2024,510050,510840,AC,3,19,29161.27,0
2024,510050,510840,MC,29,234,59874.55,2
2024,510060,510030,MC,3,10,1476.75,0
2024,510060,510060,MC,477,901,186041.42,7
2024,510060,510180,MC,1,1,254.43,0
2024,510060,510267,MC,3,58,7810.58,1
2024,510060,510340,AC,2,2,11400.28,0
2024,510060,510340,MC,8,61,9108.34,0
2024,510060,510525,MC,1,3,81.0,0
2024,510060,510700,MC,2,5,1439.5,0
2024,510060,510704,MC,2,12,8337.92,0
2024,510060,510760,AC,16,38,90941.77,0
2024,510060,510760,MC,193,1013,520093.6,6
2024,510060,510840,MC,6,18,2522.34,0
2024,510080,510025,MC,208,775,206408.99,3
2024,510080,510080,MC,256,841,107104.35,3
2024,510080,510250,MC,1,2,393.0,0
2024,510080,510320,MC,6,19,6321.0,0
2024,510080,510340,AC,10,18,27315.91,0
2024,510080,510340,MC,22,118,19178.77,2
2024,510080,510350,MC,1,3,454.19,0
2024,510080,510410,MC,1,0,554.73,0
2024,510080,510510,MC,1,7,539.43,0
2024,510080,510622,MC,7,24,9032.29,0
2024,510080,510629,MC,72,162,46142.76,0
2024,510080,510642,MC,2,8,728.5,0
2024,510080,510790,AC,9,33,28968.29,0
2024,510080,510790,MC,6,30,17593.54,1
2024,510080,510792,AC,4,3,12205.58,0
2024,510080,510792,MC,7,35,6425.8,0
2024,510080,510840,AC,1,6,8984.41,0
2024,510080,510840,MC,5,27,12989.95,1
2024,510100,510180,MC,112,383,149038.74,3
2024,510100,510270,MC,1,2,582.42,0
2024,510100,510340,AC,6,38,49887.71,0
2024,510100,510340,MC,10,80,23267.43,1
2024,510100,510625,MC,10,12,4794.54,0
2024,510100,510628,MC,1,2,3669.23,0
2024,510100,510760,MC,2,7,5644.77,0
2024,510100,510795,MC,3,56,4940.03,1
2024,510100,510820,MC,25,25,18601.93,0
2024,510100,510840,AC,3,27,4780.75,0
2024,510100,510840,MC,9,96,9886.61,0
2024,510120,510030,MC,4,10,1406.74,0
2024,510120,510340,AC,1,3,6143.97,0
2024,510120,510340,MC,2,4,1101.75,0
2024,510120,510670,MC,1,2,270.38,0
2024,510120,510760,AC,2,0,5098.02,0
2024,510120,510760,MC,44,102,54804.77,1
2024,510120,510820,MC,9,13,6716.88,0
2024,510120,510840,MC,4,63,4482.52,0
2024,510125,510125,MC,341,854,100182.17,6
2024,510125,510250,MC,546,2172,546795.71,29
2024,510125,510320,MC,1,20,11258.19,1
2024,510125,510340,AC,43,327,337946.6,0
2024,510125,510340,MC,85,656,195864.64,3
2024,510125,510525,MC,1,1,936.15,0
2024,510125,510562,MC,1,4,731.46,1
2024,510125,510675,MC,1,2,193.66,0
2024,510125,510775,MC,1,3,545.73,0
2024,510125,510840,AC,3,14,9035.41,0
2024,510125,510840,MC,27,376,143133.63,3
2024,510130,510130,MC,748,2354,296424.81,2
2024,510130,510170,MC,2,3,673.59,0
2024,510130,510263,MC,2,3,2086.83,0
2024,510130,510267,MC,1,26,1022.65,1
2024,510130,510320,MC,1,7,3285.41,0
2024,510130,510340,AC,33,218,251070.78,1
2024,510130,510340,MC,160,1302,407168.5,8
2024,510130,510350,MC,6,12,3449.8,0
2024,510130,510510,MC,1,2,513.63,0
2024,510130,510525,MC,1,16,326.54,0
2024,510130,510622,MC,14,33,17915.5,0
2024,510130,510760,MC,5,43,4266.23,0
2024,510130,510792,MC,1,17,9948.28,0
2024,510130,510840,AC,4,35,26785.82,0
2024,510130,510840,MC,35,257,60410.9,2
2024,510140,510020,MC,1,5,3028.51,0
2024,510140,510130,MC,1,3,1103.64,0
2024,510140,510140,MC,1338,5757,510324.17,18
2024,510140,510263,MC,1,0,367.44,1
2024,510140,510325,MC,4,29,1437.52,0
2024,510140,510337,MC,1,2,582.42,0
2024,510140,510340,AC,25,201,138439.89,3
2024,510140,510340,MC,182,1395,444983.76,11
2024,510140,510510,MC,2,4,1712.07,0
2024,510140,510515,MC,117,657,61557.15,1
2024,510140,510622,MC,1,6,951.73,0
2024,510140,510629,MC,1,1,671.11,0
2024,510140,510704,MC,1,7,5120.94,0
2024,510140,510790,MC,1,6,398.89,0
2024,510140,510792,MC,1,1,741.69,0
2024,510140,510795,MC,3,8,1199.38,0
2024,510140,510840,AC,8,81,60672.12,1
2024,510140,510840,MC,146,723,176705.31,2
2024,510160,510340,AC,21,150,90499.7,1
2024,510160,510340,MC,168,877,248223.37,9
2024,510160,510622,MC,1,8,3929.72,0
2024,510160,510650,MC,15,25,7168.16,0
2024,510160,510760,MC,4,13,1599.05,0
2024,510160,510840,AC,2,23,27424.26,0
2024,510160,510840,MC,55,395,81368.63,1
2024,510170,510130,MC,3,4,1280.43,0
2024,510170,510170,MC,1176,3782,549860.83,42
2024,510170,510250,MC,4,20,3010.67,0
2024,510170,510263,MC,2,1,1522.98,0
2024,510170,510267,MC,2,5,1848.85,0
2024,510170,510340,AC,53,534,478461.97,2
2024,510170,510340,MC,332,2511,927685.1,37
2024,510170,510350,MC,4,6,1848.52,0
2024,510170,510622,MC,13,84,53807.53,1
2024,510170,510623,MC,4,8,2328.83,0
2024,510170,510628,MC,16,35,13667.99,0
2024,510170,510760,MC,4,60,25755.75,0
2024,510170,510795,MC,4,14,1902.79,0
2024,510170,510840,AC,5,31,27419.54,0
2024,510170,510840,MC,57,387,139780.93,3
2024,510180,510020,MC,28,116,49047.44,7
2024,510180,510125,MC,4,8,1614.31,0
2024,510180,510180,AC,2,3,1873.32,0
2024,510180,510180,MC,3313,10802,3194753.87,86
2024,510180,510250,MC,1,1,996.34,0
2024,510180,510320,MC,2,45,21607.27,0
2024,510180,510335,MC,2,2,599.58,0
2024,510180,510340,AC,26,149,151891.31,2
2024,510180,510340,MC,155,1463,484799.84,10
2024,510180,510350,MC,2,4,530.62,0
2024,510180,510390,MC,13,18,8638.79,0
2024,510180,510525,MC,2,30,1906.83,1
2024,510180,510622,MC,2,19,13659.11,1
2024,510180,510625,MC,47,126,28246.97,2
2024,510180,510628,MC,18,20,62540.1,0
2024,510180,510670,MC,1,1,372.88,0
2024,510180,510704,MC,1,1,782.09,0
2024,510180,510706,MC,4,10,1213.72,0
2024,510180,510760,AC,2,6,15798.54,0
2024,510180,510760,MC,18,161,54800.26,1
2024,510180,510785,MC,10,15,3742.37,1
2024,510180,510792,AC,6,0,20251.3,0
2024,510180,510792,MC,2,19,15228.96,1
2024,510180,510820,MC,34,51,23121.5,0
2024,510180,510840,AC,16,138,123562.26,1
2024,510180,510840,MC,137,911,269169.44,7
2024,510180,510860,MC,2,0,860.46,0
2024,510185,510020,MC,300,739,262015.64,9
2024,510185,510180,MC,3,3,1336.19,0
2024,510185,510270,MC,2,3,869.45,0
2024,510185,510335,MC,1,1,671.11,0
2024,510185,510340,AC,9,30,35582.52,0
2024,510185,510340,MC,19,144,43447.97,0
2024,510185,510525,MC,1,2,135.54,0
2024,510185,510704,MC,1,21,13909.2,0
2024,510185,510706,MC,12,31,5541.95,0
2024,510185,510785,MC,8,18,3288.44,1
2024,510185,510820,MC,1,1,442.99,0
2024,510185,510840,MC,6,34,5514.84,0
2024,510190,510140,MC,1,3,154.44,0
2024,510190,510190,AC,3,11,2815.36,0
2024,510190,510190,MC,1485,5185,589614.98,13
2024,510190,510250,MC,4,24,5096.84,0
2024,510190,510263,MC,7,9,2592.69,0
2024,510190,510320,MC,1,8,810.84,0
2024,510190,510325,MC,1,3,266.1,0
2024,510190,510337,MC,1,1,199.33,0
2024,510190,510340,AC,40,163,154778.59,0
2024,510190,510340,MC,133,1184,342487.08,11
2024,510190,510510,MC,4,26,3488.44,0
2024,510190,510515,MC,78,301,37563.11,0
2024,510190,510525,MC,1,6,314.7,0
2024,510190,510622,MC,6,21,5516.17,0
2024,510190,510730,MC,1,3,696.11,0
2024,510190,510760,MC,3,14,2651.92,0
2024,510190,510795,MC,2,6,3444.3,0
2024,510190,510840,AC,6,43,31818.68,0
2024,510190,510840,MC,38,229,74578.88,3
2024,510250,510020,MC,1,6,343.72,0
2024,510250,510025,MC,1,1,647.89,0
2024,510250,510170,MC,1,1,52.22,0
2024,510250,510250,AC,28,16,112558.55,0
2024,510250,510250,MC,7398,32017,6700531.57,256
2024,510250,510267,MC,3,2,499.55,0
2024,510250,510340,AC,57,592,727247.67,1
2024,510250,510340,MC,271,2653,784905.09,15
2024,510250,510410,MC,1,1,487.19,0
2024,510250,510550,MC,1,3,324.9,0
2024,510250,510622,AC,4,53,38812.25,1
2024,510250,510622,MC,9,63,22956.56,0
2024,510250,510675,MC,4,14,2721.52,0
2024,510250,510760,MC,7,44,16112.9,0
2024,510250,510792,MC,1,8,396.18,0
2024,510250,510840,AC,15,161,90839.41,0
2024,510250,510840,MC,69,864,289281.85,7
2024,510260,510020,AC,2,14,4098.59,0
2024,510260,510020,MC,536,2139,430067.34,30
2024,510260,510180,MC,28,100,36607.01,2
2024,510260,510260,MC,580,1693,255037.45,3
2024,510260,510270,MC,5,6,2281.82,0
2024,510260,510340,AC,7,28,61087.48,0
2024,510260,510340,MC,44,522,152874.43,1
2024,510260,510625,MC,20,75,10711.42,0
2024,510260,510628,MC,22,25,44434.44,0
2024,510260,510700,MC,1,3,348.9,0
2024,510260,510704,MC,9,32,6434.48,0
2024,510260,510760,MC,10,178,95253.96,0
2024,510260,510785,MC,1,3,448.15,0
2024,510260,510840,MC,8,52,19084.2,1
2024,510263,510020,MC,1,0,236.31,0
2024,510263,510130,MC,1,1,347.62,0
2024,510263,510180,MC,1,1,183.97,0
2024,510263,510190,MC,1,1,463.21,0
2024,510263,510250,MC,15,76,7918.81,0
2024,510263,510263,AC,2,8,1424.28,0
2024,510263,510263,MC,2378,5698,1287191.28,44
2024,510263,510268,MC,1,0,44.22,0
2024,510263,510335,MC,1,4,349.4,0
2024,510263,510340,AC,72,373,352677.31,1
2024,510263,510340,MC,261,2143,665113.67,18
2024,510263,510350,MC,6,10,2458.39,0
2024,510263,510410,MC,2,6,867.26,0
2024,510263,510510,MC,3,11,1782.49,0
2024,510263,510515,MC,1,1,645.19,0
2024,510263,510520,MC,1,0,157.73,0
2024,510263,510525,MC,4,7,1008.46,0
2024,510263,510622,MC,9,23,13083.01,1
2024,510263,510642,MC,1,1,443.4,0
2024,510263,510650,MC,1,4,270.38,0
2024,510263,510760,AC,1,3,7753.47,0
2024,510263,510760,MC,10,60,7173.76,0
2024,510263,510790,AC,1,3,2023.53,0
2024,510263,510790,MC,2,5,1346.27,0
2024,510263,510792,MC,5,23,12742.01,1
2024,510263,510795,MC,8,25,3987.7,0
2024,510263,510840,AC,10,83,75972.93,0
2024,510263,510840,MC,37,299,95581.72,3
2024,510267,510020,MC,1,1,645.97,0
2024,510267,510180,MC,2,7,957.18,0
2024,510267,510250,MC,6,44,9650.89,0
2024,510267,510267,MC,3145,9370,1486345.29,81
2024,510267,510340,AC,64,357,408633.79,2
2024,510267,510340,MC,121,765,244112.03,11
2024,510267,510350,MC,1,8,646.42,0
2024,510267,510480,MC,2,4,1380.14,0
2024,510267,510510,MC,1,10,1494.36,0
2024,510267,510520,MC,1,5,218.68,0
2024,510267,510590,MC,1,1,199.33,0
2024,510267,510622,MC,5,18,9525.71,0
2024,510267,510625,MC,1,2,215.33,0
2024,510267,510700,MC,1,1,270.38,0
2024,510267,510704,MC,12,69,42760.06,0
2024,510267,510706,MC,1,2,376.8,0
2024,510267,510760,AC,89,307,761591.0,2
2024,510267,510760,MC,659,3146,1238833.78,13
2024,510267,510785,MC,1,1,173.99,0
2024,510267,510790,AC,2,4,4055.06,0
2024,510267,510790,MC,1,3,1456.35,0
2024,510267,510792,AC,1,1,2023.53,0
2024,510267,510792,MC,3,10,4688.81,0
2024,510267,510795,MC,1,1,659.93,0
2024,510267,510840,AC,8,38,57235.87,0
2024,510267,510840,MC,26,139,21234.86,1
2024,510268,510250,MC,96,441,116359.08,2
2024,510268,510268,MC,589,762,158883.38,4
2024,510268,510340,MC,13,168,34770.3,0
2024,510268,510525,MC,1,2,292.62,0
2024,510268,510550,MC,6,12,4180.23,0
2024,510268,510622,MC,2,3,177.33,0
2024,510268,510675,MC,190,585,93599.34,1
2024,510268,510840,AC,2,9,4184.98,0
2024,510268,510840,MC,7,32,17637.02,1
2024,510269,510020,MC,7,13,2981.4,0
2024,510269,510320,MC,1,23,12117.49,0
2024,510269,510335,MC,237,826,135530.99,8
2024,510269,510340,AC,1,34,8701.17,0
2024,510269,510340,MC,18,111,42991.11,2
2024,510269,510622,MC,1,2,2203.64,0
2024,510269,510760,MC,3,13,6593.98,1
2024,510269,510785,MC,2,4,1403.19,0
2024,510269,510840,AC,6,59,24888.3,1
2024,510269,510840,MC,6,39,13554.44,1
2024,510270,510020,MC,559,1769,587847.13,26
2024,510270,510180,MC,7,34,4726.8,0
2024,510270,510270,MC,1098,2141,470767.24,26
2024,510270,510340,AC,16,54,53001.43,0
2024,510270,510340,MC,50,392,93235.46,4
2024,510270,510622,MC,1,8,2106.13,0
2024,510270,510625,MC,8,29,4512.39,1
2024,510270,510706,MC,18,83,8256.35,1
2024,510270,510760,MC,5,54,4724.18,0
2024,510270,510785,MC,1,2,270.38,0
2024,510270,510790,MC,1,3,696.11,0
2024,510270,510840,MC,7,43,14397.43,0
2024,510279,510025,MC,404,1120,365651.72,11
2024,510279,510320,MC,2,11,3134.23,0
2024,510279,510340,AC,22,80,124827.53,1
2024,510279,510340,MC,11,63,8211.8,0
2024,510279,510622,AC,1,5,2628.96,0
2024,510279,510622,MC,25,84,52831.51,1
2024,510279,510629,MC,79,130,46198.09,0
2024,510279,510790,AC,29,50,59624.02,0
2024,510279,510790,MC,17,152,89550.11,1
2024,510279,510792,MC,8,34,14999.71,0
2024,510279,510840,AC,2,9,17052.19,0
2024,510279,510840,MC,6,19,5723.69,0
2024,510285,510190,MC,3,5,930.79,0
2024,510285,510340,AC,13,105,89878.94,1
2024,510285,510340,MC,30,280,61409.79,3
2024,510285,510515,MC,182,727,100254.15,0
2024,510285,510517,MC,1,4,614.42,0
2024,510285,510790,MC,1,1,600.25,0
2024,510285,510792,MC,1,0,227.12,0
2024,510285,510840,AC,1,29,14955.92,0
2024,510285,510840,MC,8,80,17071.01,1
2024,510300,510180,MC,2,3,1290.43,0
2024,510300,510250,MC,2,6,1567.44,0
2024,510300,510267,MC,26,110,11905.07,2
2024,510300,510340,AC,56,316,365401.79,2
2024,510300,510340,MC,699,4342,1171345.39,27
2024,510300,510350,MC,1,9,785.7,0
2024,510300,510525,MC,1,0,936.15,0
2024,510300,510622,MC,2,15,5012.68,0
2024,510300,510650,MC,1,1,996.34,0
2024,510300,510704,MC,1,1,774.09,0
2024,510300,510760,AC,4,24,34625.17,0
2024,510300,510760,MC,5,21,10511.79,0
2024,510300,510840,AC,8,44,67463.44,1
2024,510300,510840,MC,229,1417,308309.85,9
2024,510305,510025,MC,4,10,2665.03,0
2024,510305,510305,MC,615,1486,185242.33,23
2024,510305,510320,MC,13,57,8308.58,0
2024,510305,510340,AC,1,2,3156.89,0
2024,510305,510340,MC,16,195,33541.72,1
2024,510305,510410,MC,1,2,495.19,0
2024,510305,510510,MC,2,6,2203.74,0
2024,510305,510525,MC,3,22,2306.16,0
2024,510305,510622,MC,69,297,161714.34,3
2024,510305,510629,MC,1,1,671.11,0
2024,510305,510642,MC,1,3,846.36,0
2024,510305,510760,MC,1,5,199.33,0
2024,510305,510790,AC,63,114,188557.29,0
2024,510305,510790,MC,312,1227,410223.02,2
2024,510305,510792,AC,2,10,5677.07,1
2024,510305,510792,MC,127,405,172600.73,1
2024,510305,510840,MC,10,143,54814.46,1
2024,510310,510020,MC,247,669,244396.22,7
2024,510310,510180,MC,2,2,970.19,0
2024,510310,510310,MC,561,1442,145724.22,6
2024,510310,510340,AC,5,33,79386.18,0
2024,510310,510340,MC,2,17,2727.54,0
2024,510310,510625,MC,2,3,571.49,0
2024,510310,510840,MC,1,4,473.28,0
2024,510320,510020,MC,1,2,1049.44,0
2024,510320,510025,MC,15,125,17853.83,0
2024,510320,510180,MC,2,19,6611.09,0
2024,510320,510190,MC,1,3,696.11,0
2024,510320,510270,MC,1,1,443.4,0
2024,510320,510320,MC,1768,7285,2240469.96,118
2024,510320,510340,AC,40,287,329772.41,0
2024,510320,510340,MC,123,680,156628.23,6
2024,510320,510410,MC,4,9,2124.77,0
2024,510320,510510,MC,2,3,991.91,0
2024,510320,510525,MC,1,9,824.57,0
2024,510320,510558,MC,1,6,230.57,0
2024,510320,510622,AC,1,3,659.03,0
2024,510320,510622,MC,81,302,167238.13,1
2024,510320,510629,MC,4,9,1425.29,0
2024,510320,510642,MC,3,9,954.71,0
2024,510320,510706,MC,1,26,1621.79,0
2024,510320,510760,MC,3,57,42776.05,1
2024,510320,510777,MC,1,0,463.21,0
2024,510320,510785,MC,2,6,292.08,0
2024,510320,510790,AC,36,80,166237.15,0
2024,510320,510790,MC,55,287,72473.1,7
2024,510320,510792,AC,3,1,6110.99,0
2024,510320,510792,MC,15,88,21966.92,0
2024,510320,510805,MC,4,18,986.27,0
2024,510320,510840,AC,4,54,22971.86,1
2024,510320,510840,MC,24,138,28711.29,0
2024,510325,510025,MC,1,4,759.25,0
2024,510325,510130,MC,3,12,2312.28,0
2024,510325,510250,MC,1,1,675.94,0
2024,510325,510263,MC,1,2,345.26,0
2024,510325,510325,AC,1,5,195.99,0
2024,510325,510325,MC,1414,3624,576116.19,34
2024,510325,510340,AC,47,290,266293.6,1
2024,510325,510340,MC,150,916,276689.71,7
2024,510325,510410,MC,1,2,218.68,0
2024,510325,510510,MC,2,4,1935.97,0
2024,510325,510515,MC,121,584,63397.4,2
2024,510325,510622,MC,5,21,6384.73,0
2024,510325,510625,MC,1,1,679.71,0
2024,510325,510704,MC,1,5,541.26,0
2024,510325,510760,MC,4,24,4870.58,1
2024,510325,510770,MC,1,2,996.34,0
2024,510325,510790,MC,3,20,2047.45,0
2024,510325,510792,MC,2,26,6789.12,0
2024,510325,510840,AC,3,27,5695.8,0
2024,510325,510840,MC,63,484,139816.89,1
2024,510330,510170,MC,1,4,590.42,0
2024,510330,510250,MC,148,789,171466.94,13
2024,510330,510267,MC,3,6,1438.88,1
2024,510330,510268,MC,2,5,511.3,0
2024,510330,510330,MC,1067,4137,503203.58,17
2024,510330,510340,AC,39,277,319523.88,0
2024,510330,510340,MC,149,1102,267754.31,9
2024,510330,510350,MC,3,15,1296.73,0
2024,510330,510550,MC,6,12,3099.83,0
2024,510330,510675,MC,320,1014,180633.72,6
2024,510330,510704,MC,1,12,7947.23,0
2024,510330,510760,MC,1,2,292.62,0
2024,510330,510840,MC,17,102,45822.7,2
2024,510335,510020,MC,9,65,24527.29,0
2024,510335,510180,MC,9,48,18545.17,0
2024,510335,510263,MC,1,3,322.48,0
2024,510335,510267,MC,1,12,1233.81,1
2024,510335,510335,MC,2732,8923,1449691.5,54
2024,510335,510340,AC,23,169,172026.11,1
2024,510335,510340,MC,208,2093,819487.68,18
2024,510335,510515,MC,1,3,136.83,0
2024,510335,510525,MC,2,38,1621.44,0
2024,510335,510622,MC,2,10,7004.36,1
2024,510335,510625,MC,3,4,1474.42,0
2024,510335,510670,MC,1,1,442.99,0
2024,510335,510706,MC,3,11,1180.91,0
2024,510335,510760,MC,5,84,21407.9,0
2024,510335,510777,MC,1,0,199.33,0
2024,510335,510785,MC,9,25,3695.71,0
2024,510335,510790,MC,2,5,812.14,0
2024,510335,510792,MC,1,3,414.4,0
2024,510335,510820,MC,1,2,1111.64,0
2024,510335,510840,AC,8,62,57266.25,2
2024,510335,510840,MC,77,705,208464.21,15
2024,510335,510860,MC,1,2,292.62,0
2024,510336,510250,MC,68,336,82723.47,2
2024,510336,510340,AC,2,4,7438.63,0
2024,510336,510340,MC,26,171,45418.98,1
2024,510336,510410,MC,2,10,407.73,0
2024,510336,510550,MC,13,36,6011.14,0
2024,510336,510675,MC,202,600,98392.79,1
2024,510336,510760,MC,1,12,8744.99,0
2024,510336,510840,AC,1,3,7970.58,0
2024,510336,510840,MC,3,26,17927.42,1
2024,510336,510860,MC,1,1,199.33,0
2024,510337,510025,MC,2,6,974.07,0
2024,510337,510325,MC,15,52,6184.38,2
2024,510337,510337,MC,556,1578,222545.13,1
2024,510337,510340,AC,15,142,70674.08,1
2024,510337,510340,MC,102,539,175776.98,8
2024,510337,510350,MC,2,3,1035.13,0
2024,510337,510510,MC,2,5,1266.35,0
2024,510337,510515,MC,119,599,58444.82,1
2024,510337,510517,MC,3,13,634.81,0
2024,510337,510622,MC,3,14,4617.77,0
2024,510337,510629,MC,1,3,997.34,0
2024,510337,510760,MC,1,5,2457.69,0
2024,510337,510790,MC,1,1,778.02,0
2024,510337,510792,MC,1,1,205.6,0
2024,510337,510840,AC,2,28,27116.93,0
2024,510337,510840,MC,51,472,140771.81,0
2024,510340,510020,MC,4,13,2090.04,0
2024,510340,510025,MC,2,8,1248.61,0
2024,510340,510130,MC,5,13,3357.73,0
2024,510340,510170,MC,2,17,1655.41,0
2024,510340,510180,MC,9,64,20621.66,0
2024,510340,510250,MC,12,48,18548.95,2
2024,510340,510263,MC,5,16,2531.59,1
2024,510340,510267,MC,24,84,9007.29,1
2024,510340,510325,MC,2,4,600.02,0
2024,510340,510340,AC,2378,17438,16983388.81,61
2024,510340,510340,MC,29282,168014,44053004.81,1242
2024,510340,510350,MC,6,11,2472.98,0
2024,510340,510410,MC,3,13,1506.75,0
2024,510340,510480,MC,4,6,1307.72,0
2024,510340,510510,MC,1,5,674.09,0
2024,510340,510515,MC,2,4,1252.39,0
2024,510340,510525,MC,9,20,4095.61,0
2024,510340,510550,MC,2,10,781.75,0
2024,510340,510560,MC,1,1,718.83,0
2024,510340,510590,MC,2,2,540.23,0
2024,510340,510610,MC,1,2,112.83,0
2024,510340,510622,MC,53,385,204743.05,1
2024,510340,510625,MC,4,7,2180.88,0
2024,510340,510642,MC,3,4,916.18,0
2024,510340,510650,MC,4,3,2747.49,0
2024,510340,510675,MC,3,18,1225.6,0
2024,510340,510700,MC,1,1,219.65,0
2024,510340,510704,MC,7,13,3585.35,0
2024,510340,510730,MC,1,3,213.67,0
2024,510340,510760,AC,9,33,77490.64,0
2024,510340,510760,MC,48,267,60240.13,2
2024,510340,510770,MC,1,2,207.33,0
2024,510340,510785,MC,1,2,205.6,0
2024,510340,510790,AC,1,2,2829.36,0
2024,510340,510790,MC,10,45,6960.41,0
2024,510340,510792,MC,28,165,76080.73,2
2024,510340,510795,MC,4,6,1582.41,0
2024,510340,510805,MC,1,1,472.43,0
2024,510340,510820,MC,2,1,890.95,0
2024,510340,510840,AC,110,763,693385.12,6
2024,510340,510840,MC,1173,9310,2667565.92,92
2024,510343,510250,AC,1,0,4701.84,0
2024,510343,510250,MC,337,1397,365042.77,14
2024,510343,510267,MC,1,5,746.16,0
2024,510343,510340,AC,12,62,64443.93,0
2024,510343,510340,MC,39,313,132712.88,2
2024,510343,510562,MC,7,17,3583.65,0
2024,510343,510642,MC,1,3,338.03,0
2024,510343,510840,MC,5,17,10836.86,1
2024,510345,510130,MC,197,493,92000.07,0
2024,510345,510170,MC,5,7,2228.56,0
2024,510345,510263,MC,2,4,1053.36,0
2024,510345,510340,AC,14,130,78117.73,1
2024,510345,510340,MC,64,429,140224.84,4
2024,510345,510510,MC,1,2,724.28,0
2024,510345,510525,MC,1,1,517.6,0
2024,510345,510622,MC,3,6,2622.81,0
2024,510345,510623,MC,1,0,596.12,0
2024,510345,510760,MC,4,41,3707.96,0
2024,510345,510790,MC,1,11,8451.69,1
2024,510345,510840,AC,2,16,11561.54,0
2024,510345,510840,MC,19,203,44435.59,0
2024,510350,510170,MC,1,2,715.46,0
2024,510350,510263,MC,2,5,1476.16,0
2024,510350,510267,MC,5,13,2358.76,0
2024,510350,510270,MC,1,1,443.4,0
2024,510350,510340,AC,52,279,354693.56,1
2024,510350,510340,MC,209,1556,470977.87,16
2024,510350,510350,MC,1063,2599,507274.55,11
2024,510350,510480,MC,1,0,294.94,0
2024,510350,510525,MC,2,7,1423.52,0
2024,510350,510590,MC,1,1,451.4,0
2024,510350,510622,AC,2,23,15438.49,0
2024,510350,510622,MC,40,204,111603.63,3
2024,510350,510642,MC,1,1,298.42,0
2024,510350,510760,MC,8,152,12936.74,0
2024,510350,510790,MC,1,1,568.11,0
2024,510350,510792,AC,1,1,6078.59,0
2024,510350,510792,MC,2,11,2589.45,0
2024,510350,510795,MC,2,3,1008.37,0
2024,510350,510840,AC,9,52,46884.38,1
2024,510350,510840,MC,52,367,151162.32,7
2024,510360,510267,MC,21,115,12034.03,3
2024,510360,510340,AC,16,120,174750.79,1
2024,510360,510340,MC,30,201,57822.5,3
2024,510360,510360,MC,377,783,160186.63,3
2024,510360,510480,MC,34,81,20630.99,1
2024,510360,510525,MC,1,18,286.08,0
2024,510360,510700,MC,5,9,4940.98,0
2024,510360,510704,MC,6,37,22960.43,1
2024,510360,510760,AC,22,67,149817.96,0
2024,510360,510760,MC,228,1333,576692.37,15
2024,510370,510020,MC,3,28,4363.03,0
2024,510370,510025,MC,4,40,3782.26,0
2024,510370,510270,MC,3,4,739.77,0
2024,510370,510320,MC,3,13,3958.56,0
2024,510370,510340,AC,11,38,55737.94,0
2024,510370,510340,MC,26,151,27580.56,1
2024,510370,510525,MC,7,31,3381.06,0
2024,510370,510558,MC,2,8,590.28,0
2024,510370,510622,AC,1,2,2479.8,1
2024,510370,510622,MC,53,130,45993.54,1
2024,510370,510642,MC,1,1,356.81,0
2024,510370,510790,AC,60,108,189139.3,0
2024,510370,510790,MC,144,752,128507.67,9
2024,510370,510792,MC,255,922,232800.81,5
2024,510370,510805,MC,1,1,907.93,0
2024,510370,510840,MC,2,7,2118.64,0
2024,510380,510250,MC,90,438,121288.44,4
2024,510380,510340,AC,12,94,92206.33,0
2024,510380,510340,MC,24,192,55263.34,0
2024,510380,510500,MC,1,3,242.68,0
2024,510380,510550,MC,2,4,920.47,0
2024,510380,510622,MC,2,5,1386.25,0
2024,510380,510675,MC,96,264,51674.8,2
2024,510380,510840,MC,5,47,18019.85,0
2024,510385,510020,MC,263,679,220241.83,7
2024,510385,510180,MC,4,18,7147.68,0
2024,510385,510250,MC,2,5,972.13,0
2024,510385,510263,MC,1,4,458.39,0
2024,510385,510267,MC,3,21,1504.39,0
2024,510385,510270,MC,50,68,20407.63,0
2024,510385,510340,AC,11,50,58867.0,0
2024,510385,510340,MC,26,161,50891.67,0
2024,510385,510385,MC,57,137,24798.12,0
2024,510385,510622,MC,1,3,1334.51,0
2024,510385,510625,MC,5,10,1797.69,0
2024,510385,510630,MC,3,5,922.76,0
2024,510385,510706,MC,2,2,636.47,0
2024,510385,510760,MC,16,142,50899.36,1
2024,510385,510785,MC,1,2,907.54,0
2024,510385,510840,MC,8,96,41465.04,0
2024,510390,510020,MC,1,10,1990.49,0
2024,510390,510180,MC,130,550,180607.81,5
2024,510390,510340,AC,10,109,81906.98,1
2024,510390,510340,MC,22,209,58083.17,1
2024,510390,510390,MC,160,559,74911.69,5
2024,510390,510622,AC,1,1,2456.67,1
2024,510390,510622,MC,3,56,40120.18,0
2024,510390,510704,MC,130,318,82050.41,0
2024,510390,510760,AC,1,2,9341.94,0
2024,510390,510760,MC,10,144,36551.43,0
2024,510390,510820,MC,6,4,3084.99,0
2024,510390,510840,AC,1,4,5477.71,0
2024,510390,510840,MC,5,47,19749.4,1
2024,510395,510250,AC,1,1,827.29,0
2024,510395,510250,MC,215,817,211673.79,8
2024,510395,510340,AC,11,56,60129.96,0
2024,510395,510340,MC,10,113,12619.37,1
2024,510395,510562,MC,3,17,1850.56,0
2024,510395,510622,MC,1,9,374.08,0
2024,510395,510706,MC,1,1,389.08,0
2024,510395,510760,MC,1,4,411.99,0
2024,510395,510790,AC,1,10,5633.65,0
2024,510395,510790,MC,1,6,1997.58,0
2024,510395,510840,AC,1,9,5602.67,0
2024,510395,510840,MC,5,28,6015.02,1
2024,510410,510025,MC,7,55,12184.39,0
2024,510410,510180,MC,1,1,565.9,0
2024,510410,510267,MC,1,1,2693.85,0
2024,510410,510320,MC,17,115,57250.79,2
2024,510410,510340,AC,42,275,282273.21,1
2024,510410,510340,MC,63,403,137244.45,6
2024,510410,510410,AC,2,0,1978.16,0
2024,510410,510410,MC,2541,6915,1346501.45,39
2024,510410,510525,MC,3,44,1905.96,0
2024,510410,510560,MC,3,12,2445.28,0
2024,510410,510622,MC,31,212,116510.82,4
2024,510410,510629,MC,1,2,637.97,0
2024,510410,510642,MC,10,69,5556.61,0
2024,510410,510760,MC,3,5,4062.79,0
2024,510410,510770,MC,1,5,865.91,0
2024,510410,510785,MC,1,2,218.68,0
2024,510410,510790,AC,47,96,123036.63,0
2024,510410,510790,MC,38,247,81441.38,4
2024,510410,510792,AC,1,0,2023.53,0
2024,510410,510792,MC,21,106,40763.23,2
2024,510410,510840,AC,6,66,39052.23,0
2024,510410,510840,MC,22,154,63603.62,1
2024,510420,510030,MC,1,2,183.42,0
2024,510420,510125,MC,1,4,582.42,0
2024,510420,510180,MC,1,2,492.07,0
2024,510420,510267,MC,7,53,4094.22,1
2024,510420,510340,AC,4,19,24173.18,0
2024,510420,510340,MC,21,111,18144.52,0
2024,510420,510420,MC,333,960,116842.49,14
2024,510420,510480,MC,1,2,199.33,0
2024,510420,510622,MC,1,1,191.62,0
2024,510420,510700,MC,20,48,16987.29,0
2024,510420,510704,MC,5,20,16953.59,1
2024,510420,510760,AC,47,197,284893.43,2
2024,510420,510760,MC,463,2161,725031.29,21
2024,510420,510792,AC,1,14,4913.18,0
2024,510420,510792,MC,3,22,7157.07,0
2024,510420,510810,MC,1,3,182.57,0
2024,510420,510820,MC,8,8,6562.51,0
2024,510420,510840,MC,2,4,5032.95,0
2024,510450,510250,MC,141,578,148348.77,8
2024,510450,510340,AC,3,37,26798.33,0
2024,510450,510340,MC,15,131,76774.7,1
2024,510450,510562,MC,1,2,235.65,0
2024,510450,510628,MC,1,1,3677.23,0
2024,510450,510805,MC,1,2,215.33,0
2024,510450,510840,AC,2,8,14983.43,0
2024,510450,510840,MC,5,28,14706.51,1
2024,510452,510025,MC,1,3,138.44,0
2024,510452,510267,MC,1,2,637.19,0
2024,510452,510335,MC,1,2,881.91,0
2024,510452,510340,AC,2,10,19892.17,0
2024,510452,510340,MC,7,33,7595.91,0
2024,510452,510350,MC,1,2,430.62,0
2024,510452,510510,MC,1,2,894.21,0
2024,510452,510525,MC,24,28,10256.63,0
2024,510452,510622,MC,24,98,57244.29,0
2024,510452,510642,MC,1,2,623.91,0
2024,510452,510790,MC,3,5,1043.32,0
2024,510452,510792,MC,318,1537,503659.46,6
2024,510452,510840,MC,2,2,610.0,0
2024,510454,510025,MC,1,3,316.62,0
2024,510454,510267,MC,1,0,287.76,0
2024,510454,510320,MC,1,5,238.77,0
2024,510454,510340,AC,6,44,35244.75,0
2024,510454,510340,MC,14,112,16450.04,1
2024,510454,510510,MC,2,2,1367.64,0
2024,510454,510525,MC,13,44,5599.66,0
2024,510454,510590,MC,1,3,440.39,0
2024,510454,510622,MC,22,60,38262.41,1
2024,510454,510760,MC,1,3,701.11,0
2024,510454,510790,MC,10,55,6753.29,0
2024,510454,510792,MC,241,1000,201571.52,7
2024,510455,510025,MC,1,0,382.18,0
2024,510455,510250,MC,1,8,7258.31,1
2024,510455,510320,MC,181,758,249299.04,12
2024,510455,510340,AC,5,38,38087.36,0
2024,510455,510340,MC,18,70,14328.65,1
2024,510455,510350,MC,1,2,633.91,0
2024,510455,510410,MC,1,1,723.51,0
2024,510455,510622,MC,9,17,10648.38,0
2024,510455,510642,MC,2,7,823.15,0
2024,510455,510760,MC,5,39,12379.96,0
2024,510455,510790,AC,21,40,75027.93,0
2024,510455,510790,MC,5,25,5800.48,0
2024,510455,510792,MC,5,21,8788.06,0
2024,510455,510840,MC,2,8,9262.91,0
2024,510460,510180,MC,1,1,207.33,0
2024,510460,510267,MC,1,15,2748.56,0
2024,510460,510270,MC,1,3,270.38,0
2024,510460,510320,MC,1,1,708.25,0
2024,510460,510340,AC,4,33,50861.86,0
2024,510460,510340,MC,7,58,4392.61,0
2024,510460,510460,MC,307,867,110641.44,3
2024,510460,510525,MC,1,17,1947.29,1
2024,510460,510700,MC,28,55,27579.3,0
2024,510460,510704,MC,5,35,25293.97,1
2024,510460,510760,AC,45,140,315368.2,0
2024,510460,510760,MC,589,2068,805161.64,12
2024,510460,510792,MC,2,13,13631.87,0
2024,510460,510840,AC,3,12,9720.77,0
2024,510460,510840,MC,6,42,9551.85,0
2024,510480,510263,MC,1,2,832.27,0
2024,510480,510267,MC,26,165,17807.75,3
2024,510480,510270,MC,1,1,324.9,0
2024,510480,510340,AC,36,287,551819.92,1
2024,510480,510340,MC,67,493,82540.33,2
2024,510480,510480,MC,1559,4241,741408.55,21
2024,510480,510520,MC,2,0,787.45,0
2024,510480,510622,MC,1,2,172.34,0
2024,510480,510704,MC,21,158,96134.58,2
2024,510480,510760,AC,109,320,460527.91,3
2024,510480,510760,MC,630,3211,1137153.82,36
2024,510480,510792,MC,2,7,2065.85,0
2024,510480,510840,AC,2,6,11263.49,0
2024,510480,510840,MC,14,69,9856.16,0
2024,510490,510170,MC,1,2,465.96,0
2024,510490,510320,MC,1,21,698.11,0
2024,510490,510340,AC,17,97,101938.9,1
2024,510490,510340,MC,213,806,269459.41,12
2024,510490,510350,MC,1,4,614.42,0
2024,510490,510525,MC,3,4,1226.05,0
2024,510490,510622,MC,3,17,1236.74,0
2024,510490,510650,MC,21,35,11847.62,0
2024,510490,510760,MC,1,1,1041.23,0
2024,510490,510770,MC,4,6,2263.51,0
2024,510490,510790,MC,1,6,1016.07,0
2024,510490,510840,AC,2,8,14227.47,0
2024,510490,510840,MC,101,807,156404.09,9
2024,510500,510180,MC,1,1,701.85,0
2024,510500,510250,MC,126,533,151548.34,7
2024,510500,510320,MC,1,17,6631.57,0
2024,510500,510340,AC,13,76,70863.53,0
2024,510500,510340,MC,31,186,43799.24,1
2024,510500,510500,MC,72,245,29254.93,6
2024,510500,510550,MC,11,21,6735.6,0
2024,510500,510562,MC,1,5,622.42,0
2024,510500,510675,MC,210,718,107373.1,6
2024,510500,510760,MC,1,3,1726.63,0
2024,510500,510840,AC,1,24,10658.82,0
2024,510500,510840,MC,4,67,35480.39,1
2024,510510,510025,MC,3,20,2416.35,0
2024,510510,510320,MC,6,75,36186.7,0
2024,510510,510340,AC,26,196,200897.48,1
2024,510510,510340,MC,100,612,131602.51,5
2024,510510,510510,AC,1,9,924.08,0
2024,510510,510510,MC,1867,6642,1095488.73,64
2024,510510,510515,MC,17,107,8118.52,0
2024,510510,510525,MC,2,22,2390.19,0
2024,510510,510622,MC,56,308,167537.27,3
2024,510510,510680,MC,6,14,1842.79,0
2024,510510,510760,MC,1,4,758.99,0
2024,510510,510790,AC,12,39,25151.78,1
2024,510510,510790,MC,50,445,90290.32,4
2024,510510,510792,AC,2,4,4127.22,0
2024,510510,510792,MC,21,138,54937.42,0
2024,510510,510795,MC,2,29,1102.23,0
2024,510510,510840,AC,10,83,86663.81,1
2024,510510,510840,MC,28,246,113760.95,2
2024,510515,510025,MC,2,30,4744.17,0
2024,510515,510140,MC,1,7,199.33,0
2024,510515,510250,MC,2,9,603.88,0
2024,510515,510263,MC,3,5,902.3,0
2024,510515,510320,MC,1,33,17733.1,0
2024,510515,510325,MC,3,4,1077.81,0
2024,510515,510340,AC,106,806,692857.55,1
2024,510515,510340,MC,282,2492,740653.45,24
2024,510515,510480,MC,1,2,215.33,0
2024,510515,510510,MC,4,7,2231.11,0
2024,510515,510515,AC,9,21,3694.01,0
2024,510515,510515,MC,3504,13654,1755208.77,32
2024,510515,510517,MC,2,2,417.69,0
2024,510515,510622,AC,1,1,1839.89,0
2024,510515,510622,MC,13,92,55766.8,2
2024,510515,510642,MC,1,4,563.11,0
2024,510515,510760,MC,4,35,14138.33,1
2024,510515,510790,MC,5,39,15499.78,0
2024,510515,510792,AC,3,15,11664.54,0
2024,510515,510792,MC,2,4,4855.96,0
2024,510515,510795,MC,2,30,1150.66,0
2024,510515,510840,AC,20,209,137978.09,1
2024,510515,510840,MC,100,872,229957.63,6
2024,510517,510025,MC,1,4,472.15,0
2024,510517,510250,MC,1,2,219.27,0
2024,510517,510337,MC,1,4,204.5,0
2024,510517,510340,AC,23,198,81614.65,1
2024,510517,510340,MC,97,591,213090.54,4
2024,510517,510410,MC,1,3,218.68,0
2024,510517,510510,MC,5,8,3398.72,0
2024,510517,510515,MC,137,687,69632.55,0
2024,510517,510517,MC,538,2000,213877.28,7
2024,510517,510622,MC,3,7,2221.65,0
2024,510517,510704,MC,2,14,14262.81,0
2024,510517,510706,MC,1,1,44.22,0
2024,510517,510760,AC,1,2,2929.67,0
2024,510517,510760,MC,1,15,2528.62,0
2024,510517,510840,AC,4,35,17910.59,0
2024,510517,510840,MC,60,208,57035.99,1
2024,510520,510267,MC,15,113,14990.48,3
2024,510520,510340,AC,10,60,59284.86,0
2024,510520,510340,MC,16,85,19356.38,1
2024,510520,510480,MC,76,134,49960.17,0
2024,510520,510520,MC,806,2206,268724.13,27
2024,510520,510700,MC,14,33,9691.57,0
2024,510520,510704,MC,5,65,43824.81,1
2024,510520,510760,AC,38,112,171950.48,1
2024,510520,510760,MC,415,1841,733008.05,20
2024,510520,510840,MC,4,17,3348.01,0
2024,510523,510250,AC,4,0,18807.36,0
2024,510523,510250,MC,374,1627,380582.32,15
2024,510523,510340,AC,7,22,78173.6,0
2024,510523,510340,MC,24,212,62486.16,1
2024,510523,510562,MC,1,1,289.17,0
2024,510523,510840,AC,2,12,19461.78,0
2024,510523,510840,MC,7,70,15483.92,1
2024,510525,510020,MC,2,3,1372.99,0
2024,510525,510025,MC,1,0,204.82,0
2024,510525,510180,MC,2,1,973.98,0
2024,510525,510250,MC,2,5,767.9,0
2024,510525,510263,MC,1,2,755.77,0
2024,510525,510267,MC,5,11,1404.36,0
2024,510525,510305,MC,2,2,405.0,0
2024,510525,510320,MC,7,69,40673.95,0
2024,510525,510337,MC,1,1,444.4,0
2024,510525,510340,AC,34,140,220100.27,1
2024,510525,510340,MC,138,1115,252617.12,9
2024,510525,510350,MC,5,14,2247.67,0
2024,510525,510410,MC,4,17,2665.49,0
2024,510525,510510,MC,3,6,2007.88,0
2024,510525,510525,AC,47,167,64565.39,0
2024,510525,510525,MC,6099,20515,3397659.35,89
2024,510525,510558,MC,2,15,786.92,0
2024,510525,510560,MC,2,7,682.94,0
2024,510525,510590,MC,2,2,797.75,0
2024,510525,510622,AC,1,25,17585.32,0
2024,510525,510622,MC,103,572,364745.37,6
2024,510525,510642,MC,4,11,1442.49,0
2024,510525,510704,MC,1,1,1273.6,0
2024,510525,510706,MC,1,2,157.66,0
2024,510525,510760,MC,3,9,6945.0,0
2024,510525,510790,AC,59,116,87553.85,0
2024,510525,510790,MC,46,382,126112.9,4
2024,510525,510792,AC,1,12,2718.03,0
2024,510525,510792,MC,75,516,103915.36,2
2024,510525,510805,MC,2,8,714.84,0
2024,510525,510840,AC,6,60,26265.49,0
2024,510525,510840,MC,22,228,39177.07,1
2024,510530,510020,MC,1,2,346.03,0
2024,510530,510180,MC,1,7,1044.09,0
2024,510530,510335,MC,11,32,6471.01,0
2024,510530,510340,AC,2,16,20076.74,0
2024,510530,510340,MC,20,197,106082.63,0
2024,510530,510622,AC,1,1,2548.07,1
2024,510530,510625,MC,1,1,48.38,0
2024,510530,510785,MC,214,568,101179.3,4
2024,510530,510840,MC,5,43,15313.64,0
2024,510550,510250,MC,140,987,211217.61,5
2024,510550,510340,AC,21,122,121473.37,0
2024,510550,510340,MC,24,193,44366.78,2
2024,510550,510525,MC,1,1,907.93,0
2024,510550,510550,MC,1524,4945,646962.27,14
2024,510550,510622,MC,3,13,11997.94,0
2024,510550,510675,MC,189,647,90263.49,2
2024,510550,510760,MC,2,4,680.71,0
2024,510550,510792,MC,1,10,2638.51,0
2024,510550,510840,AC,1,5,9021.76,0
2024,510550,510840,MC,7,70,19938.82,2
2024,510558,510025,MC,7,52,9621.48,0
2024,510558,510270,MC,1,4,139.42,0
2024,510558,510305,MC,2,0,398.66,0
2024,510558,510320,MC,289,1213,393846.17,11
2024,510558,510340,AC,12,56,75163.77,0
2024,510558,510340,MC,25,168,56108.69,2
2024,510558,510410,MC,1,1,614.91,0
2024,510558,510525,MC,1,11,806.72,0
2024,510558,510558,MC,572,2510,257376.67,4
2024,510558,510622,MC,27,176,106296.05,2
2024,510558,510625,MC,2,8,502.22,0
2024,510558,510760,MC,1,0,154.44,0
2024,510558,510790,AC,22,28,83417.16,0
2024,510558,510790,MC,44,207,46445.56,2
2024,510558,510792,AC,1,0,2031.53,0
2024,510558,510792,MC,7,27,6301.79,0
2024,510558,510805,MC,2,12,392.66,0
2024,510558,510840,AC,5,68,15640.95,2
2024,510558,510840,MC,5,59,28205.43,1
2024,510560,510025,MC,2,26,3060.74,0
2024,510560,510320,MC,7,22,5395.16,0
2024,510560,510340,AC,45,318,314615.94,1
2024,510560,510340,MC,61,409,112647.94,3
2024,510560,510410,MC,14,48,7872.6,0
2024,510560,510525,MC,11,113,6610.48,0
2024,510560,510558,MC,1,8,638.42,0
2024,510560,510560,AC,46,1,37039.24,0
2024,510560,510560,MC,1010,2583,606327.65,28
2024,510560,510622,MC,38,133,65140.21,3
2024,510560,510642,MC,213,565,82744.63,0
2024,510560,510760,MC,4,40,16723.81,1
2024,510560,510790,AC,3,17,15479.08,0
2024,510560,510790,MC,24,188,62414.75,2
2024,510560,510792,AC,1,0,2023.53,0
2024,510560,510792,MC,10,55,11736.32,0
2024,510560,510840,AC,3,15,26054.97,0
2024,510560,510840,MC,25,223,54677.85,4
2024,510562,510250,MC,970,4194,1005388.84,32
2024,510562,510263,MC,1,0,199.33,1
2024,510562,510267,MC,1,11,759.88,1
2024,510562,510340,AC,42,245,272961.5,1
2024,510562,510340,MC,108,771,222996.69,6
2024,510562,510515,MC,1,1,1033.93,0
2024,510562,510562,MC,1052,3537,512077.92,29
2024,510562,510622,AC,1,13,9604.34,0
2024,510562,510622,MC,7,52,25454.81,0
2024,510562,510650,MC,1,2,485.48,0
2024,510562,510704,MC,1,15,10936.78,0
2024,510562,510760,AC,1,4,8350.92,0
2024,510562,510760,MC,18,193,32684.09,0
2024,510562,510775,MC,1,2,199.33,0
2024,510562,510790,MC,1,5,942.95,0
2024,510562,510795,MC,2,0,1257.11,0
2024,510562,510840,AC,10,93,65454.54,0
2024,510562,510840,MC,28,405,175445.98,3
2024,510590,510020,MC,1,7,1591.9,0
2024,510590,510170,MC,2,0,244.02,0
2024,510590,510270,MC,1,0,44.22,0
2024,510590,510340,AC,41,408,266780.08,0
2024,510590,510340,MC,409,2637,816792.12,27
2024,510590,510350,MC,53,100,17361.99,0
2024,510590,510525,MC,4,17,2548.88,0
2024,510590,510590,MC,1217,3080,551439.3,36
2024,510590,510622,AC,1,9,8533.66,0
2024,510590,510622,MC,55,129,73500.56,1
2024,510590,510760,MC,11,70,7354.98,0
2024,510590,510770,MC,55,250,28983.01,2
2024,510590,510792,MC,4,11,3942.38,1
2024,510590,510795,MC,1,10,270.7,0
2024,510590,510840,AC,9,70,60650.34,0
2024,510590,510840,MC,99,733,267899.57,7
2024,510600,510130,MC,15,38,5949.31,0
2024,510600,510170,MC,1,1,48.38,0
2024,510600,510340,AC,14,124,76833.86,0
2024,510600,510340,MC,115,794,190541.37,6
2024,510600,510350,MC,94,231,43591.92,0
2024,510600,510622,MC,7,29,16898.11,0
2024,510600,510760,MC,10,166,14394.54,0
2024,510600,510790,AC,12,25,16756.58,0
2024,510600,510792,MC,1,4,2722.84,0
2024,510600,510840,AC,3,16,20478.32,0
2024,510600,510840,MC,19,159,77681.79,4
2024,510610,510263,MC,1,1,270.4,0
2024,510610,510267,MC,1,2,315.78,0
2024,510610,510340,AC,37,359,332767.68,2
2024,510610,510340,MC,227,1319,361133.63,14
2024,510610,510610,MC,101,354,42237.26,5
2024,510610,510642,MC,1,4,268.41,0
2024,510610,510650,AC,70,0,54012.0,0
2024,510610,510650,MC,96,140,52697.78,0
2024,510610,510704,MC,1,1,152.37,0
2024,510610,510760,AC,2,9,12359.02,0
2024,510610,510840,AC,9,101,97335.95,0
2024,510610,510840,MC,199,1457,356237.76,15
2024,510615,510025,MC,508,1297,439809.52,6
2024,510615,510080,MC,1,2,492.4,0
2024,510615,510267,MC,1,5,292.62,0
2024,510615,510320,MC,10,47,5955.52,1
2024,510615,510340,AC,13,37,47834.53,0
2024,510615,510340,MC,21,130,30911.23,0
2024,510615,510510,MC,8,19,4857.75,0
2024,510615,510515,MC,1,2,729.11,0
2024,510615,510525,MC,4,32,1583.14,0
2024,510615,510622,MC,21,53,28343.57,0
2024,510615,510629,MC,63,102,35531.44,0
2024,510615,510790,AC,2,6,7591.19,0
2024,510615,510790,MC,11,108,14598.65,1
2024,510615,510792,AC,1,2,2039.53,0
2024,510615,510792,MC,8,18,9393.8,0
2024,510615,510840,MC,7,30,3162.73,0
2024,510617,510020,MC,381,1749,255316.95,11
2024,510617,510180,MC,7,59,17215.11,0
2024,510617,510340,AC,3,26,25477.99,1
2024,510617,510340,MC,11,103,23642.25,0
2024,510617,510625,MC,22,60,7565.01,0
2024,510617,510785,MC,1,1,194.89,0
2024,510617,510840,AC,1,20,2721.44,0
2024,510617,510840,MC,1,3,212.09,0
2024,510618,510250,AC,1,3,875.49,0
2024,510618,510250,MC,88,449,130475.75,7
2024,510618,510267,MC,1,10,917.76,0
2024,510618,510330,MC,1,2,561.73,0
2024,510618,510340,AC,9,112,44187.07,0
2024,510618,510340,MC,39,325,46311.21,1
2024,510618,510550,MC,6,11,3086.78,0
2024,510618,510622,MC,1,2,247.61,0
2024,510618,510625,MC,1,1,345.22,0
2024,510618,510642,MC,1,3,598.42,0
2024,510618,510675,MC,279,875,140247.66,1
2024,510618,510760,AC,2,5,10497.77,0
2024,510618,510760,MC,1,26,10002.63,0
2024,510618,510792,MC,2,12,3870.39,0
2024,510618,510840,AC,1,6,6560.61,0
2024,510618,510840,MC,9,64,17052.59,1
2024,510619,510025,MC,1,6,764.71,0
2024,510619,510320,MC,197,790,234675.4,4
2024,510619,510340,AC,9,11,55216.56,0
2024,510619,510340,MC,17,46,15507.27,0
2024,510619,510525,MC,3,23,1563.17,0
2024,510619,510622,MC,7,39,28178.47,0
2024,510619,510642,MC,2,2,1195.03,0
2024,510619,510790,AC,5,6,34542.0,0
2024,510619,510790,MC,8,70,13575.01,0
2024,510619,510792,AC,1,0,2031.53,0
2024,510619,510792,MC,10,33,12221.22,0
2024,510619,510805,MC,1,7,177.07,0
2024,510619,510840,AC,1,9,6027.21,0
2024,510619,510840,MC,2,20,7314.38,1
2024,510620,510267,MC,37,178,20605.92,4
2024,510620,510340,AC,3,3,7800.21,0
2024,510620,510340,MC,82,494,125577.02,2
2024,510620,510525,MC,2,6,1008.71,0
2024,510620,510650,MC,11,18,5910.41,0
2024,510620,510760,AC,6,45,66986.16,0
2024,510620,510760,MC,7,38,17619.97,2
2024,510620,510840,AC,1,5,9186.6,0
2024,510620,510840,MC,44,313,78597.63,2
2024,510621,510025,MC,9,42,4887.91,1
2024,510621,510320,AC,1,1,3431.45,0
2024,510621,510320,MC,500,1994,703901.43,27
2024,510621,510340,AC,18,189,141927.66,0
2024,510621,510340,MC,37,350,91399.17,5
2024,510621,510510,MC,4,11,1962.08,0
2024,510621,510525,MC,1,3,296.29,0
2024,510621,510622,MC,16,58,37187.88,2
2024,510621,510629,MC,4,3,1017.79,0
2024,510621,510642,MC,1,8,182.57,1
2024,510621,510790,AC,29,55,84262.62,0
2024,510621,510790,MC,31,188,82841.37,1
2024,510621,510792,MC,8,26,19670.11,1
2024,510621,510805,MC,1,1,438.87,0
2024,510621,510840,AC,1,7,8434.1,0
2024,510621,510840,MC,14,95,35565.49,0
2024,510622,510020,MC,1,12,5058.53,0
2024,510622,510025,MC,1,13,2680.33,0
2024,510622,510130,MC,2,5,974.65,0
2024,510622,510250,MC,1,2,203.82,0
2024,510622,510263,MC,1,6,426.46,0
2024,510622,510270,MC,1,1,414.62,0
2024,510622,510320,MC,2,5,2566.92,1
2024,510622,510340,AC,52,218,241106.16,1
2024,510622,510340,MC,137,830,222037.68,3
2024,510622,510350,MC,11,28,6173.26,0
2024,510622,510410,MC,2,13,811.36,0
2024,510622,510525,MC,17,97,11338.44,2
2024,510622,510560,MC,1,5,270.38,0
2024,510622,510590,MC,1,0,479.19,0
2024,510622,510622,AC,7,13,13727.85,0
2024,510622,510622,MC,3880,12209,3702124.39,85
2024,510622,510625,MC,2,7,676.22,0
2024,510622,510629,MC,1,4,270.38,0
2024,510622,510642,MC,2,21,1656.27,0
2024,510622,510760,MC,3,32,3558.61,0
2024,510622,510770,MC,2,2,921.02,0
2024,510622,510790,AC,3,20,15451.32,0
2024,510622,510790,MC,28,202,69886.8,1
2024,510622,510792,AC,6,1,16196.24,0
2024,510622,510792,MC,55,391,117029.89,3
2024,510622,510840,AC,6,44,46262.27,0
2024,510622,510840,MC,18,122,24940.22,1
2024,510623,510130,MC,38,74,24159.72,0
2024,510623,510170,MC,4,24,3196.98,0
2024,510623,510250,AC,1,0,4701.84,0
2024,510623,510250,MC,2,21,4055.17,1
2024,510623,510263,MC,2,2,1110.03,0
2024,510623,510340,AC,72,524,691692.87,2
2024,510623,510340,MC,146,1175,461052.5,10
2024,510623,510350,MC,2,3,799.9,0
2024,510623,510510,MC,1,2,370.35,0
2024,510623,510622,MC,4,10,4926.68,0
2024,510623,510623,MC,617,1590,359105.14,8
2024,510623,510760,AC,3,14,31180.52,0
2024,510623,510760,MC,23,253,29559.53,0
2024,510623,510790,MC,1,1,336.6,0
2024,510623,510795,MC,4,6,1267.39,0
2024,510623,510840,AC,4,13,30042.71,0
2024,510623,510840,MC,41,307,99022.5,3
2024,510624,510025,MC,3,7,1763.55,0
2024,510624,510320,MC,7,48,7495.71,1
2024,510624,510340,AC,14,79,53986.31,1
2024,510624,510340,MC,13,163,36570.54,2
2024,510624,510510,MC,1,1,637.39,0
2024,510624,510525,MC,15,29,5880.13,0
2024,510624,510622,AC,1,3,3184.59,0
2024,510624,510622,MC,50,154,84284.33,2
2024,510624,510629,MC,1,3,199.33,0
2024,510624,510760,MC,4,51,4579.91,0
2024,510624,510790,AC,28,49,78646.34,0
2024,510624,510790,MC,27,166,27707.99,0
2024,510624,510792,AC,1,15,3536.95,0
2024,510624,510792,MC,522,2107,548721.45,17
2024,510624,510840,MC,6,48,6227.81,0
2024,510625,510020,MC,28,127,22338.34,0
2024,510625,510180,MC,97,522,290647.6,13
2024,510625,510267,MC,1,0,109.24,0
2024,510625,510270,MC,2,0,263.34,0
2024,510625,510335,MC,1,2,788.49,1
2024,510625,510340,AC,26,244,206011.66,1
2024,510625,510340,MC,54,671,275756.06,4
2024,510625,510390,MC,1,1,637.97,0
2024,510625,510625,AC,1,2,484.55,0
2024,510625,510625,MC,1672,4401,946321.77,47
2024,510625,510628,MC,4,5,5838.47,0
2024,510625,510630,MC,1,2,173.99,0
2024,510625,510706,MC,2,16,1690.43,0
2024,510625,510760,MC,7,37,27991.89,1
2024,510625,510790,MC,1,3,948.94,0
2024,510625,510820,MC,3,5,2220.72,0
2024,510625,510840,AC,1,28,9309.3,0
2024,510625,510840,MC,16,111,48076.48,0
2024,510626,510025,MC,4,33,2755.4,0
2024,510626,510320,MC,3,8,3332.86,0
2024,510626,510340,AC,12,50,45092.75,0
2024,510626,510340,MC,34,243,89002.84,1
2024,510626,510410,MC,22,87,12162.25,1
2024,510626,510560,MC,2,5,1065.28,0
2024,510626,510622,AC,1,2,675.03,0
2024,510626,510622,MC,19,82,26320.18,0
2024,510626,510642,MC,244,897,120502.83,9
2024,510626,510760,MC,1,17,12180.28,0
2024,510626,510790,MC,7,44,16470.37,1
2024,510626,510792,AC,1,1,2308.79,0
2024,510626,510792,MC,4,8,4249.67,0
2024,510626,510840,MC,2,13,8204.53,1
2024,510627,510020,MC,1,1,179.62,0
2024,510627,510025,MC,1,2,345.26,0
2024,510627,510320,MC,2,18,10965.2,0
2024,510627,510340,AC,6,29,36000.46,0
2024,510627,510340,MC,19,147,33367.26,1
2024,510627,510510,MC,82,238,55758.74,3
2024,510627,510525,MC,1,13,857.97,0
2024,510627,510622,AC,1,6,1332.7,0
2024,510627,510622,MC,12,51,26075.36,1
2024,510627,510627,MC,256,864,100029.1,7
2024,510627,510642,MC,1,6,846.36,0
2024,510627,510790,MC,6,15,7077.65,0
2024,510627,510792,MC,9,56,24649.16,3
2024,510627,510840,AC,1,4,9126.47,0
2024,510627,510840,MC,5,22,20634.31,0
2024,510628,510020,MC,6,21,2990.09,0
2024,510628,510180,MC,114,491,139579.46,5
2024,510628,510250,MC,2,7,1608.95,0
2024,510628,510340,AC,17,70,62393.05,1
2024,510628,510340,MC,11,57,12436.81,0
2024,510628,510622,MC,1,2,2952.73,0
2024,510628,510625,MC,7,20,4661.12,1
2024,510628,510628,MC,542,1651,388516.97,2
2024,510628,510704,MC,13,53,8615.71,0
2024,510628,510760,MC,5,12,4850.96,0
2024,510628,510820,MC,4,5,3001.73,0
2024,510628,510840,AC,1,7,5396.06,0
2024,510628,510840,MC,21,129,19527.1,0
2024,510629,510025,MC,296,1064,220606.29,8
2024,510629,510320,MC,9,33,3705.55,1
2024,510629,510340,AC,10,41,61566.94,0
2024,510629,510340,MC,18,121,59178.08,1
2024,510629,510410,MC,1,4,629.89,0
2024,510629,510622,MC,37,131,64512.86,1
2024,510629,510629,AC,1,2,522.33,0
2024,510629,510629,MC,1123,3284,507204.26,11
2024,510629,510790,AC,28,108,104580.1,0
2024,510629,510790,MC,14,124,53872.6,0
2024,510629,510792,AC,3,20,6467.37,0
2024,510629,510792,MC,7,37,3854.27,0
2024,510629,510840,AC,2,18,11208.86,0
2024,510629,510840,MC,8,38,11553.0,0
2024,510630,510020,MC,9,35,7320.0,0
2024,510630,510180,MC,11,55,23494.99,0
2024,510630,510267,MC,13,95,8501.62,3
2024,510630,510270,MC,4,7,1383.32,0
2024,510630,510325,MC,1,3,308.33,0
2024,510630,510340,AC,27,123,124495.39,1
2024,510630,510340,MC,81,592,111661.61,2
2024,510630,510510,MC,1,1,552.22,0
2024,510630,510525,MC,1,2,688.11,0
2024,510630,510622,MC,1,11,10894.45,0
2024,510630,510625,MC,5,14,6626.28,0
2024,510630,510630,MC,1376,3809,646909.84,15
2024,510630,510700,MC,2,1,621.9,0
2024,510630,510704,MC,25,111,83416.84,4
2024,510630,510760,AC,52,139,275946.67,2
2024,510630,510760,MC,520,2898,1071353.13,21
2024,510630,510790,MC,1,9,933.58,0
2024,510630,510792,MC,13,48,9461.55,0
2024,510630,510840,AC,3,17,16080.6,0
2024,510630,510840,MC,5,24,6543.46,0
2024,510631,510020,MC,116,336,89724.18,2
2024,510631,510180,MC,3,9,1708.91,0
2024,510631,510340,AC,1,1,3596.32,0
2024,510631,510340,MC,3,9,2943.96,1
2024,510631,510706,MC,1,2,203.13,0
2024,510631,510760,MC,1,1,190.7,0
2024,510631,510785,MC,14,50,6848.34,0
2024,510631,510840,AC,1,5,4109.34,1
2024,510631,510840,MC,6,35,6578.82,0
2024,510637,510267,MC,4,12,2446.5,2
2024,510637,510340,AC,9,65,74639.19,0
2024,510637,510340,MC,12,57,8545.26,0
2024,510637,510350,MC,1,3,577.25,0
2024,510637,510637,MC,452,1991,168683.77,24
2024,510637,510700,MC,22,41,17127.73,0
2024,510637,510704,MC,27,191,137421.59,0
2024,510637,510706,MC,1,6,766.83,0
2024,510637,510760,AC,111,360,652766.37,4
2024,510637,510760,MC,999,3995,1327259.72,36
2024,510637,510790,MC,2,8,1260.21,0
2024,510637,510840,MC,5,16,5472.54,0
2024,510642,510025,MC,6,29,6431.3,0
2024,510642,510250,MC,1,3,887.69,0
2024,510642,510263,MC,1,1,1024.85,0
2024,510642,510267,MC,1,3,316.82,0
2024,510642,510320,MC,43,226,53554.29,2
2024,510642,510340,AC,55,273,266200.56,0
2024,510642,510340,MC,119,860,254742.09,6
2024,510642,510410,MC,19,33,9426.41,0
2024,510642,510510,MC,1,2,57.0,0
2024,510642,510525,MC,8,73,6642.89,0
2024,510642,510560,AC,3,0,2411.97,0
2024,510642,510560,MC,14,40,10159.3,0
2024,510642,510622,MC,72,408,235375.72,2
2024,510642,510642,AC,1,4,989.08,0
2024,510642,510642,MC,1319,4793,634253.6,29
2024,510642,510790,AC,6,43,22134.02,0
2024,510642,510790,MC,38,240,98174.03,8
2024,510642,510792,AC,3,12,6527.64,0
2024,510642,510792,MC,15,140,41087.82,0
2024,510642,510805,MC,1,4,67.31,0
2024,510642,510840,AC,3,20,18293.52,0
2024,510642,510840,MC,13,190,60007.86,3
2024,510645,510020,MC,1,3,763.21,0
2024,510645,510267,MC,21,67,7770.78,1
2024,510645,510340,AC,11,98,89069.82,1
2024,510645,510340,MC,78,388,138306.56,6
2024,510645,510650,MC,10,19,5007.29,0
2024,510645,510760,MC,7,35,15627.87,0
2024,510645,510785,MC,1,1,250.09,0
2024,510645,510840,MC,28,118,23024.42,1
2024,510650,510180,MC,3,11,6103.93,0
2024,510650,510250,MC,2,10,1004.64,0
2024,510650,510267,MC,1,2,673.11,0
2024,510650,510340,AC,63,338,411874.98,2
2024,510650,510340,MC,628,3406,1051050.18,23
2024,510650,510622,MC,2,3,671.04,0
2024,510650,510650,MC,1550,4811,625969.69,47
2024,510650,510700,MC,1,0,199.33,0
2024,510650,510760,MC,2,10,4143.87,0
2024,510650,510840,AC,9,38,76024.47,0
2024,510650,510840,MC,286,1911,407266.83,21
2024,510665,510180,MC,223,731,197798.25,7
2024,510665,510340,AC,6,34,55103.78,0
2024,510665,510340,MC,6,107,21540.17,0
2024,510665,510390,MC,15,34,9760.49,0
2024,510665,510625,MC,11,16,5952.98,0
2024,510665,510628,MC,4,5,11199.54,0
2024,510665,510670,MC,1,2,658.83,0
2024,510665,510760,MC,1,2,732.71,0
2024,510665,510820,MC,54,62,43024.92,1
2024,510665,510840,MC,15,119,59654.04,0
2024,510670,510180,MC,38,184,69332.88,2
2024,510670,510340,AC,5,7,17464.26,0
2024,510670,510340,MC,1,36,2269.9,0
2024,510670,510625,MC,4,6,2096.34,0
2024,510670,510670,MC,98,224,50577.28,0
2024,510670,510760,AC,3,13,25473.86,0
2024,510670,510760,MC,1,1,272.23,0
2024,510670,510820,MC,2,2,2008.68,0
2024,510670,510840,MC,1,7,1201.2,0
2024,510675,510020,MC,1,4,478.92,0
2024,510675,510250,AC,1,0,4701.84,0
2024,510675,510250,MC,609,3354,930512.03,45
2024,510675,510267,MC,4,15,2530.13,1
2024,510675,510337,MC,3,9,867.47,0
2024,510675,510340,AC,79,627,767622.82,3
2024,510675,510340,MC,298,2563,771384.74,23
2024,510675,510350,MC,1,4,723.43,0
2024,510675,510515,MC,1,2,340.9,0
2024,510675,510525,MC,1,16,1044.43,0
2024,510675,510550,MC,45,102,23527.21,0
2024,510675,510622,MC,18,204,149314.96,2
2024,510675,510642,MC,1,1,242.1,0
2024,510675,510675,MC,3173,9472,1605226.91,36
2024,510675,510704,MC,1,10,7008.96,0
2024,510675,510760,AC,1,3,10192.67,0
2024,510675,510760,MC,11,115,102678.12,1
2024,510675,510790,MC,2,4,3252.43,0
2024,510675,510840,AC,11,97,61738.95,0
2024,510675,510840,MC,71,675,226383.71,13
2024,510677,510020,MC,8,23,8177.22,1
2024,510677,510180,MC,5,17,3368.54,0
2024,510677,510270,MC,3,5,992.67,0
2024,510677,510335,AC,1,1,1827.52,0
2024,510677,510335,MC,457,1230,253714.07,9
2024,510677,510340,AC,6,30,41014.33,0
2024,510677,510340,MC,61,496,179098.3,5
2024,510677,510622,MC,1,4,892.74,0
2024,510677,510625,MC,4,6,3125.98,0
2024,510677,510760,AC,1,8,11731.64,0
2024,510677,510760,MC,3,22,10309.08,0
2024,510677,510777,MC,1,2,234.68,0
2024,510677,510785,MC,6,28,2832.03,1
2024,510677,510840,AC,1,29,1319.51,0
2024,510677,510840,MC,38,392,153381.81,3
2024,510677,510860,MC,1,2,582.42,0
2024,510680,510250,MC,1,1,578.68,0
2024,510680,510320,MC,4,83,47183.24,1
2024,510680,510340,AC,11,31,53770.39,0
2024,510680,510340,MC,25,166,37685.66,0
2024,510680,510510,MC,104,173,76471.95,2
2024,510680,510525,MC,1,1,680.11,0
2024,510680,510622,MC,20,90,64471.33,2
2024,510680,510627,MC,1,4,560.65,0
2024,510680,510629,MC,1,2,522.87,0
2024,510680,510680,MC,605,1597,216778.49,2
2024,510680,510760,MC,1,5,609.07,0
2024,510680,510790,MC,14,65,45313.78,1
2024,510680,510792,MC,5,24,5263.92,0
2024,510680,510794,MC,2,28,772.99,0
2024,510680,510840,AC,3,18,24885.41,0
2024,510680,510840,MC,3,24,11109.72,0
2024,510682,510250,AC,4,2,15004.81,0
2024,510682,510250,MC,585,2376,511525.13,24
2024,510682,510340,AC,19,126,146025.06,0
2024,510682,510340,MC,44,349,74605.9,4
2024,510682,510550,MC,1,1,372.54,0
2024,510682,510675,MC,1,3,588.12,0
2024,510682,510760,AC,1,0,396.18,0
2024,510682,510760,MC,3,18,11357.47,1
2024,510682,510840,AC,1,15,10548.44,0
2024,510682,510840,MC,8,46,21691.67,1
2024,510685,510130,MC,2,2,155.62,0
2024,510685,510170,MC,92,301,43496.65,3
2024,510685,510250,MC,1,2,751.17,0
2024,510685,510340,AC,5,17,20692.99,0
2024,510685,510340,MC,41,366,104808.4,1
2024,510685,510795,MC,2,3,897.9,0
2024,510685,510840,MC,13,138,82190.19,1
2024,510700,510180,MC,7,27,13972.51,0
2024,510700,510267,MC,14,103,10748.21,5
2024,510700,510340,AC,16,94,61994.26,0
2024,510700,510340,MC,42,411,98625.71,0
2024,510700,510700,MC,1437,4298,794585.01,58
2024,510700,510704,AC,1,1,1092.23,0
2024,510700,510704,MC,157,433,194421.48,3
2024,510700,510760,AC,84,254,491654.46,0
2024,510700,510760,MC,510,2824,886861.69,25
2024,510700,510792,MC,1,8,6271.06,0
2024,510700,510805,MC,1,9,646.42,0
2024,510700,510840,AC,1,5,8947.33,0
2024,510700,510840,MC,10,31,13972.49,1
2024,510704,510020,MC,6,23,5078.1,0
2024,510704,510180,MC,19,64,13452.32,0
2024,510704,510250,MC,1,3,472.0,0
2024,510704,510267,MC,37,247,26046.02,13
2024,510704,510335,MC,1,1,582.42,0
2024,510704,510340,AC,66,312,349188.19,2
2024,510704,510340,MC,120,763,227573.34,4
2024,510704,510350,MC,1,2,641.49,0
2024,510704,510390,MC,2,2,1369.22,0
2024,510704,510480,MC,1,0,199.33,0
2024,510704,510510,MC,1,7,1279.93,0
2024,510704,510525,MC,5,20,2410.03,0
2024,510704,510622,MC,10,35,19829.33,0
2024,510704,510625,MC,5,19,2629.41,0
2024,510704,510630,MC,3,36,1120.23,0
2024,510704,510700,MC,19,74,10079.63,0
2024,510704,510704,AC,37,53,40579.61,1
2024,510704,510704,MC,4664,10028,4037124.69,58
2024,510704,510760,AC,166,565,1115505.2,4
2024,510704,510760,MC,625,4367,1697876.3,49
2024,510704,510790,AC,4,12,8387.38,0
2024,510704,510790,MC,2,11,1305.51,0
2024,510704,510792,AC,1,14,6750.18,0
2024,510704,510792,MC,14,73,30518.12,2
2024,510704,510810,MC,1,1,157.73,0
2024,510704,510840,AC,16,90,96725.69,0
2024,510704,510840,MC,21,101,19538.53,0
2024,510704,510860,MC,1,1,416.39,0
2024,510706,510020,MC,476,1685,618433.16,20
2024,510706,510170,MC,2,4,789.11,0
2024,510706,510180,MC,4,23,2997.37,0
2024,510706,510267,MC,1,0,44.22,0
2024,510706,510270,MC,19,31,7512.87,0
2024,510706,510335,MC,2,12,1009.88,0
2024,510706,510340,AC,39,246,271332.71,1
2024,510706,510340,MC,85,751,264889.93,2
2024,510706,510525,MC,1,3,260.0,0
2024,510706,510560,MC,1,1,572.59,0
2024,510706,510625,MC,15,38,11533.4,1
2024,510706,510628,MC,1,1,4829.7,0
2024,510706,510706,MC,1706,4766,801354.02,21
2024,510706,510760,AC,1,6,30174.51,0
2024,510706,510760,MC,2,6,3831.69,1
2024,510706,510785,MC,1,2,340.9,0
2024,510706,510790,MC,1,4,199.33,0
2024,510706,510820,MC,2,4,1610.76,0
2024,510706,510840,AC,3,19,14418.82,0
2024,510706,510840,MC,16,110,48527.14,1
2024,510710,510130,MC,3,6,1067.56,0
2024,510710,510250,AC,6,0,28211.04,0
2024,510710,510250,MC,695,3078,821723.86,30
2024,510710,510267,MC,1,4,644.16,0
2024,510710,510340,AC,19,125,161769.25,0
2024,510710,510340,MC,88,643,265082.28,8
2024,510710,510410,MC,1,0,582.42,0
2024,510710,510515,MC,1,17,668.66,0
2024,510710,510562,MC,14,45,6408.07,1
2024,510710,510622,MC,1,3,606.42,0
2024,510710,510628,MC,1,1,3677.23,0
2024,510710,510760,MC,17,213,37749.67,0
2024,510710,510792,MC,1,1,258.26,0
2024,510710,510840,AC,2,11,11215.35,0
2024,510710,510840,MC,21,254,101597.37,5
2024,510715,510250,AC,3,0,14105.52,0
2024,510715,510250,MC,133,576,114875.8,7
2024,510715,510340,AC,1,8,6591.89,0
2024,510715,510340,MC,13,127,34030.36,0
2024,510715,510792,MC,1,6,730.96,0
2024,510715,510840,AC,1,6,8999.95,0
2024,510718,510020,MC,452,1485,478405.27,15
2024,510718,510180,MC,12,66,25057.36,0
2024,510718,510270,MC,5,8,1398.87,0
2024,510718,510340,AC,10,76,61943.6,0
2024,510718,510340,MC,20,239,89168.58,4
2024,510718,510410,MC,1,2,355.54,0
2024,510718,510625,MC,4,11,2387.02,0
2024,510718,510706,MC,26,127,13686.05,1
2024,510718,510718,MC,254,666,95712.23,0
2024,510718,510785,MC,3,14,1709.51,1
2024,510718,510840,AC,1,29,4202.21,0
2024,510718,510840,MC,5,82,35530.72,1
2024,510719,510180,MC,51,228,89136.55,2
2024,510719,510340,AC,4,5,17542.16,0
2024,510719,510340,MC,2,7,1258.77,0
2024,510719,510622,MC,3,59,39414.76,0
2024,510719,510625,MC,8,10,4826.72,0
2024,510719,510628,MC,3,3,6993.02,0
2024,510719,510670,MC,4,4,3808.54,0
2024,510719,510719,MC,40,252,15589.47,0
2024,510719,510760,MC,2,28,2471.98,0
2024,510719,510820,MC,42,43,27878.21,0
2024,510719,510840,MC,4,14,2503.74,0
2024,510720,510250,AC,2,0,9403.68,0
2024,510720,510250,MC,227,898,198309.42,7
2024,510720,510340,AC,9,65,82575.94,0
2024,510720,510340,MC,20,236,32745.59,4
2024,510720,510350,MC,1,5,495.94,0
2024,510720,510562,MC,1,2,598.42,0
2024,510720,510622,MC,1,5,259.65,0
2024,510720,510720,MC,64,187,23711.02,1
2024,510720,510760,MC,1,29,2471.99,0
2024,510720,510840,MC,1,2,3072.5,0
2024,510724,510025,MC,1,17,1171.37,0
2024,510724,510320,MC,1,3,696.11,0
2024,510724,510340,AC,3,17,20866.16,0
2024,510724,510340,MC,1,1,161.19,0
2024,510724,510510,MC,1,2,883.11,0
2024,510724,510525,MC,1,0,92.49,0
2024,510724,510622,MC,21,51,30425.19,0
2024,510724,510790,AC,22,63,74211.61,0
2024,510724,510790,MC,175,729,133272.78,7
2024,510724,510792,MC,24,126,25167.55,0
2024,510726,510130,MC,145,429,63010.72,0
2024,510726,510340,AC,6,34,39264.02,0
2024,510726,510340,MC,25,228,72540.41,4
2024,510726,510622,MC,3,10,1610.31,0
2024,510726,510840,MC,10,176,77308.62,1
2024,510729,510267,MC,3,25,2294.67,0
2024,510729,510340,AC,2,14,22078.63,1
2024,510729,510700,MC,12,21,5477.67,0
2024,510729,510704,MC,1,2,2841.01,0
2024,510729,510760,AC,45,90,180570.9,2
2024,510729,510760,MC,191,942,296040.86,12
2024,510729,510840,MC,7,39,7518.43,0
2024,510730,510025,MC,1,1,115.45,0
2024,510730,510130,MC,13,29,9809.26,0
2024,510730,510140,MC,1,5,560.65,0
2024,510730,510320,MC,1,12,1067.84,0
2024,510730,510340,AC,32,199,157195.99,3
2024,510730,510340,MC,199,1295,507856.92,13
2024,510730,510350,MC,84,146,30938.48,0
2024,510730,510410,MC,1,7,1934.98,0
2024,510730,510525,MC,6,26,2032.3,1
2024,510730,510622,AC,2,5,5934.38,0
2024,510730,510622,MC,50,136,53079.28,1
2024,510730,510650,MC,31,50,17371.13,0
2024,510730,510730,MC,884,2755,364388.48,21
2024,510730,510760,MC,2,4,430.94,1
2024,510730,510790,MC,2,29,5829.52,0
2024,510730,510792,MC,2,21,1741.24,0
2024,510730,510840,AC,6,42,50607.58,0
2024,510730,510840,MC,55,429,91638.17,2
2024,510735,510020,MC,2,23,5205.88,0
2024,510735,510025,MC,1,10,3948.06,0
2024,510735,510180,MC,2,4,1328.01,0
2024,510735,510270,MC,1,1,443.4,0
2024,510735,510320,MC,1,2,680.11,0
2024,510735,510335,AC,1,1,1819.52,0
2024,510735,510335,MC,314,928,183517.32,2
2024,510735,510340,AC,3,62,27366.25,1
2024,510735,510340,MC,33,201,72250.3,1
2024,510735,510622,MC,3,29,15974.84,0
2024,510735,510625,MC,1,1,216.52,0
2024,510735,510628,MC,3,3,11031.69,0
2024,510735,510642,MC,6,14,2463.16,0
2024,510735,510706,MC,5,21,2327.44,0
2024,510735,510760,MC,2,14,651.86,0
2024,510735,510785,MC,1,2,679.11,0
2024,510735,510790,MC,4,44,1970.89,0
2024,510735,510840,AC,1,9,3636.26,0
2024,510735,510840,MC,15,80,15817.74,0
2024,510740,510250,MC,1,5,1191.82,0
2024,510740,510267,MC,4,47,3956.49,1
2024,510740,510340,AC,2,13,29638.14,0
2024,510740,510340,MC,7,55,29561.0,1
2024,510740,510480,MC,158,443,74346.99,1
2024,510740,510520,MC,1,2,287.76,0
2024,510740,510622,MC,1,0,453.23,0
2024,510740,510629,MC,1,2,175.97,0
2024,510740,510704,MC,1,4,5410.44,1
2024,510740,510760,AC,32,94,180029.4,0
2024,510740,510760,MC,140,816,294682.79,7
2024,510740,510792,MC,2,13,4588.72,0
2024,510757,510340,AC,1,2,556.97,0
2024,510757,510340,MC,1,3,3953.23,1
2024,510757,510675,MC,7,18,5105.28,0
2024,510760,510020,MC,2,4,1644.51,0
2024,510760,510030,MC,1,2,378.85,0
2024,510760,510060,MC,1,1,76.42,0
2024,510760,510140,MC,1,5,582.42,0
2024,510760,510180,MC,10,73,11619.2,0
2024,510760,510250,MC,1,2,640.28,0
2024,510760,510267,MC,11,65,12069.67,2
2024,510760,510270,MC,1,1,270.38,0
2024,510760,510340,AC,74,601,818444.88,1
2024,510760,510340,MC,205,1696,392083.86,7
2024,510760,510350,MC,1,2,139.96,0
2024,510760,510480,MC,8,24,3214.67,0
2024,510760,510510,MC,2,4,1481.53,0
2024,510760,510520,MC,3,6,1445.31,0
2024,510760,510525,MC,5,28,3057.72,0
2024,510760,510560,MC,1,1,699.46,0
2024,510760,510622,MC,8,33,7859.72,0
2024,510760,510623,MC,1,2,340.9,0
2024,510760,510700,MC,11,46,4113.09,0
2024,510760,510704,MC,6,32,22568.9,0
2024,510760,510706,MC,2,6,1035.85,0
2024,510760,510760,AC,1455,3997,6669424.94,20
2024,510760,510760,MC,17094,71536,20134806.71,585
2024,510760,510785,MC,2,5,1472.33,0
2024,510760,510790,MC,1,2,699.46,0
2024,510760,510792,MC,4,51,18014.19,0
2024,510760,510810,MC,1,2,496.87,0
2024,510760,510840,AC,13,57,111049.03,0
2024,510760,510840,MC,56,272,51691.43,0
2024,510770,510170,MC,5,13,1893.28,0
2024,510770,510340,AC,19,90,153491.82,0
2024,510770,510340,MC,202,930,323202.45,15
2024,510770,510350,MC,7,12,1954.12,0
2024,510770,510525,MC,5,31,1861.82,0
2024,510770,510590,MC,3,6,1174.0,0
2024,510770,510622,MC,20,55,18504.61,0
2024,510770,510760,MC,3,36,3439.26,0
2024,510770,510770,MC,865,2607,403893.09,25
2024,510770,510790,MC,1,1,279.86,0
2024,510770,510792,MC,2,4,1213.76,0
2024,510770,510840,AC,1,5,5824.75,0
2024,510770,510840,MC,57,363,115980.96,7
2024,510774,510180,MC,2,12,12265.35,1
2024,510774,510270,MC,1,2,218.68,0
2024,510774,510335,MC,135,415,79422.39,1
2024,510774,510340,AC,3,2,4836.97,0
2024,510774,510340,MC,14,258,77507.22,0
2024,510774,510625,MC,1,8,779.5,0
2024,510774,510628,MC,1,1,3677.23,0
2024,510774,510840,AC,1,7,5125.86,0
2024,510774,510840,MC,3,62,26948.02,0
2024,510775,510250,MC,186,843,169357.12,9
2024,510775,510340,AC,3,23,20578.06,0
2024,510775,510340,MC,8,94,38881.41,1
2024,510775,510350,MC,1,4,452.57,0
2024,510775,510622,MC,1,2,207.82,0
2024,510775,510675,MC,1,2,205.91,0
2024,510775,510775,MC,89,293,35313.91,6
2024,510775,510840,MC,6,14,19829.46,1
2024,510776,510340,AC,1,12,1453.79,0
2024,510776,510340,MC,21,162,39093.45,1
2024,510776,510350,MC,13,26,7626.04,0
2024,510776,510510,MC,1,10,614.6,0
2024,510776,510525,MC,12,38,9827.59,0
2024,510776,510590,MC,1,0,324.9,0
2024,510776,510622,MC,45,97,34346.5,0
2024,510776,510790,MC,4,65,2272.52,0
2024,510776,510792,AC,1,4,2071.93,0
2024,510776,510792,MC,79,431,104999.36,3
2024,510776,510840,MC,7,32,7291.28,1
2024,510777,510020,MC,1,7,272.97,0
2024,510777,510025,MC,1,16,1257.02,0
2024,510777,510180,MC,1,1,207.33,0
2024,510777,510335,MC,321,1043,188485.66,11
2024,510777,510340,AC,13,61,57350.13,1
2024,510777,510340,MC,26,230,78234.56,0
2024,510777,510760,MC,1,13,4505.07,0
2024,510777,510777,MC,527,902,171874.85,7
2024,510777,510785,MC,11,31,5528.19,1
2024,510777,510840,MC,17,90,26479.85,2
2024,510777,510860,MC,7,19,3558.69,0
2024,510779,510020,MC,2,5,1394.42,0
2024,510779,510180,MC,2,2,913.44,0
2024,510779,510267,MC,3,6,1619.74,1
2024,510779,510340,AC,3,53,6301.07,0
2024,510779,510340,MC,10,82,25376.05,0
2024,510779,510625,MC,1,3,246.49,0
2024,510779,510628,MC,1,1,606.96,0
2024,510779,510700,MC,33,49,20692.61,0
2024,510779,510704,MC,179,490,140375.95,0
2024,510779,510760,AC,7,12,39907.78,0
2024,510779,510760,MC,53,265,75536.38,2
2024,510779,510840,AC,1,6,8695.51,0
2024,510779,510840,MC,4,10,9411.88,0
2024,510780,510020,MC,1,1,682.11,0
2024,510780,510130,MC,1,2,488.43,0
2024,510780,510250,MC,1,23,1272.49,0
2024,510780,510267,MC,7,18,2137.63,1
2024,510780,510320,MC,1,4,3069.35,0
2024,510780,510340,AC,55,468,350320.6,3
2024,510780,510340,MC,625,3881,1179965.83,33
2024,510780,510480,MC,2,4,398.66,0
2024,510780,510525,MC,1,4,558.1,0
2024,510780,510550,MC,1,5,637.97,0
2024,510780,510622,MC,2,7,959.96,0
2024,510780,510650,MC,4,7,1772.38,0
2024,510780,510760,AC,1,4,26437.08,1
2024,510780,510760,MC,20,99,35034.56,0
2024,510780,510840,AC,4,42,23607.17,0
2024,510780,510840,MC,138,975,234205.42,10
2024,510785,510020,MC,18,58,16815.71,2
2024,510785,510180,MC,9,19,7688.07,0
2024,510785,510250,MC,1,8,863.53,0
2024,510785,510267,MC,1,0,582.42,0
2024,510785,510270,MC,3,3,1086.13,0
2024,510785,510320,MC,1,8,1064.75,0
2024,510785,510335,MC,23,118,13287.36,1
2024,510785,510340,AC,6,80,86203.73,0
2024,510785,510340,MC,36,368,82516.22,5
2024,510785,510480,MC,1,3,335.96,0
2024,510785,510625,MC,2,7,1386.01,0
2024,510785,510642,MC,1,2,606.91,0
2024,510785,510706,MC,13,26,5571.27,0
2024,510785,510760,MC,1,2,2989.02,0
2024,510785,510785,MC,928,2361,405982.86,14
2024,510785,510790,MC,5,19,2344.0,0
2024,510785,510792,MC,1,1,1136.04,0
2024,510785,510840,AC,3,13,13176.57,0
2024,510785,510840,MC,16,165,62691.84,4
2024,510787,510020,MC,1,15,688.14,0
2024,510787,510130,MC,1,1,158.11,0
2024,510787,510170,MC,1,2,563.3,0
2024,510787,510180,MC,2,4,1556.87,0
2024,510787,510250,MC,5,27,10627.63,0
2024,510787,510263,MC,6,18,4829.38,0
2024,510787,510340,AC,42,248,302199.52,1
2024,510787,510340,MC,199,1508,398306.59,6
2024,510787,510350,MC,3,10,1409.94,0
2024,510787,510525,MC,3,12,610.48,0
2024,510787,510622,MC,26,61,15215.62,0
2024,510787,510704,MC,1,4,211.23,0
2024,510787,510760,MC,2,31,3416.29,0
2024,510787,510787,MC,1749,6127,805384.42,21
2024,510787,510790,MC,3,14,3430.88,0
2024,510787,510840,AC,1,4,9806.14,0
2024,510787,510840,MC,40,334,77545.93,2
2024,510788,510020,MC,113,277,73137.62,2
2024,510788,510180,MC,1,3,332.33,0
2024,510788,510335,MC,2,3,1207.78,0
2024,510788,510340,AC,2,1,9205.29,0
2024,510788,510340,MC,3,17,1764.02,0
2024,510788,510706,MC,1,2,164.84,0
2024,510788,510785,MC,6,12,1862.39,0
2024,510788,510790,MC,2,18,9168.09,1
2024,510788,510840,MC,1,5,1176.66,0
2024,510790,510025,MC,83,417,51664.35,1
2024,510790,510140,MC,1,8,776.49,0
2024,510790,510170,MC,1,8,1093.44,0
2024,510790,510180,MC,1,3,213.67,0
2024,510790,510250,MC,2,26,1220.1,0
2024,510790,510263,MC,1,2,630.4,0
2024,510790,510270,MC,1,1,443.4,0
2024,510790,510305,MC,6,30,1507.08,0
2024,510790,510320,MC,102,783,293587.76,14
2024,510790,510340,AC,81,583,733063.11,4
2024,510790,510340,MC,264,1728,458972.72,14
2024,510790,510410,MC,17,47,13548.78,0
2024,510790,510480,MC,1,1,173.99,0
2024,510790,510510,MC,17,63,12687.16,0
2024,510790,510525,MC,89,357,47813.34,0
2024,510790,510558,MC,7,31,2496.95,0
2024,510790,510560,MC,6,23,3201.4,1
2024,510790,510622,AC,2,6,3270.19,0
2024,510790,510622,MC,880,2325,1321862.37,16
2024,510790,510629,MC,3,6,1299.95,0
2024,510790,510642,MC,10,38,4538.46,1
2024,510790,510760,MC,7,23,12933.46,0
2024,510790,510790,AC,566,1470,1795619.68,8
2024,510790,510790,MC,6005,26491,6451155.62,170
2024,510790,510792,AC,8,57,24756.51,0
2024,510790,510792,MC,526,2348,685524.04,18
2024,510790,510794,MC,1,3,251.76,0
2024,510790,510795,MC,1,5,996.34,0
2024,510790,510805,MC,10,17,5575.74,0
2024,510790,510840,AC,12,58,54437.48,0
2024,510790,510840,MC,111,684,135783.82,1
2024,510792,510020,MC,3,22,6018.93,0
2024,510792,510025,MC,34,118,19884.54,0
2024,510792,510130,MC,2,4,695.24,0
2024,510792,510170,MC,1,3,199.33,0
2024,510792,510180,MC,3,10,1399.3,0
2024,510792,510250,MC,1,3,851.58,0
2024,510792,510263,MC,1,1,199.33,0
2024,510792,510267,MC,1,2,193.66,0
2024,510792,510320,MC,44,287,92557.45,5
2024,510792,510340,AC,40,308,266165.24,3
2024,510792,510340,MC,133,1246,451186.69,0
2024,510792,510350,MC,7,16,3275.72,0
2024,510792,510410,MC,6,12,2106.5,0
2024,510792,510480,MC,1,0,588.12,0
2024,510792,510510,MC,2,7,1492.98,1
2024,510792,510525,MC,58,328,33767.18,1
2024,510792,510622,MC,379,912,469901.32,7
2024,510792,510630,MC,1,1,57.0,0
2024,510792,510642,MC,6,40,3870.38,0
2024,510792,510675,MC,1,2,246.89,0
2024,510792,510760,AC,5,12,16350.37,0
2024,510792,510760,MC,44,551,83639.86,0
2024,510792,510790,AC,255,457,892677.06,0
2024,510792,510790,MC,132,912,242145.03,10
2024,510792,510792,AC,26,147,87027.1,1
2024,510792,510792,MC,5450,24056,6442038.66,214
2024,510792,510840,AC,8,31,45570.16,0
2024,510792,510840,MC,40,227,50687.3,2
2024,510794,510025,MC,1,7,638.96,0
2024,510794,510250,MC,3,24,16746.16,0
2024,510794,510320,MC,2,9,871.02,0
2024,510794,510340,AC,8,51,17995.34,0
2024,510794,510340,MC,19,61,18287.99,2
2024,510794,510350,MC,1,3,397.15,0
2024,510794,510510,MC,94,277,61985.17,0
2024,510794,510525,MC,2,16,1286.46,0
2024,510794,510622,MC,13,88,57902.79,1
2024,510794,510790,AC,1,1,1857.47,0
2024,510794,510790,MC,28,224,46192.39,3
2024,510794,510792,MC,8,68,21543.73,1
2024,510794,510794,MC,329,845,130621.62,11
2024,510794,510840,AC,1,3,2045.42,1
2024,510794,510840,MC,11,48,24913.53,0
2024,510795,510020,MC,1,1,674.11,0
2024,510795,510130,MC,19,31,9983.47,0
2024,510795,510170,MC,3,10,1236.76,0
2024,510795,510250,MC,5,38,9721.16,1
2024,510795,510263,MC,8,8,3987.91,1
2024,510795,510267,MC,1,3,218.68,1
2024,510795,510268,MC,1,0,44.22,0
2024,510795,510337,MC,1,4,204.5,0
2024,510795,510340,AC,129,612,654495.89,6
2024,510795,510340,MC,315,2361,793144.79,25
2024,510795,510350,MC,11,22,5899.28,0
2024,510795,510410,MC,2,6,1129.78,0
2024,510795,510510,MC,2,5,1406.6,0
2024,510795,510515,MC,1,0,458.05,0
2024,510795,510525,MC,1,2,251.96,0
2024,510795,510550,MC,3,12,855.02,0
2024,510795,510560,MC,1,1,865.91,0
2024,510795,510622,MC,37,153,49901.28,1
2024,510795,510623,MC,6,14,3247.66,0
2024,510795,510675,MC,3,5,909.79,0
2024,510795,510760,MC,11,159,39043.29,1
2024,510795,510792,AC,3,4,6094.59,0
2024,510795,510792,MC,8,51,11792.88,0
2024,510795,510795,MC,5629,20200,2960629.88,163
2024,510795,510840,AC,21,228,164300.63,0
2024,510795,510840,MC,173,1327,476069.73,9
2024,510800,510025,MC,3,5,2435.96,0
2024,510800,510130,MC,9,46,4583.57,0
2024,510800,510180,MC,1,1,1297.02,0
2024,510800,510263,MC,1,2,289.96,0
2024,510800,510320,MC,3,21,10587.75,2
2024,510800,510340,AC,12,65,63771.35,1
2024,510800,510340,MC,29,209,32592.54,0
2024,510800,510350,MC,2,10,1286.77,0
2024,510800,510510,MC,3,4,651.67,0
2024,510800,510515,MC,1,1,233.16,0
2024,510800,510525,MC,71,151,39865.07,1
2024,510800,510622,MC,49,124,61574.4,0
2024,510800,510760,MC,1,7,1739.29,0
2024,510800,510790,AC,56,104,147076.47,0
2024,510800,510790,MC,56,200,107959.44,3
2024,510800,510792,AC,1,4,934.99,0
2024,510800,510792,MC,505,2606,766060.84,21
2024,510800,510800,MC,260,906,61589.32,4
2024,510800,510805,MC,1,1,143.72,0
2024,510800,510840,MC,1,2,720.8,0
2024,510805,510025,MC,2,7,1178.51,0
2024,510805,510320,MC,9,46,10714.94,1
2024,510805,510340,AC,14,55,185177.88,2
2024,510805,510340,MC,19,130,26829.83,1
2024,510805,510410,MC,6,38,6195.36,0
2024,510805,510510,MC,2,8,906.42,0
2024,510805,510525,MC,2,3,1171.8,0
2024,510805,510560,MC,1,2,186.06,0
2024,510805,510622,MC,18,90,62735.21,1
2024,510805,510629,MC,1,1,199.33,0
2024,510805,510642,MC,213,599,99238.89,5
2024,510805,510760,MC,1,10,6880.61,1
2024,510805,510790,AC,8,12,48466.59,0
2024,510805,510790,MC,13,82,21200.32,1
2024,510805,510792,AC,2,4,4055.06,0
2024,510805,510792,MC,5,15,3370.48,0
2024,510805,510805,AC,14,13,10810.4,0
2024,510805,510805,MC,411,1478,173187.27,14
2024,510805,510840,AC,2,18,6467.5,1
2024,510805,510840,MC,2,7,785.49,0
2024,510810,510267,MC,1,1,44.22,0
2024,510810,510340,AC,2,3,3744.0,0
2024,510810,510340,MC,3,26,16801.43,0
2024,510810,510420,MC,1,1,197.67,0
2024,510810,510700,MC,15,18,8939.9,0
2024,510810,510704,MC,2,9,8970.32,2
2024,510810,510760,AC,20,54,119348.29,0
2024,510810,510760,MC,134,423,185222.56,7
2024,510810,510810,MC,64,217,23366.21,4
2024,510820,510020,MC,1,1,167.15,0
2024,510820,510180,MC,42,177,42085.45,2
2024,510820,510340,AC,1,28,24407.57,0
2024,510820,510340,MC,3,7,3196.48,0
2024,510820,510625,MC,6,7,2640.56,0
2024,510820,510628,MC,1,1,3677.23,0
2024,510820,510706,MC,1,4,606.42,0
2024,510820,510760,MC,2,27,2307.18,0
2024,510820,510820,MC,165,217,88404.17,1
2024,510820,510840,MC,6,36,5565.86,0
2024,510830,510320,MC,2,10,698.31,0
2024,510830,510340,AC,3,21,53175.3,0
2024,510830,510340,MC,4,28,5105.67,0
2024,510830,510410,MC,2,3,843.76,0
2024,510830,510525,MC,2,15,1165.56,0
2024,510830,510622,MC,25,38,18288.06,0
2024,510830,510770,MC,1,6,186.06,0
2024,510830,510790,AC,6,17,17852.33,0
2024,510830,510790,MC,110,462,110713.28,2
2024,510830,510792,AC,1,0,791.37,0
2024,510830,510792,MC,74,132,73523.95,1
2024,510830,510805,MC,1,6,258.8,0
2024,510835,510130,MC,1,3,680.11,0
2024,510835,510250,MC,44,222,79591.82,4
2024,510835,510267,MC,1,14,483.6,0
2024,510835,510325,MC,2,13,947.66,0
2024,510835,510340,AC,6,52,77268.02,0
2024,510835,510340,MC,27,187,103909.96,2
2024,510835,510550,MC,7,13,3146.44,0
2024,510835,510675,MC,127,427,66154.98,1
2024,510835,510760,MC,1,4,1526.67,0
2024,510835,510840,AC,1,4,7933.51,0
2024,510835,510840,MC,11,136,25071.55,1
2024,510840,510020,MC,1,1,327.92,0
2024,510840,510130,MC,2,5,1992.68,0
2024,510840,510170,MC,3,11,1269.15,0
2024,510840,510180,MC,4,3,1848.63,0
2024,510840,510250,MC,7,39,7534.58,0
2024,510840,510263,MC,1,8,699.08,0
2024,510840,510267,MC,8,17,2755.12,0
2024,510840,510270,MC,1,2,270.38,0
2024,510840,510325,MC,1,1,590.42,0
2024,510840,510340,AC,865,5701,6677289.37,23
2024,510840,510340,MC,6839,35960,9854326.62,289
2024,510840,510350,MC,12,26,5431.97,0
2024,510840,510410,MC,1,2,215.33,0
2024,510840,510510,MC,1,16,838.83,0
2024,510840,510515,MC,1,2,488.43,0
2024,510840,510558,MC,1,3,582.42,0
2024,510840,510560,MC,1,4,453.23,0
2024,510840,510622,MC,24,124,63548.25,1
2024,510840,510625,MC,1,10,701.14,0
2024,510840,510628,MC,1,1,264.97,0
2024,510840,510642,MC,1,1,443.4,0
2024,510840,510650,MC,11,16,6788.86,0
2024,510840,510675,MC,1,3,139.42,0
2024,510840,510700,MC,1,2,865.91,0
2024,510840,510704,MC,4,4,2715.25,0
2024,510840,510706,MC,1,3,220.5,0
2024,510840,510760,AC,2,5,19306.77,0
2024,510840,510760,MC,17,89,49904.1,1
2024,510840,510770,MC,2,3,634.1,0
2024,510840,510775,MC,1,6,360.8,0
2024,510840,510790,AC,1,5,8462.76,0
2024,510840,510790,MC,11,44,5572.77,0
2024,510840,510792,MC,9,43,13630.17,0
2024,510840,510795,MC,1,1,107.24,0
2024,510840,510820,MC,2,2,1920.27,0
2024,510840,510840,AC,85,640,522971.35,6
2024,510840,510840,MC,9321,60094,14583780.88,451
2024,510850,510025,MC,4,23,1570.0,0
2024,510850,510320,MC,1,22,12213.96,1
2024,510850,510340,AC,2,17,17209.99,0
2024,510850,510340,MC,24,209,18550.73,0
2024,510850,510350,MC,2,5,328.86,0
2024,510850,510410,MC,1,1,264.63,0
2024,510850,510525,MC,14,19,5554.07,0
2024,510850,510622,AC,1,0,1450.0,0
2024,510850,510622,MC,36,196,101371.73,1
2024,510850,510642,MC,1,1,356.81,0
2024,510850,510706,MC,1,3,308.62,0
2024,510850,510760,AC,1,3,7406.99,0
2024,510850,510760,MC,2,7,7094.89,0
2024,510850,510790,AC,31,59,85954.72,0
2024,510850,510790,MC,115,526,115735.94,9
2024,510850,510792,AC,1,8,3985.03,0
2024,510850,510792,MC,288,987,290172.62,2
2024,510850,510805,MC,1,1,472.43,0
2024,510850,510840,AC,1,9,5506.03,0
2024,510850,510840,MC,4,9,2620.2,0
2024,510860,510020,MC,1,2,206.7,0
2024,510860,510180,MC,4,21,3805.74,0
2024,510860,510250,MC,1,5,845.37,0
2024,510860,510267,MC,1,16,3401.33,1
2024,510860,510270,MC,1,1,443.4,0
2024,510860,510335,MC,245,663,122151.42,2
2024,510860,510340,AC,5,46,39306.67,0
2024,510860,510340,MC,84,673,215413.02,7
2024,510860,510622,MC,1,4,617.28,0
2024,510860,510760,MC,6,68,27849.52,2
2024,510860,510785,MC,7,27,5869.19,0
2024,510860,510840,AC,3,20,24064.38,0
2024,510860,510840,MC,45,389,137133.61,3
2024,510860,510860,AC,2,10,1978.16,1
2024,510860,510860,MC,976,2878,435298.95,37
2024,510880,510025,MC,1,1,207.02,0
2024,510880,510320,MC,212,997,325367.14,11
2024,510880,510340,AC,3,39,15098.44,0
2024,510880,510340,MC,9,97,23596.67,3
2024,510880,510350,MC,1,2,205.6,0
2024,510880,510410,MC,1,0,201.02,0
2024,510880,510525,MC,4,15,1880.24,0
2024,510880,510560,MC,4,11,2787.25,1
2024,510880,510622,AC,1,3,777.34,0
2024,510880,510622,MC,13,67,35291.89,0
2024,510880,510629,MC,1,2,199.33,0
2024,510880,510642,MC,4,7,1186.86,0
2024,510880,510790,AC,52,114,187562.16,0
2024,510880,510790,MC,19,106,40817.83,2
2024,510880,510792,MC,2,2,3130.95,0
2024,510880,510805,MC,5,10,2181.79,0
2024,510880,510840,AC,2,8,17543.63,0
2024,510880,510840,MC,7,51,7961.71,1
2024,510885,510130,MC,140,359,54195.44,0
2024,510885,510267,MC,1,1,508.6,0
2024,510885,510340,AC,12,28,56614.07,0
2024,510885,510340,MC,59,406,105556.67,8
2024,510885,510350,MC,1,2,633.91,0
2024,510885,510622,MC,1,2,455.4,0
2024,510885,510760,AC,9,17,12624.56,0
2024,510885,510760,MC,7,47,7093.6,0
2024,510885,510840,MC,2,12,619.77,0
2024,510890,510340,AC,6,64,76728.55,0
2024,510890,510340,MC,34,307,78217.76,3
2024,510890,510350,MC,53,95,24666.02,0
2024,510890,510510,MC,1,4,620.43,0
2024,510890,510525,MC,8,21,3998.75,2
2024,510890,510622,AC,1,5,5561.21,1
2024,510890,510622,MC,14,38,21933.75,2
2024,510890,510730,MC,1,2,688.11,0
2024,510890,510790,MC,3,28,2789.37,0
2024,510890,510792,MC,29,148,20573.07,0
2024,510890,510840,AC,1,7,5478.0,0
2024,510890,510840,MC,13,66,22396.7,1
2024,510895,510025,MC,445,1205,378249.57,13
2024,510895,510080,MC,2,6,975.15,0
2024,510895,510320,MC,12,33,3928.94,0
2024,510895,510340,AC,13,76,90186.76,0
2024,510895,510340,MC,30,203,60587.96,2
2024,510895,510510,MC,3,8,1671.06,0
2024,510895,510515,MC,1,6,318.38,0
2024,510895,510525,MC,2,19,773.69,0
2024,510895,510622,MC,21,82,39341.46,1
2024,510895,510629,MC,46,75,28283.22,0
2024,510895,510642,MC,1,9,288.5,0
2024,510895,510760,MC,4,47,4119.96,0
2024,510895,510790,AC,1,1,6862.8,0
2024,510895,510790,MC,7,33,4871.21,0
2024,510895,510792,AC,1,1,6070.59,0
2024,510895,510792,MC,4,17,2255.59,0
2024,510895,510840,AC,2,13,15128.15,0
2024,510895,510840,MC,7,22,5491.67,0
2025,510010,510340,AC,14,60,94313.04,0
2025,510010,510340,MC,142,856,273120.02,5
2025,510010,510622,MC,2,5,1554.63,0
2025,510010,510650,MC,7,7,3820.81,0
2025,510010,510840,AC,1,7,12456.55,0
2025,510010,510840,MC,33,176,58824.83,4
2025,510020,510020,AC,11,10,62103.63,0
2025,510020,510020,MC,2035,5949,2020052.28,58
2025,510020,510180,MC,26,121,28986.01,0
2025,510020,510270,MC,2,2,800.97,0
2025,510020,510310,MC,3,7,735.08,0
2025,510020,510335,MC,2,10,930.36,0
2025,510020,510340,AC,49,312,308204.53,0
2025,510020,510340,MC,101,831,262682.08,2
2025,510020,510510,MC,2,4,1148.33,0
2025,510020,510525,MC,1,10,743.49,0
2025,510020,510622,MC,5,13,2985.16,0
2025,510020,510625,MC,37,108,36304.25,0
2025,510020,510628,MC,4,6,44195.27,0
2025,510020,510642,MC,1,7,774.83,0
2025,510020,510704,MC,2,6,2778.92,0
2025,510020,510706,MC,1,3,353.96,0
2025,510020,510760,MC,19,188,20322.69,0
2025,510020,510785,MC,2,2,455.09,0
2025,510020,510792,MC,1,1,192.6,0
2025,510020,510820,MC,1,0,1183.81,0
2025,510020,510840,AC,6,72,65216.09,0
2025,510020,510840,MC,64,542,116418.97,2
2025,510020,510860,MC,1,3,613.0,0
2025,510025,510025,MC,3597,11317,2442741.16,64
2025,510025,510250,MC,2,7,1391.35,0
2025,510025,510267,MC,1,3,582.42,0
2025,510025,510320,MC,27,182,85265.79,2
2025,510025,510340,AC,81,358,387198.96,0
2025,510025,510340,MC,142,1065,163764.38,5
2025,510025,510510,MC,2,3,1281.13,0
2025,510025,510525,MC,15,154,7308.67,0
2025,510025,510560,MC,2,5,1561.77,0
2025,510025,510622,AC,11,42,100905.92,0
2025,510025,510622,MC,79,471,294890.38,3
2025,510025,510629,MC,314,595,480610.9,0
2025,510025,510642,MC,7,21,2962.64,1
2025,510025,510680,MC,1,2,303.76,0
2025,510025,510760,MC,1,24,2059.99,0
2025,510025,510790,AC,51,93,99348.16,0
2025,510025,510790,MC,27,200,53249.95,1
2025,510025,510792,AC,1,1,2031.53,0
2025,510025,510792,MC,32,263,85212.87,3
2025,510025,510840,AC,13,87,129327.94,1
2025,510025,510840,MC,55,464,93672.82,2
2025,510030,510030,MC,464,876,164790.98,14
2025,510030,510060,MC,1,1,1451.02,0
2025,510030,510180,MC,1,1,517.6,0
2025,510030,510250,MC,2,12,1369.91,0
2025,510030,510267,MC,1,10,783.52,0
2025,510030,510340,AC,8,53,27930.2,0
2025,510030,510340,MC,15,273,80772.85,2
2025,510030,510480,MC,5,11,4869.62,1
2025,510030,510622,MC,1,1,347.54,0
2025,510030,510628,MC,2,4,1650.31,0
2025,510030,510630,MC,1,0,339.54,0
2025,510030,510650,MC,1,2,1103.64,0
2025,510030,510704,MC,5,30,19927.76,0
2025,510030,510760,AC,65,230,457491.78,2
2025,510030,510760,MC,437,1894,728559.7,19
2025,510030,510840,AC,2,11,12955.84,0
2025,510030,510840,MC,4,39,10711.84,0
2025,510035,510020,MC,25,126,23045.84,2
2025,510035,510180,MC,4,18,2396.24,0
2025,510035,510335,MC,7,12,3417.24,0
2025,510035,510340,AC,9,43,27764.77,0
2025,510035,510340,MC,22,216,83677.13,2
2025,510035,510625,MC,2,3,2350.96,0
2025,510035,510628,MC,2,5,22064.86,0
2025,510035,510706,MC,1,18,1459.27,0
2025,510035,510760,AC,2,17,39750.82,0
2025,510035,510760,MC,1,10,6153.05,0
2025,510035,510777,MC,1,2,347.15,0
2025,510035,510785,MC,325,1037,157023.53,14
2025,510035,510840,AC,1,3,2152.45,0
2025,510035,510840,MC,4,52,7414.24,0
2025,510040,510020,MC,1,1,1004.34,0
2025,510040,510025,MC,1,0,151.66,0
2025,510040,510030,MC,9,15,1269.13,0
2025,510040,510250,MC,2,16,1714.01,0
2025,510040,510267,MC,4,38,3564.34,1
2025,510040,510340,AC,9,48,63271.45,1
2025,510040,510340,MC,15,120,11245.7,0
2025,510040,510480,MC,1,1,316.33,0
2025,510040,510525,MC,1,4,865.91,0
2025,510040,510625,MC,1,2,626.53,0
2025,510040,510628,MC,3,8,2606.91,0
2025,510040,510630,MC,1,2,261.15,0
2025,510040,510700,MC,1,1,692.19,0
2025,510040,510704,AC,3,6,18435.0,0
2025,510040,510704,MC,22,61,35393.01,2
2025,510040,510760,AC,44,180,350827.38,1
2025,510040,510760,MC,493,2078,1100213.57,30
2025,510040,510792,AC,1,1,2031.53,0
2025,510040,510820,MC,1,1,618.06,0
2025,510040,510840,MC,4,11,5176.11,0
2025,510050,510130,MC,1,1,48.38,0
2025,510050,510170,MC,2,2,807.58,0
2025,510050,510340,AC,19,115,118403.39,3
2025,510050,510340,MC,84,566,212825.68,10
2025,510050,510350,MC,173,448,92617.71,2
2025,510050,510622,MC,10,65,21430.19,1
2025,510050,510629,MC,1,2,199.33,0
2025,510050,510650,MC,6,12,3499.25,0
2025,510050,510792,AC,1,1,2031.53,0
2025,510050,510840,MC,31,189,82704.06,3
2025,510060,510030,MC,6,11,1279.96,0
2025,510060,510060,AC,1,6,2266.63,0
2025,510060,510060,MC,289,589,168646.14,1
2025,510060,510180,MC,2,7,1458.68,0
2025,510060,510267,MC,7,90,6879.77,1
2025,510060,510340,MC,4,25,4416.1,0
2025,510060,510390,MC,1,4,479.19,0
2025,510060,510480,MC,1,1,525.56,0
2025,510060,510525,MC,1,2,57.0,0
2025,510060,510704,AC,2,4,12290.0,0
2025,510060,510704,MC,15,39,63849.01,0
2025,510060,510760,AC,14,44,86951.82,0
2025,510060,510760,MC,237,1214,513069.41,9
2025,510060,510840,AC,1,5,12393.19,0
2025,510080,510025,MC,284,1085,227706.02,6
2025,510080,510080,MC,426,1419,154868.9,2
2025,510080,510125,MC,1,1,44.22,0
2025,510080,510320,MC,16,48,7728.77,0
2025,510080,510340,AC,3,15,17904.22,0
2025,510080,510340,MC,20,218,63828.77,2
2025,510080,510410,MC,1,2,279.8,0
2025,510080,510510,MC,1,6,1079.52,0
2025,510080,510525,MC,1,29,496.8,0
2025,510080,510622,MC,17,117,96726.92,2
2025,510080,510629,MC,78,134,128302.74,0
2025,510080,510642,MC,2,9,292.48,0
2025,510080,510760,AC,1,1,8660.07,0
2025,510080,510760,MC,1,7,475.88,0
2025,510080,510790,AC,7,12,14739.4,0
2025,510080,510790,MC,1,1,960.76,0
2025,510080,510792,AC,1,2,2039.53,0
2025,510080,510792,MC,2,39,16800.42,0
2025,510080,510840,MC,16,101,31956.76,0
2025,510100,510020,MC,2,5,968.81,1
2025,510100,510180,MC,138,495,177929.5,3
2025,510100,510270,MC,1,0,109.24,0
2025,510100,510340,AC,5,16,29262.06,0
2025,510100,510340,MC,2,16,6258.69,1
2025,510100,510510,MC,1,2,755.51,0
2025,510100,510625,MC,5,13,7893.11,0
2025,510100,510628,MC,9,26,24197.0,0
2025,510100,510820,MC,25,31,18339.95,0
2025,510100,510840,AC,2,39,36207.06,0
2025,510100,510840,MC,8,57,7848.09,0
2025,510120,510030,MC,5,8,1779.16,0
2025,510120,510180,MC,1,1,766.65,0
2025,510120,510340,MC,3,19,8211.59,0
2025,510120,510700,MC,1,2,919.51,0
2025,510120,510704,MC,1,5,3418.91,0
2025,510120,510760,AC,2,7,5725.03,0
2025,510120,510760,MC,35,153,47032.12,2
2025,510120,510820,MC,4,4,3227.27,0
2025,510125,510125,MC,355,973,101786.43,16
2025,510125,510180,MC,1,1,481.85,0
2025,510125,510250,AC,1,3,2047.53,0
2025,510125,510250,MC,599,2939,673439.6,34
2025,510125,510337,MC,1,1,413.41,1
2025,510125,510340,AC,49,311,299916.21,0
2025,510125,510340,MC,113,682,201514.86,4
2025,510125,510350,MC,1,2,174.11,0
2025,510125,510525,MC,2,5,943.56,0
2025,510125,510550,MC,1,2,522.87,0
2025,510125,510562,MC,2,3,299.83,0
2025,510125,510622,MC,4,26,22439.61,1
2025,510125,510840,AC,3,29,21526.18,0
2025,510125,510840,MC,26,208,123776.95,1
2025,510130,510130,MC,729,2492,294295.62,9
2025,510130,510170,MC,4,9,1489.79,0
2025,510130,510250,MC,1,19,5821.68,0
2025,510130,510267,MC,2,11,1539.19,0
2025,510130,510320,MC,1,9,919.66,0
2025,510130,510340,AC,35,191,144820.13,6
2025,510130,510340,MC,170,852,274638.29,12
2025,510130,510350,MC,4,11,1014.78,0
2025,510130,510510,MC,1,1,462.4,0
2025,510130,510525,MC,2,54,1311.58,0
2025,510130,510622,AC,2,4,14274.84,1
2025,510130,510622,MC,17,130,41079.37,0
2025,510130,510760,MC,9,140,12277.51,0
2025,510130,510790,MC,2,3,1717.31,0
2025,510130,510792,AC,1,0,2031.53,0
2025,510130,510795,MC,3,7,1507.7,0
2025,510130,510840,AC,8,83,80976.3,0
2025,510130,510840,MC,43,429,137205.23,2
2025,510140,510140,MC,1883,7334,763740.47,14
2025,510140,510250,MC,1,2,965.0,0
2025,510140,510325,MC,3,7,1287.81,0
2025,510140,510337,MC,1,5,44.22,0
2025,510140,510340,AC,41,275,270091.5,1
2025,510140,510340,MC,181,1523,514453.6,7
2025,510140,510480,MC,1,1,195.13,0
2025,510140,510510,MC,1,2,743.17,0
2025,510140,510515,MC,112,713,63135.62,0
2025,510140,510517,MC,2,3,729.76,0
2025,510140,510525,MC,1,1,8300.69,0
2025,510140,510622,MC,3,6,1540.62,0
2025,510140,510704,MC,1,6,905.91,0
2025,510140,510760,MC,2,5,877.93,0
2025,510140,510790,AC,1,18,2300.79,0
2025,510140,510790,MC,1,1,992.45,0
2025,510140,510792,MC,1,2,728.71,0
2025,510140,510795,MC,1,1,369.25,0
2025,510140,510840,AC,17,153,143370.95,0
2025,510140,510840,MC,142,996,277985.07,11
2025,510160,510250,MC,1,6,938.37,0
2025,510160,510340,AC,23,111,135356.73,0
2025,510160,510340,MC,148,854,272034.1,8
2025,510160,510650,MC,17,27,11446.48,0
2025,510160,510760,MC,1,11,440.8,0
2025,510160,510840,AC,2,19,13955.28,0
2025,510160,510840,MC,98,624,211821.96,8
2025,510170,510130,MC,2,3,1253.01,0
2025,510170,510170,MC,1386,4120,653939.9,39
2025,510170,510250,MC,1,16,1751.08,0
2025,510170,510263,MC,1,2,314.6,0
2025,510170,510325,MC,1,5,582.42,0
2025,510170,510340,AC,83,326,377788.18,2
2025,510170,510340,MC,276,2073,781521.9,25
2025,510170,510622,AC,2,19,28188.27,1
2025,510170,510622,MC,8,56,11493.31,0
2025,510170,510623,MC,6,9,2661.05,0
2025,510170,510628,MC,1,5,358.13,0
2025,510170,510675,MC,1,3,109.24,0
2025,510170,510760,MC,3,34,24497.82,0
2025,510170,510792,MC,1,2,525.6,0
2025,510170,510795,MC,12,47,8186.32,0
2025,510170,510840,AC,8,60,102650.32,1
2025,510170,510840,MC,78,751,238497.41,7
2025,510180,510020,MC,22,104,31831.36,1
2025,510180,510180,AC,15,32,73155.51,0
2025,510180,510180,MC,3491,11427,3825387.87,85
2025,510180,510260,MC,1,6,44.22,0
2025,510180,510267,MC,1,7,444.86,0
2025,510180,510325,MC,1,3,582.42,0
2025,510180,510340,AC,22,121,84594.38,0
2025,510180,510340,MC,136,1388,308203.03,3
2025,510180,510390,MC,5,24,2117.84,0
2025,510180,510622,MC,3,14,7065.97,0
2025,510180,510625,MC,46,99,47946.61,1
2025,510180,510628,MC,29,58,179068.54,0
2025,510180,510704,MC,2,4,1368.08,0
2025,510180,510706,MC,1,2,338.48,0
2025,510180,510760,AC,2,7,18268.69,0
2025,510180,510760,MC,12,122,73980.35,0
2025,510180,510777,MC,1,1,590.42,0
2025,510180,510785,MC,6,13,2292.85,0
2025,510180,510790,MC,3,11,1982.88,0
2025,510180,510792,AC,3,3,6110.59,0
2025,510180,510820,AC,1,1,6153.0,0
2025,510180,510820,MC,41,41,31044.09,0
2025,510180,510840,AC,13,91,133061.38,0
2025,510180,510840,MC,144,951,223661.13,5
2025,510185,510020,MC,324,890,325822.5,12
2025,510185,510180,MC,2,2,1135.55,0
2025,510185,510340,AC,5,7,12268.74,0
2025,510185,510340,MC,18,109,33493.38,4
2025,510185,510622,MC,1,4,614.42,0
2025,510185,510625,MC,1,1,10657.22,0
2025,510185,510628,MC,8,16,72999.4,0
2025,510185,510704,MC,2,24,18908.33,0
2025,510185,510706,MC,6,14,2127.82,0
2025,510185,510718,MC,2,2,543.58,0
2025,510185,510760,MC,1,15,1068.05,0
2025,510185,510785,MC,35,77,16460.76,0
2025,510185,510840,AC,2,9,18541.73,0
2025,510185,510840,MC,3,57,3838.09,0
2025,510190,510190,MC,1599,5936,602279.22,23
2025,510190,510263,MC,6,13,3157.27,0
2025,510190,510325,MC,2,3,690.67,0
2025,510190,510337,MC,1,1,582.42,0
2025,510190,510340,AC,43,219,158130.5,0
2025,510190,510340,MC,137,1262,279903.33,8
2025,510190,510510,MC,4,13,2423.44,0
2025,510190,510515,MC,56,257,28909.11,1
2025,510190,510558,MC,1,14,260.67,0
2025,510190,510622,MC,8,45,26597.31,1
2025,510190,510642,MC,1,2,265.29,0
2025,510190,510680,MC,3,32,1355.28,0
2025,510190,510760,MC,1,2,582.42,1
2025,510190,510792,AC,1,1,2031.53,0
2025,510190,510792,MC,2,3,1298.88,0
2025,510190,510800,MC,1,1,44.22,0
2025,510190,510840,AC,9,77,103393.22,0
2025,510190,510840,MC,49,317,148036.34,5
2025,510250,510020,MC,2,9,594.58,0
2025,510250,510140,MC,1,2,553.25,0
2025,510250,510170,MC,1,2,688.11,0
2025,510250,510180,MC,1,2,598.42,0
2025,510250,510250,AC,25,25,94837.29,1
2025,510250,510250,MC,7028,31463,6458615.13,254
2025,510250,510263,MC,3,11,1521.64,0
2025,510250,510267,MC,1,3,199.33,0
2025,510250,510325,MC,1,2,903.86,0
2025,510250,510340,AC,117,1039,1161294.05,3
2025,510250,510340,MC,273,1945,567533.99,15
2025,510250,510350,MC,2,2,955.88,0
2025,510250,510480,MC,1,2,234.68,0
2025,510250,510525,MC,1,2,220.15,0
2025,510250,510550,MC,3,10,1460.13,0
2025,510250,510562,MC,3,8,1444.83,0
2025,510250,510622,AC,3,25,90565.0,0
2025,510250,510622,MC,13,100,33430.56,1
2025,510250,510675,MC,6,31,3572.88,0
2025,510250,510704,MC,2,6,863.15,0
2025,510250,510720,MC,1,3,582.42,0
2025,510250,510760,MC,5,55,4760.06,0
2025,510250,510790,MC,7,112,4189.41,0
2025,510250,510795,MC,2,27,826.01,0
2025,510250,510840,AC,9,68,74885.48,0
2025,510250,510840,MC,78,715,179581.87,3
2025,510260,510020,MC,514,2009,559165.67,33
2025,510260,510180,MC,25,73,19725.69,1
2025,510260,510260,MC,737,1982,306763.89,9
2025,510260,510270,MC,2,2,1244.88,0
2025,510260,510340,AC,23,34,92394.82,0
2025,510260,510340,MC,79,848,350075.04,6
2025,510260,510525,MC,3,41,1574.95,0
2025,510260,510625,MC,28,118,23919.05,0
2025,510260,510628,AC,1,2,6153.0,0
2025,510260,510628,MC,6,17,6917.95,0
2025,510260,510704,MC,6,15,3224.46,0
2025,510260,510840,AC,2,8,14175.68,0
2025,510260,510840,MC,15,147,46914.26,0
2025,510263,510020,MC,2,11,766.51,0
2025,510263,510190,MC,1,1,324.9,0
2025,510263,510250,MC,5,26,5918.45,0
2025,510263,510263,MC,2735,7137,1412006.22,43
2025,510263,510267,MC,1,3,286.08,0
2025,510263,510320,MC,1,5,688.24,0
2025,510263,510325,MC,1,3,258.77,0
2025,510263,510330,MC,1,4,606.42,0
2025,510263,510340,AC,103,430,530233.0,2
2025,510263,510340,MC,274,2148,843867.96,14
2025,510263,510350,MC,1,3,338.03,0
2025,510263,510510,MC,5,33,3553.27,0
2025,510263,510515,MC,1,1,207.33,0
2025,510263,510525,MC,4,55,2429.28,0
2025,510263,510550,MC,1,15,623.32,0
2025,510263,510560,MC,1,5,606.12,0
2025,510263,510622,MC,19,62,10015.8,0
2025,510263,510628,MC,2,2,2008.68,0
2025,510263,510720,MC,1,1,270.38,0
2025,510263,510760,MC,12,123,14228.32,0
2025,510263,510790,MC,2,8,886.08,0
2025,510263,510792,MC,3,18,1915.95,0
2025,510263,510795,MC,17,45,9310.51,0
2025,510263,510840,AC,17,218,150116.38,0
2025,510263,510840,MC,92,683,211469.64,2
2025,510263,510860,MC,1,13,560.65,0
2025,510267,510020,MC,1,2,1128.11,0
2025,510267,510180,MC,4,13,2024.64,0
2025,510267,510267,AC,7,6,12018.94,0
2025,510267,510267,MC,2822,7815,2131089.68,68
2025,510267,510270,MC,1,4,286.38,0
2025,510267,510340,AC,77,302,398765.22,1
2025,510267,510340,MC,174,1308,315038.24,7
2025,510267,510480,MC,3,4,1289.53,0
2025,510267,510510,MC,1,1,248.87,0
2025,510267,510622,AC,1,4,4500.78,0
2025,510267,510622,MC,3,5,3004.89,0
2025,510267,510625,MC,1,4,458.69,0
2025,510267,510704,MC,21,58,33227.35,0
2025,510267,510760,AC,84,330,765259.45,1
2025,510267,510760,MC,538,2352,895812.52,19
2025,510267,510790,MC,1,2,599.47,0
2025,510267,510792,AC,1,0,2023.53,0
2025,510267,510792,MC,2,7,1290.91,0
2025,510267,510840,AC,7,42,75785.14,0
2025,510267,510840,MC,31,237,64624.41,1
2025,510268,510250,MC,125,587,117612.67,3
2025,510268,510263,MC,1,1,254.89,0
2025,510268,510268,MC,612,1021,154490.47,9
2025,510268,510340,AC,1,9,18451.8,0
2025,510268,510340,MC,10,70,7152.06,0
2025,510268,510510,MC,1,7,1009.43,0
2025,510268,510550,MC,18,44,8550.37,0
2025,510268,510675,MC,194,666,90194.62,1
2025,510268,510760,AC,1,22,25862.26,0
2025,510268,510760,MC,3,14,8372.01,0
2025,510268,510795,MC,1,1,791.94,0
2025,510268,510840,AC,1,7,9463.45,0
2025,510268,510840,MC,8,27,23498.04,1
2025,510269,510020,MC,9,48,21720.76,0
2025,510269,510270,MC,2,14,865.68,0
2025,510269,510335,MC,255,903,141413.52,7
2025,510269,510340,AC,13,80,36878.19,1
2025,510269,510340,MC,24,133,59237.47,3
2025,510269,510625,MC,2,2,2582.79,0
2025,510269,510628,MC,6,15,64722.92,0
2025,510269,510785,MC,3,6,1580.09,0
2025,510269,510840,MC,16,118,24707.14,1
2025,510270,510020,AC,1,3,2006.27,0
2025,510270,510020,MC,631,2237,828898.56,29
2025,510270,510180,MC,11,58,32507.53,1
2025,510270,510270,MC,1199,2561,524032.03,15
2025,510270,510340,AC,21,112,127723.82,0
2025,510270,510340,MC,73,647,330461.18,1
2025,510270,510622,MC,2,12,3394.99,1
2025,510270,510625,MC,7,21,5945.09,0
2025,510270,510628,MC,18,31,175693.44,0
2025,510270,510706,MC,11,20,3924.01,0
2025,510270,510760,MC,4,7,1294.54,0
2025,510270,510785,MC,1,2,303.76,0
2025,510270,510790,MC,1,3,533.6,0
2025,510270,510792,MC,1,6,947.5,0
2025,510270,510840,AC,2,28,23674.73,0
2025,510270,510840,MC,19,167,81600.21,1
2025,510279,510020,MC,1,3,996.97,0
2025,510279,510025,MC,542,1684,378352.83,17
2025,510279,510320,MC,3,12,3866.35,0
2025,510279,510340,AC,14,25,70910.19,0
2025,510279,510340,MC,14,84,12832.09,1
2025,510279,510525,MC,3,20,2144.19,0
2025,510279,510622,AC,1,13,22396.74,0
2025,510279,510622,MC,18,80,37338.83,0
2025,510279,510629,MC,64,116,111516.41,0
2025,510279,510642,MC,1,9,937.91,0
2025,510279,510760,MC,1,5,239.33,0
2025,510279,510790,AC,12,24,13292.59,0
2025,510279,510790,MC,4,47,19885.18,0
2025,510279,510792,AC,3,6,8089.44,0
2025,510279,510792,MC,8,65,17815.18,0
2025,510279,510840,AC,4,27,52190.67,0
2025,510279,510840,MC,9,104,47170.6,1
2025,510285,510267,MC,1,18,908.37,0
2025,510285,510340,AC,21,107,113184.89,1
2025,510285,510340,MC,37,172,40792.31,3
2025,510285,510515,MC,193,672,104876.55,2
2025,510285,510525,MC,1,2,402.72,0
2025,510285,510622,MC,1,4,1986.37,0
2025,510285,510792,MC,1,6,611.61,0
2025,510285,510840,AC,2,20,16320.29,0
2025,510285,510840,MC,15,81,26516.9,2
2025,510300,510020,MC,1,5,324.62,0
2025,510300,510250,MC,1,3,2055.59,0
2025,510300,510267,MC,25,150,12369.28,0
2025,510300,510325,MC,1,2,582.42,0
2025,510300,510340,AC,81,538,567292.35,4
2025,510300,510340,MC,694,4050,1190055.8,29
2025,510300,510350,MC,1,2,167.67,0
2025,510300,510480,MC,1,1,557.6,0
2025,510300,510622,MC,1,9,1631.09,0
2025,510300,510650,MC,147,283,80546.1,0
2025,510300,510760,MC,3,12,6605.61,0
2025,510300,510770,MC,1,6,157.99,0
2025,510300,510795,MC,1,6,82.46,0
2025,510300,510840,AC,21,117,163921.68,0
2025,510300,510840,MC,355,2470,663877.68,22
2025,510305,510025,MC,4,13,4332.86,0
2025,510305,510250,MC,1,4,996.34,0
2025,510305,510305,MC,614,1620,193570.31,20
2025,510305,510320,MC,4,88,52353.89,1
2025,510305,510340,AC,4,36,34933.08,0
2025,510305,510340,MC,21,147,16701.53,1
2025,510305,510525,MC,3,181,1657.11,1
2025,510305,510622,AC,1,10,22477.27,0
2025,510305,510622,MC,52,83,40681.52,0
2025,510305,510642,MC,2,3,852.4,0
2025,510305,510785,MC,1,2,758.14,0
2025,510305,510790,AC,87,226,214655.35,1
2025,510305,510790,MC,267,954,238996.15,7
2025,510305,510792,MC,69,203,83341.06,0
2025,510305,510840,MC,3,12,1435.98,0
2025,510310,510020,MC,263,697,221380.51,4
2025,510310,510180,MC,4,10,7556.84,1
2025,510310,510310,MC,326,883,99336.95,0
2025,510310,510340,AC,3,43,89670.71,0
2025,510310,510340,MC,8,54,11111.59,1
2025,510310,510622,MC,1,4,2607.04,0
2025,510310,510628,AC,1,5,5662.68,0
2025,510310,510628,MC,7,14,73028.36,0
2025,510310,510706,MC,1,1,1036.74,0
2025,510310,510792,MC,1,8,6355.56,1
2025,510310,510840,AC,2,14,25914.02,0
2025,510310,510840,MC,7,42,13263.18,0
2025,510320,510025,MC,3,7,3795.75,0
2025,510320,510190,MC,3,10,923.59,0
2025,510320,510305,MC,1,0,251.96,0
2025,510320,510320,AC,1,0,1824.19,0
2025,510320,510320,MC,1748,7606,2189152.58,102
2025,510320,510335,MC,1,6,298.32,0
2025,510320,510340,AC,79,229,383117.99,0
2025,510320,510340,MC,103,721,195951.77,5
2025,510320,510410,MC,4,15,1561.15,0
2025,510320,510510,MC,3,7,2335.12,0
2025,510320,510525,MC,3,9,981.1,0
2025,510320,510560,MC,3,8,1400.23,0
2025,510320,510622,AC,3,19,30786.29,0
2025,510320,510622,MC,207,353,265340.39,1
2025,510320,510625,MC,1,1,678.37,0
2025,510320,510629,MC,7,11,26225.81,0
2025,510320,510642,MC,6,26,1970.93,0
2025,510320,510680,MC,3,18,1126.84,0
2025,510320,510760,AC,1,3,8859.34,0
2025,510320,510760,MC,4,9,1575.86,0
2025,510320,510790,AC,14,46,60417.62,0
2025,510320,510790,MC,33,254,84545.96,1
2025,510320,510792,AC,9,10,18307.77,0
2025,510320,510792,MC,10,71,26570.65,2
2025,510320,510805,MC,1,1,7800.69,0
2025,510320,510840,AC,7,34,65447.48,0
2025,510320,510840,MC,32,211,75220.62,2
2025,510325,510140,MC,6,18,2800.32,0
2025,510325,510263,MC,2,5,1018.82,0
2025,510325,510325,MC,1738,4273,731916.26,36
2025,510325,510337,MC,1,3,109.24,0
2025,510325,510340,AC,61,199,347363.11,2
2025,510325,510340,MC,267,1478,521391.58,18
2025,510325,510510,MC,2,5,1051.8,0
2025,510325,510515,MC,135,693,74986.86,1
2025,510325,510558,MC,1,9,319.31,0
2025,510325,510622,MC,3,10,4296.15,0
2025,510325,510650,MC,1,1,438.87,0
2025,510325,510680,MC,1,4,319.76,0
2025,510325,510790,MC,2,5,975.65,0
2025,510325,510792,MC,1,11,1168.36,0
2025,510325,510840,AC,12,127,109575.78,0
2025,510325,510840,MC,117,753,184838.24,5
2025,510330,510250,AC,1,5,2043.59,0
2025,510330,510250,MC,179,1014,270046.97,12
2025,510330,510263,MC,2,7,1365.67,0
2025,510330,510267,MC,1,11,684.34,0
2025,510330,510268,MC,3,3,724.76,0
2025,510330,510330,AC,1,5,1013.08,0
2025,510330,510330,MC,1067,4276,516919.28,17
2025,510330,510337,MC,1,2,204.5,0
2025,510330,510340,AC,68,258,301656.44,0
2025,510330,510340,MC,83,739,143761.53,4
2025,510330,510525,MC,1,0,341.3,0
2025,510330,510550,MC,92,195,65291.09,1
2025,510330,510562,MC,1,3,255.61,0
2025,510330,510622,MC,1,2,292.62,0
2025,510330,510675,MC,282,948,155767.12,1
2025,510330,510704,MC,1,5,264.0,0
2025,510330,510760,MC,1,3,329.26,0
2025,510330,510795,MC,1,2,401.65,0
2025,510330,510840,AC,1,4,3388.03,0
2025,510330,510840,MC,18,117,41823.37,0
2025,510335,510020,MC,10,20,5334.26,1
2025,510335,510180,MC,13,40,8449.7,0
2025,510335,510250,MC,2,33,2951.9,0
2025,510335,510267,MC,1,14,620.09,1
2025,510335,510320,MC,2,19,1181.74,0
2025,510335,510335,AC,1,1,1827.52,0
2025,510335,510335,MC,2799,9017,1487265.28,58
2025,510335,510340,AC,26,135,146739.91,1
2025,510335,510340,MC,152,1519,625839.09,7
2025,510335,510515,MC,2,7,817.43,0
2025,510335,510622,MC,2,6,1346.92,0
2025,510335,510625,MC,7,25,7230.08,1
2025,510335,510628,MC,14,40,130574.33,0
2025,510335,510704,MC,1,0,165.99,0
2025,510335,510777,MC,1,2,234.68,0
2025,510335,510785,MC,10,38,6331.68,0
2025,510335,510820,MC,1,1,553.73,0
2025,510335,510840,AC,11,163,138428.61,1
2025,510335,510840,MC,114,1463,319755.85,7
2025,510335,510860,MC,3,4,878.61,0
2025,510336,510250,AC,1,1,794.89,0
2025,510336,510250,MC,75,362,68020.35,2
2025,510336,510267,MC,1,18,694.81,0
2025,510336,510340,AC,8,44,58419.5,0
2025,510336,510340,MC,22,137,42475.84,2
2025,510336,510550,MC,27,84,15782.06,0
2025,510336,510562,MC,1,2,234.68,0
2025,510336,510622,MC,1,7,3286.88,0
2025,510336,510675,MC,308,987,146105.74,3
2025,510336,510706,MC,1,8,521.46,0
2025,510336,510840,AC,2,16,20515.61,0
2025,510336,510840,MC,9,57,27468.72,1
2025,510337,510140,MC,1,4,199.33,0
2025,510337,510250,MC,2,9,1093.13,0
2025,510337,510267,MC,1,8,252.9,0
2025,510337,510325,MC,33,62,14987.59,0
2025,510337,510337,MC,405,1069,140055.94,5
2025,510337,510340,AC,17,100,102675.52,0
2025,510337,510340,MC,95,508,158236.41,6
2025,510337,510350,MC,1,1,187.62,0
2025,510337,510515,MC,167,667,88329.53,0
2025,510337,510517,MC,5,10,2502.16,0
2025,510337,510622,MC,2,6,1512.8,0
2025,510337,510642,MC,1,2,199.33,0
2025,510337,510675,MC,1,2,284.26,0
2025,510337,510760,MC,1,10,8069.64,0
2025,510337,510790,MC,1,6,199.33,0
2025,510337,510840,AC,8,81,65424.71,0
2025,510337,510840,MC,63,468,149028.66,6
2025,510340,510020,MC,5,14,3191.75,0
2025,510340,510170,MC,1,2,637.97,0
2025,510340,510180,MC,10,62,18517.33,1
2025,510340,510250,MC,12,39,12435.35,0
2025,510340,510263,MC,5,7,1917.74,0
2025,510340,510267,MC,21,46,17363.2,0
2025,510340,510270,MC,2,7,1044.74,0
2025,510340,510320,MC,2,8,5912.49,0
2025,510340,510325,MC,2,3,424.01,0
2025,510340,510340,AC,2737,17416,19191524.53,84
2025,510340,510340,MC,31092,182840,47606792.54,1363
2025,510340,510350,MC,5,11,1012.71,0
2025,510340,510410,MC,2,9,365.14,0
2025,510340,510480,MC,5,6,2729.61,0
2025,510340,510510,MC,1,6,395.15,0
2025,510340,510515,MC,4,43,2119.34,0
2025,510340,510517,MC,1,2,517.7,0
2025,510340,510525,MC,13,69,6730.73,0
2025,510340,510560,MC,1,2,452.98,0
2025,510340,510590,MC,3,5,1753.73,1
2025,510340,510610,MC,1,1,204.5,0
2025,510340,510622,AC,2,23,48018.52,0
2025,510340,510622,MC,46,284,156239.94,3
2025,510340,510625,MC,3,21,2672.22,0
2025,510340,510642,MC,2,33,1733.0,0
2025,510340,510650,MC,44,46,27117.88,0
2025,510340,510675,MC,4,15,1499.78,0
2025,510340,510680,MC,1,3,311.76,0
2025,510340,510704,MC,6,13,3327.79,0
2025,510340,510706,MC,1,3,264.35,0
2025,510340,510730,MC,1,1,421.41,0
2025,510340,510760,AC,2,5,16681.07,0
2025,510340,510760,MC,44,251,110576.41,2
2025,510340,510770,MC,1,0,242.09,0
2025,510340,510790,AC,1,16,1870.38,0
2025,510340,510790,MC,14,53,10765.8,0
2025,510340,510792,MC,39,177,33202.13,1
2025,510340,510805,MC,5,6,3419.98,0
2025,510340,510820,AC,1,1,6153.0,0
2025,510340,510820,MC,2,2,1447.33,0
2025,510340,510840,AC,68,326,638371.54,1
2025,510340,510840,MC,1436,10089,3256568.95,85
2025,510343,510170,MC,1,8,1040.76,0
2025,510343,510190,MC,1,2,241.19,0
2025,510343,510250,AC,1,0,4701.84,0
2025,510343,510250,MC,320,1381,372063.15,11
2025,510343,510340,AC,14,48,71426.13,0
2025,510343,510340,MC,32,204,80536.85,3
2025,510343,510562,MC,3,10,1038.47,0
2025,510343,510622,AC,1,11,24333.44,0
2025,510343,510622,MC,1,6,279.9,0
2025,510343,510628,MC,1,1,686.64,0
2025,510343,510795,MC,1,1,424.71,0
2025,510343,510840,MC,5,49,10494.85,1
2025,510345,510130,MC,172,441,74969.88,4
2025,510345,510170,MC,13,41,4199.16,1
2025,510345,510263,MC,1,3,858.46,1
2025,510345,510340,AC,30,275,272608.02,3
2025,510345,510340,MC,82,617,197343.54,2
2025,510345,510550,MC,1,3,688.6,0
2025,510345,510622,MC,5,20,10189.72,1
2025,510345,510623,MC,2,3,567.58,0
2025,510345,510760,MC,4,42,3790.36,0
2025,510345,510770,MC,1,1,199.33,0
2025,510345,510795,MC,4,32,2732.04,0
2025,510345,510840,AC,4,64,52117.44,1
2025,510345,510840,MC,37,246,60017.11,1
2025,510350,510130,MC,2,3,218.33,0
2025,510350,510170,MC,1,2,475.18,0
2025,510350,510267,MC,2,34,910.62,0
2025,510350,510340,AC,82,392,437892.85,5
2025,510350,510340,MC,216,1577,536556.2,19
2025,510350,510350,MC,1373,4001,628306.44,26
2025,510350,510515,MC,1,8,396.29,0
2025,510350,510525,MC,6,26,2313.91,0
2025,510350,510622,AC,1,2,3303.63,0
2025,510350,510622,MC,74,213,116656.9,1
2025,510350,510675,MC,1,2,234.68,0
2025,510350,510704,MC,2,1,514.26,0
2025,510350,510760,MC,12,130,11903.07,1
2025,510350,510792,MC,1,7,996.91,0
2025,510350,510795,MC,10,39,4396.99,0
2025,510350,510840,AC,3,20,36193.01,0
2025,510350,510840,MC,86,725,283598.0,6
2025,510360,510180,MC,1,0,309.4,0
2025,510360,510267,MC,15,57,7124.23,0
2025,510360,510340,AC,17,58,100928.32,1
2025,510360,510340,MC,60,345,80987.35,5
2025,510360,510360,MC,410,918,140831.52,12
2025,510360,510410,MC,1,1,568.65,0
2025,510360,510480,MC,15,26,7519.87,0
2025,510360,510700,MC,7,15,4606.74,0
2025,510360,510704,AC,2,4,12290.0,0
2025,510360,510704,MC,30,152,101137.23,1
2025,510360,510760,AC,26,124,268641.98,1
2025,510360,510760,MC,284,1158,466058.97,16
2025,510360,510810,MC,1,1,157.73,0
2025,510360,510840,AC,2,11,26276.17,0
2025,510360,510840,MC,5,56,21185.22,1
2025,510370,510025,MC,1,1,199.33,0
2025,510370,510270,MC,2,4,731.16,0
2025,510370,510320,MC,2,6,1264.45,0
2025,510370,510340,AC,5,37,20801.4,0
2025,510370,510340,MC,22,255,42325.18,1
2025,510370,510410,MC,2,3,1191.56,0
2025,510370,510525,MC,2,18,747.39,0
2025,510370,510622,AC,2,9,11172.66,0
2025,510370,510622,MC,54,150,88170.73,2
2025,510370,510642,MC,2,5,962.63,0
2025,510370,510704,MC,1,1,449.1,0
2025,510370,510706,MC,2,2,419.15,0
2025,510370,510760,MC,1,7,815.32,0
2025,510370,510790,AC,35,70,195312.14,0
2025,510370,510790,MC,113,491,107143.07,5
2025,510370,510792,MC,181,621,202329.69,2
2025,510370,510795,MC,1,1,731.93,0
2025,510370,510840,AC,2,2,9403.68,0
2025,510370,510840,MC,13,121,31125.9,1
2025,510380,510250,MC,63,322,76317.71,4
2025,510380,510340,AC,7,29,30588.79,0
2025,510380,510340,MC,21,78,32958.3,1
2025,510380,510550,MC,10,18,6257.03,0
2025,510380,510622,MC,3,5,2147.69,0
2025,510380,510675,MC,58,169,25820.14,1
2025,510380,510840,AC,1,2,6191.41,0
2025,510380,510840,MC,4,24,17929.79,0
2025,510385,510020,MC,317,825,273706.41,10
2025,510385,510180,MC,5,19,4218.62,0
2025,510385,510267,MC,1,0,538.44,0
2025,510385,510270,MC,35,77,16387.37,1
2025,510385,510335,MC,1,2,598.42,0
2025,510385,510340,AC,31,68,95904.9,0
2025,510385,510340,MC,50,378,81722.6,2
2025,510385,510385,MC,158,497,56864.8,0
2025,510385,510622,MC,1,1,1336.67,0
2025,510385,510625,MC,4,10,2599.52,0
2025,510385,510628,MC,1,1,688.2,0
2025,510385,510642,MC,1,3,653.97,0
2025,510385,510704,MC,2,11,9135.0,0
2025,510385,510706,MC,6,12,3082.26,0
2025,510385,510760,MC,7,62,7258.03,0
2025,510385,510790,MC,5,13,2473.86,0
2025,510385,510792,MC,2,4,814.0,0
2025,510385,510840,MC,6,55,18816.56,0
2025,510390,510020,MC,1,5,297.51,0
2025,510390,510180,AC,3,3,18459.0,0
2025,510390,510180,MC,81,373,135597.85,5
2025,510390,510340,AC,18,90,85379.55,0
2025,510390,510340,MC,21,217,43923.28,2
2025,510390,510390,MC,109,587,46713.38,5
2025,510390,510622,MC,1,1,1073.84,0
2025,510390,510625,MC,1,1,1191.81,0
2025,510390,510628,MC,3,4,31832.41,0
2025,510390,510704,MC,213,586,158982.75,2
2025,510390,510760,MC,7,74,47101.18,1
2025,510390,510820,MC,5,4,5568.11,0
2025,510390,510840,AC,1,5,3533.32,0
2025,510390,510840,MC,2,10,4454.1,0
2025,510395,510250,AC,6,7,24631.47,0
2025,510395,510250,MC,202,752,250243.56,11
2025,510395,510340,AC,11,52,62961.83,0
2025,510395,510340,MC,20,78,26161.15,1
2025,510395,510840,AC,1,8,6692.13,0
2025,510395,510840,MC,2,15,1672.49,0
2025,510410,510020,MC,2,2,631.02,0
2025,510410,510025,MC,1,1,596.77,0
2025,510410,510263,MC,2,16,2411.16,0
2025,510410,510267,MC,1,8,409.01,0
2025,510410,510320,MC,24,161,64639.9,1
2025,510410,510340,AC,46,357,262318.49,0
2025,510410,510340,MC,57,306,85650.78,1
2025,510410,510410,AC,1,8,989.08,0
2025,510410,510410,MC,2239,6895,1165708.34,60
2025,510410,510525,MC,11,181,6683.75,0
2025,510410,510560,MC,9,12,4023.95,0
2025,510410,510622,AC,3,12,13262.38,0
2025,510410,510622,MC,59,195,126942.17,3
2025,510410,510629,MC,1,2,522.87,0
2025,510410,510642,MC,17,52,6714.93,0
2025,510410,510680,MC,1,5,400.8,0
2025,510410,510790,AC,21,44,57339.15,0
2025,510410,510790,MC,24,188,62183.73,3
2025,510410,510792,AC,2,1,4055.06,0
2025,510410,510792,MC,7,26,9852.77,0
2025,510410,510840,AC,2,12,25351.43,0
2025,510410,510840,MC,19,143,42961.5,4
2025,510420,510125,MC,1,3,582.42,0
2025,510420,510267,MC,3,46,1358.76,0
2025,510420,510340,AC,7,61,42085.98,0
2025,510420,510340,MC,9,92,9750.48,0
2025,510420,510420,MC,350,1211,109083.85,16
2025,510420,510700,MC,1,1,841.48,0
2025,510420,510704,MC,34,140,98985.86,4
2025,510420,510760,AC,59,237,360296.31,2
2025,510420,510760,MC,451,1951,727228.0,30
2025,510420,510810,MC,4,54,1294.71,0
2025,510420,510820,MC,7,12,5413.87,0
2025,510420,510840,MC,4,14,5285.36,0
2025,510450,510125,MC,1,2,44.22,0
2025,510450,510250,MC,116,497,91446.92,1
2025,510450,510340,AC,9,59,37266.67,0
2025,510450,510340,MC,23,189,89096.01,0
2025,510450,510840,MC,6,35,4801.73,0
2025,510452,510340,AC,5,30,35673.95,0
2025,510452,510340,MC,19,101,17721.81,1
2025,510452,510525,MC,25,92,24094.38,0
2025,510452,510622,MC,48,91,39473.39,1
2025,510452,510706,MC,1,2,590.42,0
2025,510452,510790,AC,1,5,2300.79,0
2025,510452,510790,MC,1,6,279.8,0
2025,510452,510792,AC,1,1,2023.53,0
2025,510452,510792,MC,263,1593,492978.91,5
2025,510452,510840,AC,1,5,12303.91,0
2025,510452,510840,MC,1,2,791.04,0
2025,510454,510025,MC,1,4,374.0,0
2025,510454,510320,MC,1,2,284.26,0
2025,510454,510340,AC,4,17,18841.31,0
2025,510454,510340,MC,15,104,21923.89,1
2025,510454,510510,MC,4,5,2498.07,0
2025,510454,510525,MC,29,75,18642.06,0
2025,510454,510560,MC,1,1,800.71,0
2025,510454,510622,AC,1,8,17847.3,0
2025,510454,510622,MC,27,101,20007.39,1
2025,510454,510680,MC,8,35,2144.92,0
2025,510454,510790,MC,6,31,4924.32,0
2025,510454,510792,MC,216,1212,268264.33,14
2025,510454,510840,AC,1,4,12603.43,0
2025,510454,510840,MC,4,19,4563.9,0
2025,510455,510025,MC,1,1,185.07,0
2025,510455,510320,MC,199,864,258789.17,9
2025,510455,510340,AC,3,12,14417.07,0
2025,510455,510340,MC,17,94,14866.55,0
2025,510455,510525,MC,2,17,1150.64,0
2025,510455,510622,AC,3,5,16094.88,0
2025,510455,510622,MC,100,88,93413.46,0
2025,510455,510629,MC,1,2,434.99,0
2025,510455,510790,AC,32,63,70641.5,0
2025,510455,510790,MC,12,49,23063.72,3
2025,510455,510792,AC,1,1,2629.88,0
2025,510455,510792,MC,5,11,3791.8,0
2025,510455,510840,AC,2,11,13356.32,0
2025,510455,510840,MC,6,48,25832.01,0
2025,510460,510267,MC,4,85,2624.19,1
2025,510460,510340,AC,5,30,17524.13,0
2025,510460,510340,MC,8,56,10698.67,0
2025,510460,510460,MC,517,1365,191763.7,10
2025,510460,510480,MC,4,8,3283.38,0
2025,510460,510525,MC,1,3,229.29,0
2025,510460,510700,MC,14,15,6959.79,0
2025,510460,510704,AC,1,3,6145.0,0
2025,510460,510704,MC,20,51,59877.03,0
2025,510460,510760,AC,55,181,311844.32,2
2025,510460,510760,MC,619,1995,709608.92,16
2025,510460,510792,MC,1,17,5312.22,0
2025,510460,510840,AC,5,29,23048.98,0
2025,510460,510840,MC,13,82,14074.2,1
2025,510480,510263,MC,1,2,453.17,0
2025,510480,510267,MC,26,173,15156.46,4
2025,510480,510325,MC,1,1,154.44,0
2025,510480,510340,AC,28,178,392804.64,1
2025,510480,510340,MC,84,578,103268.62,4
2025,510480,510480,MC,1330,3677,628824.24,18
2025,510480,510622,MC,1,1,141.44,0
2025,510480,510704,MC,16,82,58135.8,3
2025,510480,510760,AC,98,264,467952.01,5
2025,510480,510760,MC,719,3456,1450853.11,39
2025,510480,510840,AC,1,11,12587.08,0
2025,510480,510840,MC,22,90,22415.62,2
2025,510490,510340,AC,21,122,147804.58,1
2025,510490,510340,MC,200,1046,282223.55,20
2025,510490,510350,MC,1,2,633.91,0
2025,510490,510480,MC,1,1,165.99,0
2025,510490,510525,MC,2,8,1213.08,0
2025,510490,510590,MC,1,1,199.33,0
2025,510490,510622,MC,3,8,4572.99,0
2025,510490,510629,MC,1,2,681.2,0
2025,510490,510650,MC,24,46,15706.51,0
2025,510490,510760,MC,1,2,345.68,0
2025,510490,510840,AC,3,12,37248.99,0
2025,510490,510840,MC,142,1167,268726.69,16
2025,510500,510250,AC,2,0,9403.68,0
2025,510500,510250,MC,119,634,155717.55,9
2025,510500,510267,MC,1,9,447.54,1
2025,510500,510340,AC,15,119,123221.9,0
2025,510500,510340,MC,36,303,85180.19,2
2025,510500,510500,MC,79,240,28109.06,1
2025,510500,510510,MC,1,3,902.76,0
2025,510500,510550,MC,8,16,4887.69,0
2025,510500,510562,MC,1,2,598.42,0
2025,510500,510622,MC,3,40,24022.58,0
2025,510500,510675,AC,1,2,1819.52,0
2025,510500,510675,MC,251,868,133601.98,9
2025,510500,510840,MC,9,93,69523.19,2
2025,510510,510025,MC,2,17,1915.7,0
2025,510510,510180,MC,1,1,517.6,0
2025,510510,510190,MC,1,4,718.82,0
2025,510510,510320,MC,2,30,11873.54,0
2025,510510,510325,MC,1,1,1034.29,0
2025,510510,510337,MC,1,1,109.24,0
2025,510510,510340,AC,43,223,230500.9,1
2025,510510,510340,MC,96,722,155578.02,7
2025,510510,510510,MC,1929,6777,1178959.94,86
2025,510510,510515,MC,8,26,4725.74,0
2025,510510,510525,MC,3,13,1649.59,1
2025,510510,510622,AC,8,15,50853.14,0
2025,510510,510622,MC,35,151,92246.07,1
2025,510510,510627,MC,2,12,894.18,0
2025,510510,510629,MC,1,1,1191.81,0
2025,510510,510680,MC,28,105,11809.19,2
2025,510510,510790,AC,7,14,9274.05,0
2025,510510,510790,MC,28,184,67104.77,5
2025,510510,510792,AC,1,2,746.42,0
2025,510510,510792,MC,26,181,57482.67,1
2025,510510,510840,AC,6,50,46661.14,0
2025,510510,510840,MC,51,397,98960.35,3
2025,510515,510020,MC,3,8,3929.11,0
2025,510515,510140,MC,3,11,1109.46,0
2025,510515,510170,MC,1,7,432.55,0
2025,510515,510190,MC,7,21,3068.35,0
2025,510515,510250,MC,6,49,21417.0,1
2025,510515,510263,MC,1,3,745.31,0
2025,510515,510267,MC,2,3,720.31,0
2025,510515,510320,MC,1,5,2132.97,0
2025,510515,510325,MC,1,3,199.33,0
2025,510515,510337,MC,1,1,207.33,0
2025,510515,510340,AC,142,771,943336.61,0
2025,510515,510340,MC,287,2071,660531.53,21
2025,510515,510510,MC,6,52,3588.67,0
2025,510515,510515,AC,6,12,2592.77,0
2025,510515,510515,MC,3621,15148,1824459.08,24
2025,510515,510517,MC,1,2,44.22,0
2025,510515,510525,MC,1,11,472.65,0
2025,510515,510622,MC,13,56,29531.02,1
2025,510515,510642,MC,2,7,743.01,0
2025,510515,510680,MC,2,4,1268.53,0
2025,510515,510704,MC,1,0,1103.64,0
2025,510515,510760,AC,9,20,23932.14,0
2025,510515,510760,MC,2,8,682.33,0
2025,510515,510790,MC,2,4,2565.66,0
2025,510515,510792,AC,1,3,2088.33,0
2025,510515,510792,MC,2,19,3446.71,0
2025,510515,510795,MC,2,5,876.77,0
2025,510515,510840,AC,15,159,140010.43,2
2025,510515,510840,MC,152,1046,318279.52,6
2025,510517,510025,MC,3,8,2148.83,0
2025,510517,510140,MC,1,7,199.33,0
2025,510517,510250,MC,2,13,1954.46,0
2025,510517,510320,MC,2,24,15826.69,1
2025,510517,510325,MC,2,2,577.51,0
2025,510517,510337,MC,3,5,467.4,0
2025,510517,510340,AC,28,120,130376.87,2
2025,510517,510340,MC,66,265,71028.77,3
2025,510517,510510,MC,2,9,1365.25,0
2025,510517,510515,MC,110,463,49899.23,0
2025,510517,510517,MC,545,2018,208041.07,16
2025,510517,510622,AC,1,8,25725.5,0
2025,510517,510622,MC,4,14,6265.68,0
2025,510517,510628,MC,1,2,1230.43,0
2025,510517,510629,MC,1,2,523.87,0
2025,510517,510650,MC,1,1,907.93,0
2025,510517,510680,MC,1,4,319.76,0
2025,510517,510704,MC,1,7,5215.87,0
2025,510517,510792,MC,2,7,916.5,0
2025,510517,510840,AC,5,54,53198.94,0
2025,510517,510840,MC,58,349,106107.86,0
2025,510520,510267,MC,8,74,5740.93,2
2025,510520,510340,AC,5,47,33441.83,0
2025,510520,510340,MC,11,96,22850.88,1
2025,510520,510480,MC,55,161,32500.16,0
2025,510520,510520,MC,833,2325,280557.63,13
2025,510520,510700,MC,4,14,2470.85,0
2025,510520,510704,MC,19,54,60259.54,1
2025,510520,510760,AC,25,69,135039.99,0
2025,510520,510760,MC,469,1803,675363.99,18
2025,510520,510790,AC,1,0,2023.53,0
2025,510520,510810,MC,1,4,480.87,0
2025,510520,510840,MC,10,69,28705.34,0
2025,510523,510250,AC,5,0,23509.2,0
2025,510523,510250,MC,357,1391,308049.19,11
2025,510523,510340,AC,12,55,63467.29,0
2025,510523,510340,MC,60,203,78844.36,2
2025,510523,510562,MC,2,6,1210.67,1
2025,510523,510622,MC,1,5,1005.4,0
2025,510523,510840,MC,4,31,9048.52,1
2025,510525,510025,MC,1,6,687.57,0
2025,510525,510180,MC,2,3,1469.42,1
2025,510525,510263,MC,6,12,4082.66,0
2025,510525,510267,MC,2,7,1557.06,0
2025,510525,510320,MC,3,15,8289.8,0
2025,510525,510340,AC,55,299,364661.81,0
2025,510525,510340,MC,149,1348,275456.85,6
2025,510525,510350,MC,2,9,1199.08,0
2025,510525,510410,MC,2,5,1362.78,0
2025,510525,510480,MC,1,2,215.33,0
2025,510525,510525,AC,23,110,42080.71,0
2025,510525,510525,MC,6325,25601,3690033.89,110
2025,510525,510550,MC,1,4,218.68,0
2025,510525,510590,MC,1,1,463.21,0
2025,510525,510622,AC,4,14,65065.45,1
2025,510525,510622,MC,73,301,130019.85,3
2025,510525,510629,MC,1,1,590.42,0
2025,510525,510642,MC,6,19,3128.64,0
2025,510525,510680,MC,2,3,310.31,0
2025,510525,510704,MC,1,1,207.33,0
2025,510525,510760,AC,1,4,9925.91,0
2025,510525,510760,MC,6,35,4746.94,1
2025,510525,510790,AC,25,56,50701.17,0
2025,510525,510790,MC,24,127,50576.82,3
2025,510525,510792,AC,2,11,3511.35,0
2025,510525,510792,MC,50,257,59576.53,2
2025,510525,510840,AC,8,38,81509.07,0
2025,510525,510840,MC,40,324,92828.02,2
2025,510530,510020,MC,2,4,1057.48,0
2025,510530,510180,MC,4,33,5552.89,1
2025,510530,510335,MC,13,54,8089.23,0
2025,510530,510340,AC,3,8,19050.88,0
2025,510530,510340,MC,3,7,2283.01,1
2025,510530,510625,MC,1,1,480.06,0
2025,510530,510628,MC,3,7,29616.87,0
2025,510530,510785,MC,169,430,84576.01,3
2025,510530,510840,MC,2,14,7354.78,0
2025,510550,510125,MC,1,1,416.39,0
2025,510550,510250,AC,1,2,859.69,0
2025,510550,510250,MC,133,896,199122.66,8
2025,510550,510268,MC,1,1,44.22,0
2025,510550,510340,AC,12,91,75517.9,1
2025,510550,510340,MC,51,451,95694.61,5
2025,510550,510525,MC,1,1,516.6,0
2025,510550,510550,MC,1393,4741,611630.12,20
2025,510550,510622,MC,4,13,4549.34,0
2025,510550,510675,MC,192,651,93850.57,2
2025,510550,510760,AC,1,16,47011.94,0
2025,510550,510760,MC,9,71,21397.65,1
2025,510550,510795,MC,1,1,557.6,0
2025,510550,510840,AC,1,5,12308.58,0
2025,510550,510840,MC,16,215,101353.5,4
2025,510558,510025,MC,1,4,379.14,0
2025,510558,510270,MC,1,1,443.4,0
2025,510558,510320,MC,528,2056,590386.93,24
2025,510558,510340,AC,19,36,49462.77,0
2025,510558,510340,MC,22,139,27675.5,1
2025,510558,510410,MC,3,6,1900.47,0
2025,510558,510525,MC,2,19,1534.32,0
2025,510558,510558,MC,333,1524,160898.19,5
2025,510558,510560,MC,2,5,1119.63,0
2025,510558,510622,AC,1,1,8913.1,0
2025,510558,510622,MC,40,143,56484.88,1
2025,510558,510642,MC,1,4,1455.46,0
2025,510558,510680,MC,1,1,65.0,0
2025,510558,510706,MC,1,1,239.73,0
2025,510558,510760,MC,1,0,414.62,0
2025,510558,510790,AC,36,68,124762.51,1
2025,510558,510790,MC,52,114,37874.78,2
2025,510558,510792,AC,1,0,2031.53,0
2025,510558,510792,MC,9,107,25623.15,0
2025,510558,510840,AC,1,11,9553.38,0
2025,510558,510840,MC,5,58,28642.74,1
2025,510560,510025,MC,2,1,985.67,0
2025,510560,510320,MC,2,20,1651.26,0
2025,510560,510340,AC,36,250,220142.6,1
2025,510560,510340,MC,73,472,63151.96,1
2025,510560,510410,MC,14,38,7670.94,2
2025,510560,510525,MC,6,69,2289.72,0
2025,510560,510560,AC,21,6,16203.39,0
2025,510560,510560,MC,1171,3630,828422.32,38
2025,510560,510622,AC,4,12,41328.21,0
2025,510560,510622,MC,54,176,117400.05,1
2025,510560,510629,MC,1,1,7801.69,0
2025,510560,510642,MC,248,661,106698.46,0
2025,510560,510760,MC,1,3,582.42,0
2025,510560,510790,AC,1,9,8662.37,1
2025,510560,510790,MC,20,176,83235.22,1
2025,510560,510792,AC,2,0,4063.06,0
2025,510560,510792,MC,11,64,23159.43,1
2025,510560,510805,MC,4,4,4113.18,0
2025,510560,510840,AC,3,13,35408.62,0
2025,510560,510840,MC,12,57,36298.87,0
2025,510562,510130,MC,1,1,158.11,0
2025,510562,510170,MC,1,3,225.0,0
2025,510562,510250,MC,946,4060,939098.64,37
2025,510562,510267,MC,2,23,1230.56,1
2025,510562,510340,AC,71,326,410178.28,1
2025,510562,510340,MC,195,1091,368088.38,9
2025,510562,510562,MC,1054,3291,481882.59,35
2025,510562,510622,AC,1,11,28503.02,0
2025,510562,510622,MC,1,5,6392.41,1
2025,510562,510650,MC,2,4,1904.27,0
2025,510562,510675,MC,2,7,668.46,0
2025,510562,510720,MC,1,1,287.76,0
2025,510562,510760,MC,9,83,10034.48,0
2025,510562,510775,MC,1,2,246.89,0
2025,510562,510795,MC,1,2,511.82,0
2025,510562,510840,AC,5,18,40366.25,0
2025,510562,510840,MC,29,219,120446.93,3
2025,510590,510190,MC,2,5,391.63,0
2025,510590,510340,AC,50,281,251572.89,3
2025,510590,510340,MC,371,2238,629194.41,24
2025,510590,510350,MC,20,37,9512.57,1
2025,510590,510525,MC,5,20,2779.5,0
2025,510590,510590,MC,1105,2920,515976.45,41
2025,510590,510622,AC,2,16,64031.78,0
2025,510590,510622,MC,46,119,35200.51,0
2025,510590,510704,MC,1,1,165.99,0
2025,510590,510760,AC,9,21,14819.19,0
2025,510590,510760,MC,4,51,4531.97,0
2025,510590,510770,MC,17,64,7007.85,1
2025,510590,510795,MC,2,6,1883.92,0
2025,510590,510840,AC,10,58,114453.86,0
2025,510590,510840,MC,140,978,255431.6,9
2025,510600,510130,MC,9,17,3867.68,0
2025,510600,510263,MC,2,3,1550.7,0
2025,510600,510320,MC,1,1,1736.13,1
2025,510600,510340,AC,19,68,87455.72,2
2025,510600,510340,MC,75,630,182775.31,6
2025,510600,510350,MC,178,488,83398.82,2
2025,510600,510410,MC,1,3,454.34,0
2025,510600,510515,MC,1,2,515.74,0
2025,510600,510525,MC,2,3,965.62,0
2025,510600,510622,MC,16,75,49510.23,1
2025,510600,510760,MC,8,142,20964.1,0
2025,510600,510790,AC,13,26,13814.08,0
2025,510600,510795,MC,4,27,4862.82,0
2025,510600,510840,AC,2,26,33872.8,0
2025,510600,510840,MC,19,79,31665.93,2
2025,510610,510340,AC,25,55,98046.01,0
2025,510610,510340,MC,199,1154,285657.67,10
2025,510610,510510,MC,1,2,1133.94,0
2025,510610,510610,MC,88,386,36788.53,8
2025,510610,510622,MC,1,1,426.7,0
2025,510610,510650,MC,57,88,34272.02,0
2025,510610,510760,AC,3,6,20399.08,0
2025,510610,510760,MC,1,3,112.83,0
2025,510610,510840,AC,5,16,32944.98,1
2025,510610,510840,MC,298,1869,560920.85,9
2025,510615,510025,MC,575,1944,404165.63,11
2025,510615,510320,MC,3,18,5214.17,0
2025,510615,510340,AC,15,60,55741.69,0
2025,510615,510340,MC,23,116,24011.85,1
2025,510615,510410,MC,2,6,1175.07,0
2025,510615,510510,MC,4,24,3220.11,0
2025,510615,510517,MC,1,4,44.22,0
2025,510615,510560,MC,1,3,865.91,0
2025,510615,510622,AC,2,3,3017.66,0
2025,510615,510622,MC,22,56,25382.2,0
2025,510615,510629,MC,91,175,138270.42,0
2025,510615,510790,MC,6,30,7896.54,1
2025,510615,510792,MC,2,44,7429.41,0
2025,510615,510840,AC,1,6,12248.45,0
2025,510615,510840,MC,10,81,9206.77,0
2025,510617,510020,MC,391,1574,282690.46,5
2025,510617,510180,MC,4,41,30344.51,1
2025,510617,510270,MC,1,3,109.24,0
2025,510617,510340,MC,8,77,58945.72,0
2025,510617,510625,MC,56,172,35685.97,2
2025,510617,510840,AC,2,9,24846.67,0
2025,510618,510250,MC,107,626,170615.74,4
2025,510618,510330,MC,1,2,147.71,0
2025,510618,510340,AC,22,56,91059.25,0
2025,510618,510340,MC,42,399,108575.78,1
2025,510618,510517,MC,1,2,44.22,0
2025,510618,510525,MC,1,1,360.8,0
2025,510618,510550,MC,32,78,18973.45,0
2025,510618,510622,MC,2,4,1418.34,0
2025,510618,510675,MC,287,918,135124.73,6
2025,510618,510760,MC,5,53,18545.25,0
2025,510618,510840,AC,2,14,14653.22,0
2025,510618,510840,MC,27,278,120621.17,4
2025,510619,510320,MC,209,961,198359.23,8
2025,510619,510340,AC,3,30,55696.81,0
2025,510619,510340,MC,9,106,50103.6,0
2025,510619,510525,MC,1,1,516.6,0
2025,510619,510622,AC,2,10,33655.92,1
2025,510619,510622,MC,44,27,53632.52,1
2025,510619,510680,MC,1,2,109.24,0
2025,510619,510760,MC,1,3,651.01,0
2025,510619,510790,AC,1,1,6822.02,0
2025,510619,510790,MC,5,15,2595.4,0
2025,510619,510792,MC,2,9,1272.93,0
2025,510619,510805,MC,2,11,1311.06,0
2025,510619,510840,AC,1,8,12382.72,0
2025,510619,510840,MC,1,15,812.65,0
2025,510620,510267,MC,42,155,21184.78,3
2025,510620,510340,AC,28,217,207705.38,1
2025,510620,510340,MC,87,470,164457.48,7
2025,510620,510480,MC,1,2,199.33,0
2025,510620,510650,MC,16,26,8138.71,0
2025,510620,510704,MC,5,23,15314.78,0
2025,510620,510760,AC,1,5,8655.78,0
2025,510620,510760,MC,13,124,20527.95,0
2025,510620,510792,MC,1,2,740.28,0
2025,510620,510840,AC,1,5,6889.23,0
2025,510620,510840,MC,56,368,138493.59,4
2025,510621,510025,MC,6,19,3062.56,0
2025,510621,510250,MC,1,23,2477.03,0
2025,510621,510320,MC,474,1912,589809.53,34
2025,510621,510340,AC,33,52,101935.34,0
2025,510621,510340,MC,38,255,52989.44,1
2025,510621,510410,MC,1,2,678.6,0
2025,510621,510510,MC,1,2,763.51,0
2025,510621,510525,MC,7,49,2815.22,0
2025,510621,510622,MC,40,348,214309.75,1
2025,510621,510629,MC,23,34,102990.39,0
2025,510621,510760,AC,1,17,8982.85,0
2025,510621,510790,AC,18,49,76753.03,0
2025,510621,510790,MC,38,120,46693.1,2
2025,510621,510792,MC,2,14,4284.93,0
2025,510621,510840,AC,1,5,12243.78,0
2025,510621,510840,MC,7,19,33029.35,0
2025,510622,510020,MC,1,9,5482.05,0
2025,510622,510170,MC,1,1,40.38,0
2025,510622,510263,MC,2,5,3828.15,0
2025,510622,510267,MC,1,2,44.22,0
2025,510622,510320,MC,2,48,4025.27,1
2025,510622,510325,MC,1,2,497.12,0
2025,510622,510340,AC,64,215,212211.82,0
2025,510622,510340,MC,149,1156,317891.75,6
2025,510622,510350,MC,1,1,175.42,0
2025,510622,510410,MC,3,3,952.89,0
2025,510622,510480,MC,1,2,598.42,0
2025,510622,510510,MC,1,1,133.43,0
2025,510622,510525,MC,33,215,17949.28,0
2025,510622,510560,MC,1,1,270.38,0
2025,510622,510590,MC,2,3,1348.11,0
2025,510622,510622,AC,20,87,110913.03,1
2025,510622,510622,MC,4604,14165,4755852.54,65
2025,510622,510629,MC,2,3,1195.67,0
2025,510622,510642,MC,5,103,3588.06,0
2025,510622,510704,MC,1,0,326.43,0
2025,510622,510760,MC,2,6,927.16,0
2025,510622,510770,MC,1,6,582.42,0
2025,510622,510790,MC,10,61,9430.73,1
2025,510622,510792,AC,11,30,23149.28,0
2025,510622,510792,MC,67,352,132341.57,4
2025,510622,510840,AC,3,25,8726.99,0
2025,510622,510840,MC,33,168,50010.34,2
2025,510623,510020,MC,1,1,1004.34,0
2025,510623,510130,MC,18,37,7663.36,0
2025,510623,510170,MC,4,5,1415.84,0
2025,510623,510250,MC,4,29,9598.2,0
2025,510623,510263,MC,5,16,3257.34,0
2025,510623,510340,AC,62,302,373630.71,1
2025,510623,510340,MC,155,1072,300899.72,13
2025,510623,510350,MC,1,2,633.91,0
2025,510623,510622,AC,1,1,684.95,0
2025,510623,510622,MC,2,3,11327.45,0
2025,510623,510623,MC,617,1669,326377.5,6
2025,510623,510760,MC,24,344,30821.49,0
2025,510623,510795,MC,7,29,5685.32,0
2025,510623,510840,AC,6,51,65458.45,0
2025,510623,510840,MC,55,512,148928.51,3
2025,510624,510025,MC,2,4,1405.35,0
2025,510624,510267,MC,1,1,218.68,0
2025,510624,510340,AC,6,51,95046.36,0
2025,510624,510340,MC,22,148,15743.06,1
2025,510624,510525,MC,18,76,15902.83,0
2025,510624,510622,MC,63,176,111978.06,2
2025,510624,510629,MC,1,1,611.06,0
2025,510624,510642,MC,1,3,265.29,0
2025,510624,510760,MC,2,28,2305.99,0
2025,510624,510790,AC,31,47,104418.2,0
2025,510624,510790,MC,17,110,24360.87,1
2025,510624,510792,AC,1,11,2665.62,0
2025,510624,510792,MC,348,1679,406798.5,7
2025,510624,510840,AC,1,0,4701.84,0
2025,510624,510840,MC,4,15,1651.59,0
2025,510625,510020,MC,33,132,51620.21,1
2025,510625,510180,AC,1,9,4375.58,0
2025,510625,510180,MC,80,499,264142.11,7
2025,510625,510250,MC,2,12,1373.97,0
2025,510625,510270,MC,3,4,1529.5,0
2025,510625,510335,MC,2,2,496.1,0
2025,510625,510340,AC,39,143,147387.97,1
2025,510625,510340,MC,62,563,182281.06,5
2025,510625,510622,AC,2,5,9128.44,0
2025,510625,510622,MC,1,4,575.08,0
2025,510625,510625,MC,1804,5741,1450059.07,44
2025,510625,510628,MC,3,9,21941.29,0
2025,510625,510706,MC,2,3,1629.25,0
2025,510625,510760,MC,11,132,12523.86,0
2025,510625,510820,MC,4,6,2289.47,0
2025,510625,510840,MC,15,75,17429.0,1
2025,510626,510025,MC,2,12,1149.91,0
2025,510626,510180,MC,1,2,437.3,0
2025,510626,510320,MC,3,28,2890.9,0
2025,510626,510340,AC,11,29,53561.43,1
2025,510626,510340,MC,23,210,75338.19,1
2025,510626,510410,MC,16,49,8779.95,0
2025,510626,510525,MC,1,1,756.15,0
2025,510626,510560,MC,3,9,3333.75,0
2025,510626,510622,AC,3,27,63208.6,0
2025,510626,510622,MC,19,61,26986.11,0
2025,510626,510642,AC,1,6,1340.81,1
2025,510626,510642,MC,328,1034,165828.75,7
2025,510626,510790,MC,8,10,4481.91,0
2025,510626,510792,MC,4,30,15214.59,1
2025,510626,510840,MC,1,2,630.45,0
2025,510627,510340,AC,10,33,21979.97,0
2025,510627,510340,MC,13,117,32622.69,1
2025,510627,510510,MC,107,203,59088.32,0
2025,510627,510622,AC,1,1,8921.1,0
2025,510627,510622,MC,10,31,13191.26,0
2025,510627,510627,MC,318,1562,131414.31,10
2025,510627,510629,MC,3,3,2585.22,0
2025,510627,510680,MC,8,21,2611.47,0
2025,510627,510790,AC,3,3,19232.9,0
2025,510627,510790,MC,10,103,49203.16,1
2025,510627,510792,MC,2,14,1538.63,0
2025,510627,510840,AC,2,15,29888.78,0
2025,510627,510840,MC,1,2,208.67,0
2025,510628,510020,MC,4,14,2362.06,1
2025,510628,510180,MC,147,719,239694.76,9
2025,510628,510267,MC,1,5,865.91,0
2025,510628,510340,AC,21,39,133747.23,0
2025,510628,510340,MC,17,162,58256.33,1
2025,510628,510390,MC,1,6,139.42,0
2025,510628,510525,MC,1,7,358.09,0
2025,510628,510622,MC,1,19,2438.17,0
2025,510628,510625,MC,11,31,3747.64,0
2025,510628,510628,AC,10,26,61610.0,0
2025,510628,510628,MC,429,1139,664900.1,11
2025,510628,510704,MC,18,37,13054.46,1
2025,510628,510760,MC,2,8,2021.99,0
2025,510628,510792,AC,1,1,2031.53,0
2025,510628,510810,MC,1,4,157.73,0
2025,510628,510820,MC,1,1,618.06,0
2025,510628,510840,AC,4,29,38145.54,1
2025,510628,510840,MC,16,133,32238.31,1
2025,510629,510025,MC,326,1329,230587.83,13
2025,510629,510320,MC,4,21,7229.55,1
2025,510629,510325,MC,2,4,428.54,0
2025,510629,510340,AC,25,142,172897.65,0
2025,510629,510340,MC,24,121,22541.28,0
2025,510629,510510,MC,1,2,263.37,0
2025,510629,510525,MC,6,86,3221.3,0
2025,510629,510560,MC,1,3,583.42,0
2025,510629,510622,AC,4,18,26681.03,0
2025,510629,510622,MC,43,140,67241.73,0
2025,510629,510629,MC,1175,3305,721354.18,9
2025,510629,510642,MC,1,4,463.21,0
2025,510629,510760,MC,1,5,408.42,0
2025,510629,510790,AC,29,50,81374.17,0
2025,510629,510790,MC,8,101,6305.36,0
2025,510629,510792,AC,2,1,4095.46,0
2025,510629,510792,MC,9,59,10968.37,1
2025,510629,510840,AC,3,20,33631.84,0
2025,510629,510840,MC,8,41,11271.62,1
2025,510630,510020,MC,1,3,281.29,0
2025,510630,510180,MC,8,33,24098.63,0
2025,510630,510267,MC,15,140,8563.49,1
2025,510630,510270,MC,1,5,582.42,0
2025,510630,510337,MC,1,1,582.42,0
2025,510630,510340,AC,51,142,261230.71,0
2025,510630,510340,MC,90,409,93061.91,7
2025,510630,510525,MC,2,5,615.22,0
2025,510630,510622,MC,3,12,1718.41,0
2025,510630,510625,MC,1,1,9219.65,0
2025,510630,510628,MC,2,2,11772.11,0
2025,510630,510630,MC,1059,3015,499929.4,13
2025,510630,510700,MC,4,4,1222.34,0
2025,510630,510704,MC,74,231,161001.36,4
2025,510630,510760,AC,36,134,260709.74,1
2025,510630,510760,MC,479,2057,879214.55,20
2025,510630,510790,MC,1,2,764.92,0
2025,510630,510792,MC,10,52,12349.18,0
2025,510630,510820,MC,1,1,915.93,0
2025,510630,510840,MC,18,93,27911.83,1
2025,510631,510020,MC,110,314,113046.65,2
2025,510631,510180,MC,1,10,338.77,0
2025,510631,510340,AC,1,0,477.74,0
2025,510631,510340,MC,6,28,10510.23,1
2025,510631,510706,MC,1,2,308.62,0
2025,510631,510785,MC,17,42,10536.14,0
2025,510631,510840,AC,2,6,23210.96,0
2025,510631,510840,MC,5,29,36089.31,0
2025,510637,510267,MC,3,43,2284.99,1
2025,510637,510340,AC,15,170,132339.24,0
2025,510637,510340,MC,21,337,61215.67,1
2025,510637,510420,MC,1,4,582.42,0
2025,510637,510525,MC,1,2,1005.41,0
2025,510637,510628,MC,1,6,1004.34,0
2025,510637,510637,MC,392,1912,144552.83,15
2025,510637,510675,MC,1,2,174.45,0
2025,510637,510700,MC,14,26,12200.33,0
2025,510637,510704,MC,58,140,96224.02,0
2025,510637,510760,AC,68,204,438356.55,1
2025,510637,510760,MC,930,3612,1447644.6,31
2025,510637,510790,MC,2,4,1356.82,0
2025,510637,510792,MC,1,2,421.4,0
2025,510637,510840,AC,1,4,12124.65,0
2025,510637,510840,MC,8,21,6835.25,0
2025,510642,510025,MC,5,20,4361.66,0
2025,510642,510180,MC,1,0,327.92,0
2025,510642,510267,MC,2,7,1295.07,0
2025,510642,510320,MC,43,170,39668.16,2
2025,510642,510340,AC,36,175,209597.91,2
2025,510642,510340,MC,104,779,335959.11,5
2025,510642,510410,MC,17,57,10471.54,0
2025,510642,510525,MC,13,243,8714.82,0
2025,510642,510560,MC,9,28,5016.34,0
2025,510642,510622,AC,8,37,59218.98,0
2025,510642,510622,MC,90,394,222024.27,5
2025,510642,510625,MC,1,1,1899.46,0
2025,510642,510629,MC,3,5,9075.04,0
2025,510642,510642,MC,2041,8456,1018984.41,56
2025,510642,510675,MC,1,2,429.41,0
2025,510642,510760,MC,3,32,13831.52,0
2025,510642,510790,AC,2,10,4652.64,0
2025,510642,510790,MC,43,316,120937.25,7
2025,510642,510792,AC,3,6,5472.94,0
2025,510642,510792,MC,19,117,34287.83,1
2025,510642,510805,MC,4,6,9386.88,0
2025,510642,510840,AC,6,60,70952.64,0
2025,510642,510840,MC,14,85,13192.12,0
2025,510645,510020,MC,1,0,398.67,0
2025,510645,510267,MC,11,62,5012.45,0
2025,510645,510340,AC,11,73,89993.46,0
2025,510645,510340,MC,80,291,143775.33,2
2025,510645,510622,MC,1,3,641.28,0
2025,510645,510650,MC,53,101,42033.79,0
2025,510645,510704,MC,1,1,1365.37,0
2025,510645,510760,MC,4,36,5477.57,1
2025,510645,510840,MC,26,156,57718.28,1
2025,510650,510250,MC,1,14,931.94,0
2025,510650,510263,MC,1,2,234.46,0
2025,510650,510340,AC,68,408,486751.52,1
2025,510650,510340,MC,635,3136,985866.2,27
2025,510650,510610,MC,1,2,139.42,0
2025,510650,510622,AC,1,3,10615.57,0
2025,510650,510622,MC,2,21,2873.57,1
2025,510650,510650,MC,1653,4935,626040.98,33
2025,510650,510760,MC,3,13,7940.96,0
2025,510650,510840,AC,13,135,120992.18,1
2025,510650,510840,MC,385,2361,614244.69,21
2025,510665,510180,AC,1,4,1575.3,0
2025,510665,510180,MC,209,800,184022.96,9
2025,510665,510250,MC,2,23,2217.35,0
2025,510665,510267,MC,1,0,588.12,0
2025,510665,510340,AC,14,43,55997.87,0
2025,510665,510340,MC,14,63,19177.07,0
2025,510665,510390,MC,1,2,287.76,0
2025,510665,510625,MC,4,4,13502.73,0
2025,510665,510628,AC,1,4,5654.68,0
2025,510665,510628,MC,3,17,14194.04,0
2025,510665,510670,MC,1,1,590.42,0
2025,510665,510719,MC,1,4,582.42,0
2025,510665,510820,AC,1,1,6153.0,0
2025,510665,510820,MC,34,41,24745.3,0
2025,510665,510840,AC,2,15,25101.57,0
2025,510665,510840,MC,10,43,7928.66,1
2025,510670,510030,MC,1,4,614.42,0
2025,510670,510180,AC,1,2,6881.59,0
2025,510670,510180,MC,38,203,99000.41,5
2025,510670,510340,AC,5,42,71599.89,0
2025,510670,510340,MC,4,8,1975.53,1
2025,510670,510628,AC,1,3,5630.68,0
2025,510670,510670,AC,1,1,135.0,0
2025,510670,510670,MC,65,197,29544.44,0
2025,510670,510820,AC,1,1,6153.0,0
2025,510670,510820,MC,13,12,10488.59,0
2025,510670,510840,MC,9,87,24563.12,0
2025,510675,510125,MC,2,4,1472.33,0
2025,510675,510180,MC,2,4,1062.15,0
2025,510675,510250,AC,5,28,4674.17,0
2025,510675,510250,MC,619,3551,1018012.08,47
2025,510675,510267,MC,1,11,768.06,0
2025,510675,510325,MC,1,3,308.33,0
2025,510675,510340,AC,124,691,629474.14,4
2025,510675,510340,MC,293,2276,785834.99,20
2025,510675,510410,MC,1,3,580.54,0
2025,510675,510480,MC,1,1,182.42,0
2025,510675,510515,MC,1,3,223.33,0
2025,510675,510550,MC,124,299,62239.02,1
2025,510675,510560,MC,4,10,2591.13,0
2025,510675,510562,MC,1,1,471.21,1
2025,510675,510622,MC,4,15,2367.23,0
2025,510675,510642,MC,3,14,1532.98,0
2025,510675,510675,MC,3299,10685,1696311.49,72
2025,510675,510704,MC,1,1,324.2,0
2025,510675,510720,MC,2,6,474.89,0
2025,510675,510760,AC,1,3,9374.56,0
2025,510675,510760,MC,3,3,2883.16,0
2025,510675,510792,AC,1,0,2031.53,0
2025,510675,510840,AC,13,78,144066.56,0
2025,510675,510840,MC,110,1016,375588.15,7
2025,510677,510020,MC,5,9,7115.52,0
2025,510677,510180,MC,5,51,23899.13,0
2025,510677,510267,MC,1,10,330.09,0
2025,510677,510335,AC,1,8,1875.52,0
2025,510677,510335,MC,533,1504,295620.1,23
2025,510677,510340,AC,10,68,44288.17,0
2025,510677,510340,MC,47,591,202037.99,2
2025,510677,510625,MC,8,11,9187.71,0
2025,510677,510628,MC,5,12,52721.53,0
2025,510677,510785,MC,5,10,2535.23,0
2025,510677,510792,MC,1,2,449.21,0
2025,510677,510840,AC,1,10,13106.52,0
2025,510677,510840,MC,30,202,70881.21,3
2025,510680,510320,MC,1,20,13153.24,1
2025,510680,510340,AC,6,14,21869.3,0
2025,510680,510340,MC,20,120,17676.0,3
2025,510680,510510,MC,130,232,83337.2,1
2025,510680,510525,MC,1,7,351.27,0
2025,510680,510622,AC,4,8,30049.98,0
2025,510680,510622,MC,39,104,86212.51,2
2025,510680,510680,MC,604,2246,221629.71,6
2025,510680,510760,MC,1,1,841.48,0
2025,510680,510790,AC,1,18,10159.28,0
2025,510680,510790,MC,24,61,29715.57,0
2025,510680,510792,MC,4,33,5526.2,0
2025,510680,510840,AC,4,21,46676.83,0
2025,510680,510840,MC,14,45,39369.89,1
2025,510682,510250,AC,2,0,9403.68,0
2025,510682,510250,MC,576,2570,595527.65,17
2025,510682,510340,AC,15,106,139940.8,0
2025,510682,510340,MC,73,358,152504.41,3
2025,510682,510525,MC,1,1,414.62,0
2025,510682,510550,MC,3,12,989.59,0
2025,510682,510562,MC,1,1,52.22,0
2025,510682,510622,MC,2,9,1140.59,0
2025,510682,510675,MC,5,15,2018.07,0
2025,510682,510760,MC,1,4,1663.21,0
2025,510682,510840,AC,1,4,12322.3,0
2025,510682,510840,MC,7,62,17741.4,0
2025,510685,510170,MC,94,332,43896.26,8
2025,510685,510250,MC,1,1,251.52,0
2025,510685,510340,AC,9,23,72227.63,0
2025,510685,510340,MC,23,148,49218.8,3
2025,510685,510622,MC,2,3,1086.94,0
2025,510685,510650,MC,1,2,996.34,0
2025,510685,510795,MC,2,23,1296.63,0
2025,510685,510840,AC,3,13,35756.9,0
2025,510685,510840,MC,5,23,19247.6,1
2025,510700,510020,MC,3,13,3369.38,0
2025,510700,510180,AC,1,3,1391.02,0
2025,510700,510180,MC,4,8,3222.39,0
2025,510700,510250,MC,2,12,1437.67,0
2025,510700,510267,MC,6,28,12700.53,2
2025,510700,510340,AC,18,80,95254.38,1
2025,510700,510340,MC,28,194,62341.67,1
2025,510700,510390,MC,1,7,332.9,0
2025,510700,510480,MC,1,5,199.33,0
2025,510700,510625,MC,1,1,596.12,1
2025,510700,510700,MC,1393,4241,744189.91,30
2025,510700,510704,MC,239,570,213128.02,2
2025,510700,510760,AC,50,135,325043.9,2
2025,510700,510760,MC,467,2552,905738.8,21
2025,510700,510785,MC,1,7,948.74,0
2025,510700,510840,AC,3,21,39908.77,0
2025,510700,510840,MC,5,13,5531.15,0
2025,510704,510020,MC,11,34,16380.36,0
2025,510704,510025,MC,1,4,1340.37,0
2025,510704,510180,MC,26,79,18997.68,0
2025,510704,510250,MC,3,25,3501.05,0
2025,510704,510267,MC,28,219,15551.46,4
2025,510704,510270,MC,1,5,582.42,0
2025,510704,510340,AC,84,371,443528.05,2
2025,510704,510340,MC,134,872,254368.75,8
2025,510704,510420,MC,1,0,44.22,0
2025,510704,510480,MC,4,11,1975.68,0
2025,510704,510510,MC,1,1,939.33,0
2025,510704,510520,MC,1,0,322.48,0
2025,510704,510525,MC,3,9,1526.74,1
2025,510704,510622,MC,2,6,2169.41,0
2025,510704,510625,MC,5,36,5950.75,0
2025,510704,510628,MC,3,5,24279.94,0
2025,510704,510642,MC,1,9,407.88,0
2025,510704,510700,MC,13,22,6579.52,0
2025,510704,510704,AC,22,45,84427.88,0
2025,510704,510704,MC,5231,10873,4787821.67,41
2025,510704,510706,MC,1,3,715.46,0
2025,510704,510760,AC,195,673,1096809.58,5
2025,510704,510760,MC,621,4348,1713625.5,37
2025,510704,510790,AC,1,3,2023.53,0
2025,510704,510790,MC,3,14,3116.92,0
2025,510704,510792,AC,2,11,4315.88,0
2025,510704,510792,MC,3,48,37331.41,1
2025,510704,510810,MC,1,6,582.42,0
2025,510704,510820,MC,1,1,1111.64,0
2025,510704,510840,AC,16,147,195043.18,1
2025,510704,510840,MC,41,413,109995.89,2
2025,510706,510020,MC,399,1167,452050.26,18
2025,510706,510180,MC,20,108,46480.82,0
2025,510706,510270,MC,14,22,5436.05,0
2025,510706,510335,MC,1,3,219.65,0
2025,510706,510340,AC,34,128,186917.87,0
2025,510706,510340,MC,81,578,167895.13,2
2025,510706,510525,MC,2,7,715.51,0
2025,510706,510558,MC,1,3,606.42,0
2025,510706,510622,MC,1,4,1141.13,0
2025,510706,510625,MC,7,15,15376.41,0
2025,510706,510628,AC,2,7,11815.68,0
2025,510706,510628,MC,1,2,11100.42,0
2025,510706,510642,MC,1,15,543.08,0
2025,510706,510706,MC,1713,3954,873626.17,28
2025,510706,510785,MC,5,9,1748.01,0
2025,510706,510790,MC,6,15,3073.79,0
2025,510706,510840,AC,8,73,93390.69,0
2025,510706,510840,MC,35,364,77664.4,0
2025,510710,510125,MC,1,1,287.76,0
2025,510710,510250,AC,5,4,16593.24,0
2025,510710,510250,MC,562,2801,653860.01,30
2025,510710,510340,AC,55,314,291104.39,1
2025,510710,510340,MC,82,471,125558.26,9
2025,510710,510525,MC,1,1,426.7,0
2025,510710,510550,MC,1,5,414.62,0
2025,510710,510562,MC,5,18,2350.69,0
2025,510710,510622,MC,3,5,1677.32,0
2025,510710,510675,MC,1,2,217.66,0
2025,510710,510700,MC,1,2,688.11,0
2025,510710,510704,MC,2,9,7293.08,1
2025,510710,510760,MC,12,173,15243.89,0
2025,510710,510790,MC,1,32,21902.5,1
2025,510710,510792,MC,1,0,896.64,0
2025,510710,510840,AC,3,33,21747.87,0
2025,510710,510840,MC,29,280,104352.69,3
2025,510715,510250,AC,4,16,7450.13,0
2025,510715,510250,MC,148,623,138614.49,3
2025,510715,510267,MC,1,4,746.16,1
2025,510715,510340,AC,3,25,38130.39,0
2025,510715,510340,MC,16,259,25873.48,0
2025,510715,510550,MC,1,1,996.34,0
2025,510715,510562,MC,1,7,755.46,0
2025,510715,510760,MC,1,3,897.18,0
2025,510715,510795,MC,1,16,279.57,0
2025,510715,510840,MC,2,9,1081.87,0
2025,510718,510020,MC,366,1109,413534.99,19
2025,510718,510180,MC,20,103,39497.55,0
2025,510718,510267,MC,1,38,767.99,1
2025,510718,510270,MC,4,14,1373.55,0
2025,510718,510335,MC,1,1,490.49,0
2025,510718,510340,AC,7,33,38906.84,0
2025,510718,510340,MC,15,149,52987.58,1
2025,510718,510625,MC,3,14,1790.89,0
2025,510718,510628,MC,8,31,83193.88,0
2025,510718,510706,MC,20,62,11614.73,0
2025,510718,510718,MC,812,1756,317203.88,1
2025,510718,510785,MC,9,16,3845.12,0
2025,510718,510840,MC,8,91,33965.8,0
2025,510718,510860,MC,1,5,865.91,1
2025,510719,510180,MC,58,299,119380.9,3
2025,510719,510340,AC,4,8,19998.55,0
2025,510719,510340,MC,3,17,11608.96,0
2025,510719,510622,MC,2,25,17600.97,1
2025,510719,510625,MC,2,2,3091.27,0
2025,510719,510670,MC,1,4,614.42,0
2025,510719,510719,MC,67,320,30627.53,3
2025,510719,510760,MC,4,29,7247.99,0
2025,510719,510820,MC,17,16,9417.65,0
2025,510719,510840,MC,1,3,616.81,0
2025,510720,510020,MC,1,5,270.38,0
2025,510720,510250,AC,1,0,4701.84,0
2025,510720,510250,MC,255,1056,298411.56,11
2025,510720,510340,AC,7,33,41653.46,0
2025,510720,510340,MC,36,140,82975.84,4
2025,510720,510480,MC,1,2,199.33,0
2025,510720,510622,MC,2,13,9564.06,1
2025,510720,510675,MC,1,2,195.62,0
2025,510720,510720,MC,222,471,83197.29,12
2025,510720,510840,MC,9,87,6655.78,0
2025,510724,510320,MC,1,5,4565.55,1
2025,510724,510340,AC,1,2,2155.59,0
2025,510724,510340,MC,1,3,305.41,0
2025,510724,510410,MC,1,2,449.1,0
2025,510724,510525,MC,2,7,1172.84,0
2025,510724,510622,AC,2,4,14726.22,0
2025,510724,510622,MC,33,116,64934.7,1
2025,510724,510760,MC,3,33,2966.37,0
2025,510724,510790,AC,14,42,59320.93,1
2025,510724,510790,MC,170,864,280317.02,5
2025,510724,510792,MC,24,201,62049.86,1
2025,510724,510805,MC,1,2,201.66,0
2025,510726,510130,MC,132,417,53776.2,2
2025,510726,510170,MC,2,2,673.3,0
2025,510726,510263,MC,1,4,193.66,0
2025,510726,510340,AC,5,10,14612.99,0
2025,510726,510340,MC,23,191,53071.08,3
2025,510726,510515,MC,1,5,528.38,0
2025,510726,510622,AC,1,3,5853.32,0
2025,510726,510628,MC,3,9,11881.36,0
2025,510726,510795,MC,2,4,1587.72,0
2025,510726,510840,AC,1,11,3135.9,0
2025,510726,510840,MC,6,36,7183.1,1
2025,510729,510267,MC,1,4,629.12,0
2025,510729,510340,MC,3,17,2378.16,0
2025,510729,510420,MC,1,0,44.22,0
2025,510729,510700,MC,3,3,2282.38,0
2025,510729,510704,AC,1,2,6145.0,0
2025,510729,510704,MC,19,51,41925.43,1
2025,510729,510760,AC,16,67,153990.51,2
2025,510729,510760,MC,177,780,294519.34,11
2025,510729,510840,MC,3,7,10348.83,0
2025,510730,510325,MC,1,1,463.21,0
2025,510730,510340,AC,36,210,239809.25,0
2025,510730,510340,MC,234,1807,506672.21,11
2025,510730,510350,MC,84,153,34674.68,1
2025,510730,510515,MC,1,3,737.11,0
2025,510730,510525,MC,8,24,3523.34,0
2025,510730,510622,AC,1,14,9274.35,0
2025,510730,510622,MC,98,218,106692.66,2
2025,510730,510650,MC,32,64,20480.24,0
2025,510730,510675,MC,1,2,1129.6,0
2025,510730,510680,MC,1,3,606.42,0
2025,510730,510730,MC,811,2171,326857.43,19
2025,510730,510760,MC,1,12,4879.34,0
2025,510730,510792,MC,5,11,3621.74,1
2025,510730,510840,AC,6,75,71646.5,0
2025,510730,510840,MC,64,421,121130.78,7
2025,510735,510020,MC,2,3,2486.54,1
2025,510735,510180,MC,3,4,2183.35,0
2025,510735,510270,MC,3,4,649.0,0
2025,510735,510320,MC,4,13,1832.48,0
2025,510735,510335,MC,357,979,201714.76,4
2025,510735,510340,AC,5,39,30084.96,0
2025,510735,510340,MC,31,352,175203.13,3
2025,510735,510628,MC,8,28,85914.08,0
2025,510735,510642,MC,13,40,5941.67,0
2025,510735,510706,MC,4,11,1189.37,0
2025,510735,510760,MC,2,11,10073.66,0
2025,510735,510785,MC,1,1,251.96,0
2025,510735,510790,MC,5,11,1319.45,0
2025,510735,510840,AC,2,36,23295.68,0
2025,510735,510840,MC,12,154,53424.49,1
2025,510735,510860,MC,1,2,675.94,0
2025,510740,510267,MC,3,22,1195.1,1
2025,510740,510340,AC,4,27,23006.9,0
2025,510740,510340,MC,11,119,32786.21,0
2025,510740,510480,MC,145,396,64050.27,2
2025,510740,510525,MC,1,6,420.7,0
2025,510740,510704,MC,20,41,40725.8,0
2025,510740,510760,AC,10,56,60622.87,0
2025,510740,510760,MC,193,674,309190.39,8
2025,510740,510840,AC,1,1,4701.84,0
2025,510740,510840,MC,6,44,3919.73,0
2025,510757,510250,MC,2,5,1631.24,0
2025,510757,510340,MC,2,5,929.89,0
2025,510757,510675,MC,3,9,1719.29,0
2025,510760,510020,MC,3,7,3182.37,0
2025,510760,510180,MC,11,39,10441.9,0
2025,510760,510250,AC,2,28,6970.68,0
2025,510760,510250,MC,6,56,6885.68,0
2025,510760,510263,MC,3,5,1797.83,0
2025,510760,510267,MC,6,61,3967.55,1
2025,510760,510335,MC,3,13,1010.06,1
2025,510760,510340,AC,102,647,816278.08,4
2025,510760,510340,MC,227,1755,424927.57,8
2025,510760,510350,MC,1,1,117.24,0
2025,510760,510385,MC,1,4,590.42,0
2025,510760,510480,MC,7,10,1978.63,0
2025,510760,510517,MC,1,2,76.62,0
2025,510760,510520,MC,3,4,1012.05,0
2025,510760,510525,MC,5,23,3888.68,0
2025,510760,510560,MC,1,6,292.62,0
2025,510760,510562,MC,1,6,630.42,0
2025,510760,510590,MC,2,5,615.72,0
2025,510760,510622,MC,6,35,17115.74,1
2025,510760,510625,MC,1,1,184.12,0
2025,510760,510628,MC,2,3,12294.83,0
2025,510760,510650,MC,1,1,44.22,0
2025,510760,510675,MC,3,14,2152.19,0
2025,510760,510680,MC,1,6,913.91,0
2025,510760,510700,MC,11,33,5874.78,0
2025,510760,510704,MC,14,37,19649.66,0
2025,510760,510760,AC,1457,3795,6533487.91,18
2025,510760,510760,MC,18627,77819,21884511.32,709
2025,510760,510785,MC,1,1,332.9,0
2025,510760,510790,MC,2,15,1432.78,0
2025,510760,510792,MC,7,45,20937.54,1
2025,510760,510795,MC,1,1,447.02,0
2025,510760,510810,MC,2,9,571.14,0
2025,510760,510840,AC,24,104,190336.27,0
2025,510760,510840,MC,106,610,205983.02,4
2025,510770,510130,MC,2,5,974.65,0
2025,510770,510250,MC,1,3,749.29,0
2025,510770,510340,AC,25,142,151927.66,3
2025,510770,510340,MC,281,1626,534193.37,13
2025,510770,510350,MC,5,14,2840.57,1
2025,510770,510525,MC,1,11,359.3,0
2025,510770,510590,MC,3,6,668.69,0
2025,510770,510622,MC,23,64,23242.61,3
2025,510770,510650,MC,2,2,1481.82,0
2025,510770,510770,MC,744,2273,360237.36,22
2025,510770,510790,MC,1,0,172.27,0
2025,510770,510792,MC,1,4,499.6,0
2025,510770,510840,AC,8,33,77099.04,1
2025,510770,510840,MC,69,533,188557.34,8
2025,510774,510335,MC,188,537,101494.21,3
2025,510774,510340,AC,1,0,2023.53,0
2025,510774,510340,MC,30,240,76371.35,0
2025,510774,510625,MC,1,1,715.44,0
2025,510774,510820,MC,1,1,841.48,0
2025,510774,510840,AC,2,16,17584.49,1
2025,510774,510840,MC,3,20,2847.6,0
2025,510775,510125,MC,1,1,865.91,1
2025,510775,510250,MC,230,1055,270002.99,13
2025,510775,510340,AC,10,29,59810.5,0
2025,510775,510340,MC,43,205,100639.7,1
2025,510775,510562,MC,1,1,590.42,0
2025,510775,510622,MC,1,4,2115.37,0
2025,510775,510720,MC,2,5,756.87,0
2025,510775,510775,MC,67,344,20620.34,1
2025,510775,510792,MC,1,0,335.61,1
2025,510775,510840,AC,1,7,311.29,0
2025,510775,510840,MC,9,95,21454.96,1
2025,510776,510340,AC,5,19,15519.92,0
2025,510776,510340,MC,14,175,14611.88,0
2025,510776,510350,MC,33,61,16160.5,0
2025,510776,510525,MC,4,51,2012.25,1
2025,510776,510622,AC,1,5,787.03,0
2025,510776,510622,MC,32,106,34755.04,0
2025,510776,510792,MC,50,239,55060.77,4
2025,510776,510840,AC,1,18,4061.44,0
2025,510776,510840,MC,7,41,13396.3,1
2025,510777,510267,MC,1,1,220.4,0
2025,510777,510335,MC,290,959,162100.71,7
2025,510777,510340,AC,5,20,15660.27,0
2025,510777,510340,MC,46,396,130010.53,3
2025,510777,510622,AC,1,5,9901.47,0
2025,510777,510622,MC,1,7,2617.84,0
2025,510777,510625,MC,6,8,62197.19,0
2025,510777,510628,AC,1,3,5646.68,0
2025,510777,510628,MC,15,37,159809.59,0
2025,510777,510629,MC,2,4,2623.06,0
2025,510777,510760,AC,1,6,56666.66,0
2025,510777,510760,MC,1,9,3111.63,0
2025,510777,510777,MC,545,1418,182561.78,4
2025,510777,510785,MC,7,15,4211.9,0
2025,510777,510840,AC,1,10,2768.23,0
2025,510777,510840,MC,19,122,37583.46,1
2025,510777,510860,MC,1,2,637.97,0
2025,510779,510020,MC,1,1,673.11,0
2025,510779,510250,MC,2,8,1647.22,0
2025,510779,510267,MC,2,9,1717.59,0
2025,510779,510340,AC,9,19,28884.63,0
2025,510779,510340,MC,20,89,22518.98,1
2025,510779,510390,MC,1,3,463.21,0
2025,510779,510525,MC,1,6,241.66,0
2025,510779,510625,MC,1,3,695.71,0
2025,510779,510628,MC,10,11,39335.57,0
2025,510779,510700,MC,14,22,8738.89,0
2025,510779,510704,AC,3,6,18468.06,0
2025,510779,510704,MC,236,630,207823.07,0
2025,510779,510760,AC,4,14,33430.98,1
2025,510779,510760,MC,60,299,137502.35,3
2025,510779,510840,MC,6,24,3174.7,0
2025,510780,510130,MC,1,3,661.97,0
2025,510780,510267,MC,9,22,3199.6,0
2025,510780,510340,AC,61,304,428684.93,4
2025,510780,510340,MC,766,4322,1204496.91,31
2025,510780,510480,MC,1,1,207.33,0
2025,510780,510622,MC,2,7,8125.8,1
2025,510780,510650,MC,7,8,5264.98,0
2025,510780,510760,AC,2,5,11840.95,0
2025,510780,510760,MC,17,62,23626.96,1
2025,510780,510840,AC,7,85,75276.25,1
2025,510780,510840,MC,217,1878,368768.98,17
2025,510785,510020,MC,17,66,26789.97,0
2025,510785,510180,MC,7,31,11813.38,0
2025,510785,510335,MC,23,80,11240.05,1
2025,510785,510340,AC,9,82,84452.02,0
2025,510785,510340,MC,39,450,142509.98,5
2025,510785,510625,MC,4,5,30296.33,0
2025,510785,510628,MC,5,15,42681.0,0
2025,510785,510706,MC,7,10,2256.0,0
2025,510785,510760,AC,1,7,10605.3,0
2025,510785,510785,MC,1038,2980,443997.94,25
2025,510785,510790,MC,4,7,2092.4,0
2025,510785,510840,AC,2,20,20155.08,0
2025,510785,510840,MC,15,104,53019.51,5
2025,510785,510860,MC,1,4,1051.64,0
2025,510787,510020,MC,1,3,83.31,0
2025,510787,510080,MC,1,2,270.38,0
2025,510787,510170,MC,1,0,151.66,0
2025,510787,510180,MC,3,8,2060.63,0
2025,510787,510250,MC,3,54,13498.53,0
2025,510787,510263,MC,7,21,3844.56,1
2025,510787,510268,MC,1,0,44.22,0
2025,510787,510320,MC,1,24,1937.1,0
2025,510787,510340,AC,40,199,246532.57,1
2025,510787,510340,MC,162,1069,361793.34,8
2025,510787,510350,MC,1,1,159.66,0
2025,510787,510525,MC,5,44,3481.58,0
2025,510787,510550,MC,1,6,198.81,0
2025,510787,510560,MC,1,2,808.71,0
2025,510787,510622,MC,15,38,15003.88,0
2025,510787,510629,MC,1,0,463.21,0
2025,510787,510675,MC,3,12,1907.51,0
2025,510787,510760,MC,5,12,3388.03,0
2025,510787,510787,MC,1683,7681,858943.44,17
2025,510787,510790,MC,2,12,1781.76,0
2025,510787,510795,MC,2,11,1214.81,0
2025,510787,510840,AC,7,64,40890.75,2
2025,510787,510840,MC,73,491,145669.76,4
2025,510788,510020,MC,124,316,115097.89,4
2025,510788,510335,MC,1,1,588.12,0
2025,510788,510340,AC,1,11,2076.75,0
2025,510788,510340,MC,9,99,15892.61,0
2025,510788,510706,MC,2,3,1216.16,0
2025,510788,510785,MC,1,3,1107.24,0
2025,510788,510840,AC,1,17,8321.88,0
2025,510790,510020,MC,2,4,1213.85,0
2025,510790,510025,MC,64,341,37058.64,0
2025,510790,510267,MC,1,8,429.95,1
2025,510790,510305,MC,5,18,996.65,0
2025,510790,510320,MC,44,312,114162.51,4
2025,510790,510325,MC,1,2,281.29,0
2025,510790,510335,MC,1,1,511.9,0
2025,510790,510340,AC,72,502,449541.48,2
2025,510790,510340,MC,317,2209,462405.93,14
2025,510790,510385,MC,2,6,1204.83,0
2025,510790,510410,MC,16,39,8169.67,0
2025,510790,510480,MC,1,4,199.33,0
2025,510790,510510,MC,16,35,8808.8,2
2025,510790,510515,MC,1,1,337.25,0
2025,510790,510525,MC,103,563,80008.25,3
2025,510790,510558,MC,3,16,1674.25,0
2025,510790,510560,MC,1,2,303.76,0
2025,510790,510622,AC,28,122,198996.48,1
2025,510790,510622,MC,960,2488,1429400.28,16
2025,510790,510629,MC,8,16,11574.64,0
2025,510790,510642,MC,23,70,12413.69,2
2025,510790,510675,MC,1,4,476.07,0
2025,510790,510680,MC,9,26,3144.65,0
2025,510790,510706,MC,2,8,837.75,0
2025,510790,510760,MC,15,70,23013.7,1
2025,510790,510790,AC,549,1223,1881277.62,3
2025,510790,510790,MC,5623,22511,5825671.22,143
2025,510790,510792,AC,6,22,10461.64,0
2025,510790,510792,MC,309,1274,378199.91,7
2025,510790,510794,MC,2,2,460.86,0
2025,510790,510795,MC,2,3,759.79,0
2025,510790,510805,MC,8,46,5353.39,0
2025,510790,510840,AC,16,120,117537.03,0
2025,510790,510840,MC,120,1042,277785.66,6
2025,510792,510020,MC,1,6,2361.65,0
2025,510792,510025,MC,10,42,5713.99,0
2025,510792,510267,MC,1,5,3212.1,0
2025,510792,510270,MC,1,1,246.89,0
2025,510792,510320,MC,19,124,48238.9,3
2025,510792,510340,AC,39,186,295111.49,1
2025,510792,510340,MC,135,1168,315954.63,4
2025,510792,510410,MC,5,8,2148.82,0
2025,510792,510510,MC,4,8,2845.11,0
2025,510792,510515,MC,1,2,208.6,0
2025,510792,510525,MC,85,598,48526.28,0
2025,510792,510550,MC,1,2,582.42,0
2025,510792,510560,MC,1,7,703.6,0
2025,510792,510622,AC,13,63,175008.85,0
2025,510792,510622,MC,392,670,377913.32,5
2025,510792,510628,MC,1,3,11100.42,0
2025,510792,510629,MC,3,5,971.37,0
2025,510792,510642,MC,5,33,2608.04,1
2025,510792,510680,MC,1,5,329.17,0
2025,510792,510704,MC,1,2,221.91,0
2025,510792,510760,MC,72,891,91673.15,0
2025,510792,510790,AC,277,542,966212.36,5
2025,510792,510790,MC,64,282,104434.96,6
2025,510792,510792,AC,18,95,39956.34,0
2025,510792,510792,MC,4046,20296,5302497.53,161
2025,510792,510795,MC,1,4,582.42,0
2025,510792,510805,MC,1,2,119.35,0
2025,510792,510840,AC,8,106,100043.35,0
2025,510792,510840,MC,50,372,101941.67,2
2025,510794,510025,MC,2,15,4460.01,0
2025,510794,510250,MC,2,14,2482.49,0
2025,510794,510267,MC,1,2,704.31,0
2025,510794,510320,MC,1,4,620.43,0
2025,510794,510340,AC,7,17,29579.64,0
2025,510794,510340,MC,19,68,30671.96,1
2025,510794,510480,MC,1,2,209.66,0
2025,510794,510510,MC,135,362,80530.34,2
2025,510794,510515,MC,1,3,405.58,0
2025,510794,510622,AC,1,1,6145.0,0
2025,510794,510622,MC,26,238,108845.64,0
2025,510794,510642,MC,3,7,730.44,0
2025,510794,510680,MC,9,33,4045.36,0
2025,510794,510790,AC,3,10,15803.73,0
2025,510794,510790,MC,21,130,52219.83,3
2025,510794,510792,MC,8,61,31848.66,1
2025,510794,510794,MC,432,1126,191748.38,7
2025,510794,510840,AC,4,22,45986.82,0
2025,510794,510840,MC,17,82,28826.38,0
2025,510795,510130,MC,11,16,5641.04,0
2025,510795,510170,MC,4,11,1662.39,0
2025,510795,510190,MC,1,21,44.22,0
2025,510795,510250,MC,5,21,3887.61,0
2025,510795,510263,MC,10,25,4869.3,0
2025,510795,510268,MC,1,3,218.68,0
2025,510795,510320,MC,1,4,1118.29,0
2025,510795,510340,AC,149,701,724800.65,2
2025,510795,510340,MC,393,2826,798918.96,13
2025,510795,510350,MC,2,3,799.9,0
2025,510795,510360,MC,1,3,606.42,0
2025,510795,510510,MC,2,8,1337.76,0
2025,510795,510515,MC,6,26,2401.6,0
2025,510795,510525,MC,3,8,1579.59,0
2025,510795,510550,MC,7,21,3943.37,0
2025,510795,510622,AC,5,49,65804.29,0
2025,510795,510622,MC,54,191,56076.07,0
2025,510795,510623,MC,6,42,3160.61,0
2025,510795,510642,MC,1,1,556.6,0
2025,510795,510675,MC,5,19,2080.33,0
2025,510795,510704,MC,1,3,344.57,0
2025,510795,510760,MC,6,28,5350.03,1
2025,510795,510790,MC,2,16,1864.5,0
2025,510795,510792,AC,5,7,12573.4,0
2025,510795,510792,MC,1,2,782.93,0
2025,510795,510795,AC,3,7,4697.49,0
2025,510795,510795,MC,5919,22185,3283817.22,140
2025,510795,510840,AC,44,408,468084.61,2
2025,510795,510840,MC,238,2025,623152.63,18
2025,510800,510025,MC,2,13,1295.08,0
2025,510800,510250,MC,1,2,514.06,0
2025,510800,510305,MC,1,1,57.0,0
2025,510800,510320,MC,1,9,6152.3,0
2025,510800,510340,AC,16,108,81661.12,0
2025,510800,510340,MC,50,341,90656.9,4
2025,510800,510350,MC,1,4,718.83,0
2025,510800,510410,MC,2,9,929.99,0
2025,510800,510510,MC,2,9,1850.29,0
2025,510800,510525,MC,88,314,64756.47,3
2025,510800,510622,AC,5,28,62838.67,1
2025,510800,510622,MC,75,205,126156.8,2
2025,510800,510642,MC,2,4,943.3,0
2025,510800,510680,MC,3,13,1160.28,0
2025,510800,510730,MC,2,4,1212.71,0
2025,510800,510760,MC,1,8,4249.86,0
2025,510800,510770,MC,1,4,199.33,0
2025,510800,510790,AC,37,69,82653.79,0
2025,510800,510790,MC,22,132,37074.48,1
2025,510800,510792,AC,1,2,2178.16,0
2025,510800,510792,MC,455,2136,625273.74,21
2025,510800,510800,MC,343,1137,69439.17,7
2025,510800,510840,AC,1,1,4701.84,0
2025,510800,510840,MC,17,69,16744.28,0
2025,510805,510320,MC,4,44,11706.72,0
2025,510805,510340,AC,24,61,86642.35,1
2025,510805,510340,MC,19,56,9984.69,1
2025,510805,510410,MC,4,6,2963.83,0
2025,510805,510510,MC,1,2,730.11,0
2025,510805,510525,MC,7,198,3637.96,0
2025,510805,510560,MC,4,23,1869.31,0
2025,510805,510622,AC,3,15,37199.88,0
2025,510805,510622,MC,77,110,76991.07,1
2025,510805,510642,MC,283,760,157185.24,4
2025,510805,510790,AC,14,63,50983.69,0
2025,510805,510790,MC,17,105,31551.7,0
2025,510805,510792,AC,1,0,2031.53,0
2025,510805,510792,MC,8,34,10119.18,2
2025,510805,510805,MC,518,2096,405349.27,18
2025,510805,510840,AC,4,50,43486.65,0
2025,510805,510840,MC,12,145,24965.11,0
2025,510810,510340,AC,3,8,9333.26,0
2025,510810,510340,MC,7,56,8797.17,1
2025,510810,510420,MC,2,0,487.62,0
2025,510810,510700,MC,4,5,1321.68,0
2025,510810,510704,MC,24,43,44735.98,0
2025,510810,510760,AC,7,14,13271.62,0
2025,510810,510760,MC,156,704,357897.16,3
2025,510810,510810,MC,50,215,17194.36,5
2025,510810,510840,AC,1,6,2171.29,0
2025,510820,510020,MC,3,20,1346.67,0
2025,510820,510180,MC,66,268,99658.11,1
2025,510820,510340,AC,1,7,12837.53,0
2025,510820,510340,MC,3,6,2036.53,0
2025,510820,510625,MC,1,1,1037.52,0
2025,510820,510719,MC,2,24,1464.33,0
2025,510820,510810,MC,1,4,446.78,0
2025,510820,510820,AC,2,2,12306.0,0
2025,510820,510820,MC,183,324,110295.68,7
2025,510820,510840,AC,3,32,38431.65,0
2025,510820,510840,MC,8,107,70435.0,1
2025,510830,510025,MC,1,2,131.45,0
2025,510830,510305,MC,1,0,109.24,0
2025,510830,510340,MC,8,37,3536.47,1
2025,510830,510510,MC,1,2,1165.11,1
2025,510830,510525,MC,3,0,1316.61,0
2025,510830,510622,MC,14,50,19427.18,0
2025,510830,510790,AC,16,28,36660.39,0
2025,510830,510790,MC,96,383,91671.31,2
2025,510830,510792,MC,45,149,52265.26,0
2025,510830,510840,MC,5,38,5104.37,0
2025,510835,510250,MC,40,205,52072.16,6
2025,510835,510340,AC,16,34,61200.61,0
2025,510835,510340,MC,22,115,41359.02,3
2025,510835,510550,MC,27,72,17086.74,0
2025,510835,510650,MC,2,3,1904.27,0
2025,510835,510675,MC,160,578,85725.04,4
2025,510835,510840,AC,1,17,8191.77,0
2025,510835,510840,MC,3,12,2698.5,1
2025,510840,510020,MC,2,8,4661.32,0
2025,510840,510170,MC,1,1,388.37,0
2025,510840,510180,MC,8,29,6826.17,1
2025,510840,510250,MC,8,26,7777.48,1
2025,510840,510263,MC,2,3,603.17,0
2025,510840,510267,MC,4,5,1178.79,0
2025,510840,510330,MC,1,7,329.26,0
2025,510840,510337,MC,1,3,44.22,0
2025,510840,510340,AC,997,5854,7022166.86,29
2025,510840,510340,MC,7033,38938,10134078.55,296
2025,510840,510480,MC,2,1,381.32,0
2025,510840,510510,MC,1,1,547.64,0
2025,510840,510515,MC,1,2,468.9,0
2025,510840,510525,MC,8,34,5086.1,0
2025,510840,510590,MC,1,14,565.53,0
2025,510840,510610,MC,1,1,865.91,0
2025,510840,510622,AC,4,29,23903.09,0
2025,510840,510622,MC,25,146,62498.58,0
2025,510840,510628,MC,1,1,2649.29,0
2025,510840,510642,MC,3,3,936.93,0
2025,510840,510650,MC,178,218,107204.85,1
2025,510840,510675,MC,2,7,957.73,0
2025,510840,510704,MC,1,0,637.19,0
2025,510840,510706,MC,2,2,657.34,0
2025,510840,510760,AC,8,75,97957.95,1
2025,510840,510760,MC,20,183,81027.74,1
2025,510840,510785,MC,2,13,1033.27,0
2025,510840,510790,MC,3,19,3908.98,0
2025,510840,510792,MC,4,12,1398.13,0
2025,510840,510795,MC,1,4,449.65,0
2025,510840,510820,MC,1,1,1111.64,0
2025,510840,510840,AC,145,693,1092593.2,2
2025,510840,510840,MC,11676,65365,16067658.5,471
2025,510850,510025,MC,1,2,286.08,0
2025,510850,510267,MC,1,9,538.98,1
2025,510850,510305,MC,1,5,199.33,0
2025,510850,510340,AC,7,75,84983.19,1
2025,510850,510340,MC,27,303,36462.56,0
2025,510850,510525,MC,10,38,9122.54,0
2025,510850,510622,MC,61,128,77238.31,0
2025,510850,510629,MC,1,2,582.42,0
2025,510850,510642,MC,1,2,203.13,0
2025,510850,510760,MC,4,33,6958.15,0
2025,510850,510790,AC,30,46,123809.25,0
2025,510850,510790,MC,102,441,117361.95,12
2025,510850,510792,AC,1,1,2023.53,0
2025,510850,510792,MC,206,779,174540.65,4
2025,510850,510840,MC,4,25,2103.75,0
2025,510860,510020,MC,7,50,14133.77,0
2025,510860,510180,MC,2,6,3493.35,0
2025,510860,510267,MC,1,0,91.51,0
2025,510860,510335,MC,208,580,102646.42,3
2025,510860,510340,AC,21,184,159434.29,1
2025,510860,510340,MC,81,738,285442.26,6
2025,510860,510622,AC,2,6,6934.34,1
2025,510860,510622,MC,1,3,1917.55,0
2025,510860,510625,MC,15,20,126302.49,0
2025,510860,510777,MC,1,0,199.33,0
2025,510860,510785,MC,3,8,1730.54,0
2025,510860,510792,AC,1,0,2031.53,0
2025,510860,510840,AC,9,68,86135.33,0
2025,510860,510840,MC,52,420,117989.21,5
2025,510860,510860,AC,1,7,1125.49,0
2025,510860,510860,MC,1151,3175,617397.66,29
2025,510880,510025,MC,1,8,437.87,0
2025,510880,510320,MC,222,1051,317040.99,22
2025,510880,510340,AC,17,49,44714.14,1
2025,510880,510340,MC,13,49,11386.24,1
2025,510880,510525,MC,1,8,859.03,0
2025,510880,510560,MC,3,12,1251.98,0
2025,510880,510622,AC,2,7,2347.33,0
2025,510880,510622,MC,25,67,35827.9,1
2025,510880,510629,MC,24,21,64935.82,0
2025,510880,510642,MC,3,3,814.91,0
2025,510880,510790,AC,17,44,57681.42,0
2025,510880,510790,MC,16,18,9823.6,0
2025,510880,510792,MC,8,20,15917.91,2
2025,510880,510805,MC,1,1,637.97,0
2025,510880,510840,AC,2,17,14473.84,0
2025,510880,510840,MC,3,19,4766.95,1
2025,510885,510130,MC,167,461,71420.55,2
2025,510885,510267,MC,1,16,1194.71,0
2025,510885,510340,AC,3,8,17002.69,0
2025,510885,510340,MC,44,241,104182.24,6
2025,510885,510350,MC,3,7,808.08,0
2025,510885,510622,AC,1,7,21707.84,0
2025,510885,510760,AC,2,4,2295.35,0
2025,510885,510760,MC,3,8,2078.17,0
2025,510885,510795,MC,1,0,590.42,1
2025,510885,510840,AC,1,6,12485.32,0
2025,510885,510840,MC,9,34,11717.59,1
2025,510890,510340,AC,2,10,10912.37,0
2025,510890,510340,MC,50,240,95830.18,2
2025,510890,510350,MC,54,102,24498.9,0
2025,510890,510525,MC,7,31,4147.56,0
2025,510890,510622,MC,10,13,7176.64,1
2025,510890,510675,MC,1,1,294.47,0
2025,510890,510706,MC,1,1,183.97,0
2025,510890,510730,MC,2,2,236.19,0
2025,510890,510792,MC,16,192,49411.37,0
2025,510890,510795,MC,2,3,1323.32,0
2025,510890,510840,AC,1,5,12670.87,0
2025,510890,510840,MC,21,91,35253.22,1
2025,510895,510025,MC,518,1341,346036.11,7
2025,510895,510320,MC,4,17,2417.62,0
2025,510895,510325,MC,1,2,108.25,0
2025,510895,510340,AC,8,72,27834.97,0
2025,510895,510340,MC,24,220,30065.36,0
2025,510895,510525,MC,1,2,511.15,0
2025,510895,510558,MC,1,5,302.38,0
2025,510895,510622,AC,1,1,6145.0,0
2025,510895,510622,MC,24,103,37291.35,0
2025,510895,510629,MC,81,114,161033.65,0
2025,510895,510760,MC,7,91,11292.12,0
2025,510895,510790,AC,2,15,22117.57,0
2025,510895,510790,MC,2,4,1013.41,0
2025,510895,510792,AC,3,20,6738.86,0
2025,510895,510792,MC,8,13,6271.71,0
2025,510895,510840,AC,1,4,10828.53,0
2025,510895,510840,MC,2,8,1805.15,0
