cnes,cod_mun6,municipio,regiao_saude,ano,nome_fantasia,natureza_juridica,esfera,leitos_sus,leitos_uti_sus,fte_medicos_sus,internacoes,internacoes_ac,diarias_uti,valor_total,taxa_mortalidade_hosp,permanencia_media,taxa_ocupacao_leitos_sus,n_meses
2473046,510020,Água Boa,Médio Araguaia,2020,HOSPITAL REGIONAL DE AGUA BOA,1210,PUBLICA_OUTRA,60.0,1.0,9.95,2473,0,136,1704877.54,3.07,2.79,0.32,12
2471345,510025,Alta Floresta,Alto Tapajós,2020,HOSPITAL REGIONAL DE ALTA FLORESTA ALBERT SABIN,1236,ESTADUAL,79.92,0.0,19.79,4523,0,0,2661014.43,4.27,3.44,0.56,12
3913899,510025,Alta Floresta,Alto Tapajós,2020,,2305,PRIVADA_EMPRESARIAL,34.29,4.29,4.04,19,0,122,228583.03,26.32,7.32,0.0,7
2396998,510030,Alto Araguaia,Sul Matogrossense,2020,HOSPITAL MUNICIPAL DE ALTO ARAGUAIA,1244,MUNICIPAL,34.0,0.0,9.31,523,0,0,197640.77,3.25,2.48,0.11,12
2397056,510060,Alto Taquari,Sul Matogrossense,2020,HOSPITAL E MATERNIDADE NOSSA SENHORA APARECIDA,1155,MUNICIPAL,25.0,0.0,2.69,115,0,0,69834.47,0.0,2.45,0.03,12
2471590,510080,Apiacás,Alto Tapajós,2020,HOSPITAL MUNICIPAL DE APIACAS,1244,MUNICIPAL,31.33,0.0,1.5,328,0,0,119652.86,0.0,3.27,0.09,12
2752611,510125,Araputanga,Oeste Matogrossense,2020,HOSPITAL GERAL E MATERNIDADE ARAPUTANGA,2062,PRIVADA_EMPRESARIAL,16.0,0.0,3.3,72,0,0,24914.77,0.0,1.71,0.02,12
2472244,510130,Arenápolis,Médio Norte Matogrossense,2020,HOSPITAL MUNICIPAL DR MANUELA MACHADO BARBOSA GOMES,3999,PRIVADA_SEM_FINS_LUCRATIVOS,26.33,0.0,2.39,121,0,0,50842.78,1.65,2.26,0.03,6
4069099,510140,Aripuanã,Noroeste Matogrossense,2020,HOSPITAL MUNICIPAL SANTO ANTONIO ARIPUANA,1244,MUNICIPAL,33.0,0.0,4.29,695,0,0,277009.22,0.58,2.88,0.17,12
2391392,510160,Barão de Melgaço,Baixada Cuiabana,2020,,1244,MUNICIPAL,12.0,0.0,0.5,,,,,,,,3
2472457,510170,Barra do Bugres,Médio Norte Matogrossense,2020,,1236,ESTADUAL,66.0,0.0,11.73,1265,0,0,569422.18,1.58,2.98,0.16,7
2395886,510180,Barra do Garças,Garças Araguaia,2020,HOSPITAL MUNICIPAL MILTON PESSOA MORBECK,1244,MUNICIPAL,96.08,14.42,49.66,3657,0,3540,5571129.78,7.63,3.79,0.32,12
2471795,510190,Brasnorte,Noroeste Matogrossense,2020,HOSPITAL MUNICIPAL DE BRASNORTE BRASNORTE,1244,MUNICIPAL,31.0,0.0,8.22,1081,0,0,373774.93,1.48,2.96,0.31,12
2395037,510250,Cáceres,Oeste Matogrossense,2020,HOSPITAL REGIONAL DE CACERES DR ANTONIO FONTES UNIDADE II,3999,PRIVADA_SEM_FINS_LUCRATIVOS,109.67,13.75,21.39,4477,0,3445,4984365.64,7.39,5.17,0.5,12
2534460,510250,Cáceres,Oeste Matogrossense,2020,HOSPITAL REGIONAL DE CACERES DR ANTONIO FONTES UNIDADE I,1236,ESTADUAL,111.58,7.25,46.76,5380,14,2301,5453695.27,7.16,4.18,0.53,12
2395479,510260,Campinápolis,Garças Araguaia,2020,HOSPITAL MUNICIPAL SEBASTIAO ANTONIO DA COSTA,1155,MUNICIPAL,23.45,0.0,4.71,373,0,0,199926.52,0.8,3.24,0.14,11
0303267,510263,Campo Novo do Parecis,Médio Norte Matogrossense,2020,,3999,PRIVADA_SEM_FINS_LUCRATIVOS,31.5,0.0,12.25,373,0,0,177787.24,2.95,2.48,0.09,4
2655802,510263,Campo Novo do Parecis,Médio Norte Matogrossense,2020,HOSPITAL MUNICIPAL EUCLIDES HORST,3999,PRIVADA_SEM_FINS_LUCRATIVOS,30.0,0.0,9.41,474,0,0,204162.58,1.48,2.29,0.1,7
2396106,510267,Campo Verde,Sul Matogrossense,2020,HOSPITAL MUNICIPAL CORACAO DE JESUS,3999,PRIVADA_SEM_FINS_LUCRATIVOS,39.33,1.67,9.42,1950,0,256,1492736.36,2.67,2.69,0.36,12
2394324,510268,Campos de Júlio,Sudoeste Matogrossense,2020,HOSPITAL MUNICIPAL LEOCYR LAZARETE,1244,MUNICIPAL,17.0,0.0,5.74,324,0,0,192632.98,0.62,3.51,0.2,12
2472945,510270,Canarana,Médio Araguaia,2020,,,,,,,24,0,0,34612.83,0.0,3.46,,
7768400,510270,Canarana,Médio Araguaia,2020,HOSPITAL MUNICIPAL LORENA PARODE,1244,MUNICIPAL,32.67,0.0,6.06,831,0,0,325007.47,1.2,1.9,0.14,12
2390647,510300,Chapada dos Guimarães,Baixada Cuiabana,2020,,1244,MUNICIPAL,2.0,0.0,1.83,,,,,,,,4
2398443,510305,Cláudia,Teles Pires,2020,HOSPITAL DONA NILZA DE OLIVEIRA PIPINO,3069,PRIVADA_SEM_FINS_LUCRATIVOS,20.33,0.0,3.66,546,0,0,197806.07,1.83,2.1,0.16,12
2472783,510310,Cocalinho,Médio Araguaia,2020,HOSPITAL MUNICIPAL DE COCALINHO,1244,MUNICIPAL,16.0,0.0,1.48,246,0,0,70224.86,0.0,2.82,0.12,12
2392380,510320,Colíder,Norte Matogrossense,2020,,2062,PRIVADA_EMPRESARIAL,21.0,0.0,1.5,341,0,0,129801.59,0.0,2.09,0.09,12
2392410,510320,Colíder,Norte Matogrossense,2020,HOSPITAL REGIONAL DE COLIDER,1236,ESTADUAL,74.33,8.0,44.08,2253,0,1683,2557863.23,7.68,4.71,0.35,12
3574261,510325,Colniza,Noroeste Matogrossense,2020,HOSPITAL MUNICIPAL ANDRE MAGGI COLNIZA,1244,MUNICIPAL,28.0,0.0,4.16,992,1,0,359202.35,1.11,1.82,0.2,12
2395274,510330,Comodoro,Sudoeste Matogrossense,2020,HOSPITAL DAS CLINICAS DE COMODORO,2305,PRIVADA_EMPRESARIAL,31.0,0.0,1.13,1208,0,0,599851.38,1.08,3.42,0.37,12
2793636,510335,Confresa,Araguaia Xingu,2020,HOSPITAL E MATERNIDADE DR LAURO TARCISIO PRESTE DE OLIVEIRA,1244,MUNICIPAL,48.0,0.0,6.74,3172,0,0,1547102.02,1.99,2.62,0.49,12
2392968,510337,Cotriguaçu,Noroeste Matogrossense,2020,HOSPITAL MUNICIPAL OLIRIO OLIVEIRA DOS SANTOS,1244,MUNICIPAL,33.92,0.0,2.58,493,0,0,182117.02,0.81,3.11,0.13,12
2311682,510340,Cuiabá,Baixada Cuiabana,2020,HOSPITAL SANTA HELENA,3999,PRIVADA_SEM_FINS_LUCRATIVOS,135.17,28.0,27.78,12461,58,9244,13559300.19,1.67,3.41,0.66,12
2393565,510340,Cuiabá,Baixada Cuiabana,2020,,2062,PRIVADA_EMPRESARIAL,16.0,4.0,8.28,,,,,,,,12
2473062,510340,Cuiabá,Baixada Cuiabana,2020,HOSPITAL DE OLHOS DE CUIABA,2062,PRIVADA_EMPRESARIAL,9.0,0.0,7.23,,,,,,,,12
2494523,510340,Cuiabá,Baixada Cuiabana,2020,FEMINA HOSPITAL INFANTIL E MATERNIDADE,2062,PRIVADA_EMPRESARIAL,9.0,5.0,8.44,44,42,297,569674.72,18.18,6.61,0.0,12
2495015,510340,Cuiabá,Baixada Cuiabana,2020,HOSPITAL E PRONTO SOCORRO MUNICIPAL DE CUIABA,1031,MUNICIPAL,266.33,70.92,80.91,1751,28,11348,12101965.45,28.38,11.95,0.11,12
2534444,510340,Cuiabá,Baixada Cuiabana,2020,HOSPITAL DE CANCER DE MATO GROSSO,3999,PRIVADA_SEM_FINS_LUCRATIVOS,73.0,10.0,28.41,3153,1295,2776,7501012.0,9.58,5.53,0.58,12
2604388,510340,Cuiabá,Baixada Cuiabana,2020,,2054,PRIVADA_EMPRESARIAL,13.0,5.0,15.35,20,20,17,137874.07,0.0,4.9,0.02,12
2604396,510340,Cuiabá,Baixada Cuiabana,2020,CIAPS HOSPITAL ADAUTO BOTELHO,1236,ESTADUAL,120.0,0.0,14.71,355,0,0,1045962.17,0.0,59.3,0.48,12
2655411,510340,Cuiabá,Baixada Cuiabana,2020,HOSPITAL UNIVERSITARIO JULIO MULLER EBSERH,1139,FEDERAL,111.17,20.0,135.53,2440,60,4594,5449396.71,3.81,8.41,0.38,12
2659107,510340,Cuiabá,Baixada Cuiabana,2020,HOSPITAL GERAL E MATERNIDADE DE CUIABA,3999,PRIVADA_SEM_FINS_LUCRATIVOS,206.0,30.0,88.71,7032,1622,9807,21614260.12,3.92,6.69,0.48,12
3851249,510340,Cuiabá,Baixada Cuiabana,2020,,3999,PRIVADA_SEM_FINS_LUCRATIVOS,31.0,0.0,2.94,,,,,,,,12
6923089,510340,Cuiabá,Baixada Cuiabana,2020,HOSPITAL OTORRINO,2062,PRIVADA_EMPRESARIAL,5.0,0.0,2.88,,,,,,,,12
7349270,510340,Cuiabá,Baixada Cuiabana,2020,HOSPITAL MUNICIPAL SAO BENEDITO DE CUIABA,1031,MUNICIPAL,77.0,15.0,24.99,668,1,202,809875.14,1.95,4.41,0.1,12
9209352,510340,Cuiabá,Baixada Cuiabana,2020,HOSPITAL MUNICIPAL DE CUIABA E P S DR LEONY PALMA CARVALHO,1031,MUNICIPAL,244.92,5.0,136.86,6579,37,2,4596814.32,3.72,5.77,0.44,12
9331050,510340,Cuiabá,Baixada Cuiabana,2020,,2054,PRIVADA_EMPRESARIAL,11.0,2.0,11.33,27,26,30,100771.75,3.7,8.33,0.05,7
9841903,510340,Cuiabá,Baixada Cuiabana,2020,HOSPITAL ESTADUAL SANTA CASA,1236,ESTADUAL,185.83,23.75,121.39,2575,2,1107,4109684.3,5.44,6.18,0.22,12
9893598,510340,Cuiabá,Baixada Cuiabana,2020,,2062,PRIVADA_EMPRESARIAL,1.0,0.0,0.25,,,,,,,,12
2398125,510350,Diamantino,Centro Norte,2020,HOSPITAL MUNICIPAL SAO JOAO BATISTA,3999,PRIVADA_SEM_FINS_LUCRATIVOS,38.0,0.0,2.51,1104,0,0,635364.41,0.91,1.93,0.17,12
2396343,510360,Dom Aquino,Sul Matogrossense,2020,HOSPITAL BOM JESUS,3999,PRIVADA_SEM_FINS_LUCRATIVOS,15.0,0.0,1.15,270,0,0,121675.36,0.37,2.03,0.1,12
2391163,510385,Gaúcha do Norte,Médio Araguaia,2020,HOSPITAL MUNICIPAL DE GAUCHA DO NORTE,1244,MUNICIPAL,17.0,0.0,1.4,192,0,0,66875.76,0.52,2.6,0.08,12
2395398,510390,General Carneiro,Garças Araguaia,2020,HOSPITAL MUNICIPAL DE GENERAL CARNEIRO,1244,MUNICIPAL,15.0,0.0,2.06,171,0,0,81915.81,2.34,2.77,0.09,12
2392046,510410,Guarantã do Norte,Vale do Peixoto,2020,HOSPITAL MUNICIPAL NOSSA SENHORA DO ROSARIO,1244,MUNICIPAL,35.0,0.0,8.69,1163,0,0,578500.71,4.99,2.97,0.28,12
2397609,510420,Guiratinga,Sul Matogrossense,2020,,2062,PRIVADA_EMPRESARIAL,19.0,0.0,3.78,264,0,0,109678.42,4.54,1.71,0.07,12
2534010,510455,Itaúba,Norte Matogrossense,2020,,1244,MUNICIPAL,16.0,0.0,2.79,,,,,,,,12
2395916,510460,Itiquira,Sul Matogrossense,2020,HOSPITAL MUNICIPAL OSNIR BORTOLINI,1244,MUNICIPAL,21.0,0.0,7.15,293,0,0,116960.44,2.39,2.64,0.1,12
3269728,510480,Jaciara,Sul Matogrossense,2020,HOSPITAL MUNICIPAL DE JACIARA,1244,MUNICIPAL,38.33,0.0,10.34,1188,0,0,766456.14,2.95,2.82,0.26,12
2394723,510500,Jauru,Sudoeste Matogrossense,2020,HOSPITAL DE JAURU,3999,PRIVADA_SEM_FINS_LUCRATIVOS,33.0,0.0,2.44,185,0,0,67232.91,5.4,2.88,0.05,12
2392704,510510,Juara,Vale dos Arinos,2020,HOSPITAL MUNICIPAL DE JUARA ELIDIA MASCHIETTO SANTILLO,1244,MUNICIPAL,34.0,0.0,10.66,1567,0,0,793393.78,3.64,2.82,0.37,12
2392887,510510,Juara,Vale dos Arinos,2020,HOSPITAL E MATERNIDADE SAO LUCAS SOCIEDADE MEDICA SAO LUCAS,2062,PRIVADA_EMPRESARIAL,1.0,0.0,1.67,,,,,,,,12
4069803,510515,Juína,Noroeste Matogrossense,2020,HOSPITAL MUNICIPAL DE JUINA DR HIDEO SAKUNO,1244,MUNICIPAL,83.67,4.0,14.26,3257,1,637,2681971.85,1.84,4.11,0.43,12
2392895,510517,Juruena,Noroeste Matogrossense,2020,HOSPITAL MUNICIPAL DE JURUENA RENILDA DE FATIMA DE MORAIS,1244,MUNICIPAL,20.0,0.0,1.9,470,0,0,212274.1,1.28,3.64,0.24,12
2396092,510520,Juscimeira,Sul Matogrossense,2020,HOSPITAL MUNICPAL PADRE JOHANNES BERTHOLD HENNING,1244,MUNICIPAL,15.0,0.0,2.18,223,0,0,101893.12,4.48,4.11,0.17,12
9457542,510520,Juscimeira,Sul Matogrossense,2020,,1244,MUNICIPAL,16.0,0.0,0.3,,,,,,,,12
2767953,510525,Lucas do Rio Verde,Teles Pires,2020,HOSPITAL SAO LUCAS LUCAS DO RIO VERDE,3069,PRIVADA_SEM_FINS_LUCRATIVOS,66.83,0.0,27.66,4289,0,0,2742381.46,2.42,3.32,0.63,12
2752603,510550,Vila Bela da Santíssima Trindade,Sudoeste Matogrossense,2020,HOSPITAL EVANGELICO DE MATO GROSSO,3999,PRIVADA_SEM_FINS_LUCRATIVOS,42.0,0.0,3.6,1066,0,0,450023.6,0.84,2.95,0.21,12
8013926,510558,Marcelândia,Norte Matogrossense,2020,HOSPITAL MARIA ZELIA,1244,MUNICIPAL,14.5,0.0,2.85,428,0,0,231916.0,0.0,3.75,0.31,12
2391724,510560,Matupá,Vale do Peixoto,2020,HOSPITAL MUNICIPAL DE MATUPA,1244,MUNICIPAL,27.0,0.0,5.52,647,0,0,310976.01,4.95,2.54,0.18,12
2395266,510562,Mirassol d'Oeste,Oeste Matogrossense,2020,,2062,PRIVADA_EMPRESARIAL,30.0,0.0,2.5,,,,,,,,5
7254628,510562,Mirassol d'Oeste,Oeste Matogrossense,2020,HOSPITAL SAMUEL GREVE,1279,MUNICIPAL,38.42,0.0,5.0,682,0,0,426348.83,2.93,3.81,0.19,12
2802473,510590,Nobres,Centro Norte,2020,HOSPITAL E MATERNIDADE LAURA VICUNA,2062,PRIVADA_EMPRESARIAL,36.0,0.0,3.03,1109,0,0,627655.34,2.8,2.36,0.21,12
2767937,510600,Nortelândia,Centro Norte,2020,,3999,PRIVADA_SEM_FINS_LUCRATIVOS,30.0,0.0,1.38,,,,,,,,2
4069870,510610,Nossa Senhora do Livramento,Baixada Cuiabana,2020,HOSPITAL MUNICIPAL PROFESSORA MARIA ARLINDA DA COSTA,1244,MUNICIPAL,16.0,0.0,6.14,69,0,0,51927.15,2.9,2.43,0.03,12
2471604,510615,Nova Bandeirantes,Alto Tapajós,2020,,1244,MUNICIPAL,14.5,0.0,0.94,,,,,,,,12
0181277,510622,Nova Mutum,Teles Pires,2020,,2062,PRIVADA_EMPRESARIAL,56.67,10.0,3.5,46,0,773,1321242.85,30.44,18.72,0.0,6
2398680,510622,Nova Mutum,Teles Pires,2020,,3999,PRIVADA_SEM_FINS_LUCRATIVOS,33.17,0.0,7.93,2093,0,0,1147773.2,2.25,3.22,0.58,12
2472376,510623,Nova Olímpia,Médio Norte Matogrossense,2020,,1244,MUNICIPAL,22.0,0.0,6.13,,,,,,,,5
2472716,510623,Nova Olímpia,Médio Norte Matogrossense,2020,HOSPITAL E MATERNIDADE NOVA OLIMPIA,2062,PRIVADA_EMPRESARIAL,13.0,0.0,3.23,645,0,0,340619.99,3.26,2.47,0.35,12
2395428,510625,Nova Xavantina,Garças Araguaia,2020,HOSPITAL MUNICIPAL DR DAERCIO OLIVEIRA MORAES,1244,MUNICIPAL,34.0,0.0,8.44,1053,0,0,482883.02,3.51,3.45,0.3,12
2392720,510627,Novo Horizonte do Norte,Vale dos Arinos,2020,HOSPITAL MUNICIPAL JOSE KARA JOSE,1244,MUNICIPAL,16.0,0.0,3.5,96,0,0,29751.56,3.12,4.17,0.07,12
2395509,510628,Novo São Joaquim,Garças Araguaia,2020,HOSP MUN MARIA DOLORES T JORDAO NOVO SAO JOAQUIM,1244,MUNICIPAL,26.0,0.0,1.95,314,0,0,136936.74,0.64,3.35,0.11,12
2471663,510629,Paranaíta,Alto Tapajós,2020,HOSPITAL E MATERNIDADE ALIPIO CANDIDO DA SILVA,1244,MUNICIPAL,30.0,0.0,5.83,227,0,0,151042.76,0.44,2.67,0.06,12
2699850,510630,Paranatinga,Sul Matogrossense,2020,,2062,PRIVADA_EMPRESARIAL,35.0,0.0,2.89,858,0,0,530510.12,2.33,2.23,0.16,12
2752638,510637,Pedra Preta,Sul Matogrossense,2020,HOSPITAL PRONTO ATENDIMENTO MUNICIPAL LUCIANA MARTINS AMORIM,1244,MUNICIPAL,32.0,0.0,10.35,362,0,0,210306.12,8.29,3.9,0.13,12
2699842,510642,Peixoto de Azevedo,Vale do Peixoto,2020,HOSPITAL REGIONAL DE PEIXOTO DE AZEVEDO,1244,MUNICIPAL,62.42,0.0,19.01,2961,1,0,1641349.32,2.84,3.8,0.51,12
2391449,510650,Poconé,Baixada Cuiabana,2020,HOSPITAL GERAL DE POCONE DR NICOLAU FONTANILAS FRAGELI,3999,PRIVADA_SEM_FINS_LUCRATIVOS,60.0,0.0,1.03,1391,89,0,633437.99,4.1,2.55,0.17,12
2395592,510670,Ponte Branca,Garças Araguaia,2020,HOSPITAL MUNICIPAL BOM JESUS,1244,MUNICIPAL,21.0,0.0,0.85,50,0,0,15920.11,4.0,2.52,0.02,12
2752654,510675,Pontes e Lacerda,Sudoeste Matogrossense,2020,HOSPITAL VALE DO GUAPORE,3999,PRIVADA_SEM_FINS_LUCRATIVOS,30.0,0.0,17.93,3516,0,0,1529560.88,1.96,2.53,0.86,12
2311615,510677,Porto Alegre do Norte,Araguaia Xingu,2020,,1244,MUNICIPAL,18.0,0.0,1.6,,,,,,,,12
2752646,510680,Porto dos Gaúchos,Vale dos Arinos,2020,HOSPITAL MUNICIPAL GUSTAV ADOLF ISERNHAGEN,1244,MUNICIPAL,23.0,0.0,1.75,357,0,0,157980.88,3.08,2.72,0.12,12
2397684,510700,Poxoréo,Sul Matogrossense,2020,HOSPITAL E MATERNIDADE SAO JOAO BATISTA,3999,PRIVADA_SEM_FINS_LUCRATIVOS,74.0,0.0,5.34,878,0,0,496259.91,5.47,2.9,0.1,12
2397463,510704,Primavera do Leste,Sul Matogrossense,2020,HOSPITAL E MATERNIDADE SAO LUCAS PRIMAVERA DO LESTE,2062,PRIVADA_EMPRESARIAL,41.5,2.5,17.65,2010,7,381,1741758.43,1.59,2.04,0.26,12
2397676,510704,Primavera do Leste,Sul Matogrossense,2020,HOSPITAL DAS CLINICAS PRIMAVERA PRIMAVERA DO LESTE,2062,PRIVADA_EMPRESARIAL,41.33,8.0,35.18,2633,13,2425,2919913.16,4.9,2.98,0.38,12
4070070,510706,Querência,Médio Araguaia,2020,HOSPITAL MUNICIPAL DE QUERENCIA,1244,MUNICIPAL,26.0,0.0,5.93,1181,0,0,733389.37,0.68,2.6,0.33,12
2394316,510710,São José dos Quatro Marcos,Oeste Matogrossense,2020,,2062,PRIVADA_EMPRESARIAL,23.0,0.0,1.6,,,,,,,,9
2472791,510718,Ribeirão Cascalheira,Médio Araguaia,2020,HOSPITAL MUNICIPAL CRISTO REI,1244,MUNICIPAL,29.0,0.0,2.67,271,0,0,103529.39,1.11,3.96,0.1,12
2395452,510719,Ribeirãozinho,Garças Araguaia,2020,HOSPITAL NOSSA SENHORA DA ABADIA,1244,MUNICIPAL,15.0,0.0,3.53,58,0,0,23826.84,0.0,3.31,0.04,12
2394782,510720,Rio Branco,Oeste Matogrossense,2020,HOSPITAL MUNICIPAL DE RIO BRANCO,1244,MUNICIPAL,18.0,0.0,1.0,65,0,0,20698.3,0.0,2.11,0.02,12
3142663,510730,São José do Rio Claro,Centro Norte,2020,HOSPITAL MUNICIPAL DE SAO JOSE DO RIO CLARO,1244,MUNICIPAL,22.0,0.0,4.05,559,0,0,297029.8,3.94,2.42,0.18,12
0171557,510760,Rondonópolis,Sul Matogrossense,2020,,1244,MUNICIPAL,50.0,0.0,9.53,,,,,,,,8
2396424,510760,Rondonópolis,Sul Matogrossense,2020,CASA DE SAUDE PAULO DE TARSO E CAPS PAULO DE TARSO,3999,PRIVADA_SEM_FINS_LUCRATIVOS,82.0,0.0,2.88,855,0,0,2232638.87,0.0,31.89,0.91,12
2396866,510760,Rondonópolis,Sul Matogrossense,2020,SANTA CASA DE RONDONOPOLIS,3999,PRIVADA_SEM_FINS_LUCRATIVOS,206.75,45.58,44.04,9371,1202,14193,23903130.42,4.99,4.27,0.34,12
2604434,510760,Rondonópolis,Sul Matogrossense,2020,HOSPITAL REG IRMA ELZA GIOVANELLA,1236,ESTADUAL,148.17,24.5,90.37,6315,12,6552,8678902.54,9.36,5.22,0.51,12
2701626,510760,Rondonópolis,Sul Matogrossense,2020,,2240,PRIVADA_EMPRESARIAL,28.17,0.0,5.48,241,0,0,133716.87,0.0,1.23,0.03,12
3028925,510760,Rondonópolis,Sul Matogrossense,2020,HOSP DE REF SAUDE DA FAMILIA DR ANTONIO DOS S MUNIZ,1244,MUNICIPAL,43.83,0.83,16.06,2655,0,0,1526686.94,5.65,4.7,0.84,12
2655780,510770,Rosário Oeste,Centro Norte,2020,HOSPITAL MUNICIPAL DE ROSARIO OESTE,3999,PRIVADA_SEM_FINS_LUCRATIVOS,56.0,0.0,1.75,817,0,0,474936.44,2.57,3.36,0.14,12
2394189,510775,Salto do Céu,Oeste Matogrossense,2020,HOSPITAL MUNICIPAL DE SALTO DO CEU,1244,MUNICIPAL,14.0,0.0,2.25,104,0,0,35114.62,2.88,2.42,0.05,12
2311607,510777,Santa Terezinha,Araguaia Xingu,2020,HOSPITAL MUNICIPAL DE SANTA TEREZINHA,1244,MUNICIPAL,22.0,0.0,0.2,176,0,0,58013.68,0.57,3.13,0.07,12
2391171,510780,Santo Antônio do Leverger,Baixada Cuiabana,2020,,1244,MUNICIPAL,21.0,0.0,4.63,,,,,,,,12
2604426,510785,São Félix do Araguaia,Norte Araguaia Karajá,2020,HOSPITAL MUNICIPAL PREFEITO JOAO ABREU LUZ,1210,PUBLICA_OUTRA,40.67,0.0,5.7,1322,0,0,575448.59,1.66,2.08,0.2,12
9659366,510787,Sapezal,Médio Norte Matogrossense,2020,HOSPITAL SANTA MARCELINA DE SAPEZAL,3999,PRIVADA_SEM_FINS_LUCRATIVOS,35.0,0.0,18.55,1308,0,0,647055.14,0.76,2.81,0.3,12
0218669,510790,Sinop,Teles Pires,2020,,1244,MUNICIPAL,14.0,0.0,6.2,163,0,0,244500.0,0.0,4.22,0.14,6
0405159,510790,Sinop,Teles Pires,2020,,3999,PRIVADA_SEM_FINS_LUCRATIVOS,1.0,0.0,0.05,,,,,,,,3
2795671,510790,Sinop,Teles Pires,2020,HOSPITAL SANTO ANTONIO,3069,PRIVADA_SEM_FINS_LUCRATIVOS,57.25,13.0,31.43,4365,607,3733,5203769.43,2.45,3.25,0.51,12
6085423,510790,Sinop,Teles Pires,2020,HOSPITAL REGIONAL JORGE DE ABREU,1236,ESTADUAL,92.08,12.25,38.23,3206,6,1916,5842798.83,8.58,5.38,0.48,12
2795655,510792,Sorriso,Teles Pires,2020,HOSPITAL REGIONAL DE SORRISO,1236,ESTADUAL,129.83,17.0,61.38,6341,6,3383,6376713.89,5.46,5.28,0.65,12
7901127,510792,Sorriso,Teles Pires,2020,HOSPITAL MATERNIDADE 13 DE MAIO VILA ROMANA,2054,PRIVADA_EMPRESARIAL,0.0,0.0,1.53,,,,,,,,7
7943733,510792,Sorriso,Teles Pires,2020,IGHASMAT,3999,PRIVADA_SEM_FINS_LUCRATIVOS,1.0,0.0,2.11,,,,,,,,12
2392801,510794,Tabaporã,Vale dos Arinos,2020,HOSPITAL MUNICIPAL DE TABAPORA,1244,MUNICIPAL,16.0,0.0,2.05,246,0,0,98482.04,0.41,2.04,0.09,12
0196398,510795,Tangará da Serra,Médio Norte Matogrossense,2020,,1244,MUNICIPAL,32.0,0.0,8.81,1023,0,0,433163.24,7.04,4.5,0.42,7
2472139,510795,Tangará da Serra,Médio Norte Matogrossense,2020,HOSPITAL DAS CLINICAS VIDA E SAUDE TANGARA DA SERRA,2062,PRIVADA_EMPRESARIAL,46.0,0.0,15.68,1651,0,0,1131726.53,0.55,1.79,0.18,12
2472414,510795,Tangará da Serra,Médio Norte Matogrossense,2020,HOSPITAL E MATERNIDADE SANTA ANGELA TANGARA DA SERRA,2232,PRIVADA_EMPRESARIAL,8.0,0.0,1.13,,,,,,,,12
2767384,510795,Tangará da Serra,Médio Norte Matogrossense,2020,HOSPITAL MUNICIPAL ARLETE DAISY CICHETTI DE BRITO,1244,MUNICIPAL,54.25,4.58,11.39,1471,0,413,1895953.23,9.52,5.24,0.39,12
3171353,510795,Tangará da Serra,Médio Norte Matogrossense,2020,,2062,PRIVADA_EMPRESARIAL,1.0,0.0,0.25,,,,,,,,5
2398400,510800,Tapurah,Teles Pires,2020,HOSPITAL MUNICIPAL DE TAPURAH,1244,MUNICIPAL,22.0,0.0,3.66,260,0,0,115964.9,0.0,3.25,0.11,12
2391996,510805,Terra Nova do Norte,Vale do Peixoto,2020,,,,,,,375,0,0,167394.92,6.93,4.11,,
2397501,510810,Tesouro,Sul Matogrossense,2020,HOSPITAL E MATERNIDADE SAO LUCAS,1244,MUNICIPAL,15.0,0.0,0.85,61,0,0,25785.39,1.64,3.67,0.04,12
2395584,510820,Torixoréu,Garças Araguaia,2020,HOSPITAL MUNICIPAL SAO JOAO BOSCO,2062,PRIVADA_EMPRESARIAL,22.0,0.0,4.6,243,1,0,100655.46,0.82,2.35,0.07,12
2391570,510840,Várzea Grande,Baixada Cuiabana,2020,,3999,PRIVADA_SEM_FINS_LUCRATIVOS,20.0,0.0,1.4,,,,,,,,4
2391635,510840,Várzea Grande,Baixada Cuiabana,2020,HOSPITAL E PRONTO SOCORRO MUNICIPAL DE VARZEA GRANDE,1244,MUNICIPAL,186.0,20.0,107.57,7122,5,6068,10377951.32,7.39,5.87,0.56,12
6853781,510840,Várzea Grande,Baixada Cuiabana,2020,METROPOLITANO HOSPITAL ESTADUAL LOUSITE FERREIRA DA SILVA,1236,ESTADUAL,201.33,30.83,35.31,1968,1,4448,10296723.67,22.56,9.08,0.19,12
7914288,510860,Vila Rica,Araguaia Xingu,2020,HOSPITAL MUNICIPAL DE VILA RICA,1244,MUNICIPAL,21.0,0.0,4.29,496,0,0,209707.63,1.82,1.91,0.13,12
2473046,510020,Água Boa,Médio Araguaia,2021,HOSPITAL REGIONAL DE AGUA BOA,1210,PUBLICA_OUTRA,72.17,6.67,12.49,4902,0,1763,5943462.31,4.63,3.08,0.55,12
2471345,510025,Alta Floresta,Alto Tapajós,2021,HOSPITAL REGIONAL DE ALTA FLORESTA ALBERT SABIN,1236,ESTADUAL,79.58,0.0,22.08,4383,0,0,3076968.46,4.34,3.62,0.57,12
3913899,510025,Alta Floresta,Alto Tapajós,2021,,2305,PRIVADA_EMPRESARIAL,76.17,18.0,8.75,451,0,3196,5840687.25,32.15,9.52,0.04,12
2396998,510030,Alto Araguaia,Sul Matogrossense,2021,HOSPITAL MUNICIPAL DE ALTO ARAGUAIA,1244,MUNICIPAL,34.0,0.0,9.17,545,0,0,224728.52,3.3,2.11,0.1,12
2397056,510060,Alto Taquari,Sul Matogrossense,2021,HOSPITAL E MATERNIDADE NOSSA SENHORA APARECIDA,1155,MUNICIPAL,21.17,0.0,2.69,149,0,0,92723.45,0.0,2.5,0.05,12
2471590,510080,Apiacás,Alto Tapajós,2021,HOSPITAL MUNICIPAL DE APIACAS,1244,MUNICIPAL,32.0,0.0,2.84,525,0,0,336613.41,0.19,3.04,0.14,12
2752611,510125,Araputanga,Oeste Matogrossense,2021,HOSPITAL GERAL E MATERNIDADE ARAPUTANGA,2062,PRIVADA_EMPRESARIAL,16.0,0.0,3.3,96,0,0,37941.76,1.04,1.31,0.02,12
2472244,510130,Arenápolis,Médio Norte Matogrossense,2021,HOSPITAL MUNICIPAL DR MANUELA MACHADO BARBOSA GOMES,1244,MUNICIPAL,32.83,0.0,4.27,1643,0,0,749349.47,0.91,1.93,0.27,12
4069099,510140,Aripuanã,Noroeste Matogrossense,2021,HOSPITAL MUNICIPAL SANTO ANTONIO ARIPUANA,1244,MUNICIPAL,31.0,0.0,5.27,654,0,0,304322.15,3.06,3.79,0.22,12
2395886,510180,Barra do Garças,Garças Araguaia,2021,HOSPITAL MUNICIPAL MILTON PESSOA MORBECK,1244,MUNICIPAL,97.5,17.5,52.15,3920,1,4325,6886832.09,8.24,3.88,0.32,12
2471795,510190,Brasnorte,Noroeste Matogrossense,2021,HOSPITAL MUNICIPAL DE BRASNORTE BRASNORTE,1244,MUNICIPAL,31.0,0.0,9.37,949,0,0,444307.75,3.58,3.0,0.28,12
2395037,510250,Cáceres,Oeste Matogrossense,2021,HOSPITAL REGIONAL DE CACERES DR ANTONIO FONTES UNIDADE II,3999,PRIVADA_SEM_FINS_LUCRATIVOS,96.33,10.0,19.1,4057,0,2925,3560023.79,4.24,3.96,0.38,12
2534460,510250,Cáceres,Oeste Matogrossense,2021,HOSPITAL REGIONAL DE CACERES DR ANTONIO FONTES UNIDADE I,1236,ESTADUAL,130.75,14.75,54.22,6403,11,4060,9806160.77,6.28,4.43,0.54,12
2395479,510260,Campinápolis,Garças Araguaia,2021,HOSPITAL MUNICIPAL SEBASTIAO ANTONIO DA COSTA,1155,MUNICIPAL,24.0,0.0,5.18,602,0,0,311523.75,1.0,2.43,0.18,12
0303267,510263,Campo Novo do Parecis,Médio Norte Matogrossense,2021,,3999,PRIVADA_SEM_FINS_LUCRATIVOS,33.0,0.0,11.55,162,0,0,88918.92,1.24,2.33,0.03,1
2655802,510263,Campo Novo do Parecis,Médio Norte Matogrossense,2021,HOSPITAL MUNICIPAL EUCLIDES HORST,1244,MUNICIPAL,40.73,0.0,12.23,2070,0,0,1147843.55,2.66,2.49,0.37,11
2396106,510267,Campo Verde,Sul Matogrossense,2021,HOSPITAL MUNICIPAL CORACAO DE JESUS,3999,PRIVADA_SEM_FINS_LUCRATIVOS,54.17,10.83,9.51,2128,0,2016,4739076.78,6.06,3.82,0.33,12
2394324,510268,Campos de Júlio,Sudoeste Matogrossense,2021,HOSPITAL MUNICIPAL LEOCYR LAZARETE,1244,MUNICIPAL,17.0,0.0,7.63,263,0,0,196752.12,1.52,3.12,0.14,12
2472945,510270,Canarana,Médio Araguaia,2021,,,,,,,269,0,0,402582.42,2.6,3.52,,
7768400,510270,Canarana,Médio Araguaia,2021,HOSPITAL MUNICIPAL LORENA PARODE,1244,MUNICIPAL,31.0,0.0,7.97,768,0,0,316838.37,1.17,1.75,0.13,12
2398443,510305,Cláudia,Teles Pires,2021,HOSPITAL DONA NILZA DE OLIVEIRA PIPINO,3069,PRIVADA_SEM_FINS_LUCRATIVOS,33.0,0.0,3.75,707,0,0,329646.43,4.67,1.95,0.12,12
2472783,510310,Cocalinho,Médio Araguaia,2021,HOSPITAL MUNICIPAL DE COCALINHO,1244,MUNICIPAL,16.58,0.0,4.51,289,0,0,130171.81,0.0,3.21,0.15,12
2392380,510320,Colíder,Norte Matogrossense,2021,,2062,PRIVADA_EMPRESARIAL,21.0,0.0,1.5,326,0,0,109158.23,0.0,2.16,0.09,12
2392410,510320,Colíder,Norte Matogrossense,2021,HOSPITAL REGIONAL DE COLIDER,1236,ESTADUAL,78.17,8.0,49.24,2308,1,1688,2918319.29,8.67,4.51,0.31,12
3574261,510325,Colniza,Noroeste Matogrossense,2021,HOSPITAL MUNICIPAL ANDRE MAGGI COLNIZA,1244,MUNICIPAL,28.0,0.0,5.17,1217,0,0,682552.1,4.19,2.1,0.28,12
2395274,510330,Comodoro,Sudoeste Matogrossense,2021,HOSPITAL DAS CLINICAS DE COMODORO,2305,PRIVADA_EMPRESARIAL,31.0,0.0,1.35,1323,2,0,791641.17,2.12,3.76,0.45,12
2793636,510335,Confresa,Araguaia Xingu,2021,HOSPITAL E MATERNIDADE DR LAURO TARCISIO PRESTE DE OLIVEIRA,1244,MUNICIPAL,48.0,0.0,7.09,3551,1,0,1753534.97,1.63,2.6,0.55,12
2392968,510337,Cotriguaçu,Noroeste Matogrossense,2021,HOSPITAL MUNICIPAL OLIRIO OLIVEIRA DOS SANTOS,1244,MUNICIPAL,34.0,0.0,2.64,384,0,0,257282.24,3.91,3.27,0.11,12
2311682,510340,Cuiabá,Baixada Cuiabana,2021,HOSPITAL SANTA HELENA,3999,PRIVADA_SEM_FINS_LUCRATIVOS,130.0,28.0,30.36,12126,85,9498,13742271.51,1.97,3.48,0.67,12
2393565,510340,Cuiabá,Baixada Cuiabana,2021,,2062,PRIVADA_EMPRESARIAL,16.0,4.0,8.28,,,,,,,,12
2473062,510340,Cuiabá,Baixada Cuiabana,2021,HOSPITAL DE OLHOS DE CUIABA,2062,PRIVADA_EMPRESARIAL,9.0,0.0,7.51,33,27,0,150421.65,0.0,0.18,0.01,12
2494523,510340,Cuiabá,Baixada Cuiabana,2021,FEMINA HOSPITAL INFANTIL E MATERNIDADE,2062,PRIVADA_EMPRESARIAL,9.0,5.0,11.53,75,69,603,984381.79,4.0,8.68,0.02,12
2495015,510340,Cuiabá,Baixada Cuiabana,2021,HOSPITAL E PRONTO SOCORRO MUNICIPAL DE CUIABA,1031,MUNICIPAL,279.92,120.92,62.11,2190,8,15113,23072061.74,38.63,11.09,0.1,12
2534444,510340,Cuiabá,Baixada Cuiabana,2021,HOSPITAL DE CANCER DE MATO GROSSO,3999,PRIVADA_SEM_FINS_LUCRATIVOS,73.0,10.0,34.75,3293,1348,2908,7454779.42,10.57,5.49,0.61,12
2604388,510340,Cuiabá,Baixada Cuiabana,2021,,2054,PRIVADA_EMPRESARIAL,13.0,5.0,10.3,8,8,4,12253.17,0.0,4.88,0.01,12
2604396,510340,Cuiabá,Baixada Cuiabana,2021,CIAPS HOSPITAL ADAUTO BOTELHO,1236,ESTADUAL,120.0,0.0,14.33,393,0,0,1118724.22,0.25,57.33,0.51,12
2655411,510340,Cuiabá,Baixada Cuiabana,2021,HOSPITAL UNIVERSITARIO JULIO MULLER EBSERH,2011,EMPRESA_ESTATAL,109.58,24.0,144.12,3129,105,5624,6439541.32,2.84,7.54,0.44,12
2659107,510340,Cuiabá,Baixada Cuiabana,2021,HOSPITAL GERAL E MATERNIDADE DE CUIABA,3999,PRIVADA_SEM_FINS_LUCRATIVOS,203.58,30.0,86.32,7187,1916,9974,24337311.97,3.55,6.59,0.49,12
3851249,510340,Cuiabá,Baixada Cuiabana,2021,,3999,PRIVADA_SEM_FINS_LUCRATIVOS,31.0,0.0,2.43,,,,,,,,12
6923089,510340,Cuiabá,Baixada Cuiabana,2021,HOSPITAL OTORRINO,2062,PRIVADA_EMPRESARIAL,7.5,0.0,2.86,,,,,,,,12
7349270,510340,Cuiabá,Baixada Cuiabana,2021,HOSPITAL MUNICIPAL SAO BENEDITO DE CUIABA,1031,MUNICIPAL,96.33,45.0,51.77,1208,0,5392,10800411.39,48.76,10.32,0.22,12
9209352,510340,Cuiabá,Baixada Cuiabana,2021,HOSPITAL MUNICIPAL DE CUIABA E P S DR LEONY PALMA CARVALHO,1031,MUNICIPAL,213.83,3.33,143.5,6148,97,581,4987242.68,3.79,7.43,0.6,12
9841903,510340,Cuiabá,Baixada Cuiabana,2021,HOSPITAL ESTADUAL SANTA CASA,1236,ESTADUAL,195.92,40.83,208.01,2385,2,965,4153566.24,3.31,6.99,0.22,12
9893598,510340,Cuiabá,Baixada Cuiabana,2021,,2062,PRIVADA_EMPRESARIAL,1.0,0.0,0.54,,,,,,,,12
2398125,510350,Diamantino,Centro Norte,2021,HOSPITAL MUNICIPAL SAO JOAO BATISTA,3999,PRIVADA_SEM_FINS_LUCRATIVOS,35.33,0.0,3.4,1305,0,0,658959.61,2.38,2.47,0.26,12
2396343,510360,Dom Aquino,Sul Matogrossense,2021,HOSPITAL BOM JESUS,3999,PRIVADA_SEM_FINS_LUCRATIVOS,15.0,0.0,1.15,382,0,0,163245.17,2.09,2.08,0.15,12
2391163,510385,Gaúcha do Norte,Médio Araguaia,2021,HOSPITAL MUNICIPAL DE GAUCHA DO NORTE,1244,MUNICIPAL,17.0,0.0,2.06,211,0,0,77399.34,0.47,3.43,0.12,12
2395398,510390,General Carneiro,Garças Araguaia,2021,HOSPITAL MUNICIPAL DE GENERAL CARNEIRO,1244,MUNICIPAL,15.5,0.0,2.24,144,0,0,112762.13,2.78,3.34,0.09,12
2392046,510410,Guarantã do Norte,Vale do Peixoto,2021,HOSPITAL MUNICIPAL NOSSA SENHORA DO ROSARIO,1244,MUNICIPAL,39.25,0.0,11.59,1496,0,0,959998.03,6.08,3.32,0.36,12
2397609,510420,Guiratinga,Sul Matogrossense,2021,,2062,PRIVADA_EMPRESARIAL,19.0,0.0,3.97,349,0,0,194354.24,6.59,2.99,0.16,12
2534010,510455,Itaúba,Norte Matogrossense,2021,,1244,MUNICIPAL,16.0,0.0,2.6,,,,,,,,12
2395916,510460,Itiquira,Sul Matogrossense,2021,HOSPITAL MUNICIPAL OSNIR BORTOLINI,1244,MUNICIPAL,21.0,0.0,6.61,333,0,0,170659.3,2.7,2.97,0.14,12
2397269,510480,Jaciara,Sul Matogrossense,2021,,2062,PRIVADA_EMPRESARIAL,6.0,0.0,0.0,,,,,,,,4
3269728,510480,Jaciara,Sul Matogrossense,2021,HOSPITAL MUNICIPAL DE JACIARA,1244,MUNICIPAL,38.0,0.0,15.16,1564,0,0,984280.05,2.11,3.03,0.36,12
2394723,510500,Jauru,Sudoeste Matogrossense,2021,HOSPITAL DE JAURU,3999,PRIVADA_SEM_FINS_LUCRATIVOS,33.0,0.0,2.48,178,0,0,72028.44,7.86,3.0,0.05,12
2392704,510510,Juara,Vale dos Arinos,2021,HOSPITAL MUNICIPAL DE JUARA ELIDIA MASCHIETTO SANTILLO,1244,MUNICIPAL,42.67,0.0,9.97,2110,2,0,1261897.41,4.03,3.58,0.5,12
2392887,510510,Juara,Vale dos Arinos,2021,HOSPITAL E MATERNIDADE SAO LUCAS SOCIEDADE MEDICA SAO LUCAS,2062,PRIVADA_EMPRESARIAL,1.0,0.0,1.79,,,,,,,,12
3430383,510510,Juara,Vale dos Arinos,2021,,2062,PRIVADA_EMPRESARIAL,0.0,0.0,0.0,,,,,,,,5
4069803,510515,Juína,Noroeste Matogrossense,2021,HOSPITAL MUNICIPAL DE JUINA DR HIDEO SAKUNO,1244,MUNICIPAL,86.33,8.33,12.37,3227,0,2023,5148191.02,2.54,4.84,0.44,12
2392895,510517,Juruena,Noroeste Matogrossense,2021,HOSPITAL MUNICIPAL DE JURUENA RENILDA DE FATIMA DE MORAIS,1244,MUNICIPAL,20.75,0.0,2.72,577,0,0,339775.22,2.08,4.05,0.33,12
2396092,510520,Juscimeira,Sul Matogrossense,2021,HOSPITAL MUNICPAL PADRE JOHANNES BERTHOLD HENNING,1244,MUNICIPAL,20.0,0.0,3.33,419,0,0,223221.28,2.86,3.07,0.19,12
9457542,510520,Juscimeira,Sul Matogrossense,2021,,1244,MUNICIPAL,16.0,0.0,0.3,,,,,,,,7
2767953,510525,Lucas do Rio Verde,Teles Pires,2021,HOSPITAL SAO LUCAS LUCAS DO RIO VERDE,3069,PRIVADA_SEM_FINS_LUCRATIVOS,84.33,4.17,32.19,5088,0,114,3415032.39,1.81,3.09,0.55,12
2752603,510550,Vila Bela da Santíssima Trindade,Sudoeste Matogrossense,2021,HOSPITAL EVANGELICO DE MATO GROSSO,3999,PRIVADA_SEM_FINS_LUCRATIVOS,42.83,0.0,3.41,939,0,0,394192.83,2.24,2.97,0.18,12
8013926,510558,Marcelândia,Norte Matogrossense,2021,HOSPITAL MARIA ZELIA,1244,MUNICIPAL,12.58,0.0,2.78,492,0,0,336968.6,0.0,4.02,0.43,12
2391724,510560,Matupá,Vale do Peixoto,2021,HOSPITAL MUNICIPAL DE MATUPA,1244,MUNICIPAL,26.67,0.0,5.45,600,0,0,376087.07,8.5,2.93,0.19,12
2395266,510562,Mirassol d'Oeste,Oeste Matogrossense,2021,,2062,PRIVADA_EMPRESARIAL,30.0,0.0,2.5,,,,,,,,12
7254628,510562,Mirassol d'Oeste,Oeste Matogrossense,2021,HOSPITAL SAMUEL GREVE,1279,MUNICIPAL,38.0,0.0,4.54,858,0,0,803523.61,7.11,4.89,0.31,12
2802473,510590,Nobres,Centro Norte,2021,HOSPITAL E MATERNIDADE LAURA VICUNA,2062,PRIVADA_EMPRESARIAL,36.0,0.0,3.2,1091,0,0,679315.36,3.39,2.73,0.24,12
4069870,510610,Nossa Senhora do Livramento,Baixada Cuiabana,2021,HOSPITAL MUNICIPAL PROFESSORA MARIA ARLINDA DA COSTA,1244,MUNICIPAL,16.0,0.0,7.74,126,0,0,99198.85,11.11,4.24,0.1,12
2471604,510615,Nova Bandeirantes,Alto Tapajós,2021,,1244,MUNICIPAL,14.0,0.0,1.09,,,,,,,,12
0181277,510622,Nova Mutum,Teles Pires,2021,,2062,PRIVADA_EMPRESARIAL,115.75,26.25,9.5,1969,0,5998,11811963.21,12.49,6.24,0.16,12
0901725,510622,Nova Mutum,Teles Pires,2021,HOSPITAL REGIONAL HILDA STRENGER RIBEIRO NOVA MUTUM,3999,PRIVADA_SEM_FINS_LUCRATIVOS,74.25,0.0,0.99,,,,,,,,4
2398680,510622,Nova Mutum,Teles Pires,2021,,3999,PRIVADA_SEM_FINS_LUCRATIVOS,39.0,0.0,5.15,1012,0,0,486478.25,2.57,3.05,0.22,10
2472716,510623,Nova Olímpia,Médio Norte Matogrossense,2021,HOSPITAL E MATERNIDADE NOVA OLIMPIA,2062,PRIVADA_EMPRESARIAL,13.0,0.0,3.41,682,0,0,381891.38,1.47,2.72,0.4,12
2395428,510625,Nova Xavantina,Garças Araguaia,2021,HOSPITAL MUNICIPAL DR DAERCIO OLIVEIRA MORAES,1244,MUNICIPAL,32.08,0.0,11.0,1530,0,0,1062830.03,3.6,3.43,0.46,12
2392720,510627,Novo Horizonte do Norte,Vale dos Arinos,2021,HOSPITAL MUNICIPAL JOSE KARA JOSE,1244,MUNICIPAL,16.33,0.0,3.36,98,0,0,44036.17,5.1,4.11,0.07,12
2395509,510628,Novo São Joaquim,Garças Araguaia,2021,HOSP MUN MARIA DOLORES T JORDAO NOVO SAO JOAQUIM,1244,MUNICIPAL,33.42,0.0,1.78,445,0,0,241087.25,1.35,2.92,0.11,12
2471663,510629,Paranaíta,Alto Tapajós,2021,HOSPITAL E MATERNIDADE ALIPIO CANDIDO DA SILVA,1244,MUNICIPAL,30.33,0.0,9.96,801,0,0,500421.7,0.12,2.76,0.2,12
2390949,510630,Paranatinga,Sul Matogrossense,2021,HOSPITAL MUNICIPAL IRMA TEODORA,1244,MUNICIPAL,35.0,0.0,6.47,252,0,0,99168.7,0.79,2.05,0.04,5
2699850,510630,Paranatinga,Sul Matogrossense,2021,,2062,PRIVADA_EMPRESARIAL,35.0,0.0,2.88,801,0,0,516729.96,1.12,2.36,0.16,12
2752638,510637,Pedra Preta,Sul Matogrossense,2021,HOSPITAL PRONTO ATENDIMENTO MUNICIPAL LUCIANA MARTINS AMORIM,1244,MUNICIPAL,32.0,0.0,13.93,451,0,0,231003.16,5.32,4.97,0.21,12
2699842,510642,Peixoto de Azevedo,Vale do Peixoto,2021,HOSPITAL REGIONAL DE PEIXOTO DE AZEVEDO,1244,MUNICIPAL,56.0,6.67,23.87,3125,0,1011,3426660.03,5.82,3.66,0.53,12
2391449,510650,Poconé,Baixada Cuiabana,2021,HOSPITAL GERAL DE POCONE DR NICOLAU FONTANILAS FRAGELI,3999,PRIVADA_SEM_FINS_LUCRATIVOS,60.0,0.0,1.1,1577,188,0,724748.97,3.42,2.18,0.18,12
2395592,510670,Ponte Branca,Garças Araguaia,2021,HOSPITAL MUNICIPAL BOM JESUS,1244,MUNICIPAL,21.0,0.0,0.85,101,0,0,28550.0,0.99,2.27,0.03,11
2752654,510675,Pontes e Lacerda,Sudoeste Matogrossense,2021,HOSPITAL VALE DO GUAPORE,3999,PRIVADA_SEM_FINS_LUCRATIVOS,61.83,0.0,22.8,3929,0,0,2015546.76,4.3,2.79,0.52,12
2311615,510677,Porto Alegre do Norte,Araguaia Xingu,2021,,1244,MUNICIPAL,18.0,0.0,1.88,,,,,,,,12
2752646,510680,Porto dos Gaúchos,Vale dos Arinos,2021,HOSPITAL MUNICIPAL GUSTAV ADOLF ISERNHAGEN,1244,MUNICIPAL,22.17,0.0,2.11,425,0,0,217537.11,3.06,2.38,0.13,12
2397684,510700,Poxoréo,Sul Matogrossense,2021,HOSPITAL E MATERNIDADE SAO JOAO BATISTA,3999,PRIVADA_SEM_FINS_LUCRATIVOS,74.0,0.0,6.15,1116,0,0,788749.91,3.05,2.58,0.11,12
2397463,510704,Primavera do Leste,Sul Matogrossense,2021,HOSPITAL E MATERNIDADE SAO LUCAS PRIMAVERA DO LESTE,2062,PRIVADA_EMPRESARIAL,68.08,21.5,25.57,2475,48,5001,10184642.93,8.85,3.77,0.2,12
2397676,510704,Primavera do Leste,Sul Matogrossense,2021,HOSPITAL DAS CLINICAS PRIMAVERA PRIMAVERA DO LESTE,2062,PRIVADA_EMPRESARIAL,42.0,8.0,36.43,2786,12,2537,3213068.18,4.52,2.99,0.41,12
4070070,510706,Querência,Médio Araguaia,2021,HOSPITAL MUNICIPAL DE QUERENCIA,1244,MUNICIPAL,32.67,6.67,10.03,1255,0,1472,3345443.31,5.34,3.9,0.3,12
2394316,510710,São José dos Quatro Marcos,Oeste Matogrossense,2021,,2062,PRIVADA_EMPRESARIAL,23.0,0.0,1.6,,,,,,,,12
2472791,510718,Ribeirão Cascalheira,Médio Araguaia,2021,HOSPITAL MUNICIPAL CRISTO REI,1244,MUNICIPAL,42.17,0.0,3.4,296,0,0,125874.98,1.35,3.58,0.07,12
2395452,510719,Ribeirãozinho,Garças Araguaia,2021,HOSPITAL NOSSA SENHORA DA ABADIA,1244,MUNICIPAL,15.0,0.0,2.75,32,0,0,23495.39,0.0,4.41,0.03,12
2394782,510720,Rio Branco,Oeste Matogrossense,2021,HOSPITAL MUNICIPAL DE RIO BRANCO,1244,MUNICIPAL,18.0,0.0,1.21,103,0,0,76625.23,1.94,1.95,0.03,12
3142663,510730,São José do Rio Claro,Centro Norte,2021,HOSPITAL MUNICIPAL DE SAO JOSE DO RIO CLARO,1244,MUNICIPAL,22.0,0.0,4.81,812,0,0,463177.91,2.96,2.8,0.3,12
0171557,510760,Rondonópolis,Sul Matogrossense,2021,,1244,MUNICIPAL,50.0,0.0,9.0,,,,,,,,12
2396424,510760,Rondonópolis,Sul Matogrossense,2021,CASA DE SAUDE PAULO DE TARSO E CAPS PAULO DE TARSO,3999,PRIVADA_SEM_FINS_LUCRATIVOS,82.0,0.0,3.18,801,0,0,2297885.19,0.0,34.95,0.94,12
2396866,510760,Rondonópolis,Sul Matogrossense,2021,SANTA CASA DE RONDONOPOLIS,3999,PRIVADA_SEM_FINS_LUCRATIVOS,226.08,54.75,56.01,11680,1322,16676,31437847.16,4.38,4.05,0.37,12
2604434,510760,Rondonópolis,Sul Matogrossense,2021,HOSPITAL REG IRMA ELZA GIOVANELLA,1236,ESTADUAL,131.0,35.83,102.06,7308,21,9180,13996242.0,8.74,4.9,0.6,12
2701626,510760,Rondonópolis,Sul Matogrossense,2021,,2240,PRIVADA_EMPRESARIAL,32.5,0.0,5.89,,,,,,,,12
3028925,510760,Rondonópolis,Sul Matogrossense,2021,HOSP DE REF SAUDE DA FAMILIA DR ANTONIO DOS S MUNIZ,1244,MUNICIPAL,47.17,0.0,20.58,2780,0,0,1819699.23,7.66,5.58,0.96,12
2655780,510770,Rosário Oeste,Centro Norte,2021,HOSPITAL MUNICIPAL DE ROSARIO OESTE,1244,MUNICIPAL,61.0,0.0,2.9,763,0,0,507190.17,1.31,3.66,0.13,12
2394189,510775,Salto do Céu,Oeste Matogrossense,2021,HOSPITAL MUNICIPAL DE SALTO DO CEU,1244,MUNICIPAL,14.0,0.0,2.71,112,0,0,45384.58,1.79,3.72,0.09,12
2311607,510777,Santa Terezinha,Araguaia Xingu,2021,HOSPITAL MUNICIPAL DE SANTA TEREZINHA,1244,MUNICIPAL,22.0,0.0,1.11,416,0,0,183757.96,1.92,2.48,0.14,12
2391171,510780,Santo Antônio do Leverger,Baixada Cuiabana,2021,,1244,MUNICIPAL,21.0,0.0,7.23,,,,,,,,12
2604426,510785,São Félix do Araguaia,Norte Araguaia Karajá,2021,HOSPITAL MUNICIPAL PREFEITO JOAO ABREU LUZ,1210,PUBLICA_OUTRA,40.83,0.0,4.47,1359,0,0,778143.99,1.99,2.31,0.22,12
9659366,510787,Sapezal,Médio Norte Matogrossense,2021,HOSPITAL SANTA MARCELINA DE SAPEZAL,3999,PRIVADA_SEM_FINS_LUCRATIVOS,34.0,0.0,15.0,1336,0,0,858561.4,0.97,3.02,0.34,12
0218669,510790,Sinop,Teles Pires,2021,,1244,MUNICIPAL,38.08,0.0,2.59,227,0,0,342414.88,0.44,5.26,0.09,12
0405159,510790,Sinop,Teles Pires,2021,,3999,PRIVADA_SEM_FINS_LUCRATIVOS,1.67,0.0,0.63,,,,,,,,12
2795671,510790,Sinop,Teles Pires,2021,HOSPITAL SANTO ANTONIO,3069,PRIVADA_SEM_FINS_LUCRATIVOS,58.0,13.0,27.64,4679,679,4160,6046409.72,2.88,3.32,0.55,12
6085423,510790,Sinop,Teles Pires,2021,HOSPITAL REGIONAL JORGE DE ABREU,1236,ESTADUAL,98.75,23.33,57.97,3489,1,3744,9570583.36,9.4,6.84,0.58,12
2795655,510792,Sorriso,Teles Pires,2021,HOSPITAL REGIONAL DE SORRISO,1236,ESTADUAL,157.67,16.0,69.2,6867,9,3040,7026909.6,5.14,5.1,0.57,12
7901127,510792,Sorriso,Teles Pires,2021,HOSPITAL MATERNIDADE 13 DE MAIO VILA ROMANA,2054,PRIVADA_EMPRESARIAL,0.0,0.0,2.08,,,,,,,,12
7943733,510792,Sorriso,Teles Pires,2021,IGHASMAT,3999,PRIVADA_SEM_FINS_LUCRATIVOS,1.0,0.0,2.5,,,,,,,,12
2392801,510794,Tabaporã,Vale dos Arinos,2021,HOSPITAL MUNICIPAL DE TABAPORA,1244,MUNICIPAL,16.0,0.0,2.48,507,0,0,275971.04,2.76,2.23,0.2,12
0196398,510795,Tangará da Serra,Médio Norte Matogrossense,2021,,1244,MUNICIPAL,32.0,0.0,9.41,147,0,0,62990.59,4.76,4.86,0.06,2
2472139,510795,Tangará da Serra,Médio Norte Matogrossense,2021,HOSPITAL DAS CLINICAS VIDA E SAUDE TANGARA DA SERRA,2062,PRIVADA_EMPRESARIAL,46.0,0.0,16.25,1628,0,0,1093840.26,0.12,1.71,0.18,12
2472414,510795,Tangará da Serra,Médio Norte Matogrossense,2021,HOSPITAL E MATERNIDADE SANTA ANGELA TANGARA DA SERRA,2232,PRIVADA_EMPRESARIAL,8.0,0.0,2.39,,,,,,,,12
2767384,510795,Tangará da Serra,Médio Norte Matogrossense,2021,HOSPITAL MUNICIPAL ARLETE DAISY CICHETTI DE BRITO,1244,MUNICIPAL,60.92,11.92,23.09,3258,0,2335,6471502.5,9.64,5.29,0.7,12
3171353,510795,Tangará da Serra,Médio Norte Matogrossense,2021,,2062,PRIVADA_EMPRESARIAL,1.0,0.0,0.0,,,,,,,,9
2398400,510800,Tapurah,Teles Pires,2021,HOSPITAL MUNICIPAL DE TAPURAH,1244,MUNICIPAL,22.0,0.0,2.28,136,0,0,73561.05,0.0,3.61,0.06,12
2391996,510805,Terra Nova do Norte,Vale do Peixoto,2021,HOSPITAL MUNICIPAL DE TERRA NOVA DO NORTE,1244,MUNICIPAL,38.0,0.0,3.4,362,0,0,231862.14,9.39,5.13,0.14,5
2397501,510810,Tesouro,Sul Matogrossense,2021,HOSPITAL E MATERNIDADE SAO LUCAS,1244,MUNICIPAL,15.0,0.0,1.42,70,0,0,26873.5,4.29,3.16,0.05,12
2395584,510820,Torixoréu,Garças Araguaia,2021,HOSPITAL MUNICIPAL SAO JOAO BOSCO,1244,MUNICIPAL,22.0,0.0,2.26,197,0,0,118888.49,2.54,3.08,0.08,12
2391570,510840,Várzea Grande,Baixada Cuiabana,2021,,3999,PRIVADA_SEM_FINS_LUCRATIVOS,20.0,0.0,1.4,,,,,,,,4
2391635,510840,Várzea Grande,Baixada Cuiabana,2021,HOSPITAL E PRONTO SOCORRO MUNICIPAL DE VARZEA GRANDE,1244,MUNICIPAL,196.25,23.33,115.18,8963,1,6456,12968825.78,6.96,5.8,0.66,12
6853781,510840,Várzea Grande,Baixada Cuiabana,2021,METROPOLITANO HOSPITAL ESTADUAL LOUSITE FERREIRA DA SILVA,1236,ESTADUAL,291.0,99.33,86.52,3685,0,16864,33371885.92,31.48,10.11,0.2,12
7914288,510860,Vila Rica,Araguaia Xingu,2021,HOSPITAL MUNICIPAL DE VILA RICA,1244,MUNICIPAL,24.33,0.0,6.47,1030,1,0,620168.92,2.82,2.81,0.35,12
2473046,510020,Água Boa,Médio Araguaia,2022,HOSPITAL REGIONAL DE AGUA BOA,1210,PUBLICA_OUTRA,70.42,8.33,18.44,5692,25,2704,4358137.37,2.41,2.89,0.57,12
2471345,510025,Alta Floresta,Alto Tapajós,2022,HOSPITAL REGIONAL DE ALTA FLORESTA ALBERT SABIN,1236,ESTADUAL,72.5,0.0,27.6,4343,0,0,2743595.33,4.08,3.63,0.62,12
2569531,510025,Alta Floresta,Alto Tapajós,2022,,2062,PRIVADA_EMPRESARIAL,0.0,0.0,0.6,,,,,,,,5
3913899,510025,Alta Floresta,Alto Tapajós,2022,,2305,PRIVADA_EMPRESARIAL,62.0,2.0,7.54,37,0,456,785158.73,45.95,11.84,0.0,10
2396998,510030,Alto Araguaia,Sul Matogrossense,2022,HOSPITAL MUNICIPAL DE ALTO ARAGUAIA,1244,MUNICIPAL,32.58,0.0,8.21,661,0,0,273110.36,2.27,2.02,0.12,12
2397056,510060,Alto Taquari,Sul Matogrossense,2022,HOSPITAL E MATERNIDADE NOSSA SENHORA APARECIDA,1244,MUNICIPAL,20.0,0.0,3.68,305,0,0,180655.06,0.0,1.7,0.07,12
2471590,510080,Apiacás,Alto Tapajós,2022,HOSPITAL MUNICIPAL DE APIACAS,1244,MUNICIPAL,32.0,0.0,2.88,471,0,0,219531.59,0.42,2.67,0.11,12
2752611,510125,Araputanga,Oeste Matogrossense,2022,HOSPITAL GERAL E MATERNIDADE ARAPUTANGA,2062,PRIVADA_EMPRESARIAL,16.0,0.0,4.2,104,0,0,37363.18,0.96,1.99,0.04,12
2472244,510130,Arenápolis,Médio Norte Matogrossense,2022,HOSPITAL MUNICIPAL DR MANUELA MACHADO BARBOSA GOMES,1244,MUNICIPAL,31.0,0.0,4.33,1836,0,0,826865.64,0.27,2.23,0.37,12
4069099,510140,Aripuanã,Noroeste Matogrossense,2022,HOSPITAL MUNICIPAL SANTO ANTONIO ARIPUANA,1244,MUNICIPAL,30.5,0.0,5.88,1174,0,0,456846.05,0.94,3.7,0.4,12
2964759,510170,Barra do Bugres,Médio Norte Matogrossense,2022,HOSPITAL MATERNIDADE MUNICIPAL DE BARRA DO BUGRES RENE BAR,1244,MUNICIPAL,19.17,0.0,3.58,73,0,0,33363.42,0.0,1.82,0.02,6
2395886,510180,Barra do Garças,Garças Araguaia,2022,HOSPITAL MUNICIPAL MILTON PESSOA MORBECK,1244,MUNICIPAL,91.5,11.5,48.63,3559,0,1262,3081110.48,3.32,3.38,0.33,12
2471795,510190,Brasnorte,Noroeste Matogrossense,2022,HOSPITAL MUNICIPAL DE BRASNORTE BRASNORTE,1244,MUNICIPAL,31.0,0.0,14.11,1393,0,0,559094.26,0.79,3.33,0.43,12
2395037,510250,Cáceres,Oeste Matogrossense,2022,HOSPITAL REGIONAL DE CACERES DR ANTONIO FONTES UNIDADE II,1236,ESTADUAL,101.64,10.0,24.3,4428,0,2355,3978361.65,2.55,3.67,0.39,11
2534460,510250,Cáceres,Oeste Matogrossense,2022,HOSPITAL REGIONAL DE CACERES DR ANTONIO FONTES UNIDADE I,1236,ESTADUAL,154.08,22.67,57.61,5845,22,2658,6295268.98,5.36,4.28,0.42,12
2395479,510260,Campinápolis,Garças Araguaia,2022,HOSPITAL MUNICIPAL SEBASTIAO ANTONIO DA COSTA,1155,MUNICIPAL,24.67,0.0,4.81,650,0,0,280975.02,1.69,3.02,0.23,12
2655802,510263,Campo Novo do Parecis,Médio Norte Matogrossense,2022,HOSPITAL MUNICIPAL EUCLIDES HORST,1244,MUNICIPAL,36.42,0.0,13.97,2540,1,0,1286534.34,2.05,2.41,0.48,12
2396106,510267,Campo Verde,Sul Matogrossense,2022,HOSPITAL MUNICIPAL CORACAO DE JESUS,1244,MUNICIPAL,52.5,0.0,11.44,2704,0,0,1381620.0,3.62,3.15,0.48,12
2394324,510268,Campos de Júlio,Sudoeste Matogrossense,2022,HOSPITAL MUNICIPAL LEOCYR LAZARETE,1244,MUNICIPAL,17.0,0.0,6.93,350,0,0,145308.82,2.57,2.66,0.16,12
7768400,510270,Canarana,Médio Araguaia,2022,HOSPITAL MUNICIPAL LORENA PARODE,1244,MUNICIPAL,31.0,0.0,8.86,1123,0,0,474922.03,1.07,1.93,0.21,12
2398443,510305,Cláudia,Teles Pires,2022,HOSPITAL DONA NILZA DE OLIVEIRA PIPINO,3069,PRIVADA_SEM_FINS_LUCRATIVOS,33.0,0.0,3.85,333,0,0,112513.89,5.4,2.61,0.08,12
2472783,510310,Cocalinho,Médio Araguaia,2022,HOSPITAL MUNICIPAL DE COCALINHO,1244,MUNICIPAL,17.0,0.0,3.36,289,0,0,94384.39,0.0,3.37,0.16,12
2392380,510320,Colíder,Norte Matogrossense,2022,,2062,PRIVADA_EMPRESARIAL,21.0,0.0,1.5,,,,,,,,12
2392410,510320,Colíder,Norte Matogrossense,2022,HOSPITAL REGIONAL DE COLIDER,1236,ESTADUAL,74.5,8.0,49.53,3132,0,2095,3758737.61,6.29,3.97,0.4,12
3574261,510325,Colniza,Noroeste Matogrossense,2022,HOSPITAL MUNICIPAL ANDRE MAGGI COLNIZA,1244,MUNICIPAL,28.0,0.0,4.86,1386,0,0,541039.56,1.95,2.49,0.36,12
2395274,510330,Comodoro,Sudoeste Matogrossense,2022,HOSPITAL DAS CLINICAS DE COMODORO,2062,PRIVADA_EMPRESARIAL,31.0,0.0,1.14,1286,0,0,667716.74,2.1,3.84,0.45,12
2793636,510335,Confresa,Araguaia Xingu,2022,HOSPITAL E MATERNIDADE DR LAURO TARCISIO PRESTE DE OLIVEIRA,1244,MUNICIPAL,48.0,0.0,10.92,4019,0,0,2087615.34,1.57,2.69,0.64,12
2392968,510337,Cotriguaçu,Noroeste Matogrossense,2022,HOSPITAL MUNICIPAL OLIRIO OLIVEIRA DOS SANTOS,1244,MUNICIPAL,34.0,0.0,2.94,397,0,0,145713.55,2.02,3.02,0.1,12
2311682,510340,Cuiabá,Baixada Cuiabana,2022,HOSPITAL SANTA HELENA,3999,PRIVADA_SEM_FINS_LUCRATIVOS,126.5,28.0,34.23,11807,67,9628,14614549.77,1.6,3.64,0.69,12
2393565,510340,Cuiabá,Baixada Cuiabana,2022,,2062,PRIVADA_EMPRESARIAL,16.0,4.0,8.28,,,,,,,,12
2473062,510340,Cuiabá,Baixada Cuiabana,2022,HOSPITAL DE OLHOS DE CUIABA,2062,PRIVADA_EMPRESARIAL,9.0,0.0,4.65,90,64,0,380428.25,0.0,0.0,0.03,12
2494523,510340,Cuiabá,Baixada Cuiabana,2022,FEMINA HOSPITAL INFANTIL E MATERNIDADE,2062,PRIVADA_EMPRESARIAL,9.0,5.0,12.28,54,48,351,672560.06,9.26,6.28,0.0,12
2495015,510340,Cuiabá,Baixada Cuiabana,2022,HOSPITAL E PRONTO SOCORRO MUNICIPAL DE CUIABA,1031,MUNICIPAL,213.67,54.67,70.71,2847,25,10433,12818572.89,11.94,9.87,0.24,12
2534444,510340,Cuiabá,Baixada Cuiabana,2022,HOSPITAL DE CANCER DE MATO GROSSO,3999,PRIVADA_SEM_FINS_LUCRATIVOS,74.83,10.67,40.64,3829,1457,3261,9019866.95,9.35,5.37,0.68,12
2604388,510340,Cuiabá,Baixada Cuiabana,2022,,2054,PRIVADA_EMPRESARIAL,13.0,5.0,10.33,,,,,,,,12
2604396,510340,Cuiabá,Baixada Cuiabana,2022,CIAPS HOSPITAL ADAUTO BOTELHO,1236,ESTADUAL,120.0,0.0,13.75,586,0,0,1171207.58,0.0,40.24,0.54,12
2655411,510340,Cuiabá,Baixada Cuiabana,2022,HOSPITAL UNIVERSITARIO JULIO MULLER EBSERH,2011,EMPRESA_ESTATAL,106.17,19.33,140.39,3346,113,4918,5333605.82,1.85,7.11,0.49,12
2659107,510340,Cuiabá,Baixada Cuiabana,2022,HOSPITAL GERAL E MATERNIDADE DE CUIABA,3999,PRIVADA_SEM_FINS_LUCRATIVOS,211.75,30.0,88.38,7816,2023,10271,26518972.13,3.52,6.93,0.55,12
3851249,510340,Cuiabá,Baixada Cuiabana,2022,,3999,PRIVADA_SEM_FINS_LUCRATIVOS,31.0,0.0,2.92,,,,,,,,12
6331378,510340,Cuiabá,Baixada Cuiabana,2022,,2062,PRIVADA_EMPRESARIAL,1.0,0.0,3.65,,,,,,,,9
6923089,510340,Cuiabá,Baixada Cuiabana,2022,HOSPITAL OTORRINO,2062,PRIVADA_EMPRESARIAL,20.0,0.0,3.4,,,,,,,,12
7349270,510340,Cuiabá,Baixada Cuiabana,2022,HOSPITAL MUNICIPAL SAO BENEDITO DE CUIABA,2011,EMPRESA_ESTATAL,98.67,16.67,119.62,1041,0,693,1140460.88,1.06,6.29,0.17,12
9209352,510340,Cuiabá,Baixada Cuiabana,2022,HOSPITAL MUNICIPAL DE CUIABA E P S DR LEONY PALMA CARVALHO,1031,MUNICIPAL,279.83,56.67,165.53,9583,175,8071,12390050.54,4.98,7.55,0.66,12
9841903,510340,Cuiabá,Baixada Cuiabana,2022,HOSPITAL ESTADUAL SANTA CASA,1236,ESTADUAL,159.83,1.67,188.61,2283,3,33,1524708.07,1.44,6.51,0.26,12
9893598,510340,Cuiabá,Baixada Cuiabana,2022,,2062,PRIVADA_EMPRESARIAL,1.0,0.0,0.75,,,,,,,,12
2398125,510350,Diamantino,Centro Norte,2022,HOSPITAL MUNICIPAL SAO JOAO BATISTA,3999,PRIVADA_SEM_FINS_LUCRATIVOS,39.0,0.0,4.75,1733,0,0,865251.47,1.04,2.65,0.33,12
2396343,510360,Dom Aquino,Sul Matogrossense,2022,HOSPITAL BOM JESUS,3999,PRIVADA_SEM_FINS_LUCRATIVOS,15.0,0.0,1.15,481,0,0,207359.2,1.04,2.13,0.19,12
2391163,510385,Gaúcha do Norte,Médio Araguaia,2022,HOSPITAL MUNICIPAL DE GAUCHA DO NORTE,1244,MUNICIPAL,17.0,0.0,1.92,120,0,0,42213.81,0.83,2.94,0.06,12
2395398,510390,General Carneiro,Garças Araguaia,2022,HOSPITAL MUNICIPAL DE GENERAL CARNEIRO,1244,MUNICIPAL,17.0,0.0,2.09,147,0,0,53685.53,0.0,3.49,0.08,12
2392046,510410,Guarantã do Norte,Vale do Peixoto,2022,HOSPITAL MUNICIPAL NOSSA SENHORA DO ROSARIO,1244,MUNICIPAL,36.0,0.0,15.71,2081,1,0,1067845.64,1.97,2.74,0.45,12
2397609,510420,Guiratinga,Sul Matogrossense,2022,,2062,PRIVADA_EMPRESARIAL,19.0,0.0,4.06,399,0,0,158507.85,8.27,1.9,0.12,12
2534010,510455,Itaúba,Norte Matogrossense,2022,,1244,MUNICIPAL,16.0,0.0,3.03,,,,,,,,12
2395916,510460,Itiquira,Sul Matogrossense,2022,HOSPITAL MUNICIPAL OSNIR BORTOLINI,1244,MUNICIPAL,22.0,0.0,7.01,438,0,0,193656.94,1.37,2.81,0.16,12
2397269,510480,Jaciara,Sul Matogrossense,2022,,2062,PRIVADA_EMPRESARIAL,6.0,0.0,0.0,,,,,,,,12
3269728,510480,Jaciara,Sul Matogrossense,2022,HOSPITAL MUNICIPAL DE JACIARA,1244,MUNICIPAL,40.67,0.0,17.02,1773,3,0,874032.13,1.58,2.76,0.35,12
2394723,510500,Jauru,Sudoeste Matogrossense,2022,HOSPITAL DE JAURU,3999,PRIVADA_SEM_FINS_LUCRATIVOS,33.0,0.0,2.49,144,0,0,53242.73,3.47,2.9,0.04,12
2392704,510510,Juara,Vale dos Arinos,2022,HOSPITAL MUNICIPAL DE JUARA ELIDIA MASCHIETTO SANTILLO,1244,MUNICIPAL,43.75,0.0,10.56,2022,0,0,955882.94,2.72,3.37,0.44,12
2392887,510510,Juara,Vale dos Arinos,2022,HOSPITAL E MATERNIDADE SAO LUCAS SOCIEDADE MEDICA SAO LUCAS,2062,PRIVADA_EMPRESARIAL,1.0,0.0,1.74,,,,,,,,12
3430383,510510,Juara,Vale dos Arinos,2022,,2062,PRIVADA_EMPRESARIAL,0.0,0.0,0.0,,,,,,,,12
4069803,510515,Juína,Noroeste Matogrossense,2022,HOSPITAL MUNICIPAL DE JUINA DR HIDEO SAKUNO,1244,MUNICIPAL,75.0,1.67,11.5,3977,6,516,2742973.75,1.03,4.62,0.67,12
2392895,510517,Juruena,Noroeste Matogrossense,2022,HOSPITAL MUNICIPAL DE JURUENA RENILDA DE FATIMA DE MORAIS,1244,MUNICIPAL,19.0,0.0,1.93,569,0,0,222682.38,0.88,3.92,0.35,12
2396092,510520,Juscimeira,Sul Matogrossense,2022,HOSPITAL MUNICPAL PADRE JOHANNES BERTHOLD HENNING,1244,MUNICIPAL,20.67,0.0,3.35,610,0,0,258550.07,2.13,2.74,0.24,12
2767953,510525,Lucas do Rio Verde,Teles Pires,2022,HOSPITAL SAO LUCAS LUCAS DO RIO VERDE,3069,PRIVADA_SEM_FINS_LUCRATIVOS,66.0,0.0,33.68,5246,9,0,2767922.09,0.97,3.43,0.79,12
2752603,510550,Vila Bela da Santíssima Trindade,Sudoeste Matogrossense,2022,HOSPITAL EVANGELICO DE MATO GROSSO,3999,PRIVADA_SEM_FINS_LUCRATIVOS,44.25,0.0,4.73,1106,0,0,485759.15,0.54,2.9,0.2,12
8013926,510558,Marcelândia,Norte Matogrossense,2022,HOSPITAL MARIA ZELIA,1244,MUNICIPAL,18.0,0.0,5.11,742,0,0,343894.28,0.0,3.98,0.46,12
2391724,510560,Matupá,Vale do Peixoto,2022,HOSPITAL MUNICIPAL DE MATUPA,1244,MUNICIPAL,26.17,0.0,6.95,686,0,0,342168.94,5.1,3.08,0.23,12
2395266,510562,Mirassol d'Oeste,Oeste Matogrossense,2022,,2062,PRIVADA_EMPRESARIAL,30.0,0.0,2.34,,,,,,,,12
7254628,510562,Mirassol d'Oeste,Oeste Matogrossense,2022,HOSPITAL SAMUEL GREVE,1279,MUNICIPAL,47.17,0.0,6.18,1095,0,0,575828.6,3.2,3.53,0.24,12
2802473,510590,Nobres,Centro Norte,2022,HOSPITAL E MATERNIDADE LAURA VICUNA,2062,PRIVADA_EMPRESARIAL,36.0,0.0,3.23,1059,0,0,557256.47,3.78,2.7,0.23,12
0071773,510600,Nortelândia,Centro Norte,2022,,1244,MUNICIPAL,30.0,0.0,7.83,,,,,,,,10
4069870,510610,Nossa Senhora do Livramento,Baixada Cuiabana,2022,HOSPITAL MUNICIPAL PROFESSORA MARIA ARLINDA DA COSTA,1244,MUNICIPAL,16.0,0.0,7.06,85,0,0,37885.92,5.88,3.87,0.06,12
2471604,510615,Nova Bandeirantes,Alto Tapajós,2022,,1244,MUNICIPAL,14.0,0.0,1.5,,,,,,,,12
0181277,510622,Nova Mutum,Teles Pires,2022,,2062,PRIVADA_EMPRESARIAL,43.83,16.67,12.95,642,0,380,1033516.75,3.89,2.96,0.1,12
0901725,510622,Nova Mutum,Teles Pires,2022,HOSPITAL REGIONAL HILDA STRENGER RIBEIRO NOVA MUTUM,3999,PRIVADA_SEM_FINS_LUCRATIVOS,68.58,1.67,10.79,3172,0,587,2058685.32,1.2,2.43,0.29,12
2472716,510623,Nova Olímpia,Médio Norte Matogrossense,2022,HOSPITAL E MATERNIDADE NOVA OLIMPIA,2062,PRIVADA_EMPRESARIAL,13.0,0.0,4.18,645,0,0,346393.64,1.86,2.58,0.36,12
2395428,510625,Nova Xavantina,Garças Araguaia,2022,HOSPITAL MUNICIPAL DR DAERCIO OLIVEIRA MORAES,1244,MUNICIPAL,26.17,0.0,12.73,1678,0,0,820229.52,2.98,2.8,0.51,12
2392720,510627,Novo Horizonte do Norte,Vale dos Arinos,2022,HOSPITAL MUNICIPAL JOSE KARA JOSE,1244,MUNICIPAL,16.0,0.0,4.35,171,0,0,63572.57,2.92,2.99,0.1,12
2395509,510628,Novo São Joaquim,Garças Araguaia,2022,HOSP MUN MARIA DOLORES T JORDAO NOVO SAO JOAQUIM,1244,MUNICIPAL,40.58,0.0,4.59,526,0,0,235055.37,1.14,1.95,0.08,12
2471663,510629,Paranaíta,Alto Tapajós,2022,HOSPITAL E MATERNIDADE ALIPIO CANDIDO DA SILVA,1244,MUNICIPAL,39.83,0.0,12.04,1495,1,0,722155.07,0.33,2.67,0.28,12
2390949,510630,Paranatinga,Sul Matogrossense,2022,HOSPITAL MUNICIPAL IRMA TEODORA,1244,MUNICIPAL,35.0,0.0,7.26,1392,0,0,688328.91,1.01,2.54,0.3,12
2699850,510630,Paranatinga,Sul Matogrossense,2022,,2062,PRIVADA_EMPRESARIAL,35.0,0.0,3.35,,,,,,,,4
2752638,510637,Pedra Preta,Sul Matogrossense,2022,HOSPITAL PRONTO ATENDIMENTO MUNICIPAL LUCIANA MARTINS AMORIM,1244,MUNICIPAL,32.0,0.0,18.36,384,0,0,136397.69,4.17,4.95,0.17,12
2699842,510642,Peixoto de Azevedo,Vale do Peixoto,2022,HOSPITAL REGIONAL DE PEIXOTO DE AZEVEDO,1244,MUNICIPAL,58.75,1.67,23.19,2773,0,460,2262437.35,3.5,3.23,0.41,12
2391449,510650,Poconé,Baixada Cuiabana,2022,HOSPITAL GERAL DE POCONE DR NICOLAU FONTANILAS FRAGELI,3999,PRIVADA_SEM_FINS_LUCRATIVOS,60.0,0.0,1.68,1803,80,0,670876.65,1.33,2.32,0.2,12
2395592,510670,Ponte Branca,Garças Araguaia,2022,HOSPITAL MUNICIPAL BOM JESUS,1244,MUNICIPAL,21.0,0.0,1.04,106,0,0,28314.83,0.0,1.38,0.02,10
2752654,510675,Pontes e Lacerda,Sudoeste Matogrossense,2022,HOSPITAL VALE DO GUAPORE,3999,PRIVADA_SEM_FINS_LUCRATIVOS,65.5,0.0,23.34,4378,3,0,1958277.95,1.96,2.75,0.53,12
2311615,510677,Porto Alegre do Norte,Araguaia Xingu,2022,,1244,MUNICIPAL,18.0,0.0,1.64,,,,,,,,12
2752646,510680,Porto dos Gaúchos,Vale dos Arinos,2022,HOSPITAL MUNICIPAL GUSTAV ADOLF ISERNHAGEN,1244,MUNICIPAL,21.0,0.0,2.55,436,0,0,195888.85,2.75,3.05,0.18,12
2397684,510700,Poxoréo,Sul Matogrossense,2022,HOSPITAL E MATERNIDADE SAO JOAO BATISTA,3999,PRIVADA_SEM_FINS_LUCRATIVOS,69.0,0.0,6.11,1105,0,0,572568.73,1.81,2.52,0.12,12
2397463,510704,Primavera do Leste,Sul Matogrossense,2022,HOSPITAL E MATERNIDADE SAO LUCAS PRIMAVERA DO LESTE,2062,PRIVADA_EMPRESARIAL,50.83,1.67,27.71,1972,1,535,2040565.34,1.57,2.28,0.22,12
2397676,510704,Primavera do Leste,Sul Matogrossense,2022,HOSPITAL DAS CLINICAS PRIMAVERA PRIMAVERA DO LESTE,2062,PRIVADA_EMPRESARIAL,41.33,8.0,41.54,2519,14,2926,3464641.9,4.25,3.12,0.36,12
4070070,510706,Querência,Médio Araguaia,2022,HOSPITAL MUNICIPAL DE QUERENCIA,1244,MUNICIPAL,28.5,1.67,13.3,1422,0,435,1410187.89,1.06,2.69,0.34,12
2394316,510710,São José dos Quatro Marcos,Oeste Matogrossense,2022,,2062,PRIVADA_EMPRESARIAL,23.0,0.0,1.6,,,,,,,,12
2472791,510718,Ribeirão Cascalheira,Médio Araguaia,2022,HOSPITAL MUNICIPAL CRISTO REI,1244,MUNICIPAL,43.0,0.0,4.53,365,0,0,136455.36,0.0,2.65,0.06,12
2395452,510719,Ribeirãozinho,Garças Araguaia,2022,HOSPITAL NOSSA SENHORA DA ABADIA,1244,MUNICIPAL,15.0,0.0,2.61,33,0,0,11166.92,0.0,3.91,0.02,12
2394782,510720,Rio Branco,Oeste Matogrossense,2022,HOSPITAL MUNICIPAL DE RIO BRANCO,1244,MUNICIPAL,18.0,0.0,1.08,35,0,0,18170.24,0.0,1.94,0.01,12
3142663,510730,São José do Rio Claro,Centro Norte,2022,HOSPITAL MUNICIPAL DE SAO JOSE DO RIO CLARO,1244,MUNICIPAL,22.0,0.0,3.48,861,2,0,349586.83,0.93,2.67,0.3,12
0171557,510760,Rondonópolis,Sul Matogrossense,2022,,1244,MUNICIPAL,50.0,0.0,8.59,,,,,,,,12
2396424,510760,Rondonópolis,Sul Matogrossense,2022,CASA DE SAUDE PAULO DE TARSO E CAPS PAULO DE TARSO,3999,PRIVADA_SEM_FINS_LUCRATIVOS,82.0,0.0,3.57,821,0,0,2367111.58,0.0,35.09,0.96,12
2396866,510760,Rondonópolis,Sul Matogrossense,2022,SANTA CASA DE RONDONOPOLIS,3999,PRIVADA_SEM_FINS_LUCRATIVOS,217.5,46.0,61.24,13336,1802,15273,29538019.65,3.08,3.67,0.42,12
2604434,510760,Rondonópolis,Sul Matogrossense,2022,HOSPITAL REG IRMA ELZA GIOVANELLA,1236,ESTADUAL,106.5,20.0,120.58,7209,28,6640,8669697.22,5.01,4.73,0.76,12
2701626,510760,Rondonópolis,Sul Matogrossense,2022,,2240,PRIVADA_EMPRESARIAL,35.0,0.0,7.81,677,0,0,573864.42,0.0,0.71,0.06,12
2878097,510760,Rondonópolis,Sul Matogrossense,2022,,1244,MUNICIPAL,19.0,0.0,11.27,,,,,,,,9
3028925,510760,Rondonópolis,Sul Matogrossense,2022,HOSP DE REF SAUDE DA FAMILIA DR ANTONIO DOS S MUNIZ,1244,MUNICIPAL,55.83,0.0,29.15,2802,0,0,1280255.31,4.32,5.62,0.82,12
2655780,510770,Rosário Oeste,Centro Norte,2022,HOSPITAL MUNICIPAL DE ROSARIO OESTE,1244,MUNICIPAL,66.5,0.0,9.94,616,0,0,281734.45,2.27,3.43,0.1,12
2394189,510775,Salto do Céu,Oeste Matogrossense,2022,HOSPITAL MUNICIPAL DE SALTO DO CEU,1244,MUNICIPAL,14.0,0.0,3.07,135,0,0,30439.04,4.44,3.27,0.09,12
2311607,510777,Santa Terezinha,Araguaia Xingu,2022,HOSPITAL MUNICIPAL DE SANTA TEREZINHA,1244,MUNICIPAL,22.0,0.0,1.23,477,0,0,195237.32,1.05,2.33,0.15,12
2391171,510780,Santo Antônio do Leverger,Baixada Cuiabana,2022,,1244,MUNICIPAL,21.0,0.0,9.17,,,,,,,,12
2604426,510785,São Félix do Araguaia,Norte Araguaia Karajá,2022,HOSPITAL MUNICIPAL PREFEITO JOAO ABREU LUZ,1210,PUBLICA_OUTRA,32.0,0.0,4.88,1377,1,0,654217.26,2.9,2.28,0.29,12
9659366,510787,Sapezal,Médio Norte Matogrossense,2022,HOSPITAL SANTA MARCELINA DE SAPEZAL,3999,PRIVADA_SEM_FINS_LUCRATIVOS,34.0,0.0,18.59,1341,0,0,663393.54,0.67,3.19,0.35,12
0218669,510790,Sinop,Teles Pires,2022,,1244,MUNICIPAL,40.0,0.0,2.86,,,,,,,,9
0405159,510790,Sinop,Teles Pires,2022,,3999,PRIVADA_SEM_FINS_LUCRATIVOS,3.0,0.0,1.94,,,,,,,,12
2795671,510790,Sinop,Teles Pires,2022,HOSPITAL SANTO ANTONIO,3069,PRIVADA_SEM_FINS_LUCRATIVOS,65.0,13.25,30.69,5298,1046,4315,8185132.92,3.26,3.44,0.6,12
6085423,510790,Sinop,Teles Pires,2022,HOSPITAL REGIONAL JORGE DE ABREU,1236,ESTADUAL,72.83,1.5,59.23,3287,5,427,3503817.37,2.13,6.14,0.77,12
2795655,510792,Sorriso,Teles Pires,2022,HOSPITAL REGIONAL DE SORRISO,1236,ESTADUAL,159.5,16.0,65.99,6749,8,3103,7052387.05,4.39,5.19,0.57,12
7210345,510792,Sorriso,Teles Pires,2022,,2062,PRIVADA_EMPRESARIAL,4.0,0.0,0.1,,,,,,,,10
7901127,510792,Sorriso,Teles Pires,2022,HOSPITAL MATERNIDADE 13 DE MAIO VILA ROMANA,2054,PRIVADA_EMPRESARIAL,0.0,0.0,3.23,,,,,,,,12
7943733,510792,Sorriso,Teles Pires,2022,IGHASMAT,3999,PRIVADA_SEM_FINS_LUCRATIVOS,1.0,0.0,4.33,,,,,,,,12
2392801,510794,Tabaporã,Vale dos Arinos,2022,HOSPITAL MUNICIPAL DE TABAPORA,1244,MUNICIPAL,16.0,0.0,2.41,520,0,0,204786.6,0.58,1.6,0.15,12
2472139,510795,Tangará da Serra,Médio Norte Matogrossense,2022,HOSPITAL DAS CLINICAS VIDA E SAUDE TANGARA DA SERRA,2062,PRIVADA_EMPRESARIAL,19.42,0.0,17.36,1654,0,0,1079655.24,0.0,1.84,0.45,12
2472414,510795,Tangará da Serra,Médio Norte Matogrossense,2022,HOSPITAL E MATERNIDADE SANTA ANGELA TANGARA DA SERRA,2232,PRIVADA_EMPRESARIAL,8.33,0.0,6.1,3,0,0,1188.29,0.0,7.33,0.01,12
2767384,510795,Tangará da Serra,Médio Norte Matogrossense,2022,HOSPITAL MUNICIPAL ARLETE DAISY CICHETTI DE BRITO,1244,MUNICIPAL,59.83,1.67,27.12,3031,0,446,2318930.87,6.14,5.25,0.74,12
3171353,510795,Tangará da Serra,Médio Norte Matogrossense,2022,,2062,PRIVADA_EMPRESARIAL,1.0,0.0,0.0,,,,,,,,12
2398400,510800,Tapurah,Teles Pires,2022,HOSPITAL MUNICIPAL DE TAPURAH,1244,MUNICIPAL,22.0,0.0,2.87,424,0,0,126622.47,0.24,2.83,0.16,12
2391996,510805,Terra Nova do Norte,Vale do Peixoto,2022,HOSPITAL MUNICIPAL DE TERRA NOVA DO NORTE,1244,MUNICIPAL,38.0,0.0,3.5,383,0,0,165547.32,4.44,3.97,0.12,12
2397501,510810,Tesouro,Sul Matogrossense,2022,HOSPITAL E MATERNIDADE SAO LUCAS,1244,MUNICIPAL,15.0,0.0,1.7,94,0,0,37101.88,5.32,2.72,0.05,12
2395584,510820,Torixoréu,Garças Araguaia,2022,HOSPITAL MUNICIPAL SAO JOAO BOSCO,1244,MUNICIPAL,22.67,0.0,2.79,210,0,0,111113.16,2.86,2.27,0.06,12
2391635,510840,Várzea Grande,Baixada Cuiabana,2022,HOSPITAL E PRONTO SOCORRO MUNICIPAL DE VARZEA GRANDE,1244,MUNICIPAL,208.67,27.5,125.28,8588,8,8320,14145049.57,5.57,6.74,0.67,12
2928604,510840,Várzea Grande,Baixada Cuiabana,2022,,1244,MUNICIPAL,27.75,0.0,14.11,,,,,,,,8
6853781,510840,Várzea Grande,Baixada Cuiabana,2022,METROPOLITANO HOSPITAL ESTADUAL LOUSITE FERREIRA DA SILVA,1236,ESTADUAL,215.5,30.83,154.65,2349,245,7608,9468917.57,14.94,8.95,0.18,12
7914288,510860,Vila Rica,Araguaia Xingu,2022,HOSPITAL MUNICIPAL DE VILA RICA,1244,MUNICIPAL,21.0,0.0,5.38,926,1,0,404101.33,3.02,2.32,0.3,12
2473046,510020,Água Boa,Médio Araguaia,2023,HOSPITAL REGIONAL DE AGUA BOA,1210,PUBLICA_OUTRA,77.5,10.0,30.18,5419,4,3265,5151590.48,2.8,3.36,0.56,12
2471345,510025,Alta Floresta,Alto Tapajós,2023,HOSPITAL REGIONAL DE ALTA FLORESTA ALBERT SABIN,1236,ESTADUAL,65.5,0.0,54.47,4314,0,0,2764314.85,3.04,3.45,0.65,12
2569531,510025,Alta Floresta,Alto Tapajós,2023,,2062,PRIVADA_EMPRESARIAL,0.0,0.0,0.75,,,,,,,,12
2396998,510030,Alto Araguaia,Sul Matogrossense,2023,HOSPITAL MUNICIPAL DE ALTO ARAGUAIA,1244,MUNICIPAL,23.0,0.0,9.32,750,1,0,343226.14,3.2,1.74,0.17,12
2397056,510060,Alto Taquari,Sul Matogrossense,2023,HOSPITAL E MATERNIDADE NOSSA SENHORA APARECIDA,3999,PRIVADA_SEM_FINS_LUCRATIVOS,20.0,0.0,5.62,421,0,0,251654.05,0.95,2.12,0.13,12
2471590,510080,Apiacás,Alto Tapajós,2023,HOSPITAL MUNICIPAL DE APIACAS,1244,MUNICIPAL,32.0,0.0,3.52,517,0,0,205199.72,0.19,3.39,0.15,12
2752611,510125,Araputanga,Oeste Matogrossense,2023,HOSPITAL GERAL E MATERNIDADE ARAPUTANGA,2062,PRIVADA_EMPRESARIAL,16.0,0.0,7.1,153,0,0,56359.86,0.65,2.69,0.08,12
2472244,510130,Arenápolis,Médio Norte Matogrossense,2023,HOSPITAL MUNICIPAL DR MANUELA MACHADO BARBOSA GOMES,1244,MUNICIPAL,31.0,0.0,4.16,1347,0,0,607699.25,0.67,2.59,0.32,12
4069099,510140,Aripuanã,Noroeste Matogrossense,2023,HOSPITAL MUNICIPAL SANTO ANTONIO ARIPUANA,1244,MUNICIPAL,33.0,0.0,6.56,1078,0,0,384684.12,1.02,3.48,0.32,12
2964759,510170,Barra do Bugres,Médio Norte Matogrossense,2023,HOSPITAL MATERNIDADE MUNICIPAL DE BARRA DO BUGRES RENE BAR,1244,MUNICIPAL,38.0,0.0,15.21,1083,0,0,494920.5,1.66,2.91,0.24,12
2395886,510180,Barra do Garças,Garças Araguaia,2023,HOSPITAL MUNICIPAL MILTON PESSOA MORBECK,1244,MUNICIPAL,78.08,10.0,49.64,4119,6,857,3367492.96,2.43,3.22,0.46,12
2471795,510190,Brasnorte,Noroeste Matogrossense,2023,HOSPITAL MUNICIPAL DE BRASNORTE BRASNORTE,1244,MUNICIPAL,37.0,0.0,15.9,1822,0,0,695281.25,0.77,2.96,0.41,12
2395037,510250,Cáceres,Oeste Matogrossense,2023,HOSPITAL REGIONAL DE CACERES DR ANTONIO FONTES UNIDADE II,1236,ESTADUAL,118.0,10.0,45.45,5603,0,3642,5856980.79,3.75,4.37,0.5,12
2534460,510250,Cáceres,Oeste Matogrossense,2023,HOSPITAL REGIONAL DE CACERES DR ANTONIO FONTES UNIDADE I,1236,ESTADUAL,127.17,6.0,51.94,6872,16,2127,6594994.99,4.04,4.24,0.61,12
2998653,510250,Cáceres,Oeste Matogrossense,2023,HOSPITAL QUALITY,2062,PRIVADA_EMPRESARIAL,250.0,0.0,8.3,,,,,,,,2
2395479,510260,Campinápolis,Garças Araguaia,2023,HOSPITAL MUNICIPAL SEBASTIAO ANTONIO DA COSTA,1244,MUNICIPAL,25.33,0.0,4.28,606,0,0,269692.45,0.82,3.4,0.23,12
2655802,510263,Campo Novo do Parecis,Médio Norte Matogrossense,2023,HOSPITAL MUNICIPAL EUCLIDES HORST,1244,MUNICIPAL,34.0,0.0,14.98,2685,0,0,1454560.92,1.71,2.26,0.52,12
2396106,510267,Campo Verde,Sul Matogrossense,2023,HOSPITAL MUNICIPAL CORACAO DE JESUS,1244,MUNICIPAL,53.0,0.0,14.21,3218,0,0,1686355.76,3.08,3.07,0.56,12
2396211,510267,Campo Verde,Sul Matogrossense,2023,,2062,PRIVADA_EMPRESARIAL,9.0,0.0,0.0,,,,,,,,3
2394324,510268,Campos de Júlio,Sudoeste Matogrossense,2023,HOSPITAL MUNICIPAL LEOCYR LAZARETE,1244,MUNICIPAL,17.0,0.0,7.02,409,1,0,165371.52,1.22,2.16,0.16,12
7768400,510270,Canarana,Médio Araguaia,2023,HOSPITAL MUNICIPAL LORENA PARODE,1244,MUNICIPAL,31.0,0.0,8.55,1099,0,0,466481.99,2.0,2.04,0.21,12
2398443,510305,Cláudia,Teles Pires,2023,HOSPITAL DONA NILZA DE OLIVEIRA PIPINO,3069,PRIVADA_SEM_FINS_LUCRATIVOS,33.0,0.0,4.82,544,0,0,177144.4,2.57,2.62,0.13,12
2472783,510310,Cocalinho,Médio Araguaia,2023,HOSPITAL MUNICIPAL DE COCALINHO,1244,MUNICIPAL,17.0,0.0,1.92,285,0,0,73425.36,1.4,2.76,0.13,12
2392380,510320,Colíder,Norte Matogrossense,2023,,2062,PRIVADA_EMPRESARIAL,21.0,0.0,1.5,,,,,,,,3
2392399,510320,Colíder,Norte Matogrossense,2023,,2062,PRIVADA_EMPRESARIAL,0.0,0.0,0.0,,,,,,,,12
2392410,510320,Colíder,Norte Matogrossense,2023,HOSPITAL REGIONAL DE COLIDER,1236,ESTADUAL,70.67,8.0,70.62,3237,1,2530,4125093.96,5.96,4.95,0.55,12
3574261,510325,Colniza,Noroeste Matogrossense,2023,HOSPITAL MUNICIPAL ANDRE MAGGI COLNIZA,1244,MUNICIPAL,32.5,0.0,6.11,1338,0,0,500960.69,1.57,2.52,0.3,12
2395274,510330,Comodoro,Sudoeste Matogrossense,2023,HOSPITAL DAS CLINICAS DE COMODORO,2062,PRIVADA_EMPRESARIAL,31.0,0.0,1.14,1245,1,0,570378.73,1.04,3.78,0.43,12
2793636,510335,Confresa,Araguaia Xingu,2023,HOSPITAL E MATERNIDADE DR LAURO TARCISIO PRESTE DE OLIVEIRA,1244,MUNICIPAL,63.33,0.0,10.1,4313,2,0,2318097.01,1.6,2.93,0.57,12
2392968,510337,Cotriguaçu,Noroeste Matogrossense,2023,HOSPITAL MUNICIPAL OLIRIO OLIVEIRA DOS SANTOS,1244,MUNICIPAL,34.0,0.0,2.73,548,0,0,203334.27,1.1,2.71,0.12,12
2311682,510340,Cuiabá,Baixada Cuiabana,2023,HOSPITAL SANTA HELENA,3999,PRIVADA_SEM_FINS_LUCRATIVOS,128.5,28.0,35.6,11725,48,9714,14501806.61,1.39,3.61,0.67,12
2393565,510340,Cuiabá,Baixada Cuiabana,2023,,2062,PRIVADA_EMPRESARIAL,16.0,4.0,8.28,,,,,,,,12
2473062,510340,Cuiabá,Baixada Cuiabana,2023,HOSPITAL DE OLHOS DE CUIABA,2062,PRIVADA_EMPRESARIAL,9.0,0.0,4.0,24,14,0,92862.26,0.0,0.0,0.01,12
2494523,510340,Cuiabá,Baixada Cuiabana,2023,FEMINA HOSPITAL INFANTIL E MATERNIDADE,2062,PRIVADA_EMPRESARIAL,9.0,5.0,10.88,5,5,19,62869.98,20.0,3.4,0.0,12
2495015,510340,Cuiabá,Baixada Cuiabana,2023,HOSPITAL E PRONTO SOCORRO MUNICIPAL DE CUIABA,1031,MUNICIPAL,208.67,48.83,88.89,5201,54,12617,16156760.07,7.56,7.13,0.34,12
2534444,510340,Cuiabá,Baixada Cuiabana,2023,HOSPITAL DE CANCER DE MATO GROSSO,3999,PRIVADA_SEM_FINS_LUCRATIVOS,83.42,18.0,47.13,5063,2163,5194,13122426.21,8.37,4.89,0.7,12
2604388,510340,Cuiabá,Baixada Cuiabana,2023,,2054,PRIVADA_EMPRESARIAL,13.0,5.0,10.33,,,,,,,,12
2604396,510340,Cuiabá,Baixada Cuiabana,2023,CIAPS HOSPITAL ADAUTO BOTELHO,1236,ESTADUAL,120.0,0.0,13.94,842,0,0,1390339.85,0.0,33.28,0.64,12
2655411,510340,Cuiabá,Baixada Cuiabana,2023,HOSPITAL UNIVERSITARIO JULIO MULLER EBSERH,2011,EMPRESA_ESTATAL,103.67,18.0,136.21,3889,134,4748,5806778.6,2.39,6.58,0.54,12
2659107,510340,Cuiabá,Baixada Cuiabana,2023,HOSPITAL GERAL E MATERNIDADE DE CUIABA,3999,PRIVADA_SEM_FINS_LUCRATIVOS,213.5,30.0,121.11,8109,2027,10078,29371267.87,3.61,6.56,0.54,12
3851249,510340,Cuiabá,Baixada Cuiabana,2023,,3999,PRIVADA_SEM_FINS_LUCRATIVOS,24.33,0.0,5.06,,,,,,,,12
3953238,510340,Cuiabá,Baixada Cuiabana,2023,HOSPITAL E MATERNIDADE SAO MATEUS,2062,PRIVADA_EMPRESARIAL,2.0,2.0,0.0,,,,,,,,8
6331378,510340,Cuiabá,Baixada Cuiabana,2023,,2062,PRIVADA_EMPRESARIAL,1.0,0.0,3.65,,,,,,,,12
6923089,510340,Cuiabá,Baixada Cuiabana,2023,HOSPITAL OTORRINO,2062,PRIVADA_EMPRESARIAL,26.75,0.0,3.4,,,,,,,,12
7349270,510340,Cuiabá,Baixada Cuiabana,2023,HOSPITAL MUNICIPAL SAO BENEDITO DE CUIABA,2011,EMPRESA_ESTATAL,101.25,20.0,147.23,1246,0,1712,1980481.18,4.01,7.68,0.22,12
9209352,510340,Cuiabá,Baixada Cuiabana,2023,HOSPITAL MUNICIPAL DE CUIABA E P S DR LEONY PALMA CARVALHO,1031,MUNICIPAL,287.0,60.0,205.18,9996,356,8053,13928848.07,4.07,6.69,0.59,12
9841903,510340,Cuiabá,Baixada Cuiabana,2023,HOSPITAL ESTADUAL SANTA CASA,1236,ESTADUAL,161.5,0.0,165.0,4250,11,0,2305756.4,1.27,4.53,0.33,12
9893598,510340,Cuiabá,Baixada Cuiabana,2023,,2062,PRIVADA_EMPRESARIAL,1.0,0.0,9.83,,,,,,,,12
2398125,510350,Diamantino,Centro Norte,2023,HOSPITAL MUNICIPAL SAO JOAO BATISTA,1244,MUNICIPAL,33.75,0.0,4.41,1852,0,0,952998.53,1.08,2.61,0.4,12
2396343,510360,Dom Aquino,Sul Matogrossense,2023,HOSPITAL BOM JESUS,3999,PRIVADA_SEM_FINS_LUCRATIVOS,15.0,0.0,1.15,509,0,0,216736.21,1.38,2.03,0.19,12
2391163,510385,Gaúcha do Norte,Médio Araguaia,2023,HOSPITAL MUNICIPAL DE GAUCHA DO NORTE,1244,MUNICIPAL,17.0,0.0,2.49,88,0,0,31021.62,0.0,2.74,0.04,12
2395398,510390,General Carneiro,Garças Araguaia,2023,HOSPITAL MUNICIPAL DE GENERAL CARNEIRO,1244,MUNICIPAL,15.33,0.0,2.42,188,0,0,89186.69,1.06,2.91,0.1,12
2392046,510410,Guarantã do Norte,Vale do Peixoto,2023,HOSPITAL MUNICIPAL NOSSA SENHORA DO ROSARIO,1244,MUNICIPAL,36.0,0.0,17.3,2920,0,0,1355129.54,1.06,2.47,0.58,12
3191737,510410,Guarantã do Norte,Vale do Peixoto,2023,,2062,PRIVADA_EMPRESARIAL,0.0,0.0,0.81,,,,,,,,4
2397609,510420,Guiratinga,Sul Matogrossense,2023,,2062,PRIVADA_EMPRESARIAL,19.0,0.0,3.81,540,0,0,203036.67,2.22,2.2,0.19,12
2534010,510455,Itaúba,Norte Matogrossense,2023,,1244,MUNICIPAL,16.0,0.0,4.58,,,,,,,,12
2395916,510460,Itiquira,Sul Matogrossense,2023,HOSPITAL MUNICIPAL OSNIR BORTOLINI,1244,MUNICIPAL,22.0,0.0,6.98,526,35,0,203691.96,1.52,2.41,0.17,12
2397269,510480,Jaciara,Sul Matogrossense,2023,,2062,PRIVADA_EMPRESARIAL,20.0,0.0,0.0,,,,,,,,4
3269728,510480,Jaciara,Sul Matogrossense,2023,HOSPITAL MUNICIPAL DE JACIARA,1244,MUNICIPAL,39.17,0.0,10.96,1551,0,0,769513.25,2.06,2.82,0.33,12
2394723,510500,Jauru,Sudoeste Matogrossense,2023,HOSPITAL DE JAURU,3999,PRIVADA_SEM_FINS_LUCRATIVOS,33.0,0.0,2.48,129,0,0,51923.38,5.43,3.05,0.03,12
2392704,510510,Juara,Vale dos Arinos,2023,HOSPITAL MUNICIPAL DE JUARA ELIDIA MASCHIETTO SANTILLO,1244,MUNICIPAL,38.17,0.0,12.39,2244,0,0,1164461.92,3.48,3.04,0.51,12
2392887,510510,Juara,Vale dos Arinos,2023,HOSPITAL E MATERNIDADE SAO LUCAS SOCIEDADE MEDICA SAO LUCAS,2062,PRIVADA_EMPRESARIAL,1.0,0.0,1.86,,,,,,,,12
3430383,510510,Juara,Vale dos Arinos,2023,,2062,PRIVADA_EMPRESARIAL,0.0,0.0,0.0,,,,,,,,12
2393395,510515,Juína,Noroeste Matogrossense,2023,HOSPITAL SAO LUCAS JUINA,2062,PRIVADA_EMPRESARIAL,11.6,0.0,0.5,,,,,,,,5
4069803,510515,Juína,Noroeste Matogrossense,2023,HOSPITAL MUNICIPAL DE JUINA DR HIDEO SAKUNO,1244,MUNICIPAL,73.75,0.0,13.67,4448,6,0,1989178.29,0.92,3.91,0.66,12
2392895,510517,Juruena,Noroeste Matogrossense,2023,HOSPITAL MUNICIPAL DE JURUENA RENILDA DE FATIMA DE MORAIS,1244,MUNICIPAL,19.0,0.0,3.27,575,0,0,216802.02,1.91,3.94,0.35,12
2396092,510520,Juscimeira,Sul Matogrossense,2023,HOSPITAL MUNICPAL PADRE JOHANNES BERTHOLD HENNING,1244,MUNICIPAL,16.0,0.0,2.73,682,0,0,236872.38,1.47,2.39,0.32,12
2767953,510525,Lucas do Rio Verde,Teles Pires,2023,HOSPITAL SAO LUCAS LUCAS DO RIO VERDE,3069,PRIVADA_SEM_FINS_LUCRATIVOS,98.5,0.0,35.76,6596,25,0,3811313.85,1.56,3.54,0.68,12
2752603,510550,Vila Bela da Santíssima Trindade,Sudoeste Matogrossense,2023,HOSPITAL EVANGELICO DE MATO GROSSO,3999,PRIVADA_SEM_FINS_LUCRATIVOS,49.5,0.0,6.54,1333,0,0,567715.42,0.9,3.25,0.24,12
8013926,510558,Marcelândia,Norte Matogrossense,2023,HOSPITAL MARIA ZELIA,1244,MUNICIPAL,23.33,0.0,4.88,539,0,0,228701.81,1.67,4.22,0.28,12
2391724,510560,Matupá,Vale do Peixoto,2023,HOSPITAL MUNICIPAL DE MATUPA,1244,MUNICIPAL,27.0,0.0,8.31,850,0,0,446988.65,2.59,2.43,0.22,12
2395266,510562,Mirassol d'Oeste,Oeste Matogrossense,2023,,2062,PRIVADA_EMPRESARIAL,30.0,0.0,2.33,,,,,,,,12
7254628,510562,Mirassol d'Oeste,Oeste Matogrossense,2023,HOSPITAL SAMUEL GREVE,1244,MUNICIPAL,44.33,0.0,7.7,1160,0,0,583214.2,2.33,3.36,0.25,12
2802473,510590,Nobres,Centro Norte,2023,HOSPITAL E MATERNIDADE LAURA VICUNA,2062,PRIVADA_EMPRESARIAL,36.0,0.0,2.63,1104,0,0,504915.99,2.81,2.59,0.23,12
0071773,510600,Nortelândia,Centro Norte,2023,,1244,MUNICIPAL,30.0,0.0,5.14,,,,,,,,12
4069870,510610,Nossa Senhora do Livramento,Baixada Cuiabana,2023,HOSPITAL MUNICIPAL PROFESSORA MARIA ARLINDA DA COSTA,1244,MUNICIPAL,16.0,0.0,6.28,114,0,0,45464.45,6.14,3.95,0.08,11
2471604,510615,Nova Bandeirantes,Alto Tapajós,2023,,1244,MUNICIPAL,14.0,0.0,1.42,,,,,,,,12
0901725,510622,Nova Mutum,Teles Pires,2023,HOSPITAL REGIONAL HILDA STRENGER RIBEIRO NOVA MUTUM,3999,PRIVADA_SEM_FINS_LUCRATIVOS,137.25,20.0,15.31,4204,10,7106,7118606.45,4.59,4.13,0.21,12
2472716,510623,Nova Olímpia,Médio Norte Matogrossense,2023,HOSPITAL E MATERNIDADE NOVA OLIMPIA,2062,PRIVADA_EMPRESARIAL,15.75,0.0,4.12,557,0,0,313676.97,0.72,2.4,0.24,12
2395428,510625,Nova Xavantina,Garças Araguaia,2023,HOSPITAL MUNICIPAL DR DAERCIO OLIVEIRA MORAES,1244,MUNICIPAL,24.92,0.0,15.36,1761,1,0,863473.03,3.07,3.03,0.61,12
2392720,510627,Novo Horizonte do Norte,Vale dos Arinos,2023,HOSPITAL MUNICIPAL JOSE KARA JOSE,1244,MUNICIPAL,13.0,0.0,5.2,225,0,0,84635.26,5.33,3.05,0.16,12
2395509,510628,Novo São Joaquim,Garças Araguaia,2023,HOSP MUN MARIA DOLORES T JORDAO NOVO SAO JOAQUIM,1244,MUNICIPAL,32.33,0.0,4.34,519,0,0,205886.54,0.19,2.34,0.1,12
2471663,510629,Paranaíta,Alto Tapajós,2023,HOSPITAL E MATERNIDADE ALIPIO CANDIDO DA SILVA,1244,MUNICIPAL,43.0,0.0,14.94,1368,0,0,633195.4,0.15,2.78,0.25,12
2390949,510630,Paranatinga,Sul Matogrossense,2023,HOSPITAL MUNICIPAL IRMA TEODORA,1244,MUNICIPAL,35.0,0.0,6.41,1452,0,0,662296.28,0.55,2.6,0.31,12
2752638,510637,Pedra Preta,Sul Matogrossense,2023,HOSPITAL PRONTO ATENDIMENTO MUNICIPAL LUCIANA MARTINS AMORIM,1244,MUNICIPAL,32.0,0.0,16.17,377,0,0,132196.25,3.71,4.7,0.16,12
2699842,510642,Peixoto de Azevedo,Vale do Peixoto,2023,HOSPITAL REGIONAL DE PEIXOTO DE AZEVEDO,1244,MUNICIPAL,64.0,0.0,22.8,2898,0,0,1595127.22,1.31,3.15,0.41,12
2391449,510650,Poconé,Baixada Cuiabana,2023,HOSPITAL GERAL DE POCONE DR NICOLAU FONTANILAS FRAGELI,3999,PRIVADA_SEM_FINS_LUCRATIVOS,60.0,0.0,2.5,1695,39,0,704402.35,2.71,3.2,0.26,12
2395592,510670,Ponte Branca,Garças Araguaia,2023,HOSPITAL MUNICIPAL BOM JESUS,1244,MUNICIPAL,18.33,0.0,1.2,152,0,0,66190.08,0.66,1.36,0.04,12
2752654,510675,Pontes e Lacerda,Sudoeste Matogrossense,2023,HOSPITAL VALE DO GUAPORE,3999,PRIVADA_SEM_FINS_LUCRATIVOS,70.5,0.0,25.42,4791,0,0,2341410.43,1.38,2.76,0.54,12
2311615,510677,Porto Alegre do Norte,Araguaia Xingu,2023,,1244,MUNICIPAL,18.0,0.0,2.03,,,,,,,,12
2752646,510680,Porto dos Gaúchos,Vale dos Arinos,2023,HOSPITAL MUNICIPAL GUSTAV ADOLF ISERNHAGEN,1244,MUNICIPAL,22.33,0.0,4.5,583,0,0,229277.49,0.34,2.88,0.21,12
2397684,510700,Poxoréo,Sul Matogrossense,2023,HOSPITAL E MATERNIDADE SAO JOAO BATISTA,3999,PRIVADA_SEM_FINS_LUCRATIVOS,59.67,0.0,6.37,1357,0,0,719784.21,1.99,2.79,0.18,12
2397463,510704,Primavera do Leste,Sul Matogrossense,2023,HOSPITAL E MATERNIDADE SAO LUCAS PRIMAVERA DO LESTE,2062,PRIVADA_EMPRESARIAL,44.75,0.0,22.35,1891,1,0,1102355.55,0.37,1.91,0.23,12
2397676,510704,Primavera do Leste,Sul Matogrossense,2023,HOSPITAL DAS CLINICAS PRIMAVERA PRIMAVERA DO LESTE,2062,PRIVADA_EMPRESARIAL,40.92,8.0,44.82,2581,14,2818,3487953.63,4.03,3.05,0.37,12
4070070,510706,Querência,Médio Araguaia,2023,HOSPITAL MUNICIPAL DE QUERENCIA,1244,MUNICIPAL,30.17,0.0,13.39,1816,0,0,846358.19,0.55,2.68,0.45,12
2394316,510710,São José dos Quatro Marcos,Oeste Matogrossense,2023,,2062,PRIVADA_EMPRESARIAL,23.0,0.0,1.6,,,,,,,,12
2472791,510718,Ribeirão Cascalheira,Médio Araguaia,2023,HOSPITAL MUNICIPAL CRISTO REI,1244,MUNICIPAL,43.0,0.0,4.43,248,0,0,94608.47,0.4,2.89,0.05,12
2395452,510719,Ribeirãozinho,Garças Araguaia,2023,HOSPITAL NOSSA SENHORA DA ABADIA,1244,MUNICIPAL,15.0,0.0,2.58,52,0,0,17715.88,1.92,4.21,0.04,12
2394782,510720,Rio Branco,Oeste Matogrossense,2023,HOSPITAL MUNICIPAL DE RIO BRANCO,1244,MUNICIPAL,18.0,0.0,0.5,83,0,0,32435.35,0.0,3.69,0.05,12
3142663,510730,São José do Rio Claro,Centro Norte,2023,HOSPITAL MUNICIPAL DE SAO JOSE DO RIO CLARO,1244,MUNICIPAL,22.0,0.0,4.64,928,0,0,336986.6,2.05,2.4,0.31,12
0171557,510760,Rondonópolis,Sul Matogrossense,2023,,1244,MUNICIPAL,50.0,0.0,8.6,,,,,,,,1
2396424,510760,Rondonópolis,Sul Matogrossense,2023,CASA DE SAUDE PAULO DE TARSO E CAPS PAULO DE TARSO,3999,PRIVADA_SEM_FINS_LUCRATIVOS,82.0,0.0,4.94,883,0,0,2377126.53,0.0,32.69,0.96,12
2396866,510760,Rondonópolis,Sul Matogrossense,2023,SANTA CASA DE RONDONOPOLIS,3999,PRIVADA_SEM_FINS_LUCRATIVOS,220.0,46.0,75.96,13832,2435,15502,32117625.45,2.91,3.59,0.43,12
2604434,510760,Rondonópolis,Sul Matogrossense,2023,HOSPITAL REG IRMA ELZA GIOVANELLA,1236,ESTADUAL,116.33,20.0,120.08,8004,36,7296,10232878.57,5.55,4.62,0.74,12
2701626,510760,Rondonópolis,Sul Matogrossense,2023,,2240,PRIVADA_EMPRESARIAL,35.0,0.0,9.38,890,0,0,807319.97,0.0,0.76,0.08,12
2878097,510760,Rondonópolis,Sul Matogrossense,2023,,1244,MUNICIPAL,19.0,0.0,13.6,,,,,,,,1
3028925,510760,Rondonópolis,Sul Matogrossense,2023,HOSP DE REF SAUDE DA FAMILIA DR ANTONIO DOS S MUNIZ,1244,MUNICIPAL,69.0,0.0,31.35,3823,0,0,1638657.75,4.76,5.65,0.91,12
3623335,510760,Rondonópolis,Sul Matogrossense,2023,,2062,PRIVADA_EMPRESARIAL,5.0,0.0,1.0,,,,,,,,2
2655780,510770,Rosário Oeste,Centro Norte,2023,HOSPITAL MUNICIPAL DE ROSARIO OESTE,1244,MUNICIPAL,80.0,0.0,9.09,762,0,0,356946.76,1.84,2.83,0.08,12
2394189,510775,Salto do Céu,Oeste Matogrossense,2023,HOSPITAL MUNICIPAL DE SALTO DO CEU,1244,MUNICIPAL,14.0,0.0,2.73,103,0,0,32790.53,2.91,3.17,0.07,12
2311607,510777,Santa Terezinha,Araguaia Xingu,2023,HOSPITAL MUNICIPAL DE SANTA TEREZINHA,1244,MUNICIPAL,22.0,0.0,1.46,471,0,0,149129.29,1.91,1.83,0.13,12
2391171,510780,Santo Antônio do Leverger,Baixada Cuiabana,2023,,1244,MUNICIPAL,21.0,0.0,9.47,,,,,,,,12
2604426,510785,São Félix do Araguaia,Norte Araguaia Karajá,2023,HOSPITAL MUNICIPAL PREFEITO JOAO ABREU LUZ,1210,PUBLICA_OUTRA,31.67,0.0,5.05,1571,0,0,737082.97,2.29,2.58,0.37,12
9659366,510787,Sapezal,Médio Norte Matogrossense,2023,HOSPITAL SANTA MARCELINA DE SAPEZAL,3999,PRIVADA_SEM_FINS_LUCRATIVOS,34.0,0.0,15.88,1704,0,0,781836.54,1.64,3.29,0.47,12
0218669,510790,Sinop,Teles Pires,2023,,1244,MUNICIPAL,40.0,0.0,6.58,,,,,,,,12
0405159,510790,Sinop,Teles Pires,2023,,3999,PRIVADA_SEM_FINS_LUCRATIVOS,3.0,0.0,2.23,,,,,,,,12
2795671,510790,Sinop,Teles Pires,2023,HOSPITAL SANTO ANTONIO,3069,PRIVADA_SEM_FINS_LUCRATIVOS,93.0,16.0,33.16,5897,1262,4920,9624755.05,2.64,3.38,0.45,12
6085423,510790,Sinop,Teles Pires,2023,HOSPITAL REGIONAL JORGE DE ABREU,1236,ESTADUAL,102.33,0.0,72.29,3875,35,0,3139478.06,2.06,5.41,0.58,12
2795655,510792,Sorriso,Teles Pires,2023,HOSPITAL REGIONAL DE SORRISO,1236,ESTADUAL,151.0,16.0,70.15,7231,79,2995,7690976.9,3.94,4.92,0.61,12
7210345,510792,Sorriso,Teles Pires,2023,,2062,PRIVADA_EMPRESARIAL,4.0,0.0,0.18,46,0,0,47480.59,0.0,0.98,0.03,12
7901127,510792,Sorriso,Teles Pires,2023,HOSPITAL MATERNIDADE 13 DE MAIO VILA ROMANA,2054,PRIVADA_EMPRESARIAL,10.0,0.0,2.18,,,,,,,,10
7943733,510792,Sorriso,Teles Pires,2023,IGHASMAT,3999,PRIVADA_SEM_FINS_LUCRATIVOS,27.08,0.0,6.05,42,0,0,44548.92,0.0,1.79,0.01,12
2392801,510794,Tabaporã,Vale dos Arinos,2023,HOSPITAL MUNICIPAL DE TABAPORA,1244,MUNICIPAL,16.0,0.0,2.38,32,0,0,12577.24,6.25,2.59,0.02,12
2472139,510795,Tangará da Serra,Médio Norte Matogrossense,2023,HOSPITAL DAS CLINICAS VIDA E SAUDE TANGARA DA SERRA,2062,PRIVADA_EMPRESARIAL,15.67,0.0,13.4,334,0,0,224311.94,0.0,1.91,0.12,12
2472414,510795,Tangará da Serra,Médio Norte Matogrossense,2023,HOSPITAL E MATERNIDADE SANTA ANGELA TANGARA DA SERRA,2062,PRIVADA_EMPRESARIAL,9.0,0.0,6.15,7,0,0,2996.57,0.0,0.0,0.0,12
2767384,510795,Tangará da Serra,Médio Norte Matogrossense,2023,HOSPITAL MUNICIPAL ARLETE DAISY CICHETTI DE BRITO,1244,MUNICIPAL,68.0,0.0,21.48,2015,0,0,883363.64,4.27,4.35,0.37,12
3171353,510795,Tangará da Serra,Médio Norte Matogrossense,2023,,2062,PRIVADA_EMPRESARIAL,1.0,0.0,0.0,,,,,,,,7
2398400,510800,Tapurah,Teles Pires,2023,HOSPITAL MUNICIPAL DE TAPURAH,1244,MUNICIPAL,22.0,0.0,3.93,531,0,0,140453.77,1.13,3.02,0.22,12
2391996,510805,Terra Nova do Norte,Vale do Peixoto,2023,HOSPITAL MUNICIPAL DE TERRA NOVA DO NORTE,1244,MUNICIPAL,38.0,0.0,6.45,487,0,0,199119.5,6.16,3.26,0.12,12
2397501,510810,Tesouro,Sul Matogrossense,2023,HOSPITAL E MATERNIDADE SAO LUCAS,1244,MUNICIPAL,15.0,0.0,1.11,94,0,0,36822.77,4.26,3.55,0.07,12
2395584,510820,Torixoréu,Garças Araguaia,2023,HOSPITAL MUNICIPAL SAO JOAO BOSCO,1244,MUNICIPAL,23.33,0.0,5.9,386,0,0,258843.16,1.3,1.44,0.07,12
2390868,510840,Várzea Grande,Baixada Cuiabana,2023,,2062,PRIVADA_EMPRESARIAL,6.0,0.0,0.0,,,,,,,,7
2391635,510840,Várzea Grande,Baixada Cuiabana,2023,HOSPITAL E PRONTO SOCORRO MUNICIPAL DE VARZEA GRANDE,1244,MUNICIPAL,205.17,24.17,123.21,6621,5,7720,11318628.25,7.07,6.3,0.47,12
2928604,510840,Várzea Grande,Baixada Cuiabana,2023,,1244,MUNICIPAL,26.83,0.0,18.93,,,,,,,,12
6853781,510840,Várzea Grande,Baixada Cuiabana,2023,METROPOLITANO HOSPITAL ESTADUAL LOUSITE FERREIRA DA SILVA,1236,ESTADUAL,234.33,40.0,172.83,5798,739,10833,15880280.12,6.66,7.21,0.37,12
4196708,510850,Vera,Teles Pires,2023,,3069,PRIVADA_SEM_FINS_LUCRATIVOS,33.0,0.0,0.6,,,,,,,,8
7914288,510860,Vila Rica,Araguaia Xingu,2023,HOSPITAL MUNICIPAL DE VILA RICA,1244,MUNICIPAL,21.0,0.0,5.88,948,2,0,429408.94,3.48,2.9,0.37,12
2473046,510020,Água Boa,Médio Araguaia,2024,HOSPITAL REGIONAL DE AGUA BOA,1210,PUBLICA_OUTRA,77.0,10.0,34.51,5821,2,3260,5661818.85,3.49,3.31,0.6,12
2471345,510025,Alta Floresta,Alto Tapajós,2024,HOSPITAL REGIONAL DE ALTA FLORESTA ALBERT SABIN,1236,ESTADUAL,69.0,0.0,64.99,5286,1,0,4417108.71,2.06,3.05,0.68,12
2569531,510025,Alta Floresta,Alto Tapajós,2024,,2062,PRIVADA_EMPRESARIAL,0.0,0.0,0.75,,,,,,,,12
3913899,510025,Alta Floresta,Alto Tapajós,2024,,2062,PRIVADA_EMPRESARIAL,86.0,0.0,4.14,5,0,0,2103.51,20.0,5.6,0.0,10
2396998,510030,Alto Araguaia,Sul Matogrossense,2024,HOSPITAL MUNICIPAL DE ALTO ARAGUAIA,1244,MUNICIPAL,23.0,0.0,10.74,651,0,0,253719.52,3.07,1.91,0.17,12
2396335,510040,Alto Garças,Sul Matogrossense,2024,,1244,MUNICIPAL,22.0,0.0,7.93,,,,,,,,4
2397056,510060,Alto Taquari,Sul Matogrossense,2024,HOSPITAL E MATERNIDADE NOSSA SENHORA APARECIDA,1244,MUNICIPAL,20.0,0.0,5.1,480,0,0,186284.43,1.46,1.88,0.13,12
2471590,510080,Apiacás,Alto Tapajós,2024,HOSPITAL MUNICIPAL DE APIACAS,1244,MUNICIPAL,32.0,0.0,3.65,260,0,0,108894.38,1.15,3.27,0.07,12
2752611,510125,Araputanga,Oeste Matogrossense,2024,HOSPITAL GERAL E MATERNIDADE ARAPUTANGA,2062,PRIVADA_EMPRESARIAL,16.0,0.0,8.52,348,0,0,103068.79,2.01,2.5,0.16,12
2472244,510130,Arenápolis,Médio Norte Matogrossense,2024,HOSPITAL MUNICIPAL DR MANUELA MACHADO BARBOSA GOMES,1244,MUNICIPAL,31.0,0.0,3.89,1357,0,0,578090.88,0.15,2.89,0.35,12
4069099,510140,Aripuanã,Noroeste Matogrossense,2024,HOSPITAL MUNICIPAL SANTO ANTONIO ARIPUANA,1244,MUNICIPAL,33.0,0.0,8.31,1354,0,0,517129.58,1.33,4.29,0.5,12
2964759,510170,Barra do Bugres,Médio Norte Matogrossense,2024,HOSPITAL MATERNIDADE MUNICIPAL DE BARRA DO BUGRES RENE BAR,1244,MUNICIPAL,32.0,0.0,11.5,1309,0,0,611992.86,3.44,3.21,0.38,12
2395886,510180,Barra do Garças,Garças Araguaia,2024,HOSPITAL MUNICIPAL MILTON PESSOA MORBECK,1244,MUNICIPAL,81.25,10.0,47.24,4613,2,2884,5041224.85,3.06,3.5,0.48,12
2471795,510190,Brasnorte,Noroeste Matogrossense,2024,HOSPITAL MUNICIPAL DE BRASNORTE BRASNORTE,1244,MUNICIPAL,40.0,0.0,14.05,1493,3,0,594520.45,0.87,3.49,0.36,12
2395037,510250,Cáceres,Oeste Matogrossense,2024,HOSPITAL REGIONAL DE CACERES DR ANTONIO FONTES UNIDADE II,1236,ESTADUAL,116.0,10.0,21.17,5434,0,3638,5633670.4,4.89,4.43,0.5,12
2534460,510250,Cáceres,Oeste Matogrossense,2024,HOSPITAL REGIONAL DE CACERES DR ANTONIO FONTES UNIDADE I,1236,ESTADUAL,141.75,6.0,28.58,6543,8,2222,6590761.42,4.13,4.96,0.61,12
2998653,510250,Cáceres,Oeste Matogrossense,2024,HOSPITAL QUALITY,2062,PRIVADA_EMPRESARIAL,51.5,0.0,14.15,1383,0,0,1157148.37,0.0,1.72,0.13,12
3771393,510250,Cáceres,Oeste Matogrossense,2024,COC CENTRO OFTALMOLOGICO DE CACERES,2062,PRIVADA_EMPRESARIAL,4.0,0.0,4.4,44,44,0,206880.96,0.0,0.0,0.03,4
2395479,510260,Campinápolis,Garças Araguaia,2024,HOSPITAL MUNICIPAL SEBASTIAO ANTONIO DA COSTA,1244,MUNICIPAL,25.0,0.0,2.54,580,0,0,255037.45,0.52,2.92,0.19,12
2655802,510263,Campo Novo do Parecis,Médio Norte Matogrossense,2024,HOSPITAL MUNICIPAL EUCLIDES HORST,1244,MUNICIPAL,33.0,0.0,15.76,2458,2,0,1328281.55,1.95,2.39,0.52,12
2396106,510267,Campo Verde,Sul Matogrossense,2024,HOSPITAL MUNICIPAL CORACAO DE JESUS,1244,MUNICIPAL,53.0,0.0,16.67,3564,1,0,1737020.44,3.98,3.23,0.64,12
2396211,510267,Campo Verde,Sul Matogrossense,2024,,2062,PRIVADA_EMPRESARIAL,9.0,0.0,0.0,,,,,,,,12
2394324,510268,Campos de Júlio,Sudoeste Matogrossense,2024,HOSPITAL MUNICIPAL LEOCYR LAZARETE,1244,MUNICIPAL,17.0,0.0,6.54,595,0,0,159571.56,0.67,1.29,0.18,12
7768400,510270,Canarana,Médio Araguaia,2024,HOSPITAL MUNICIPAL LORENA PARODE,1244,MUNICIPAL,31.0,0.0,10.18,1236,0,0,521327.89,2.18,1.91,0.22,12
2398443,510305,Cláudia,Teles Pires,2024,HOSPITAL DONA NILZA DE OLIVEIRA PIPINO,3069,PRIVADA_SEM_FINS_LUCRATIVOS,33.0,0.0,7.19,628,0,0,188167.06,3.66,2.42,0.15,12
2472783,510310,Cocalinho,Médio Araguaia,2024,HOSPITAL MUNICIPAL DE COCALINHO,1244,MUNICIPAL,17.0,0.0,2.23,574,0,0,148440.03,1.04,2.56,0.25,12
2392399,510320,Colíder,Norte Matogrossense,2024,,2062,PRIVADA_EMPRESARIAL,0.0,0.0,0.0,,,,,,,,12
2392410,510320,Colíder,Norte Matogrossense,2024,HOSPITAL REGIONAL DE COLIDER,1236,ESTADUAL,67.25,8.0,89.34,3541,1,2761,5056733.77,6.18,4.41,0.55,12
3574261,510325,Colniza,Noroeste Matogrossense,2024,HOSPITAL MUNICIPAL ANDRE MAGGI COLNIZA,1244,MUNICIPAL,34.67,0.0,7.3,1479,1,0,600431.31,2.5,2.6,0.32,12
2395274,510330,Comodoro,Sudoeste Matogrossense,2024,HOSPITAL DAS CLINICAS DE COMODORO,2062,PRIVADA_EMPRESARIAL,31.0,0.0,1.21,1070,0,0,504577.42,1.59,3.88,0.38,12
2793636,510335,Confresa,Araguaia Xingu,2024,HOSPITAL E MATERNIDADE DR LAURO TARCISIO PRESTE DE OLIVEIRA,1244,MUNICIPAL,71.0,0.0,13.91,4520,2,0,2456520.11,1.99,3.17,0.58,12
2392968,510337,Cotriguaçu,Noroeste Matogrossense,2024,HOSPITAL MUNICIPAL OLIRIO OLIVEIRA DOS SANTOS,1244,MUNICIPAL,34.0,0.0,2.49,566,0,0,225523.82,0.18,2.83,0.13,12
2311682,510340,Cuiabá,Baixada Cuiabana,2024,HOSPITAL SANTA HELENA,3999,PRIVADA_SEM_FINS_LUCRATIVOS,129.25,28.0,32.46,11322,0,9462,13651801.41,1.81,3.63,0.65,12
2393565,510340,Cuiabá,Baixada Cuiabana,2024,,2062,PRIVADA_EMPRESARIAL,16.0,4.0,8.28,,,,,,,,12
2393581,510340,Cuiabá,Baixada Cuiabana,2024,,2062,PRIVADA_EMPRESARIAL,2.0,0.0,1.35,,,,,,,,12
2473062,510340,Cuiabá,Baixada Cuiabana,2024,HOSPITAL DE OLHOS DE CUIABA,2062,PRIVADA_EMPRESARIAL,9.0,0.0,3.88,254,108,0,862291.36,0.0,0.13,0.09,12
2494523,510340,Cuiabá,Baixada Cuiabana,2024,FEMINA HOSPITAL INFANTIL E MATERNIDADE,2062,PRIVADA_EMPRESARIAL,12.08,5.0,6.05,,,,,,,,12
2495015,510340,Cuiabá,Baixada Cuiabana,2024,HOSPITAL E PRONTO SOCORRO MUNICIPAL DE CUIABA,1031,MUNICIPAL,212.83,58.0,106.8,5842,64,15191,18620290.57,8.46,7.11,0.37,12
2534444,510340,Cuiabá,Baixada Cuiabana,2024,HOSPITAL DE CANCER DE MATO GROSSO,3999,PRIVADA_SEM_FINS_LUCRATIVOS,84.0,18.0,51.11,5391,2593,5003,15232828.64,7.94,4.53,0.69,12
2604388,510340,Cuiabá,Baixada Cuiabana,2024,,2054,PRIVADA_EMPRESARIAL,13.0,5.0,9.96,,,,,,,,12
2604396,510340,Cuiabá,Baixada Cuiabana,2024,CIAPS HOSPITAL ADAUTO BOTELHO,1236,ESTADUAL,120.0,0.0,13.67,718,0,0,1447397.32,0.0,40.68,0.67,12
2655411,510340,Cuiabá,Baixada Cuiabana,2024,HOSPITAL UNIVERSITARIO JULIO MULLER EBSERH,2011,EMPRESA_ESTATAL,107.67,18.0,137.64,3849,112,5017,5851950.22,2.03,6.89,0.53,12
2659107,510340,Cuiabá,Baixada Cuiabana,2024,HOSPITAL GERAL E MATERNIDADE DE CUIABA,3999,PRIVADA_SEM_FINS_LUCRATIVOS,219.33,30.0,222.7,8612,2496,10307,38194103.98,3.48,6.37,0.55,12
3851249,510340,Cuiabá,Baixada Cuiabana,2024,,3999,PRIVADA_SEM_FINS_LUCRATIVOS,15.0,0.0,6.95,,,,,,,,12
3953238,510340,Cuiabá,Baixada Cuiabana,2024,HOSPITAL E MATERNIDADE SAO MATEUS,2062,PRIVADA_EMPRESARIAL,3.5,2.0,0.15,,,,,,,,12
6331378,510340,Cuiabá,Baixada Cuiabana,2024,,2062,PRIVADA_EMPRESARIAL,1.0,0.0,3.65,,,,,,,,12
6923089,510340,Cuiabá,Baixada Cuiabana,2024,HOSPITAL OTORRINO,2062,PRIVADA_EMPRESARIAL,47.0,0.0,10.98,,,,,,,,12
7349270,510340,Cuiabá,Baixada Cuiabana,2024,HOSPITAL MUNICIPAL SAO BENEDITO DE CUIABA,2011,EMPRESA_ESTATAL,102.0,20.0,137.3,1712,0,3890,3936642.72,11.39,8.97,0.32,12
9209352,510340,Cuiabá,Baixada Cuiabana,2024,HOSPITAL MUNICIPAL DE CUIABA E P S DR LEONY PALMA CARVALHO,1031,MUNICIPAL,309.0,60.0,226.73,12622,826,19689,25417387.73,5.32,8.16,0.77,12
9841903,510340,Cuiabá,Baixada Cuiabana,2024,HOSPITAL ESTADUAL SANTA CASA,1236,ESTADUAL,192.67,0.0,218.5,4403,56,0,3077145.78,1.34,4.64,0.3,12
9893598,510340,Cuiabá,Baixada Cuiabana,2024,,2062,PRIVADA_EMPRESARIAL,1.0,0.0,12.45,,,,,,,,3
2398125,510350,Diamantino,Centro Norte,2024,HOSPITAL MUNICIPAL SAO JOAO BATISTA,1244,MUNICIPAL,30.0,0.0,4.52,1688,0,0,789966.07,0.71,2.35,0.37,12
2396343,510360,Dom Aquino,Sul Matogrossense,2024,HOSPITAL BOM JESUS,3999,PRIVADA_SEM_FINS_LUCRATIVOS,15.0,0.0,1.15,377,0,0,160186.63,0.8,2.08,0.15,12
2391163,510385,Gaúcha do Norte,Médio Araguaia,2024,HOSPITAL MUNICIPAL DE GAUCHA DO NORTE,1244,MUNICIPAL,10.58,0.0,2.13,57,0,0,24798.12,0.0,2.4,0.04,12
2395398,510390,General Carneiro,Garças Araguaia,2024,HOSPITAL MUNICIPAL DE GENERAL CARNEIRO,1244,MUNICIPAL,15.0,0.0,3.03,194,0,0,97001.45,2.58,3.2,0.12,12
2392046,510410,Guarantã do Norte,Vale do Peixoto,2024,HOSPITAL MUNICIPAL NOSSA SENHORA DO ROSARIO,1244,MUNICIPAL,36.0,0.0,36.4,2730,2,0,1457036.37,1.46,2.79,0.62,12
3191737,510410,Guarantã do Norte,Vale do Peixoto,2024,,2062,PRIVADA_EMPRESARIAL,0.42,0.0,0.78,,,,,,,,12
2397609,510420,Guiratinga,Sul Matogrossense,2024,,2062,PRIVADA_EMPRESARIAL,19.0,0.0,4.73,142,0,0,53052.82,3.52,2.51,0.06,10
4590082,510420,Guiratinga,Sul Matogrossense,2024,HOSPITAL MUNICIPAL SANTA MARIA BERTILLA,1244,MUNICIPAL,5.0,0.0,4.22,192,0,0,63987.34,4.69,3.15,0.38,9
2534010,510455,Itaúba,Norte Matogrossense,2024,,1244,MUNICIPAL,16.0,0.0,4.12,,,,,,,,12
2395916,510460,Itiquira,Sul Matogrossense,2024,HOSPITAL MUNICIPAL OSNIR BORTOLINI,1244,MUNICIPAL,22.0,0.0,5.76,307,0,0,110641.44,0.98,2.82,0.12,12
2397269,510480,Jaciara,Sul Matogrossense,2024,,2062,PRIVADA_EMPRESARIAL,20.0,0.0,0.0,,,,,,,,10
3269728,510480,Jaciara,Sul Matogrossense,2024,HOSPITAL MUNICIPAL DE JACIARA,1244,MUNICIPAL,38.0,0.0,19.56,1866,0,0,900674.37,1.23,2.67,0.39,12
2394723,510500,Jauru,Sudoeste Matogrossense,2024,HOSPITAL DE JAURU,3999,PRIVADA_SEM_FINS_LUCRATIVOS,33.0,0.0,2.48,73,0,0,29497.61,8.22,3.4,0.02,12
2392704,510510,Juara,Vale dos Arinos,2024,HOSPITAL MUNICIPAL DE JUARA ELIDIA MASCHIETTO SANTILLO,1244,MUNICIPAL,36.0,0.0,15.3,2264,1,0,1369166.96,3.09,3.4,0.61,12
2392887,510510,Juara,Vale dos Arinos,2024,HOSPITAL E MATERNIDADE SAO LUCAS SOCIEDADE MEDICA SAO LUCAS,2062,PRIVADA_EMPRESARIAL,0.67,0.0,1.99,,,,,,,,12
3430383,510510,Juara,Vale dos Arinos,2024,,2062,PRIVADA_EMPRESARIAL,0.0,0.0,0.0,,,,,,,,12
2393395,510515,Juína,Noroeste Matogrossense,2024,HOSPITAL SAO LUCAS JUINA,2062,PRIVADA_EMPRESARIAL,12.0,0.0,0.5,,,,,,,,12
4069803,510515,Juína,Noroeste Matogrossense,2024,HOSPITAL MUNICIPAL DE JUINA DR HIDEO SAKUNO,1244,MUNICIPAL,75.0,0.0,15.68,4303,9,0,2170752.68,0.84,4.06,0.66,12
2392895,510517,Juruena,Noroeste Matogrossense,2024,HOSPITAL MUNICIPAL DE JURUENA RENILDA DE FATIMA DE MORAIS,1244,MUNICIPAL,19.0,0.0,2.68,544,0,0,215544.2,1.29,3.71,0.3,12
2396092,510520,Juscimeira,Sul Matogrossense,2024,HOSPITAL MUNICPAL PADRE JOHANNES BERTHOLD HENNING,1244,MUNICIPAL,15.0,0.0,2.7,817,0,0,272536.48,3.3,2.72,0.46,12
2767953,510525,Lucas do Rio Verde,Teles Pires,2024,HOSPITAL SAO LUCAS LUCAS DO RIO VERDE,3069,PRIVADA_SEM_FINS_LUCRATIVOS,138.0,0.0,38.71,6740,47,0,3786296.98,1.5,3.45,0.49,12
2752603,510550,Vila Bela da Santíssima Trindade,Sudoeste Matogrossense,2024,HOSPITAL EVANGELICO DE MATO GROSSO,3999,PRIVADA_SEM_FINS_LUCRATIVOS,53.83,0.0,10.52,1631,0,0,701689.89,0.86,3.18,0.27,12
8013926,510558,Marcelândia,Norte Matogrossense,2024,HOSPITAL MARIA ZELIA,1244,MUNICIPAL,22.25,0.0,5.31,595,0,0,267993.0,0.67,4.4,0.33,12
2391724,510560,Matupá,Vale do Peixoto,2024,HOSPITAL MUNICIPAL DE MATUPA,1244,MUNICIPAL,27.0,0.0,11.61,1110,49,0,677350.39,2.7,2.46,0.3,12
2395266,510562,Mirassol d'Oeste,Oeste Matogrossense,2024,,2062,PRIVADA_EMPRESARIAL,30.0,0.0,2.04,,,,,,,,12
7254628,510562,Mirassol d'Oeste,Oeste Matogrossense,2024,HOSPITAL SAMUEL GREVE,1244,MUNICIPAL,41.0,0.0,10.38,1082,0,0,526979.74,2.86,3.36,0.26,12
2802473,510590,Nobres,Centro Norte,2024,HOSPITAL E MATERNIDADE LAURA VICUNA,2062,PRIVADA_EMPRESARIAL,36.0,0.0,1.77,1234,0,0,557667.01,2.92,2.52,0.25,12
0071773,510600,Nortelândia,Centro Norte,2024,,1244,MUNICIPAL,30.0,0.0,4.0,,,,,,,,12
4069870,510610,Nossa Senhora do Livramento,Baixada Cuiabana,2024,HOSPITAL MUNICIPAL PROFESSORA MARIA ARLINDA DA COSTA,1244,MUNICIPAL,16.0,0.0,5.2,103,0,0,42932.51,4.85,3.48,0.07,12
2471604,510615,Nova Bandeirantes,Alto Tapajós,2024,,1244,MUNICIPAL,14.0,0.0,1.96,,,,,,,,12
0901725,510622,Nova Mutum,Teles Pires,2024,HOSPITAL REGIONAL HILDA STRENGER RIBEIRO NOVA MUTUM,3999,PRIVADA_SEM_FINS_LUCRATIVOS,171.17,20.0,20.88,7117,36,7079,9900750.89,2.47,3.36,0.28,12
2472716,510623,Nova Olímpia,Médio Norte Matogrossense,2024,HOSPITAL E MATERNIDADE NOVA OLIMPIA,2062,PRIVADA_EMPRESARIAL,16.0,0.0,3.85,629,0,0,365618.65,1.27,2.57,0.28,12
2395428,510625,Nova Xavantina,Garças Araguaia,2024,HOSPITAL MUNICIPAL DR DAERCIO OLIVEIRA MORAES,1244,MUNICIPAL,25.83,0.0,15.82,1993,1,0,1119366.83,2.76,2.7,0.59,12
4459733,510625,Nova Xavantina,Garças Araguaia,2024,,2062,PRIVADA_EMPRESARIAL,0.83,0.0,0.0,,,,,,,,6
2392720,510627,Novo Horizonte do Norte,Vale dos Arinos,2024,HOSPITAL MUNICIPAL JOSE KARA JOSE,1244,MUNICIPAL,12.75,0.0,3.68,258,0,0,100794.25,2.71,3.37,0.2,12
2395509,510628,Novo São Joaquim,Garças Araguaia,2024,HOSP MUN MARIA DOLORES T JORDAO NOVO SAO JOAQUIM,1244,MUNICIPAL,30.67,0.0,3.31,633,0,0,596978.13,0.32,2.8,0.16,12
2471663,510629,Paranaíta,Alto Tapajós,2024,HOSPITAL E MATERNIDADE ALIPIO CANDIDO DA SILVA,1244,MUNICIPAL,43.0,0.0,14.35,1743,1,0,859788.77,0.63,2.56,0.3,12
2390949,510630,Paranatinga,Sul Matogrossense,2024,HOSPITAL MUNICIPAL IRMA TEODORA,1244,MUNICIPAL,35.0,0.0,7.69,1391,0,0,651304.96,1.08,2.78,0.32,12
2752638,510637,Pedra Preta,Sul Matogrossense,2024,HOSPITAL PRONTO ATENDIMENTO MUNICIPAL LUCIANA MARTINS AMORIM,1244,MUNICIPAL,32.0,0.0,18.15,452,0,0,168683.77,5.31,4.4,0.18,12
2699842,510642,Peixoto de Azevedo,Vale do Peixoto,2024,HOSPITAL REGIONAL DE PEIXOTO DE AZEVEDO,1244,MUNICIPAL,61.25,0.0,18.92,2106,1,0,992035.49,2.18,3.48,0.34,12
2391449,510650,Poconé,Baixada Cuiabana,2024,HOSPITAL GERAL DE POCONE DR NICOLAU FONTANILAS FRAGELI,3999,PRIVADA_SEM_FINS_LUCRATIVOS,49.67,0.0,2.67,1837,70,0,798385.29,2.56,2.81,0.3,12
2395592,510670,Ponte Branca,Garças Araguaia,2024,HOSPITAL MUNICIPAL BOM JESUS,1244,MUNICIPAL,17.0,0.0,1.51,115,0,0,60789.84,0.0,2.11,0.04,12
2752654,510675,Pontes e Lacerda,Sudoeste Matogrossense,2024,HOSPITAL VALE DO GUAPORE,3999,PRIVADA_SEM_FINS_LUCRATIVOS,74.0,0.0,29.42,4828,0,0,2455419.62,1.16,3.05,0.57,12
2311615,510677,Porto Alegre do Norte,Araguaia Xingu,2024,,1244,MUNICIPAL,18.0,0.0,2.49,,,,,,,,12
2752646,510680,Porto dos Gaúchos,Vale dos Arinos,2024,HOSPITAL MUNICIPAL GUSTAV ADOLF ISERNHAGEN,1244,MUNICIPAL,20.5,0.0,4.83,611,0,0,218621.28,0.33,2.64,0.22,12
2397684,510700,Poxoréo,Sul Matogrossense,2024,HOSPITAL E MATERNIDADE SAO JOAO BATISTA,3999,PRIVADA_SEM_FINS_LUCRATIVOS,66.67,0.0,7.22,1644,0,0,937800.2,3.53,2.88,0.21,12
2397463,510704,Primavera do Leste,Sul Matogrossense,2024,HOSPITAL E MATERNIDADE SAO LUCAS PRIMAVERA DO LESTE,2062,PRIVADA_EMPRESARIAL,70.0,0.0,19.98,2142,8,0,1306052.06,0.19,2.04,0.18,12
2397676,510704,Primavera do Leste,Sul Matogrossense,2024,HOSPITAL DAS CLINICAS PRIMAVERA PRIMAVERA DO LESTE,2062,PRIVADA_EMPRESARIAL,59.67,8.0,60.82,3232,31,2952,3911256.66,2.26,2.51,0.26,12
4070070,510706,Querência,Médio Araguaia,2024,HOSPITAL MUNICIPAL DE QUERENCIA,1244,MUNICIPAL,29.0,0.0,11.33,1884,0,0,885323.45,1.27,2.89,0.53,12
2394316,510710,São José dos Quatro Marcos,Oeste Matogrossense,2024,,2062,PRIVADA_EMPRESARIAL,14.75,0.0,1.6,,,,,,,,12
2472791,510718,Ribeirão Cascalheira,Médio Araguaia,2024,HOSPITAL MUNICIPAL CRISTO REI,1244,MUNICIPAL,43.0,0.0,4.18,254,0,0,95712.23,0.0,2.62,0.04,12
2395452,510719,Ribeirãozinho,Garças Araguaia,2024,HOSPITAL NOSSA SENHORA DA ABADIA,1244,MUNICIPAL,15.0,0.0,5.67,41,0,0,16171.89,0.0,6.17,0.05,12
2394782,510720,Rio Branco,Oeste Matogrossense,2024,HOSPITAL MUNICIPAL DE RIO BRANCO,1244,MUNICIPAL,18.0,0.0,0.83,64,0,0,23711.02,1.56,2.92,0.03,12
3142663,510730,São José do Rio Claro,Centro Norte,2024,HOSPITAL MUNICIPAL DE SAO JOSE DO RIO CLARO,1244,MUNICIPAL,22.0,0.0,5.17,887,0,0,365986.37,2.37,3.11,0.37,12
2396424,510760,Rondonópolis,Sul Matogrossense,2024,CASA DE SAUDE PAULO DE TARSO E CAPS PAULO DE TARSO,3999,PRIVADA_SEM_FINS_LUCRATIVOS,82.0,0.0,7.49,871,0,0,2389253.6,0.0,33.28,0.97,12
2396866,510760,Rondonópolis,Sul Matogrossense,2024,SANTA CASA DE RONDONOPOLIS,3999,PRIVADA_SEM_FINS_LUCRATIVOS,220.0,46.0,104.47,14564,2510,15604,33956443.5,2.73,3.52,0.45,12
2604434,510760,Rondonópolis,Sul Matogrossense,2024,HOSPITAL REG IRMA ELZA GIOVANELLA,1236,ESTADUAL,110.75,20.0,108.29,8754,22,7253,11655535.76,5.0,4.32,0.8,12
2701626,510760,Rondonópolis,Sul Matogrossense,2024,,2240,PRIVADA_EMPRESARIAL,23.0,0.0,7.54,,,,,,,,12
3028925,510760,Rondonópolis,Sul Matogrossense,2024,HOSP DE REF SAUDE DA FAMILIA DR ANTONIO DOS S MUNIZ,1244,MUNICIPAL,73.0,0.0,53.9,3619,0,0,1530428.65,4.17,5.28,0.76,11
2655780,510770,Rosário Oeste,Centro Norte,2024,HOSPITAL MUNICIPAL DE ROSARIO OESTE,1244,MUNICIPAL,82.08,0.0,10.2,939,0,0,442614.65,2.88,3.09,0.11,12
2394189,510775,Salto do Céu,Oeste Matogrossense,2024,HOSPITAL MUNICIPAL DE SALTO DO CEU,1244,MUNICIPAL,14.0,0.0,3.52,92,0,0,36419.77,6.52,3.3,0.06,12
2311607,510777,Santa Terezinha,Araguaia Xingu,2024,HOSPITAL MUNICIPAL DE SANTA TEREZINHA,1244,MUNICIPAL,21.58,0.0,1.5,563,0,0,185675.94,1.24,1.74,0.15,12
2391171,510780,Santo Antônio do Leverger,Baixada Cuiabana,2024,,1244,MUNICIPAL,19.33,0.0,10.96,,,,,,,,12
2604426,510785,São Félix do Araguaia,Norte Araguaia Karajá,2024,HOSPITAL MUNICIPAL PREFEITO JOAO ABREU LUZ,1210,PUBLICA_OUTRA,31.67,0.0,4.28,1812,0,0,813096.75,1.82,2.66,0.43,12
9659366,510787,Sapezal,Médio Norte Matogrossense,2024,HOSPITAL SANTA MARCELINA DE SAPEZAL,3999,PRIVADA_SEM_FINS_LUCRATIVOS,34.0,0.0,15.43,1750,0,0,805631.75,1.2,3.5,0.51,12
0218669,510790,Sinop,Teles Pires,2024,,1244,MUNICIPAL,40.0,0.0,18.01,,,,,,,,12
0405159,510790,Sinop,Teles Pires,2024,,3999,PRIVADA_SEM_FINS_LUCRATIVOS,3.0,0.0,2.73,,,,,,,,12
2795671,510790,Sinop,Teles Pires,2024,HOSPITAL SANTO ANTONIO,3069,PRIVADA_SEM_FINS_LUCRATIVOS,93.0,16.0,34.24,6046,1443,5232,10454742.69,2.91,3.53,0.48,12
4804120,510790,Sinop,Teles Pires,2024,,3999,PRIVADA_SEM_FINS_LUCRATIVOS,18.0,0.0,0.15,,,,,,,,5
6085423,510790,Sinop,Teles Pires,2024,HOSPITAL REGIONAL JORGE DE ABREU,1236,ESTADUAL,128.0,0.0,118.8,3416,91,0,3656688.09,2.9,5.6,0.43,12
2795655,510792,Sorriso,Teles Pires,2024,HOSPITAL REGIONAL DE SORRISO,1236,ESTADUAL,141.0,16.0,90.54,8873,92,4396,11076254.39,3.62,4.48,0.72,12
7210345,510792,Sorriso,Teles Pires,2024,,2062,PRIVADA_EMPRESARIAL,4.0,0.0,2.03,,,,,,,,12
7901127,510792,Sorriso,Teles Pires,2024,HOSPITAL MATERNIDADE 13 DE MAIO VILA ROMANA,2054,PRIVADA_EMPRESARIAL,29.42,0.0,5.87,,,,,,,,12
7943733,510792,Sorriso,Teles Pires,2024,IGHASMAT,3999,PRIVADA_SEM_FINS_LUCRATIVOS,70.0,0.0,10.08,174,0,0,178000.91,0.0,1.99,0.01,12
2392801,510794,Tabaporã,Vale dos Arinos,2024,HOSPITAL MUNICIPAL DE TABAPORA,1244,MUNICIPAL,15.33,0.0,2.55,332,0,0,131646.37,3.31,2.64,0.17,12
2472139,510795,Tangará da Serra,Médio Norte Matogrossense,2024,HOSPITAL DAS CLINICAS VIDA E SAUDE TANGARA DA SERRA,2062,PRIVADA_EMPRESARIAL,25.58,0.0,12.05,,,,,,,,12
2472414,510795,Tangará da Serra,Médio Norte Matogrossense,2024,HOSPITAL E MATERNIDADE SANTA ANGELA TANGARA DA SERRA,2062,PRIVADA_EMPRESARIAL,36.5,0.0,6.13,4,0,0,1928.22,0.0,0.0,0.0,12
2767384,510795,Tangará da Serra,Médio Norte Matogrossense,2024,HOSPITAL MUNICIPAL ARLETE DAISY CICHETTI DE BRITO,1244,MUNICIPAL,81.0,0.0,19.84,5673,0,0,2986646.67,2.89,3.6,0.72,12
2398400,510800,Tapurah,Teles Pires,2024,HOSPITAL MUNICIPAL DE TAPURAH,1244,MUNICIPAL,22.0,0.0,5.19,260,0,0,61589.32,1.54,3.48,0.12,12
2391996,510805,Terra Nova do Norte,Vale do Peixoto,2024,HOSPITAL MUNICIPAL DE TERRA NOVA DO NORTE,1244,MUNICIPAL,38.0,0.0,8.67,466,14,0,201717.85,3.0,3.47,0.12,12
2397501,510810,Tesouro,Sul Matogrossense,2024,HOSPITAL E MATERNIDADE SAO LUCAS,1244,MUNICIPAL,15.0,0.0,1.28,68,0,0,24708.25,5.88,3.32,0.05,12
2395584,510820,Torixoréu,Garças Araguaia,2024,HOSPITAL MUNICIPAL SAO JOAO BOSCO,1244,MUNICIPAL,24.0,0.0,6.74,453,0,0,287076.32,0.66,1.26,0.07,12
2390868,510840,Várzea Grande,Baixada Cuiabana,2024,,3999,PRIVADA_SEM_FINS_LUCRATIVOS,20.58,0.0,3.06,,,,,,,,12
2391635,510840,Várzea Grande,Baixada Cuiabana,2024,HOSPITAL E PRONTO SOCORRO MUNICIPAL DE VARZEA GRANDE,1244,MUNICIPAL,236.33,30.0,122.75,9943,2,9326,14681119.96,4.96,6.41,0.65,12
2928604,510840,Várzea Grande,Baixada Cuiabana,2024,,1244,MUNICIPAL,26.0,0.0,20.98,,,,,,,,12
6853781,510840,Várzea Grande,Baixada Cuiabana,2024,METROPOLITANO HOSPITAL ESTADUAL LOUSITE FERREIRA DA SILVA,1236,ESTADUAL,198.0,40.0,174.53,5179,629,10122,15204255.35,6.66,7.77,0.43,12
4196708,510850,Vera,Teles Pires,2024,,3069,PRIVADA_SEM_FINS_LUCRATIVOS,33.0,0.0,0.6,,,,,,,,12
7914288,510860,Vila Rica,Araguaia Xingu,2024,HOSPITAL MUNICIPAL DE VILA RICA,1244,MUNICIPAL,21.0,0.0,7.69,1004,3,0,447854.53,3.78,2.95,0.41,12
2473046,510020,Água Boa,Médio Araguaia,2025,HOSPITAL REGIONAL DE AGUA BOA,1210,PUBLICA_OUTRA,74.0,10.0,26.91,5901,12,3301,6155810.94,3.61,3.16,0.61,12
2471345,510025,Alta Floresta,Alto Tapajós,2025,HOSPITAL REGIONAL DE ALTA FLORESTA ALBERT SABIN,1023,ESTADUAL,69.17,0.0,74.46,5985,0,0,4125702.46,1.99,3.24,0.81,12
2569531,510025,Alta Floresta,Alto Tapajós,2025,,2062,PRIVADA_EMPRESARIAL,0.0,0.0,0.76,,,,,,,,12
3913880,510025,Alta Floresta,Alto Tapajós,2025,,2062,PRIVADA_EMPRESARIAL,0.0,0.0,3.1,,,,,,,,2
3913899,510025,Alta Floresta,Alto Tapajós,2025,,2062,PRIVADA_EMPRESARIAL,86.0,0.0,0.0,,,,,,,,1
2396998,510030,Alto Araguaia,Sul Matogrossense,2025,HOSPITAL MUNICIPAL DE ALTO ARAGUAIA,1244,MUNICIPAL,23.0,0.0,13.91,580,0,0,199826.89,3.1,1.88,0.15,12
2396335,510040,Alto Garças,Sul Matogrossense,2025,,1244,MUNICIPAL,20.92,0.0,10.31,,,,,,,,12
2397056,510060,Alto Taquari,Sul Matogrossense,2025,HOSPITAL E MATERNIDADE NOSSA SENHORA APARECIDA,1244,MUNICIPAL,20.67,0.0,6.52,291,1,0,172363.79,0.34,2.05,0.08,12
2471590,510080,Apiacás,Alto Tapajós,2025,HOSPITAL MUNICIPAL DE APIACAS,1244,MUNICIPAL,32.0,0.0,3.41,427,0,0,155139.28,0.47,3.33,0.13,12
2752611,510125,Araputanga,Oeste Matogrossense,2025,HOSPITAL GERAL E MATERNIDADE ARAPUTANGA,2062,PRIVADA_EMPRESARIAL,16.0,0.0,7.88,364,0,0,105543.9,4.67,2.71,0.19,12
8084807,510125,Araputanga,Oeste Matogrossense,2025,HOSPITAL MUNICIPAL DE ARAPUTANGA,1244,MUNICIPAL,19.0,0.0,1.0,,,,,,,,1
2472244,510130,Arenápolis,Médio Norte Matogrossense,2025,HOSPITAL MUNICIPAL DR MANUELA MACHADO BARBOSA GOMES,1244,MUNICIPAL,31.0,0.0,5.36,1247,0,0,514948.78,1.36,3.13,0.35,12
4069099,510140,Aripuanã,Noroeste Matogrossense,2025,HOSPITAL MUNICIPAL SANTO ANTONIO ARIPUANA,1244,MUNICIPAL,34.25,0.0,12.04,1901,0,0,771524.63,0.74,3.89,0.6,12
2964759,510170,Barra do Bugres,Médio Norte Matogrossense,2025,HOSPITAL MATERNIDADE MUNICIPAL DE BARRA DO BUGRES RENE BAR,1244,MUNICIPAL,32.0,0.0,11.67,1525,0,0,715004.29,3.21,3.01,0.42,12
2395886,510180,Barra do Garças,Garças Araguaia,2025,HOSPITAL MUNICIPAL MILTON PESSOA MORBECK,1244,MUNICIPAL,83.33,10.0,34.99,4881,22,3188,6052839.8,3.01,3.55,0.5,12
2471795,510190,Brasnorte,Noroeste Matogrossense,2025,HOSPITAL MUNICIPAL DE BRASNORTE BRASNORTE,1244,MUNICIPAL,40.0,0.0,16.85,1617,0,0,609054.55,1.42,3.71,0.42,12
2395037,510250,Cáceres,Oeste Matogrossense,2025,HOSPITAL REGIONAL DE CACERES DR ANTONIO FONTES UNIDADE II,1023,ESTADUAL,110.0,10.0,9.84,5380,0,3664,5535191.3,4.13,4.33,0.5,12
2534460,510250,Cáceres,Oeste Matogrossense,2025,HOSPITAL REGIONAL DE CACERES DR ANTONIO FONTES UNIDADE I,1023,ESTADUAL,144.0,6.0,25.55,6543,25,2171,7063597.53,4.75,5.18,0.62,12
2998653,510250,Cáceres,Oeste Matogrossense,2025,HOSPITAL QUALITY,2062,PRIVADA_EMPRESARIAL,39.0,0.0,12.2,1027,0,0,838486.56,0.1,2.59,0.19,12
3771393,510250,Cáceres,Oeste Matogrossense,2025,COC CENTRO OFTALMOLOGICO DE CACERES,2062,PRIVADA_EMPRESARIAL,4.0,0.0,4.2,40,38,0,184004.5,0.0,0.0,0.03,12
2395479,510260,Campinápolis,Garças Araguaia,2025,HOSPITAL MUNICIPAL SEBASTIAO ANTONIO DA COSTA,1244,MUNICIPAL,22.5,0.0,4.05,738,0,0,306808.11,1.22,2.69,0.26,12
2655802,510263,Campo Novo do Parecis,Médio Norte Matogrossense,2025,HOSPITAL MUNICIPAL EUCLIDES HORST,1244,MUNICIPAL,34.25,0.0,17.69,2843,0,0,1475003.52,1.58,2.62,0.64,12
2396106,510267,Campo Verde,Sul Matogrossense,2025,HOSPITAL MUNICIPAL CORACAO DE JESUS,1244,MUNICIPAL,53.0,0.0,17.64,3160,7,0,2356386.26,3.23,3.11,0.55,12
2396211,510267,Campo Verde,Sul Matogrossense,2025,,2062,PRIVADA_EMPRESARIAL,9.0,0.0,0.0,,,,,,,,12
2394324,510268,Campos de Júlio,Sudoeste Matogrossense,2025,HOSPITAL MUNICIPAL LEOCYR LAZARETE,1244,MUNICIPAL,17.0,0.0,4.01,622,0,0,156251.13,1.45,1.66,0.22,12
7768400,510270,Canarana,Médio Araguaia,2025,HOSPITAL MUNICIPAL LORENA PARODE,1244,MUNICIPAL,28.0,0.0,9.99,1295,0,0,564433.25,1.24,2.15,0.29,12
2398443,510305,Cláudia,Teles Pires,2025,HOSPITAL DONA NILZA DE OLIVEIRA PIPINO,3069,PRIVADA_SEM_FINS_LUCRATIVOS,21.75,0.0,7.48,624,0,0,195531.64,3.2,2.65,0.24,12
2472783,510310,Cocalinho,Médio Araguaia,2025,HOSPITAL MUNICIPAL DE COCALINHO,1244,MUNICIPAL,17.0,0.0,2.51,334,0,0,101834.33,0.0,2.69,0.16,12
2392380,510320,Colíder,Norte Matogrossense,2025,,2062,PRIVADA_EMPRESARIAL,0.0,0.0,0.0,,,,,,,,10
2392399,510320,Colíder,Norte Matogrossense,2025,,2062,PRIVADA_EMPRESARIAL,0.0,0.0,1.75,,,,,,,,12
2392410,510320,Colíder,Norte Matogrossense,2025,HOSPITAL REGIONAL DE COLIDER,1023,ESTADUAL,58.5,8.0,78.23,3644,1,2842,4707803.45,5.98,4.41,0.65,12
3574261,510325,Colniza,Noroeste Matogrossense,2025,HOSPITAL MUNICIPAL ANDRE MAGGI COLNIZA,1244,MUNICIPAL,36.0,0.0,7.5,1821,0,0,764376.99,1.98,2.43,0.36,12
2395274,510330,Comodoro,Sudoeste Matogrossense,2025,HOSPITAL DAS CLINICAS DE COMODORO,2062,PRIVADA_EMPRESARIAL,31.0,0.0,4.4,1071,1,0,519015.75,1.59,4.01,0.39,12
2793636,510335,Confresa,Araguaia Xingu,2025,HOSPITAL E MATERNIDADE DR LAURO TARCISIO PRESTE DE OLIVEIRA,1244,MUNICIPAL,71.0,0.0,15.77,4726,2,0,2544832.7,2.28,3.14,0.6,12
2392968,510337,Cotriguaçu,Noroeste Matogrossense,2025,HOSPITAL MUNICIPAL OLIRIO OLIVEIRA DOS SANTOS,1244,MUNICIPAL,34.0,0.0,3.48,417,0,0,142820.34,1.44,2.62,0.1,12
2311682,510340,Cuiabá,Baixada Cuiabana,2025,HOSPITAL SANTA HELENA,3999,PRIVADA_SEM_FINS_LUCRATIVOS,129.0,28.0,33.78,11381,2,9315,14445504.99,1.45,3.64,0.66,12
2393565,510340,Cuiabá,Baixada Cuiabana,2025,,2062,PRIVADA_EMPRESARIAL,16.0,4.0,8.13,,,,,,,,12
2393581,510340,Cuiabá,Baixada Cuiabana,2025,,2062,PRIVADA_EMPRESARIAL,2.0,0.0,1.45,,,,,,,,12
2473062,510340,Cuiabá,Baixada Cuiabana,2025,HOSPITAL DE OLHOS DE CUIABA,2062,PRIVADA_EMPRESARIAL,9.0,0.0,3.85,53,43,0,219744.27,0.0,0.0,0.02,1
2494523,510340,Cuiabá,Baixada Cuiabana,2025,FEMINA HOSPITAL INFANTIL E MATERNIDADE,2062,PRIVADA_EMPRESARIAL,13.0,5.0,6.65,18,14,85,173734.93,16.67,5.89,0.01,12
2495015,510340,Cuiabá,Baixada Cuiabana,2025,HOSPITAL E PRONTO SOCORRO MUNICIPAL DE CUIABA,1031,MUNICIPAL,197.0,58.0,104.18,5217,64,16503,19252796.1,9.8,9.83,0.51,12
2534444,510340,Cuiabá,Baixada Cuiabana,2025,HOSPITAL DE CANCER DE MATO GROSSO,3999,PRIVADA_SEM_FINS_LUCRATIVOS,95.17,18.0,56.62,6808,3308,5525,18251026.37,7.55,4.07,0.72,12
2604388,510340,Cuiabá,Baixada Cuiabana,2025,,2054,PRIVADA_EMPRESARIAL,13.0,5.0,9.53,,,,,,,,12
2604396,510340,Cuiabá,Baixada Cuiabana,2025,CIAPS HOSPITAL ADAUTO BOTELHO,1023,ESTADUAL,120.0,0.0,13.1,712,0,0,1469563.98,0.0,41.63,0.68,12
2655411,510340,Cuiabá,Baixada Cuiabana,2025,HOSPITAL UNIVERSITARIO JULIO MULLER EBSERH,2011,EMPRESA_ESTATAL,108.0,18.0,143.05,4348,237,4705,6400206.54,2.25,5.96,0.54,12
2659107,510340,Cuiabá,Baixada Cuiabana,2025,HOSPITAL GERAL E MATERNIDADE DE CUIABA,3999,PRIVADA_SEM_FINS_LUCRATIVOS,207.5,30.0,252.77,8983,2852,10522,38510786.91,3.5,6.3,0.6,12
2803984,510340,Cuiabá,Baixada Cuiabana,2025,,2062,PRIVADA_EMPRESARIAL,20.4,0.0,6.27,,,,,,,,5
3851249,510340,Cuiabá,Baixada Cuiabana,2025,,3999,PRIVADA_SEM_FINS_LUCRATIVOS,15.0,0.0,6.99,,,,,,,,12
3953238,510340,Cuiabá,Baixada Cuiabana,2025,HOSPITAL E MATERNIDADE SAO MATEUS,2062,PRIVADA_EMPRESARIAL,13.33,2.0,98.11,35,31,1,171812.23,0.0,3.6,0.02,12
5558638,510340,Cuiabá,Baixada Cuiabana,2025,HOSPITAL CENTRAL DE ALTA COMPLEXIDADE DE MATO GROSSO,1023,ESTADUAL,183.33,0.0,4.05,,,,,,,,9
6331378,510340,Cuiabá,Baixada Cuiabana,2025,,2062,PRIVADA_EMPRESARIAL,1.0,0.0,3.65,,,,,,,,12
6923089,510340,Cuiabá,Baixada Cuiabana,2025,HOSPITAL OTORRINO,2062,PRIVADA_EMPRESARIAL,47.0,0.0,12.61,331,0,0,512958.26,0.0,1.02,0.02,12
7349270,510340,Cuiabá,Baixada Cuiabana,2025,HOSPITAL MUNICIPAL SAO BENEDITO DE CUIABA,2011,EMPRESA_ESTATAL,102.0,20.0,137.4,1477,1,2980,3303835.38,11.04,9.42,0.3,12
9209352,510340,Cuiabá,Baixada Cuiabana,2025,HOSPITAL MUNICIPAL DE CUIABA E P S DR LEONY PALMA CARVALHO,1031,MUNICIPAL,309.0,60.0,229.09,14211,958,19694,28351973.86,5.09,7.36,0.78,12
9841903,510340,Cuiabá,Baixada Cuiabana,2025,HOSPITAL ESTADUAL SANTA CASA,1023,ESTADUAL,136.17,0.0,248.61,5296,61,0,3142174.98,1.42,4.73,0.51,12
2398125,510350,Diamantino,Centro Norte,2025,HOSPITAL MUNICIPAL SAO JOAO BATISTA,1244,MUNICIPAL,30.0,0.0,6.74,1959,0,0,907136.8,1.68,2.75,0.51,12
2396343,510360,Dom Aquino,Sul Matogrossense,2025,HOSPITAL BOM JESUS,3999,PRIVADA_SEM_FINS_LUCRATIVOS,15.0,0.0,1.82,153,0,0,50425.79,1.96,2.61,0.08,10
5632323,510360,Dom Aquino,Sul Matogrossense,2025,HOSPITAL MUNICIPAL DR LOURIVAL CANDIDO PORTUGUEZ,1244,MUNICIPAL,9.5,0.0,3.46,258,0,0,91012.15,3.49,2.02,0.19,8
2391163,510385,Gaúcha do Norte,Médio Araguaia,2025,HOSPITAL MUNICIPAL DE GAUCHA DO NORTE,1244,MUNICIPAL,9.33,0.0,4.99,161,0,0,58660.05,0.0,3.15,0.16,12
2395398,510390,General Carneiro,Garças Araguaia,2025,HOSPITAL MUNICIPAL DE GENERAL CARNEIRO,1244,MUNICIPAL,15.0,0.0,3.95,120,0,0,50716.27,4.17,5.38,0.12,12
2392046,510410,Guarantã do Norte,Vale do Peixoto,2025,HOSPITAL MUNICIPAL NOSSA SENHORA DO ROSARIO,1244,MUNICIPAL,36.0,0.0,22.51,2411,1,0,1251743.31,2.66,3.09,0.59,12
3191737,510410,Guarantã do Norte,Vale do Peixoto,2025,,2062,PRIVADA_EMPRESARIAL,1.0,0.0,0.77,,,,,,,,12
4590082,510420,Guiratinga,Sul Matogrossense,2025,HOSPITAL MUNICIPAL SANTA MARIA BERTILLA,1244,MUNICIPAL,5.0,0.0,7.33,355,0,0,110242.33,4.51,3.42,0.75,12
2534010,510455,Itaúba,Norte Matogrossense,2025,,1244,MUNICIPAL,16.0,0.0,16.0,,,,,,,,12
2395916,510460,Itiquira,Sul Matogrossense,2025,HOSPITAL MUNICIPAL OSNIR BORTOLINI,1244,MUNICIPAL,22.0,0.0,6.69,517,0,0,191763.7,1.93,2.64,0.18,12
2397269,510480,Jaciara,Sul Matogrossense,2025,,2062,PRIVADA_EMPRESARIAL,20.0,0.0,0.53,,,,,,,,8
3269728,510480,Jaciara,Sul Matogrossense,2025,HOSPITAL MUNICIPAL DE JACIARA,1244,MUNICIPAL,38.0,0.0,26.75,1611,0,0,761681.33,1.37,2.72,0.35,12
2394723,510500,Jauru,Sudoeste Matogrossense,2025,HOSPITAL DE JAURU,3999,PRIVADA_SEM_FINS_LUCRATIVOS,33.0,0.0,2.44,79,0,0,28109.06,1.27,3.04,0.02,12
2392704,510510,Juara,Vale dos Arinos,2025,HOSPITAL MUNICIPAL DE JUARA ELIDIA MASCHIETTO SANTILLO,1244,MUNICIPAL,36.0,0.0,15.97,2396,0,0,1440633.84,3.88,3.31,0.64,12
2392887,510510,Juara,Vale dos Arinos,2025,HOSPITAL E MATERNIDADE SAO LUCAS SOCIEDADE MEDICA SAO LUCAS,2062,PRIVADA_EMPRESARIAL,3.33,0.0,2.24,3,0,0,24525.13,0.0,1.0,0.0,12
3430383,510510,Juara,Vale dos Arinos,2025,,2062,PRIVADA_EMPRESARIAL,0.0,0.0,0.0,,,,,,,,12
2393395,510515,Juína,Noroeste Matogrossense,2025,HOSPITAL SAO LUCAS JUINA,2062,PRIVADA_EMPRESARIAL,12.0,0.0,0.5,,,,,,,,12
4069803,510515,Juína,Noroeste Matogrossense,2025,HOSPITAL MUNICIPAL DE JUINA DR HIDEO SAKUNO,1244,MUNICIPAL,75.0,0.0,16.13,4442,6,0,2256529.87,0.63,4.24,0.71,12
2392895,510517,Juruena,Noroeste Matogrossense,2025,HOSPITAL MUNICIPAL DE JURUENA RENILDA DE FATIMA DE MORAIS,1244,MUNICIPAL,20.5,0.0,2.74,560,0,0,212985.72,2.86,3.67,0.29,12
2396092,510520,Juscimeira,Sul Matogrossense,2025,HOSPITAL MUNICPAL PADRE JOHANNES BERTHOLD HENNING,1244,MUNICIPAL,15.0,0.0,2.45,837,0,0,281892.16,1.55,2.78,0.49,12
2767953,510525,Lucas do Rio Verde,Teles Pires,2025,HOSPITAL SAO LUCAS LUCAS DO RIO VERDE,3069,PRIVADA_SEM_FINS_LUCRATIVOS,108.33,0.0,48.14,7106,23,0,4209941.65,1.73,4.28,0.8,12
2752603,510550,Vila Bela da Santíssima Trindade,Sudoeste Matogrossense,2025,HOSPITAL EVANGELICO DE MATO GROSSO,3999,PRIVADA_SEM_FINS_LUCRATIVOS,55.0,0.0,13.99,1769,0,0,828645.31,1.24,3.21,0.29,12
8013926,510558,Marcelândia,Norte Matogrossense,2025,HOSPITAL MARIA ZELIA,1244,MUNICIPAL,22.0,0.0,4.98,343,0,0,165178.24,1.46,4.62,0.2,12
2391724,510560,Matupá,Vale do Peixoto,2025,HOSPITAL MUNICIPAL DE MATUPA,1244,MUNICIPAL,27.5,0.0,13.39,1253,21,0,880038.81,3.03,3.06,0.4,12
2395266,510562,Mirassol d'Oeste,Oeste Matogrossense,2025,,2062,PRIVADA_EMPRESARIAL,30.0,0.0,1.75,,,,,,,,12
7254628,510562,Mirassol d'Oeste,Oeste Matogrossense,2025,HOSPITAL SAMUEL GREVE,1244,MUNICIPAL,41.0,0.0,13.8,1078,0,0,492304.39,3.43,3.12,0.25,12
2802473,510590,Nobres,Centro Norte,2025,HOSPITAL E MATERNIDADE LAURA VICUNA,2062,PRIVADA_EMPRESARIAL,29.58,0.0,2.01,1122,0,0,523848.91,3.74,2.64,0.3,12
0071773,510600,Nortelândia,Centro Norte,2025,,1244,MUNICIPAL,10.5,0.0,4.7,,,,,,,,12
4069870,510610,Nossa Senhora do Livramento,Baixada Cuiabana,2025,HOSPITAL MUNICIPAL PROFESSORA MARIA ARLINDA DA COSTA,1244,MUNICIPAL,16.0,0.0,4.98,91,0,0,37998.36,8.79,4.29,0.07,12
2471604,510615,Nova Bandeirantes,Alto Tapajós,2025,,1244,MUNICIPAL,14.0,0.0,2.17,,,,,,,,12
0901725,510622,Nova Mutum,Teles Pires,2025,HOSPITAL REGIONAL HILDA STRENGER RIBEIRO NOVA MUTUM,3999,PRIVADA_SEM_FINS_LUCRATIVOS,167.58,20.0,30.2,8602,184,7301,12596672.1,1.92,3.07,0.33,12
2472716,510623,Nova Olímpia,Médio Norte Matogrossense,2025,HOSPITAL E MATERNIDADE NOVA OLIMPIA,2062,PRIVADA_EMPRESARIAL,16.0,0.0,3.85,631,0,0,332766.74,0.95,2.73,0.3,12
5841186,510624,Nova Ubiratã,Teles Pires,2025,,1244,MUNICIPAL,10.0,0.0,0.0,,,,,,,,5
2395428,510625,Nova Xavantina,Garças Araguaia,2025,HOSPITAL MUNICIPAL DR DAERCIO OLIVEIRA MORAES,1244,MUNICIPAL,26.67,0.0,15.7,2172,0,0,1977613.3,2.44,3.12,0.72,12
4459733,510625,Nova Xavantina,Garças Araguaia,2025,,2062,PRIVADA_EMPRESARIAL,13.0,0.0,0.17,,,,,,,,9
2392720,510627,Novo Horizonte do Norte,Vale dos Arinos,2025,HOSPITAL MUNICIPAL JOSE KARA JOSE,1244,MUNICIPAL,13.0,0.0,5.74,322,0,0,132854.36,3.11,4.9,0.34,12
2395509,510628,Novo São Joaquim,Garças Araguaia,2025,HOSP MUN MARIA DOLORES T JORDAO NOVO SAO JOAQUIM,1244,MUNICIPAL,32.17,0.0,6.02,657,17,0,2339807.2,1.67,2.56,0.15,12
2471663,510629,Paranaíta,Alto Tapajós,2025,HOSPITAL E MATERNIDADE ALIPIO CANDIDO DA SILVA,1244,MUNICIPAL,33.83,0.0,14.73,1913,0,0,2010143.52,0.47,2.4,0.39,12
2390949,510630,Paranatinga,Sul Matogrossense,2025,HOSPITAL MUNICIPAL IRMA TEODORA,1244,MUNICIPAL,32.5,0.0,12.43,1062,0,0,501255.87,1.22,2.84,0.28,12
2752638,510637,Pedra Preta,Sul Matogrossense,2025,HOSPITAL PRONTO ATENDIMENTO MUNICIPAL LUCIANA MARTINS AMORIM,1244,MUNICIPAL,25.33,0.0,16.55,392,0,0,144552.83,3.83,4.88,0.22,12
2699842,510642,Peixoto de Azevedo,Vale do Peixoto,2025,HOSPITAL REGIONAL DE PEIXOTO DE AZEVEDO,1244,MUNICIPAL,65.5,0.0,16.11,3104,1,0,1544242.26,2.38,3.79,0.52,12
2391449,510650,Poconé,Baixada Cuiabana,2025,HOSPITAL GERAL DE POCONE DR NICOLAU FONTANILAS FRAGELI,3999,PRIVADA_SEM_FINS_LUCRATIVOS,44.0,0.0,2.89,2256,0,0,996205.02,1.51,2.61,0.39,12
2395592,510670,Ponte Branca,Garças Araguaia,2025,HOSPITAL MUNICIPAL BOM JESUS,1244,MUNICIPAL,17.0,0.0,1.5,71,1,0,31969.34,0.0,2.92,0.03,12
2752654,510675,Pontes e Lacerda,Sudoeste Matogrossense,2025,HOSPITAL VALE DO GUAPORE,1244,MUNICIPAL,74.0,0.0,25.98,5124,1,0,2607012.45,1.93,3.28,0.66,12
2311615,510677,Porto Alegre do Norte,Araguaia Xingu,2025,,1244,MUNICIPAL,18.0,0.0,3.24,,,,,,,,12
2752646,510680,Porto dos Gaúchos,Vale dos Arinos,2025,HOSPITAL MUNICIPAL GUSTAV ADOLF ISERNHAGEN,1244,MUNICIPAL,20.0,0.0,4.49,706,0,0,260104.02,1.13,3.71,0.37,12
2397684,510700,Poxoréo,Sul Matogrossense,2025,HOSPITAL E MATERNIDADE SAO JOAO BATISTA,3999,PRIVADA_SEM_FINS_LUCRATIVOS,66.0,0.0,8.99,1492,0,0,801832.72,2.01,2.97,0.19,12
2397463,510704,Primavera do Leste,Sul Matogrossense,2025,HOSPITAL E MATERNIDADE SAO LUCAS PRIMAVERA DO LESTE,2062,PRIVADA_EMPRESARIAL,73.67,0.0,20.76,2604,15,0,2008439.1,0.08,2.22,0.23,12
2397676,510704,Primavera do Leste,Sul Matogrossense,2025,HOSPITAL DAS CLINICAS PRIMAVERA PRIMAVERA DO LESTE,2062,PRIVADA_EMPRESARIAL,61.0,8.0,66.95,3842,20,2844,4635983.54,1.64,2.22,0.29,12
4070070,510706,Querência,Médio Araguaia,2025,HOSPITAL MUNICIPAL DE QUERENCIA,1244,MUNICIPAL,18.75,0.0,9.02,1824,0,0,926976.66,1.59,2.32,0.64,12
2394316,510710,São José dos Quatro Marcos,Oeste Matogrossense,2025,,2062,PRIVADA_EMPRESARIAL,13.33,0.0,1.6,,,,,,,,12
2472791,510718,Ribeirão Cascalheira,Médio Araguaia,2025,HOSPITAL MUNICIPAL CRISTO REI,1244,MUNICIPAL,23.08,0.0,4.75,814,0,0,317747.46,0.12,2.16,0.21,12
2395452,510719,Ribeirãozinho,Garças Araguaia,2025,HOSPITAL NOSSA SENHORA DA ABADIA,1244,MUNICIPAL,13.67,0.0,2.77,71,0,0,33256.7,4.22,5.0,0.07,12
2394782,510720,Rio Branco,Oeste Matogrossense,2025,HOSPITAL MUNICIPAL DE RIO BRANCO,1244,MUNICIPAL,18.0,0.0,2.34,230,0,0,85768.94,5.22,2.12,0.09,12
3142663,510730,São José do Rio Claro,Centro Norte,2025,HOSPITAL MUNICIPAL DE SAO JOSE DO RIO CLARO,1244,MUNICIPAL,22.0,0.0,4.94,817,0,0,329190.95,2.33,2.67,0.3,12
0171557,510760,Rondonópolis,Sul Matogrossense,2025,,1244,MUNICIPAL,1.0,0.0,2.5,,,,,,,,6
2396424,510760,Rondonópolis,Sul Matogrossense,2025,CASA DE SAUDE PAULO DE TARSO E CAPS PAULO DE TARSO,3999,PRIVADA_SEM_FINS_LUCRATIVOS,82.0,0.0,8.89,855,0,0,2402602.74,0.0,34.08,0.98,12
2396866,510760,Rondonópolis,Sul Matogrossense,2025,SANTA CASA DE RONDONOPOLIS,3999,PRIVADA_SEM_FINS_LUCRATIVOS,218.67,46.0,131.13,14691,2406,15890,35236655.4,3.02,3.64,0.47,12
2604434,510760,Rondonópolis,Sul Matogrossense,2025,HOSPITAL REG IRMA ELZA GIOVANELLA,1023,ESTADUAL,110.42,20.0,71.44,8910,11,7148,11187297.96,5.07,3.81,0.72,12
2701626,510760,Rondonópolis,Sul Matogrossense,2025,,2240,PRIVADA_EMPRESARIAL,19.0,0.0,7.78,,,,,,,,12
3028925,510760,Rondonópolis,Sul Matogrossense,2025,HOSP DE REF SAUDE DA FAMILIA DR ANTONIO DOS S MUNIZ,1244,MUNICIPAL,73.0,0.0,61.25,4779,0,0,2106830.66,4.75,5.12,0.97,12
2655780,510770,Rosário Oeste,Centro Norte,2025,HOSPITAL MUNICIPAL DE ROSARIO OESTE,1244,MUNICIPAL,85.0,0.0,7.84,766,0,0,368626.37,3.0,3.07,0.09,12
2394189,510775,Salto do Céu,Oeste Matogrossense,2025,HOSPITAL MUNICIPAL DE SALTO DO CEU,1244,MUNICIPAL,14.0,0.0,3.16,68,0,0,20867.23,1.47,5.09,0.07,12
2311607,510777,Santa Terezinha,Araguaia Xingu,2025,HOSPITAL MUNICIPAL DE SANTA TEREZINHA,1244,MUNICIPAL,14.33,0.0,1.26,597,0,0,196931.92,0.67,2.51,0.32,12
2391171,510780,Santo Antônio do Leverger,Baixada Cuiabana,2025,,1244,MUNICIPAL,16.0,0.0,14.07,,,,,,,,12
2604426,510785,São Félix do Araguaia,Norte Araguaia Karajá,2025,HOSPITAL MUNICIPAL PREFEITO JOAO ABREU LUZ,1210,PUBLICA_OUTRA,32.0,0.0,4.79,1906,0,0,852439.05,2.57,2.91,0.49,12
9659366,510787,Sapezal,Médio Norte Matogrossense,2025,HOSPITAL SANTA MARCELINA DE SAPEZAL,3999,PRIVADA_SEM_FINS_LUCRATIVOS,34.0,0.0,13.85,1685,0,0,859709.8,1.01,4.56,0.63,12
0218669,510790,Sinop,Teles Pires,2025,,1244,MUNICIPAL,40.0,0.0,31.0,,,,,,,,12
0405159,510790,Sinop,Teles Pires,2025,,3999,PRIVADA_SEM_FINS_LUCRATIVOS,3.0,0.0,4.02,,,,,,,,12
2534231,510790,Sinop,Teles Pires,2025,,2062,PRIVADA_EMPRESARIAL,25.5,0.0,5.31,,,,,,,,12
2795671,510790,Sinop,Teles Pires,2025,HOSPITAL SANTO ANTONIO,3069,PRIVADA_SEM_FINS_LUCRATIVOS,93.0,16.0,42.37,6322,1347,5490,10699899.14,2.8,3.51,0.5,12
4804120,510790,Sinop,Teles Pires,2025,,3999,PRIVADA_SEM_FINS_LUCRATIVOS,21.33,0.0,1.73,,,,,,,,12
6085423,510790,Sinop,Teles Pires,2025,HOSPITAL REGIONAL JORGE DE ABREU,1023,ESTADUAL,104.67,0.0,124.57,2214,49,0,1794702.23,2.48,4.83,0.3,12
8013977,510790,Sinop,Teles Pires,2025,,2062,PRIVADA_EMPRESARIAL,4.0,0.0,0.5,,,,,,,,1
2795655,510792,Sorriso,Teles Pires,2025,HOSPITAL REGIONAL DE SORRISO,1023,ESTADUAL,130.17,16.0,105.77,6661,90,4403,9044325.04,3.86,5.01,0.64,12
7210345,510792,Sorriso,Teles Pires,2025,,2062,PRIVADA_EMPRESARIAL,4.0,0.0,2.49,,,,,,,,12
7901127,510792,Sorriso,Teles Pires,2025,HOSPITAL MATERNIDADE 13 DE MAIO VILA ROMANA,2054,PRIVADA_EMPRESARIAL,43.58,0.0,7.97,23,0,0,22626.77,0.0,2.48,0.0,12
7943733,510792,Sorriso,Teles Pires,2025,IGHASMAT,3999,PRIVADA_SEM_FINS_LUCRATIVOS,81.67,0.0,13.87,112,0,0,130405.53,0.0,1.96,0.01,12
2392801,510794,Tabaporã,Vale dos Arinos,2025,HOSPITAL MUNICIPAL DE TABAPORA,1244,MUNICIPAL,13.17,0.0,6.72,434,0,0,192209.24,1.61,2.6,0.25,12
2472139,510795,Tangará da Serra,Médio Norte Matogrossense,2025,HOSPITAL DAS CLINICAS VIDA E SAUDE TANGARA DA SERRA,2062,PRIVADA_EMPRESARIAL,37.17,0.0,12.03,94,0,0,40850.5,0.0,5.67,0.04,12
2472414,510795,Tangará da Serra,Médio Norte Matogrossense,2025,HOSPITAL E MATERNIDADE SANTA ANGELA TANGARA DA SERRA,2062,PRIVADA_EMPRESARIAL,49.0,0.0,11.78,,,,,,,,12
2767384,510795,Tangará da Serra,Médio Norte Matogrossense,2025,HOSPITAL MUNICIPAL ARLETE DAISY CICHETTI DE BRITO,1244,MUNICIPAL,81.0,0.0,20.41,5928,3,0,3307541.7,2.38,3.72,0.78,12
3171353,510795,Tangará da Serra,Médio Norte Matogrossense,2025,,2062,PRIVADA_EMPRESARIAL,1.0,0.0,0.25,,,,,,,,2
2398400,510800,Tapurah,Teles Pires,2025,HOSPITAL MUNICIPAL DE TAPURAH,1244,MUNICIPAL,19.08,0.0,7.88,344,0,0,69483.39,2.04,3.31,0.18,12
2391996,510805,Terra Nova do Norte,Vale do Peixoto,2025,HOSPITAL MUNICIPAL DE TERRA NOVA DO NORTE,1244,MUNICIPAL,30.83,0.0,8.73,548,0,0,438842.41,3.28,3.99,0.2,12
2397501,510810,Tesouro,Sul Matogrossense,2025,HOSPITAL E MATERNIDADE SAO LUCAS,1244,MUNICIPAL,15.0,0.0,1.46,64,0,0,21433.45,7.81,5.09,0.06,12
2395584,510820,Torixoréu,Garças Araguaia,2025,HOSPITAL MUNICIPAL SAO JOAO BOSCO,1244,MUNICIPAL,24.5,0.0,9.21,421,8,0,333518.91,1.9,1.42,0.07,12
2390868,510840,Várzea Grande,Baixada Cuiabana,2025,,2062,PRIVADA_EMPRESARIAL,31.33,0.0,4.53,,,,,,,,6
2391635,510840,Várzea Grande,Baixada Cuiabana,2025,HOSPITAL E PRONTO SOCORRO MUNICIPAL DE VARZEA GRANDE,1244,MUNICIPAL,282.17,30.0,123.81,12893,15,9540,17819483.77,4.35,5.65,0.64,12
2928604,510840,Várzea Grande,Baixada Cuiabana,2025,,1244,MUNICIPAL,26.0,0.0,19.83,,,,,,,,12
4200861,510840,Várzea Grande,Baixada Cuiabana,2025,,,,,,,32,31,0,148424.33,0.0,2.03,,
4293479,510840,Várzea Grande,Baixada Cuiabana,2025,,,,,,,26,16,0,103246.34,0.0,0.0,,
6853781,510840,Várzea Grande,Baixada Cuiabana,2025,METROPOLITANO HOSPITAL ESTADUAL LOUSITE FERREIRA DA SILVA,1023,ESTADUAL,225.5,40.0,169.11,6156,667,12335,20408425.97,5.78,8.03,0.46,12
9516255,510840,Várzea Grande,Baixada Cuiabana,2025,HOSPITAL SANTA RITA,2062,PRIVADA_EMPRESARIAL,9.2,0.0,7.66,360,51,0,421734.04,0.0,0.86,0.11,10
4196708,510850,Vera,Teles Pires,2025,,3069,PRIVADA_SEM_FINS_LUCRATIVOS,33.0,0.0,0.6,,,,,,,,10
7914288,510860,Vila Rica,Araguaia Xingu,2025,HOSPITAL MUNICIPAL DE VILA RICA,1244,MUNICIPAL,21.0,0.0,9.0,1176,1,0,633318.16,2.55,2.77,0.45,12
